ISO-10303-21;
HEADER;
/* Generated by software containing ST-Developer
 * from STEP Tools, Inc. (www.steptools.com) 
 */

FILE_DESCRIPTION(
/* description */ ('KiCad electronic assembly'),
/* implementation_level */ '2;1');

FILE_NAME(
/* name */ 'TxTroller_lid.step',
/* time_stamp */ '2026-09-17T15:31:27+05:30',
/* author */ (''),
/* organization */ (''),
/* preprocessor_version */ 'ST-DEVELOPER v20.2',
/* originating_system */ 'Autodesk Translation Framework v15.15.0.0',
/* authorisation */ '');

FILE_SCHEMA (('AUTOMOTIVE_DESIGN { 1 0 10303 214 3 1 1 }'));
ENDSEC;

DATA;
#10=MECHANICAL_DESIGN_GEOMETRIC_PRESENTATION_REPRESENTATION('',(#17),#7322);
#11=ITEM_DEFINED_TRANSFORMATION($,$,#4195,#4450);
#12=(
REPRESENTATION_RELATIONSHIP($,$,#7333,#7332)
REPRESENTATION_RELATIONSHIP_WITH_TRANSFORMATION(#11)
SHAPE_REPRESENTATION_RELATIONSHIP()
);
#13=CONTEXT_DEPENDENT_SHAPE_REPRESENTATION(#12,#7331);
#14=NEXT_ASSEMBLY_USAGE_OCCURRENCE('Case:1','Case:1','Case:1',#7335,#7336,
'Case:1');
#15=SHAPE_REPRESENTATION_RELATIONSHIP('SRR','None',#7333,#16);
#16=ADVANCED_BREP_SHAPE_REPRESENTATION('',(#18),#7321);
#17=STYLED_ITEM('',(#7346),#18);
#18=MANIFOLD_SOLID_BREP('lid',#4181);
#19=SPHERICAL_SURFACE('',#4431,0.500000000000007);
#20=SPHERICAL_SURFACE('',#4434,0.500000000000007);
#21=SPHERICAL_SURFACE('',#4437,0.500000000000007);
#22=SPHERICAL_SURFACE('',#4441,0.499999999999998);
#23=FACE_BOUND('',#619,.T.);
#24=FACE_BOUND('',#710,.T.);
#25=FACE_BOUND('',#712,.T.);
#26=FACE_BOUND('',#713,.T.);
#27=FACE_BOUND('',#714,.T.);
#28=FACE_BOUND('',#715,.T.);
#29=FACE_BOUND('',#716,.T.);
#30=FACE_BOUND('',#717,.T.);
#31=FACE_BOUND('',#718,.T.);
#32=FACE_BOUND('',#719,.T.);
#33=FACE_BOUND('',#720,.T.);
#34=B_SPLINE_SURFACE_WITH_KNOTS('',2,1,((#5817,#5818),(#5819,#5820),(#5821,
#5822)),.UNSPECIFIED.,.F.,.F.,.F.,(3,3),(2,2),(-1.,0.),(0.,0.04),
 .UNSPECIFIED.);
#35=B_SPLINE_SURFACE_WITH_KNOTS('',2,1,((#5940,#5941),(#5942,#5943),(#5944,
#5945)),.UNSPECIFIED.,.F.,.F.,.F.,(3,3),(2,2),(-1.,0.),(0.,0.04),
 .UNSPECIFIED.);
#36=B_SPLINE_SURFACE_WITH_KNOTS('',2,1,((#6247,#6248),(#6249,#6250),(#6251,
#6252)),.UNSPECIFIED.,.F.,.F.,.F.,(3,3),(2,2),(-1.,0.),(0.,0.04),
 .UNSPECIFIED.);
#37=B_SPLINE_SURFACE_WITH_KNOTS('',2,1,((#6337,#6338),(#6339,#6340),(#6341,
#6342)),.UNSPECIFIED.,.F.,.F.,.F.,(3,3),(2,2),(-1.,0.),(0.,0.04),
 .UNSPECIFIED.);
#38=B_SPLINE_SURFACE_WITH_KNOTS('',2,1,((#6387,#6388),(#6389,#6390),(#6391,
#6392)),.UNSPECIFIED.,.F.,.F.,.F.,(3,3),(2,2),(-1.,0.),(0.,0.04),
 .UNSPECIFIED.);
#39=B_SPLINE_SURFACE_WITH_KNOTS('',2,1,((#6400,#6401),(#6402,#6403),(#6404,
#6405)),.UNSPECIFIED.,.F.,.F.,.F.,(3,3),(2,2),(-1.,0.),(0.,0.04),
 .UNSPECIFIED.);
#40=B_SPLINE_SURFACE_WITH_KNOTS('',2,1,((#6411,#6412),(#6413,#6414),(#6415,
#6416)),.UNSPECIFIED.,.F.,.F.,.F.,(3,3),(2,2),(-1.,0.),(0.,0.04),
 .UNSPECIFIED.);
#41=B_SPLINE_SURFACE_WITH_KNOTS('',2,1,((#6440,#6441),(#6442,#6443),(#6444,
#6445)),.UNSPECIFIED.,.F.,.F.,.F.,(3,3),(2,2),(-1.,0.),(0.,0.04),
 .UNSPECIFIED.);
#42=B_SPLINE_SURFACE_WITH_KNOTS('',2,1,((#6459,#6460),(#6461,#6462),(#6463,
#6464)),.UNSPECIFIED.,.F.,.F.,.F.,(3,3),(2,2),(-1.,0.),(0.,0.04),
 .UNSPECIFIED.);
#43=B_SPLINE_SURFACE_WITH_KNOTS('',2,1,((#6494,#6495),(#6496,#6497),(#6498,
#6499)),.UNSPECIFIED.,.F.,.F.,.F.,(3,3),(2,2),(-1.,0.),(0.,0.04),
 .UNSPECIFIED.);
#44=B_SPLINE_SURFACE_WITH_KNOTS('',2,1,((#6507,#6508),(#6509,#6510),(#6511,
#6512)),.UNSPECIFIED.,.F.,.F.,.F.,(3,3),(2,2),(-1.,0.),(0.,0.04),
 .UNSPECIFIED.);
#45=B_SPLINE_SURFACE_WITH_KNOTS('',2,1,((#6518,#6519),(#6520,#6521),(#6522,
#6523)),.UNSPECIFIED.,.F.,.F.,.F.,(3,3),(2,2),(-1.,0.),(0.,0.04),
 .UNSPECIFIED.);
#46=B_SPLINE_SURFACE_WITH_KNOTS('',2,1,((#6557,#6558),(#6559,#6560),(#6561,
#6562)),.UNSPECIFIED.,.F.,.F.,.F.,(3,3),(2,2),(-1.,0.),(0.,0.04),
 .UNSPECIFIED.);
#47=B_SPLINE_SURFACE_WITH_KNOTS('',2,1,((#6575,#6576),(#6577,#6578),(#6579,
#6580)),.UNSPECIFIED.,.F.,.F.,.F.,(3,3),(2,2),(-1.,0.),(0.,0.04),
 .UNSPECIFIED.);
#48=B_SPLINE_SURFACE_WITH_KNOTS('',2,1,((#6590,#6591),(#6592,#6593),(#6594,
#6595)),.UNSPECIFIED.,.F.,.F.,.F.,(3,3),(2,2),(-1.,0.),(0.,0.04),
 .UNSPECIFIED.);
#49=B_SPLINE_SURFACE_WITH_KNOTS('',2,1,((#6605,#6606),(#6607,#6608),(#6609,
#6610)),.UNSPECIFIED.,.F.,.F.,.F.,(3,3),(2,2),(-1.,0.),(0.,0.04),
 .UNSPECIFIED.);
#50=B_SPLINE_SURFACE_WITH_KNOTS('',2,1,((#6626,#6627),(#6628,#6629),(#6630,
#6631)),.UNSPECIFIED.,.F.,.F.,.F.,(3,3),(2,2),(-1.,0.),(0.,0.04),
 .UNSPECIFIED.);
#51=B_SPLINE_SURFACE_WITH_KNOTS('',2,1,((#6641,#6642),(#6643,#6644),(#6645,
#6646)),.UNSPECIFIED.,.F.,.F.,.F.,(3,3),(2,2),(-1.,0.),(0.,0.04),
 .UNSPECIFIED.);
#52=B_SPLINE_SURFACE_WITH_KNOTS('',2,1,((#6656,#6657),(#6658,#6659),(#6660,
#6661)),.UNSPECIFIED.,.F.,.F.,.F.,(3,3),(2,2),(-1.,0.),(0.,0.04),
 .UNSPECIFIED.);
#53=B_SPLINE_SURFACE_WITH_KNOTS('',2,1,((#6671,#6672),(#6673,#6674),(#6675,
#6676)),.UNSPECIFIED.,.F.,.F.,.F.,(3,3),(2,2),(-1.,0.),(0.,0.04),
 .UNSPECIFIED.);
#54=B_SPLINE_SURFACE_WITH_KNOTS('',2,1,((#6698,#6699),(#6700,#6701),(#6702,
#6703)),.UNSPECIFIED.,.F.,.F.,.F.,(3,3),(2,2),(-1.,0.),(0.,0.04),
 .UNSPECIFIED.);
#55=B_SPLINE_SURFACE_WITH_KNOTS('',2,1,((#6713,#6714),(#6715,#6716),(#6717,
#6718)),.UNSPECIFIED.,.F.,.F.,.F.,(3,3),(2,2),(-1.,0.),(0.,0.04),
 .UNSPECIFIED.);
#56=B_SPLINE_SURFACE_WITH_KNOTS('',2,1,((#6728,#6729),(#6730,#6731),(#6732,
#6733)),.UNSPECIFIED.,.F.,.F.,.F.,(3,3),(2,2),(-1.,0.),(0.,0.04),
 .UNSPECIFIED.);
#57=B_SPLINE_SURFACE_WITH_KNOTS('',2,1,((#6743,#6744),(#6745,#6746),(#6747,
#6748)),.UNSPECIFIED.,.F.,.F.,.F.,(3,3),(2,2),(-1.,0.),(0.,0.04),
 .UNSPECIFIED.);
#58=B_SPLINE_SURFACE_WITH_KNOTS('',2,1,((#6758,#6759),(#6760,#6761),(#6762,
#6763)),.UNSPECIFIED.,.F.,.F.,.F.,(3,3),(2,2),(-1.,0.),(0.,0.04),
 .UNSPECIFIED.);
#59=B_SPLINE_SURFACE_WITH_KNOTS('',2,1,((#6773,#6774),(#6775,#6776),(#6777,
#6778)),.UNSPECIFIED.,.F.,.F.,.F.,(3,3),(2,2),(-1.,0.),(0.,0.04),
 .UNSPECIFIED.);
#60=B_SPLINE_SURFACE_WITH_KNOTS('',2,1,((#6788,#6789),(#6790,#6791),(#6792,
#6793)),.UNSPECIFIED.,.F.,.F.,.F.,(3,3),(2,2),(-1.,0.),(0.,0.04),
 .UNSPECIFIED.);
#61=B_SPLINE_SURFACE_WITH_KNOTS('',2,1,((#6803,#6804),(#6805,#6806),(#6807,
#6808)),.UNSPECIFIED.,.F.,.F.,.F.,(3,3),(2,2),(-1.,0.),(0.,0.04),
 .UNSPECIFIED.);
#62=B_SPLINE_SURFACE_WITH_KNOTS('',2,1,((#6824,#6825),(#6826,#6827),(#6828,
#6829)),.UNSPECIFIED.,.F.,.F.,.F.,(3,3),(2,2),(-1.,0.),(0.,0.04),
 .UNSPECIFIED.);
#63=B_SPLINE_SURFACE_WITH_KNOTS('',2,1,((#6839,#6840),(#6841,#6842),(#6843,
#6844)),.UNSPECIFIED.,.F.,.F.,.F.,(3,3),(2,2),(-1.,0.),(0.,0.04),
 .UNSPECIFIED.);
#64=B_SPLINE_SURFACE_WITH_KNOTS('',2,1,((#6854,#6855),(#6856,#6857),(#6858,
#6859)),.UNSPECIFIED.,.F.,.F.,.F.,(3,3),(2,2),(-1.,0.),(0.,0.04),
 .UNSPECIFIED.);
#65=B_SPLINE_SURFACE_WITH_KNOTS('',2,1,((#6869,#6870),(#6871,#6872),(#6873,
#6874)),.UNSPECIFIED.,.F.,.F.,.F.,(3,3),(2,2),(-1.,0.),(0.,0.04),
 .UNSPECIFIED.);
#66=B_SPLINE_SURFACE_WITH_KNOTS('',2,1,((#6884,#6885),(#6886,#6887),(#6888,
#6889)),.UNSPECIFIED.,.F.,.F.,.F.,(3,3),(2,2),(-1.,0.),(0.,0.04),
 .UNSPECIFIED.);
#67=B_SPLINE_SURFACE_WITH_KNOTS('',2,1,((#6899,#6900),(#6901,#6902),(#6903,
#6904)),.UNSPECIFIED.,.F.,.F.,.F.,(3,3),(2,2),(-1.,0.),(0.,0.04),
 .UNSPECIFIED.);
#68=B_SPLINE_SURFACE_WITH_KNOTS('',2,1,((#6914,#6915),(#6916,#6917),(#6918,
#6919)),.UNSPECIFIED.,.F.,.F.,.F.,(3,3),(2,2),(-1.,0.),(0.,0.04),
 .UNSPECIFIED.);
#69=B_SPLINE_SURFACE_WITH_KNOTS('',2,1,((#7056,#7057),(#7058,#7059),(#7060,
#7061)),.UNSPECIFIED.,.F.,.F.,.F.,(3,3),(2,2),(-1.,0.),(0.,0.04),
 .UNSPECIFIED.);
#70=B_SPLINE_SURFACE_WITH_KNOTS('',2,1,((#7067,#7068),(#7069,#7070),(#7071,
#7072)),.UNSPECIFIED.,.F.,.F.,.F.,(3,3),(2,2),(-1.,0.),(0.,0.04),
 .UNSPECIFIED.);
#71=B_SPLINE_SURFACE_WITH_KNOTS('',2,1,((#7078,#7079),(#7080,#7081),(#7082,
#7083)),.UNSPECIFIED.,.F.,.F.,.F.,(3,3),(2,2),(-1.,0.),(0.,0.04),
 .UNSPECIFIED.);
#72=B_SPLINE_SURFACE_WITH_KNOTS('',2,1,((#7089,#7090),(#7091,#7092),(#7093,
#7094)),.UNSPECIFIED.,.F.,.F.,.F.,(3,3),(2,2),(-1.,0.),(0.,0.04),
 .UNSPECIFIED.);
#73=B_SPLINE_SURFACE_WITH_KNOTS('',2,1,((#7111,#7112),(#7113,#7114),(#7115,
#7116)),.UNSPECIFIED.,.F.,.F.,.F.,(3,3),(2,2),(-1.,0.),(0.,0.04),
 .UNSPECIFIED.);
#74=B_SPLINE_SURFACE_WITH_KNOTS('',2,1,((#7118,#7119),(#7120,#7121),(#7122,
#7123)),.UNSPECIFIED.,.F.,.F.,.F.,(3,3),(2,2),(-1.,0.),(0.,0.04),
 .UNSPECIFIED.);
#75=B_SPLINE_SURFACE_WITH_KNOTS('',2,1,((#7125,#7126),(#7127,#7128),(#7129,
#7130)),.UNSPECIFIED.,.F.,.F.,.F.,(3,3),(2,2),(-1.,0.),(0.,0.04),
 .UNSPECIFIED.);
#76=B_SPLINE_SURFACE_WITH_KNOTS('',2,1,((#7132,#7133),(#7134,#7135),(#7136,
#7137)),.UNSPECIFIED.,.F.,.F.,.F.,(3,3),(2,2),(-1.,0.),(0.,0.04),
 .UNSPECIFIED.);
#77=B_SPLINE_SURFACE_WITH_KNOTS('',2,1,((#7142,#7143),(#7144,#7145),(#7146,
#7147)),.UNSPECIFIED.,.F.,.F.,.F.,(3,3),(2,2),(-1.,0.),(0.,0.04),
 .UNSPECIFIED.);
#78=B_SPLINE_SURFACE_WITH_KNOTS('',2,1,((#7149,#7150),(#7151,#7152),(#7153,
#7154)),.UNSPECIFIED.,.F.,.F.,.F.,(3,3),(2,2),(-1.,0.),(0.,0.04),
 .UNSPECIFIED.);
#79=B_SPLINE_SURFACE_WITH_KNOTS('',2,1,((#7156,#7157),(#7158,#7159),(#7160,
#7161)),.UNSPECIFIED.,.F.,.F.,.F.,(3,3),(2,2),(-1.,0.),(0.,0.04),
 .UNSPECIFIED.);
#80=B_SPLINE_SURFACE_WITH_KNOTS('',2,1,((#7163,#7164),(#7165,#7166),(#7167,
#7168)),.UNSPECIFIED.,.F.,.F.,.F.,(3,3),(2,2),(-1.,0.),(0.,0.04),
 .UNSPECIFIED.);
#81=B_SPLINE_SURFACE_WITH_KNOTS('',2,1,((#7170,#7171),(#7172,#7173),(#7174,
#7175)),.UNSPECIFIED.,.F.,.F.,.F.,(3,3),(2,2),(-1.,0.),(0.,0.04),
 .UNSPECIFIED.);
#82=B_SPLINE_SURFACE_WITH_KNOTS('',2,1,((#7177,#7178),(#7179,#7180),(#7181,
#7182)),.UNSPECIFIED.,.F.,.F.,.F.,(3,3),(2,2),(-1.,0.),(0.,0.04),
 .UNSPECIFIED.);
#83=B_SPLINE_SURFACE_WITH_KNOTS('',2,1,((#7184,#7185),(#7186,#7187),(#7188,
#7189)),.UNSPECIFIED.,.F.,.F.,.F.,(3,3),(2,2),(-1.,0.),(0.,0.04),
 .UNSPECIFIED.);
#84=B_SPLINE_SURFACE_WITH_KNOTS('',2,1,((#7191,#7192),(#7193,#7194),(#7195,
#7196)),.UNSPECIFIED.,.F.,.F.,.F.,(3,3),(2,2),(-1.,0.),(0.,0.04),
 .UNSPECIFIED.);
#85=B_SPLINE_SURFACE_WITH_KNOTS('',2,1,((#7200,#7201),(#7202,#7203),(#7204,
#7205)),.UNSPECIFIED.,.F.,.F.,.F.,(3,3),(2,2),(-1.,0.),(0.,0.04),
 .UNSPECIFIED.);
#86=B_SPLINE_SURFACE_WITH_KNOTS('',2,1,((#7207,#7208),(#7209,#7210),(#7211,
#7212)),.UNSPECIFIED.,.F.,.F.,.F.,(3,3),(2,2),(-1.,0.),(0.,0.04),
 .UNSPECIFIED.);
#87=B_SPLINE_SURFACE_WITH_KNOTS('',2,1,((#7214,#7215),(#7216,#7217),(#7218,
#7219)),.UNSPECIFIED.,.F.,.F.,.F.,(3,3),(2,2),(-1.,0.),(0.,0.04),
 .UNSPECIFIED.);
#88=B_SPLINE_SURFACE_WITH_KNOTS('',2,1,((#7221,#7222),(#7223,#7224),(#7225,
#7226)),.UNSPECIFIED.,.F.,.F.,.F.,(3,3),(2,2),(-1.,0.),(0.,0.04),
 .UNSPECIFIED.);
#89=B_SPLINE_SURFACE_WITH_KNOTS('',2,1,((#7228,#7229),(#7230,#7231),(#7232,
#7233)),.UNSPECIFIED.,.F.,.F.,.F.,(3,3),(2,2),(-1.,0.),(0.,0.04),
 .UNSPECIFIED.);
#90=B_SPLINE_SURFACE_WITH_KNOTS('',2,1,((#7235,#7236),(#7237,#7238),(#7239,
#7240)),.UNSPECIFIED.,.F.,.F.,.F.,(3,3),(2,2),(-1.,0.),(0.,0.04),
 .UNSPECIFIED.);
#91=B_SPLINE_CURVE_WITH_KNOTS('',3,(#5720,#5721,#5722,#5723,#5724,#5725,
#5726,#5727,#5728,#5729,#5730,#5731,#5732,#5733,#5734,#5735,#5736,#5737,
#5738,#5739,#5740,#5741,#5742,#5743,#5744,#5745,#5746,#5747,#5748,#5749,
#5750),.UNSPECIFIED.,.F.,.F.,(4,3,3,3,3,3,3,3,3,3,4),(-0.0955747399792566,
-0.0933051189127299,-0.0882669611975698,-0.0840896393020618,-0.0773991846091542,
-0.0751833170840825,-0.0700665142394881,-0.0649497113948937,-0.0597382856221972,
-0.0593998739058161,-0.0558025566462711),.UNSPECIFIED.);
#92=B_SPLINE_CURVE_WITH_KNOTS('',2,(#5762,#5763,#5764),.UNSPECIFIED.,.F.,
 .F.,(3,3),(-0.744193521708887,0.),.UNSPECIFIED.);
#93=B_SPLINE_CURVE_WITH_KNOTS('',2,(#5766,#5767,#5768),.UNSPECIFIED.,.F.,
 .F.,(3,3),(-1.,-0.10243970610659),.UNSPECIFIED.);
#94=B_SPLINE_CURVE_WITH_KNOTS('',2,(#5778,#5779,#5780),.UNSPECIFIED.,.F.,
 .F.,(3,3),(-0.822233406532944,0.),.UNSPECIFIED.);
#95=B_SPLINE_CURVE_WITH_KNOTS('',2,(#5782,#5783,#5784),.UNSPECIFIED.,.F.,
 .F.,(3,3),(-1.,-0.152056303760608),.UNSPECIFIED.);
#96=B_SPLINE_CURVE_WITH_KNOTS('',3,(#5790,#5791,#5792,#5793,#5794,#5795,
#5796,#5797,#5798,#5799,#5800,#5801,#5802,#5803,#5804,#5805),
 .UNSPECIFIED.,.F.,.F.,(4,2,2,2,2,2,2,4),(-0.0559265283656947,-0.0543531905164576,
-0.0520039174400842,-0.0472213136320863,-0.0376538689363176,-0.0279303139810659,
-0.0181504936689119,-0.0161824686146339),.UNSPECIFIED.);
#97=B_SPLINE_CURVE_WITH_KNOTS('',2,(#5825,#5826,#5827),.UNSPECIFIED.,.F.,
 .F.,(3,3),(0.,1.),.UNSPECIFIED.);
#98=B_SPLINE_CURVE_WITH_KNOTS('',3,(#5892,#5893,#5894,#5895,#5896,#5897,
#5898,#5899,#5900,#5901,#5902,#5903,#5904,#5905,#5906,#5907),
 .UNSPECIFIED.,.F.,.F.,(4,2,2,2,2,2,2,4),(-0.0977828630769347,-0.0947757694638277,
-0.0856712109368867,-0.0771415516415115,-0.0676438811840032,-0.0624488592049147,
-0.058314921201802,-0.0581968397708614),.UNSPECIFIED.);
#99=B_SPLINE_CURVE_WITH_KNOTS('',3,(#5911,#5912,#5913,#5914,#5915,#5916,
#5917,#5918,#5919,#5920,#5921,#5922,#5923,#5924,#5925,#5926,#5927,#5928,
#5929,#5930,#5931,#5932,#5933,#5934,#5935,#5936,#5937,#5938),
 .UNSPECIFIED.,.F.,.F.,(4,3,3,3,3,3,3,3,3,4),(-0.0555192571655095,-0.0530581219166189,
-0.046504591732361,-0.0396680801830977,-0.0386458890293198,-0.0329815320855269,
-0.0287780739572813,-0.0234837819164537,-0.0188552579851504,-0.016117792209921),
 .UNSPECIFIED.);
#100=B_SPLINE_CURVE_WITH_KNOTS('',2,(#5947,#5948,#5949),.UNSPECIFIED.,.F.,
 .F.,(3,3),(-1.,-0.373909019338706),.UNSPECIFIED.);
#101=B_SPLINE_CURVE_WITH_KNOTS('',2,(#5953,#5954,#5955),.UNSPECIFIED.,.F.,
 .F.,(3,3),(0.,1.),.UNSPECIFIED.);
#102=B_SPLINE_CURVE_WITH_KNOTS('',2,(#5959,#5960,#5961),.UNSPECIFIED.,.F.,
 .F.,(3,3),(-0.776020094217635,0.),.UNSPECIFIED.);
#103=B_SPLINE_CURVE_WITH_KNOTS('',2,(#5973,#5974,#5975),.UNSPECIFIED.,.F.,
 .F.,(3,3),(-1.,0.),.UNSPECIFIED.);
#104=B_SPLINE_CURVE_WITH_KNOTS('',2,(#5976,#5977,#5978),.UNSPECIFIED.,.F.,
 .F.,(3,3),(-1.,0.),.UNSPECIFIED.);
#105=B_SPLINE_CURVE_WITH_KNOTS('',2,(#6004,#6005,#6006),.UNSPECIFIED.,.F.,
 .F.,(3,3),(-1.,0.),.UNSPECIFIED.);
#106=B_SPLINE_CURVE_WITH_KNOTS('',2,(#6008,#6009,#6010),.UNSPECIFIED.,.F.,
 .F.,(3,3),(-1.,0.),.UNSPECIFIED.);
#107=B_SPLINE_CURVE_WITH_KNOTS('',2,(#6012,#6013,#6014),.UNSPECIFIED.,.F.,
 .F.,(3,3),(-1.,0.),.UNSPECIFIED.);
#108=B_SPLINE_CURVE_WITH_KNOTS('',2,(#6016,#6017,#6018),.UNSPECIFIED.,.F.,
 .F.,(3,3),(-1.,0.),.UNSPECIFIED.);
#109=B_SPLINE_CURVE_WITH_KNOTS('',2,(#6026,#6027,#6028),.UNSPECIFIED.,.F.,
 .F.,(3,3),(-1.,0.),.UNSPECIFIED.);
#110=B_SPLINE_CURVE_WITH_KNOTS('',2,(#6030,#6031,#6032),.UNSPECIFIED.,.F.,
 .F.,(3,3),(-1.,0.),.UNSPECIFIED.);
#111=B_SPLINE_CURVE_WITH_KNOTS('',2,(#6034,#6035,#6036),.UNSPECIFIED.,.F.,
 .F.,(3,3),(-1.,0.),.UNSPECIFIED.);
#112=B_SPLINE_CURVE_WITH_KNOTS('',2,(#6038,#6039,#6040),.UNSPECIFIED.,.F.,
 .F.,(3,3),(-1.,0.),.UNSPECIFIED.);
#113=B_SPLINE_CURVE_WITH_KNOTS('',2,(#6042,#6043,#6044),.UNSPECIFIED.,.F.,
 .F.,(3,3),(-1.,0.),.UNSPECIFIED.);
#114=B_SPLINE_CURVE_WITH_KNOTS('',2,(#6046,#6047,#6048),.UNSPECIFIED.,.F.,
 .F.,(3,3),(-1.,0.),.UNSPECIFIED.);
#115=B_SPLINE_CURVE_WITH_KNOTS('',2,(#6052,#6053,#6054),.UNSPECIFIED.,.F.,
 .F.,(3,3),(-1.,0.),.UNSPECIFIED.);
#116=B_SPLINE_CURVE_WITH_KNOTS('',2,(#6056,#6057,#6058),.UNSPECIFIED.,.F.,
 .F.,(3,3),(-1.,0.),.UNSPECIFIED.);
#117=B_SPLINE_CURVE_WITH_KNOTS('',2,(#6060,#6061,#6062),.UNSPECIFIED.,.F.,
 .F.,(3,3),(-1.,0.),.UNSPECIFIED.);
#118=B_SPLINE_CURVE_WITH_KNOTS('',2,(#6064,#6065,#6066),.UNSPECIFIED.,.F.,
 .F.,(3,3),(-1.,0.),.UNSPECIFIED.);
#119=B_SPLINE_CURVE_WITH_KNOTS('',2,(#6068,#6069,#6070),.UNSPECIFIED.,.F.,
 .F.,(3,3),(-1.,0.),.UNSPECIFIED.);
#120=B_SPLINE_CURVE_WITH_KNOTS('',2,(#6072,#6073,#6074),.UNSPECIFIED.,.F.,
 .F.,(3,3),(-1.,0.),.UNSPECIFIED.);
#121=B_SPLINE_CURVE_WITH_KNOTS('',2,(#6076,#6077,#6078),.UNSPECIFIED.,.F.,
 .F.,(3,3),(-1.,0.),.UNSPECIFIED.);
#122=B_SPLINE_CURVE_WITH_KNOTS('',2,(#6080,#6081,#6082),.UNSPECIFIED.,.F.,
 .F.,(3,3),(-1.,0.),.UNSPECIFIED.);
#123=B_SPLINE_CURVE_WITH_KNOTS('',2,(#6090,#6091,#6092),.UNSPECIFIED.,.F.,
 .F.,(3,3),(-1.,0.),.UNSPECIFIED.);
#124=B_SPLINE_CURVE_WITH_KNOTS('',2,(#6094,#6095,#6096),.UNSPECIFIED.,.F.,
 .F.,(3,3),(-1.,0.),.UNSPECIFIED.);
#125=B_SPLINE_CURVE_WITH_KNOTS('',2,(#6098,#6099,#6100),.UNSPECIFIED.,.F.,
 .F.,(3,3),(-1.,0.),.UNSPECIFIED.);
#126=B_SPLINE_CURVE_WITH_KNOTS('',2,(#6102,#6103,#6104),.UNSPECIFIED.,.F.,
 .F.,(3,3),(-1.,0.),.UNSPECIFIED.);
#127=B_SPLINE_CURVE_WITH_KNOTS('',2,(#6183,#6184,#6185),.UNSPECIFIED.,.F.,
 .F.,(3,3),(-1.,0.),.UNSPECIFIED.);
#128=B_SPLINE_CURVE_WITH_KNOTS('',2,(#6187,#6188,#6189),.UNSPECIFIED.,.F.,
 .F.,(3,3),(-1.,0.),.UNSPECIFIED.);
#129=B_SPLINE_CURVE_WITH_KNOTS('',2,(#6191,#6192,#6193),.UNSPECIFIED.,.F.,
 .F.,(3,3),(-1.,-0.373908342229541),.UNSPECIFIED.);
#130=B_SPLINE_CURVE_WITH_KNOTS('',2,(#6196,#6197,#6198),.UNSPECIFIED.,.F.,
 .F.,(3,3),(-0.776019686245318,0.),.UNSPECIFIED.);
#131=B_SPLINE_CURVE_WITH_KNOTS('',3,(#6201,#6202,#6203,#6204,#6205,#6206,
#6207,#6208,#6209,#6210,#6211,#6212,#6213,#6214,#6215,#6216),
 .UNSPECIFIED.,.F.,.F.,(4,2,2,2,2,2,2,4),(-0.0977828788900226,-0.0947758059587342,
-0.0856712461678857,-0.0771415855836872,-0.0676439091303745,-0.0624488795892213,
-0.0583149340982325,-0.0581968536335595),.UNSPECIFIED.);
#132=B_SPLINE_CURVE_WITH_KNOTS('',3,(#6218,#6219,#6220,#6221,#6222,#6223,
#6224,#6225,#6226,#6227,#6228,#6229,#6230,#6231,#6232,#6233,#6234,#6235,
#6236,#6237,#6238,#6239,#6240,#6241,#6242,#6243,#6244,#6245),
 .UNSPECIFIED.,.F.,.F.,(4,3,3,3,3,3,3,3,3,4),(-0.0555192569177702,-0.0530581029286334,
-0.0465045825726257,-0.039668158175503,-0.0386458864903332,-0.0329815523149926,
-0.028778071803903,-0.0234837909118137,-0.0188552558919846,-0.0161177922000049),
 .UNSPECIFIED.);
#133=B_SPLINE_CURVE_WITH_KNOTS('',2,(#6256,#6257,#6258),.UNSPECIFIED.,.F.,
 .F.,(3,3),(0.,1.),.UNSPECIFIED.);
#134=B_SPLINE_CURVE_WITH_KNOTS('',3,(#6308,#6309,#6310,#6311,#6312,#6313,
#6314,#6315,#6316,#6317,#6318,#6319,#6320,#6321,#6322,#6323,#6324,#6325,
#6326,#6327,#6328,#6329,#6330,#6331,#6332,#6333,#6334,#6335),
 .UNSPECIFIED.,.F.,.F.,(4,3,3,3,3,3,3,3,3,4),(-0.0559992540615151,-0.0552291904874387,
-0.0523903744513414,-0.0480247325604344,-0.0390942107992434,-0.037719208639016,
-0.0279391130709253,-0.0205235642014426,-0.0181838436563865,-0.0161925886360592),
 .UNSPECIFIED.);
#135=B_SPLINE_CURVE_WITH_KNOTS('',2,(#6346,#6347,#6348),.UNSPECIFIED.,.F.,
 .F.,(3,3),(0.,1.),.UNSPECIFIED.);
#136=B_SPLINE_CURVE_WITH_KNOTS('',3,(#6352,#6353,#6354,#6355,#6356,#6357,
#6358,#6359,#6360,#6361,#6362,#6363,#6364,#6365),.UNSPECIFIED.,.F.,.F.,
(4,2,2,2,2,2,4),(-0.0956435116009295,-0.0871179548232988,-0.0782685894723585,
-0.0698710681285704,-0.0623244462084235,-0.0584157929181014,-0.0558804409614943),
 .UNSPECIFIED.);
#137=B_SPLINE_CURVE_WITH_KNOTS('',2,(#6395,#6396,#6397),.UNSPECIFIED.,.F.,
 .F.,(3,3),(0.,1.),.UNSPECIFIED.);
#138=B_SPLINE_CURVE_WITH_KNOTS('',2,(#6407,#6408,#6409),.UNSPECIFIED.,.F.,
 .F.,(3,3),(0.,1.),.UNSPECIFIED.);
#139=B_SPLINE_CURVE_WITH_KNOTS('',2,(#6417,#6418,#6419),.UNSPECIFIED.,.F.,
 .F.,(3,3),(0.,1.),.UNSPECIFIED.);
#140=B_SPLINE_CURVE_WITH_KNOTS('',2,(#6448,#6449,#6450),.UNSPECIFIED.,.F.,
 .F.,(3,3),(0.,1.),.UNSPECIFIED.);
#141=B_SPLINE_CURVE_WITH_KNOTS('',2,(#6467,#6468,#6469),.UNSPECIFIED.,.F.,
 .F.,(3,3),(0.,1.),.UNSPECIFIED.);
#142=B_SPLINE_CURVE_WITH_KNOTS('',2,(#6502,#6503,#6504),.UNSPECIFIED.,.F.,
 .F.,(3,3),(0.,1.),.UNSPECIFIED.);
#143=B_SPLINE_CURVE_WITH_KNOTS('',2,(#6514,#6515,#6516),.UNSPECIFIED.,.F.,
 .F.,(3,3),(0.,1.),.UNSPECIFIED.);
#144=B_SPLINE_CURVE_WITH_KNOTS('',2,(#6524,#6525,#6526),.UNSPECIFIED.,.F.,
 .F.,(3,3),(0.,1.),.UNSPECIFIED.);
#145=B_SPLINE_CURVE_WITH_KNOTS('',2,(#6565,#6566,#6567),.UNSPECIFIED.,.F.,
 .F.,(3,3),(0.,1.),.UNSPECIFIED.);
#146=B_SPLINE_CURVE_WITH_KNOTS('',2,(#6571,#6572,#6573),.UNSPECIFIED.,.F.,
 .F.,(3,3),(-1.,0.),.UNSPECIFIED.);
#147=B_SPLINE_CURVE_WITH_KNOTS('',2,(#6582,#6583,#6584),.UNSPECIFIED.,.F.,
 .F.,(3,3),(0.,1.),.UNSPECIFIED.);
#148=B_SPLINE_CURVE_WITH_KNOTS('',2,(#6586,#6587,#6588),.UNSPECIFIED.,.F.,
 .F.,(3,3),(-1.,0.),.UNSPECIFIED.);
#149=B_SPLINE_CURVE_WITH_KNOTS('',2,(#6597,#6598,#6599),.UNSPECIFIED.,.F.,
 .F.,(3,3),(0.,1.),.UNSPECIFIED.);
#150=B_SPLINE_CURVE_WITH_KNOTS('',2,(#6601,#6602,#6603),.UNSPECIFIED.,.F.,
 .F.,(3,3),(-1.,0.),.UNSPECIFIED.);
#151=B_SPLINE_CURVE_WITH_KNOTS('',2,(#6612,#6613,#6614),.UNSPECIFIED.,.F.,
 .F.,(3,3),(0.,1.),.UNSPECIFIED.);
#152=B_SPLINE_CURVE_WITH_KNOTS('',2,(#6616,#6617,#6618),.UNSPECIFIED.,.F.,
 .F.,(3,3),(-1.,0.),.UNSPECIFIED.);
#153=B_SPLINE_CURVE_WITH_KNOTS('',2,(#6633,#6634,#6635),.UNSPECIFIED.,.F.,
 .F.,(3,3),(0.,1.),.UNSPECIFIED.);
#154=B_SPLINE_CURVE_WITH_KNOTS('',2,(#6637,#6638,#6639),.UNSPECIFIED.,.F.,
 .F.,(3,3),(-1.,0.),.UNSPECIFIED.);
#155=B_SPLINE_CURVE_WITH_KNOTS('',2,(#6648,#6649,#6650),.UNSPECIFIED.,.F.,
 .F.,(3,3),(0.,1.),.UNSPECIFIED.);
#156=B_SPLINE_CURVE_WITH_KNOTS('',2,(#6652,#6653,#6654),.UNSPECIFIED.,.F.,
 .F.,(3,3),(-1.,0.),.UNSPECIFIED.);
#157=B_SPLINE_CURVE_WITH_KNOTS('',2,(#6663,#6664,#6665),.UNSPECIFIED.,.F.,
 .F.,(3,3),(0.,1.),.UNSPECIFIED.);
#158=B_SPLINE_CURVE_WITH_KNOTS('',2,(#6667,#6668,#6669),.UNSPECIFIED.,.F.,
 .F.,(3,3),(-1.,0.),.UNSPECIFIED.);
#159=B_SPLINE_CURVE_WITH_KNOTS('',2,(#6678,#6679,#6680),.UNSPECIFIED.,.F.,
 .F.,(3,3),(0.,1.),.UNSPECIFIED.);
#160=B_SPLINE_CURVE_WITH_KNOTS('',2,(#6682,#6683,#6684),.UNSPECIFIED.,.F.,
 .F.,(3,3),(-1.,0.),.UNSPECIFIED.);
#161=B_SPLINE_CURVE_WITH_KNOTS('',2,(#6705,#6706,#6707),.UNSPECIFIED.,.F.,
 .F.,(3,3),(0.,1.),.UNSPECIFIED.);
#162=B_SPLINE_CURVE_WITH_KNOTS('',2,(#6709,#6710,#6711),.UNSPECIFIED.,.F.,
 .F.,(3,3),(-1.,0.),.UNSPECIFIED.);
#163=B_SPLINE_CURVE_WITH_KNOTS('',2,(#6720,#6721,#6722),.UNSPECIFIED.,.F.,
 .F.,(3,3),(0.,1.),.UNSPECIFIED.);
#164=B_SPLINE_CURVE_WITH_KNOTS('',2,(#6724,#6725,#6726),.UNSPECIFIED.,.F.,
 .F.,(3,3),(-1.,0.),.UNSPECIFIED.);
#165=B_SPLINE_CURVE_WITH_KNOTS('',2,(#6735,#6736,#6737),.UNSPECIFIED.,.F.,
 .F.,(3,3),(0.,1.),.UNSPECIFIED.);
#166=B_SPLINE_CURVE_WITH_KNOTS('',2,(#6739,#6740,#6741),.UNSPECIFIED.,.F.,
 .F.,(3,3),(-1.,0.),.UNSPECIFIED.);
#167=B_SPLINE_CURVE_WITH_KNOTS('',2,(#6750,#6751,#6752),.UNSPECIFIED.,.F.,
 .F.,(3,3),(0.,1.),.UNSPECIFIED.);
#168=B_SPLINE_CURVE_WITH_KNOTS('',2,(#6754,#6755,#6756),.UNSPECIFIED.,.F.,
 .F.,(3,3),(-1.,0.),.UNSPECIFIED.);
#169=B_SPLINE_CURVE_WITH_KNOTS('',2,(#6765,#6766,#6767),.UNSPECIFIED.,.F.,
 .F.,(3,3),(0.,1.),.UNSPECIFIED.);
#170=B_SPLINE_CURVE_WITH_KNOTS('',2,(#6769,#6770,#6771),.UNSPECIFIED.,.F.,
 .F.,(3,3),(-1.,0.),.UNSPECIFIED.);
#171=B_SPLINE_CURVE_WITH_KNOTS('',2,(#6780,#6781,#6782),.UNSPECIFIED.,.F.,
 .F.,(3,3),(0.,1.),.UNSPECIFIED.);
#172=B_SPLINE_CURVE_WITH_KNOTS('',2,(#6784,#6785,#6786),.UNSPECIFIED.,.F.,
 .F.,(3,3),(-1.,0.),.UNSPECIFIED.);
#173=B_SPLINE_CURVE_WITH_KNOTS('',2,(#6795,#6796,#6797),.UNSPECIFIED.,.F.,
 .F.,(3,3),(0.,1.),.UNSPECIFIED.);
#174=B_SPLINE_CURVE_WITH_KNOTS('',2,(#6799,#6800,#6801),.UNSPECIFIED.,.F.,
 .F.,(3,3),(-1.,0.),.UNSPECIFIED.);
#175=B_SPLINE_CURVE_WITH_KNOTS('',2,(#6810,#6811,#6812),.UNSPECIFIED.,.F.,
 .F.,(3,3),(0.,1.),.UNSPECIFIED.);
#176=B_SPLINE_CURVE_WITH_KNOTS('',2,(#6814,#6815,#6816),.UNSPECIFIED.,.F.,
 .F.,(3,3),(-1.,0.),.UNSPECIFIED.);
#177=B_SPLINE_CURVE_WITH_KNOTS('',2,(#6831,#6832,#6833),.UNSPECIFIED.,.F.,
 .F.,(3,3),(0.,1.),.UNSPECIFIED.);
#178=B_SPLINE_CURVE_WITH_KNOTS('',2,(#6835,#6836,#6837),.UNSPECIFIED.,.F.,
 .F.,(3,3),(-1.,0.),.UNSPECIFIED.);
#179=B_SPLINE_CURVE_WITH_KNOTS('',2,(#6846,#6847,#6848),.UNSPECIFIED.,.F.,
 .F.,(3,3),(0.,1.),.UNSPECIFIED.);
#180=B_SPLINE_CURVE_WITH_KNOTS('',2,(#6850,#6851,#6852),.UNSPECIFIED.,.F.,
 .F.,(3,3),(-1.,0.),.UNSPECIFIED.);
#181=B_SPLINE_CURVE_WITH_KNOTS('',2,(#6861,#6862,#6863),.UNSPECIFIED.,.F.,
 .F.,(3,3),(0.,1.),.UNSPECIFIED.);
#182=B_SPLINE_CURVE_WITH_KNOTS('',2,(#6865,#6866,#6867),.UNSPECIFIED.,.F.,
 .F.,(3,3),(-1.,0.),.UNSPECIFIED.);
#183=B_SPLINE_CURVE_WITH_KNOTS('',2,(#6876,#6877,#6878),.UNSPECIFIED.,.F.,
 .F.,(3,3),(0.,1.),.UNSPECIFIED.);
#184=B_SPLINE_CURVE_WITH_KNOTS('',2,(#6880,#6881,#6882),.UNSPECIFIED.,.F.,
 .F.,(3,3),(-1.,0.),.UNSPECIFIED.);
#185=B_SPLINE_CURVE_WITH_KNOTS('',2,(#6891,#6892,#6893),.UNSPECIFIED.,.F.,
 .F.,(3,3),(0.,1.),.UNSPECIFIED.);
#186=B_SPLINE_CURVE_WITH_KNOTS('',2,(#6895,#6896,#6897),.UNSPECIFIED.,.F.,
 .F.,(3,3),(-1.,0.),.UNSPECIFIED.);
#187=B_SPLINE_CURVE_WITH_KNOTS('',2,(#6906,#6907,#6908),.UNSPECIFIED.,.F.,
 .F.,(3,3),(0.,1.),.UNSPECIFIED.);
#188=B_SPLINE_CURVE_WITH_KNOTS('',2,(#6910,#6911,#6912),.UNSPECIFIED.,.F.,
 .F.,(3,3),(-1.,0.),.UNSPECIFIED.);
#189=B_SPLINE_CURVE_WITH_KNOTS('',2,(#6920,#6921,#6922),.UNSPECIFIED.,.F.,
 .F.,(3,3),(0.,1.),.UNSPECIFIED.);
#190=B_SPLINE_CURVE_WITH_KNOTS('',2,(#6923,#6924,#6925),.UNSPECIFIED.,.F.,
 .F.,(3,3),(-1.,0.),.UNSPECIFIED.);
#191=B_SPLINE_CURVE_WITH_KNOTS('',2,(#6942,#6943,#6944),.UNSPECIFIED.,.F.,
 .F.,(3,3),(0.,1.),.UNSPECIFIED.);
#192=B_SPLINE_CURVE_WITH_KNOTS('',2,(#6946,#6947,#6948),.UNSPECIFIED.,.F.,
 .F.,(3,3),(0.,1.),.UNSPECIFIED.);
#193=B_SPLINE_CURVE_WITH_KNOTS('',2,(#6950,#6951,#6952),.UNSPECIFIED.,.F.,
 .F.,(3,3),(0.,1.),.UNSPECIFIED.);
#194=B_SPLINE_CURVE_WITH_KNOTS('',2,(#6953,#6954,#6955),.UNSPECIFIED.,.F.,
 .F.,(3,3),(0.,1.),.UNSPECIFIED.);
#195=B_SPLINE_CURVE_WITH_KNOTS('',2,(#6961,#6962,#6963),.UNSPECIFIED.,.F.,
 .F.,(3,3),(0.,1.),.UNSPECIFIED.);
#196=B_SPLINE_CURVE_WITH_KNOTS('',2,(#6965,#6966,#6967),.UNSPECIFIED.,.F.,
 .F.,(3,3),(0.,1.),.UNSPECIFIED.);
#197=B_SPLINE_CURVE_WITH_KNOTS('',2,(#6969,#6970,#6971),.UNSPECIFIED.,.F.,
 .F.,(3,3),(0.,1.),.UNSPECIFIED.);
#198=B_SPLINE_CURVE_WITH_KNOTS('',2,(#6973,#6974,#6975),.UNSPECIFIED.,.F.,
 .F.,(3,3),(0.,1.),.UNSPECIFIED.);
#199=B_SPLINE_CURVE_WITH_KNOTS('',2,(#6977,#6978,#6979),.UNSPECIFIED.,.F.,
 .F.,(3,3),(0.,1.),.UNSPECIFIED.);
#200=B_SPLINE_CURVE_WITH_KNOTS('',2,(#6981,#6982,#6983),.UNSPECIFIED.,.F.,
 .F.,(3,3),(0.,1.),.UNSPECIFIED.);
#201=B_SPLINE_CURVE_WITH_KNOTS('',2,(#6985,#6986,#6987),.UNSPECIFIED.,.F.,
 .F.,(3,3),(0.,1.),.UNSPECIFIED.);
#202=B_SPLINE_CURVE_WITH_KNOTS('',2,(#6989,#6990,#6991),.UNSPECIFIED.,.F.,
 .F.,(3,3),(0.,1.),.UNSPECIFIED.);
#203=B_SPLINE_CURVE_WITH_KNOTS('',2,(#6995,#6996,#6997),.UNSPECIFIED.,.F.,
 .F.,(3,3),(0.,1.),.UNSPECIFIED.);
#204=B_SPLINE_CURVE_WITH_KNOTS('',2,(#6999,#7000,#7001),.UNSPECIFIED.,.F.,
 .F.,(3,3),(0.,1.),.UNSPECIFIED.);
#205=B_SPLINE_CURVE_WITH_KNOTS('',2,(#7003,#7004,#7005),.UNSPECIFIED.,.F.,
 .F.,(3,3),(0.,1.),.UNSPECIFIED.);
#206=B_SPLINE_CURVE_WITH_KNOTS('',2,(#7007,#7008,#7009),.UNSPECIFIED.,.F.,
 .F.,(3,3),(0.,1.),.UNSPECIFIED.);
#207=B_SPLINE_CURVE_WITH_KNOTS('',2,(#7011,#7012,#7013),.UNSPECIFIED.,.F.,
 .F.,(3,3),(0.,1.),.UNSPECIFIED.);
#208=B_SPLINE_CURVE_WITH_KNOTS('',2,(#7015,#7016,#7017),.UNSPECIFIED.,.F.,
 .F.,(3,3),(0.,1.),.UNSPECIFIED.);
#209=B_SPLINE_CURVE_WITH_KNOTS('',2,(#7063,#7064,#7065),.UNSPECIFIED.,.F.,
 .F.,(3,3),(0.,1.),.UNSPECIFIED.);
#210=B_SPLINE_CURVE_WITH_KNOTS('',2,(#7074,#7075,#7076),.UNSPECIFIED.,.F.,
 .F.,(3,3),(0.,1.),.UNSPECIFIED.);
#211=B_SPLINE_CURVE_WITH_KNOTS('',2,(#7085,#7086,#7087),.UNSPECIFIED.,.F.,
 .F.,(3,3),(0.,1.),.UNSPECIFIED.);
#212=B_SPLINE_CURVE_WITH_KNOTS('',2,(#7096,#7097,#7098),.UNSPECIFIED.,.F.,
 .F.,(3,3),(0.,1.),.UNSPECIFIED.);
#213=(
BOUNDED_SURFACE()
B_SPLINE_SURFACE(2,2,((#5493,#5494,#5495),(#5496,#5497,#5498),(#5499,#5500,
#5501)),.UNSPECIFIED.,.F.,.F.,.F.)
B_SPLINE_SURFACE_WITH_KNOTS((3,3),(3,3),(-1.5707963267949,0.),(-1.5707963267949,
0.),.UNSPECIFIED.)
GEOMETRIC_REPRESENTATION_ITEM()
RATIONAL_B_SPLINE_SURFACE(((1.,0.707106781186548,1.),(0.707106781186551,
0.500000000000003,0.707106781186551),(1.,0.707106781186548,1.)))
REPRESENTATION_ITEM('')
SURFACE()
);
#214=(
BOUNDED_SURFACE()
B_SPLINE_SURFACE(2,2,((#5511,#5512,#5513),(#5514,#5515,#5516),(#5517,#5518,
#5519)),.UNSPECIFIED.,.F.,.F.,.F.)
B_SPLINE_SURFACE_WITH_KNOTS((3,3),(3,3),(-1.5707963267949,0.),(-3.14159265358979,
-1.5707963267949),.UNSPECIFIED.)
GEOMETRIC_REPRESENTATION_ITEM()
RATIONAL_B_SPLINE_SURFACE(((1.,0.707106781186548,1.),(0.707106781186551,
0.500000000000003,0.707106781186551),(1.,0.707106781186548,1.)))
REPRESENTATION_ITEM('')
SURFACE()
);
#215=(
BOUNDED_SURFACE()
B_SPLINE_SURFACE(2,2,((#5582,#5583,#5584),(#5585,#5586,#5587),(#5588,#5589,
#5590)),.UNSPECIFIED.,.F.,.F.,.F.)
B_SPLINE_SURFACE_WITH_KNOTS((3,3),(3,3),(-1.5707963267949,0.),(1.5707963267949,
3.14159265358979),.UNSPECIFIED.)
GEOMETRIC_REPRESENTATION_ITEM()
RATIONAL_B_SPLINE_SURFACE(((1.,0.707106781186548,1.),(0.707106781186551,
0.500000000000003,0.707106781186551),(1.,0.707106781186548,1.)))
REPRESENTATION_ITEM('')
SURFACE()
);
#216=(
BOUNDED_SURFACE()
B_SPLINE_SURFACE(2,2,((#5600,#5601,#5602),(#5603,#5604,#5605),(#5606,#5607,
#5608)),.UNSPECIFIED.,.F.,.F.,.F.)
B_SPLINE_SURFACE_WITH_KNOTS((3,3),(3,3),(-1.5707963267949,0.),(0.,1.5707963267949),
 .UNSPECIFIED.)
GEOMETRIC_REPRESENTATION_ITEM()
RATIONAL_B_SPLINE_SURFACE(((1.,0.707106781186548,1.),(0.707106781186551,
0.500000000000003,0.707106781186551),(1.,0.707106781186548,1.)))
REPRESENTATION_ITEM('')
SURFACE()
);
#217=PLANE('',#4199);
#218=PLANE('',#4200);
#219=PLANE('',#4203);
#220=PLANE('',#4204);
#221=PLANE('',#4205);
#222=PLANE('',#4211);
#223=PLANE('',#4212);
#224=PLANE('',#4213);
#225=PLANE('',#4214);
#226=PLANE('',#4215);
#227=PLANE('',#4216);
#228=PLANE('',#4220);
#229=PLANE('',#4221);
#230=PLANE('',#4228);
#231=PLANE('',#4235);
#232=PLANE('',#4237);
#233=PLANE('',#4238);
#234=PLANE('',#4239);
#235=PLANE('',#4243);
#236=PLANE('',#4244);
#237=PLANE('',#4251);
#238=PLANE('',#4258);
#239=PLANE('',#4260);
#240=PLANE('',#4261);
#241=PLANE('',#4262);
#242=PLANE('',#4263);
#243=PLANE('',#4268);
#244=PLANE('',#4271);
#245=PLANE('',#4274);
#246=PLANE('',#4276);
#247=PLANE('',#4279);
#248=PLANE('',#4282);
#249=PLANE('',#4285);
#250=PLANE('',#4286);
#251=PLANE('',#4290);
#252=PLANE('',#4294);
#253=PLANE('',#4295);
#254=PLANE('',#4299);
#255=PLANE('',#4300);
#256=PLANE('',#4302);
#257=PLANE('',#4306);
#258=PLANE('',#4310);
#259=PLANE('',#4311);
#260=PLANE('',#4315);
#261=PLANE('',#4317);
#262=PLANE('',#4321);
#263=PLANE('',#4323);
#264=PLANE('',#4327);
#265=PLANE('',#4328);
#266=PLANE('',#4333);
#267=PLANE('',#4341);
#268=PLANE('',#4345);
#269=PLANE('',#4350);
#270=PLANE('',#4354);
#271=PLANE('',#4355);
#272=PLANE('',#4356);
#273=PLANE('',#4357);
#274=PLANE('',#4358);
#275=PLANE('',#4359);
#276=PLANE('',#4360);
#277=PLANE('',#4361);
#278=PLANE('',#4362);
#279=PLANE('',#4363);
#280=PLANE('',#4364);
#281=PLANE('',#4365);
#282=PLANE('',#4366);
#283=PLANE('',#4367);
#284=PLANE('',#4368);
#285=PLANE('',#4369);
#286=PLANE('',#4370);
#287=PLANE('',#4371);
#288=PLANE('',#4372);
#289=PLANE('',#4373);
#290=PLANE('',#4374);
#291=PLANE('',#4375);
#292=PLANE('',#4376);
#293=PLANE('',#4377);
#294=PLANE('',#4378);
#295=PLANE('',#4379);
#296=PLANE('',#4380);
#297=PLANE('',#4381);
#298=PLANE('',#4382);
#299=PLANE('',#4383);
#300=PLANE('',#4384);
#301=PLANE('',#4385);
#302=PLANE('',#4386);
#303=PLANE('',#4387);
#304=PLANE('',#4388);
#305=PLANE('',#4395);
#306=PLANE('',#4396);
#307=PLANE('',#4397);
#308=PLANE('',#4398);
#309=PLANE('',#4399);
#310=PLANE('',#4400);
#311=PLANE('',#4401);
#312=PLANE('',#4402);
#313=PLANE('',#4403);
#314=PLANE('',#4404);
#315=PLANE('',#4405);
#316=PLANE('',#4406);
#317=PLANE('',#4407);
#318=PLANE('',#4411);
#319=PLANE('',#4418);
#320=PLANE('',#4419);
#321=PLANE('',#4422);
#322=PLANE('',#4424);
#323=PLANE('',#4426);
#324=PLANE('',#4428);
#325=PLANE('',#4430);
#326=PLANE('',#4449);
#327=FACE_OUTER_BOUND('',#549,.T.);
#328=FACE_OUTER_BOUND('',#550,.T.);
#329=FACE_OUTER_BOUND('',#551,.T.);
#330=FACE_OUTER_BOUND('',#552,.T.);
#331=FACE_OUTER_BOUND('',#553,.T.);
#332=FACE_OUTER_BOUND('',#554,.T.);
#333=FACE_OUTER_BOUND('',#555,.T.);
#334=FACE_OUTER_BOUND('',#556,.T.);
#335=FACE_OUTER_BOUND('',#557,.T.);
#336=FACE_OUTER_BOUND('',#558,.T.);
#337=FACE_OUTER_BOUND('',#559,.T.);
#338=FACE_OUTER_BOUND('',#560,.T.);
#339=FACE_OUTER_BOUND('',#561,.T.);
#340=FACE_OUTER_BOUND('',#562,.T.);
#341=FACE_OUTER_BOUND('',#563,.T.);
#342=FACE_OUTER_BOUND('',#564,.T.);
#343=FACE_OUTER_BOUND('',#565,.T.);
#344=FACE_OUTER_BOUND('',#566,.T.);
#345=FACE_OUTER_BOUND('',#567,.T.);
#346=FACE_OUTER_BOUND('',#568,.T.);
#347=FACE_OUTER_BOUND('',#569,.T.);
#348=FACE_OUTER_BOUND('',#570,.T.);
#349=FACE_OUTER_BOUND('',#571,.T.);
#350=FACE_OUTER_BOUND('',#572,.T.);
#351=FACE_OUTER_BOUND('',#573,.T.);
#352=FACE_OUTER_BOUND('',#574,.T.);
#353=FACE_OUTER_BOUND('',#575,.T.);
#354=FACE_OUTER_BOUND('',#576,.T.);
#355=FACE_OUTER_BOUND('',#577,.T.);
#356=FACE_OUTER_BOUND('',#578,.T.);
#357=FACE_OUTER_BOUND('',#579,.T.);
#358=FACE_OUTER_BOUND('',#580,.T.);
#359=FACE_OUTER_BOUND('',#581,.T.);
#360=FACE_OUTER_BOUND('',#582,.T.);
#361=FACE_OUTER_BOUND('',#583,.T.);
#362=FACE_OUTER_BOUND('',#584,.T.);
#363=FACE_OUTER_BOUND('',#585,.T.);
#364=FACE_OUTER_BOUND('',#586,.T.);
#365=FACE_OUTER_BOUND('',#587,.T.);
#366=FACE_OUTER_BOUND('',#588,.T.);
#367=FACE_OUTER_BOUND('',#589,.T.);
#368=FACE_OUTER_BOUND('',#590,.T.);
#369=FACE_OUTER_BOUND('',#591,.T.);
#370=FACE_OUTER_BOUND('',#592,.T.);
#371=FACE_OUTER_BOUND('',#593,.T.);
#372=FACE_OUTER_BOUND('',#594,.T.);
#373=FACE_OUTER_BOUND('',#595,.T.);
#374=FACE_OUTER_BOUND('',#596,.T.);
#375=FACE_OUTER_BOUND('',#597,.T.);
#376=FACE_OUTER_BOUND('',#598,.T.);
#377=FACE_OUTER_BOUND('',#599,.T.);
#378=FACE_OUTER_BOUND('',#600,.T.);
#379=FACE_OUTER_BOUND('',#601,.T.);
#380=FACE_OUTER_BOUND('',#602,.T.);
#381=FACE_OUTER_BOUND('',#603,.T.);
#382=FACE_OUTER_BOUND('',#604,.T.);
#383=FACE_OUTER_BOUND('',#605,.T.);
#384=FACE_OUTER_BOUND('',#606,.T.);
#385=FACE_OUTER_BOUND('',#607,.T.);
#386=FACE_OUTER_BOUND('',#608,.T.);
#387=FACE_OUTER_BOUND('',#609,.T.);
#388=FACE_OUTER_BOUND('',#610,.T.);
#389=FACE_OUTER_BOUND('',#611,.T.);
#390=FACE_OUTER_BOUND('',#612,.T.);
#391=FACE_OUTER_BOUND('',#613,.T.);
#392=FACE_OUTER_BOUND('',#614,.T.);
#393=FACE_OUTER_BOUND('',#615,.T.);
#394=FACE_OUTER_BOUND('',#616,.T.);
#395=FACE_OUTER_BOUND('',#617,.T.);
#396=FACE_OUTER_BOUND('',#618,.T.);
#397=FACE_OUTER_BOUND('',#620,.T.);
#398=FACE_OUTER_BOUND('',#621,.T.);
#399=FACE_OUTER_BOUND('',#622,.T.);
#400=FACE_OUTER_BOUND('',#623,.T.);
#401=FACE_OUTER_BOUND('',#624,.T.);
#402=FACE_OUTER_BOUND('',#625,.T.);
#403=FACE_OUTER_BOUND('',#626,.T.);
#404=FACE_OUTER_BOUND('',#627,.T.);
#405=FACE_OUTER_BOUND('',#628,.T.);
#406=FACE_OUTER_BOUND('',#629,.T.);
#407=FACE_OUTER_BOUND('',#630,.T.);
#408=FACE_OUTER_BOUND('',#631,.T.);
#409=FACE_OUTER_BOUND('',#632,.T.);
#410=FACE_OUTER_BOUND('',#633,.T.);
#411=FACE_OUTER_BOUND('',#634,.T.);
#412=FACE_OUTER_BOUND('',#635,.T.);
#413=FACE_OUTER_BOUND('',#636,.T.);
#414=FACE_OUTER_BOUND('',#637,.T.);
#415=FACE_OUTER_BOUND('',#638,.T.);
#416=FACE_OUTER_BOUND('',#639,.T.);
#417=FACE_OUTER_BOUND('',#640,.T.);
#418=FACE_OUTER_BOUND('',#641,.T.);
#419=FACE_OUTER_BOUND('',#642,.T.);
#420=FACE_OUTER_BOUND('',#643,.T.);
#421=FACE_OUTER_BOUND('',#644,.T.);
#422=FACE_OUTER_BOUND('',#645,.T.);
#423=FACE_OUTER_BOUND('',#646,.T.);
#424=FACE_OUTER_BOUND('',#647,.T.);
#425=FACE_OUTER_BOUND('',#648,.T.);
#426=FACE_OUTER_BOUND('',#649,.T.);
#427=FACE_OUTER_BOUND('',#650,.T.);
#428=FACE_OUTER_BOUND('',#651,.T.);
#429=FACE_OUTER_BOUND('',#652,.T.);
#430=FACE_OUTER_BOUND('',#653,.T.);
#431=FACE_OUTER_BOUND('',#654,.T.);
#432=FACE_OUTER_BOUND('',#655,.T.);
#433=FACE_OUTER_BOUND('',#656,.T.);
#434=FACE_OUTER_BOUND('',#657,.T.);
#435=FACE_OUTER_BOUND('',#658,.T.);
#436=FACE_OUTER_BOUND('',#659,.T.);
#437=FACE_OUTER_BOUND('',#660,.T.);
#438=FACE_OUTER_BOUND('',#661,.T.);
#439=FACE_OUTER_BOUND('',#662,.T.);
#440=FACE_OUTER_BOUND('',#663,.T.);
#441=FACE_OUTER_BOUND('',#664,.T.);
#442=FACE_OUTER_BOUND('',#665,.T.);
#443=FACE_OUTER_BOUND('',#666,.T.);
#444=FACE_OUTER_BOUND('',#667,.T.);
#445=FACE_OUTER_BOUND('',#668,.T.);
#446=FACE_OUTER_BOUND('',#669,.T.);
#447=FACE_OUTER_BOUND('',#670,.T.);
#448=FACE_OUTER_BOUND('',#671,.T.);
#449=FACE_OUTER_BOUND('',#672,.T.);
#450=FACE_OUTER_BOUND('',#673,.T.);
#451=FACE_OUTER_BOUND('',#674,.T.);
#452=FACE_OUTER_BOUND('',#675,.T.);
#453=FACE_OUTER_BOUND('',#676,.T.);
#454=FACE_OUTER_BOUND('',#677,.T.);
#455=FACE_OUTER_BOUND('',#678,.T.);
#456=FACE_OUTER_BOUND('',#679,.T.);
#457=FACE_OUTER_BOUND('',#680,.T.);
#458=FACE_OUTER_BOUND('',#681,.T.);
#459=FACE_OUTER_BOUND('',#682,.T.);
#460=FACE_OUTER_BOUND('',#683,.T.);
#461=FACE_OUTER_BOUND('',#684,.T.);
#462=FACE_OUTER_BOUND('',#685,.T.);
#463=FACE_OUTER_BOUND('',#686,.T.);
#464=FACE_OUTER_BOUND('',#687,.T.);
#465=FACE_OUTER_BOUND('',#688,.T.);
#466=FACE_OUTER_BOUND('',#689,.T.);
#467=FACE_OUTER_BOUND('',#690,.T.);
#468=FACE_OUTER_BOUND('',#691,.T.);
#469=FACE_OUTER_BOUND('',#692,.T.);
#470=FACE_OUTER_BOUND('',#693,.T.);
#471=FACE_OUTER_BOUND('',#694,.T.);
#472=FACE_OUTER_BOUND('',#695,.T.);
#473=FACE_OUTER_BOUND('',#696,.T.);
#474=FACE_OUTER_BOUND('',#697,.T.);
#475=FACE_OUTER_BOUND('',#698,.T.);
#476=FACE_OUTER_BOUND('',#699,.T.);
#477=FACE_OUTER_BOUND('',#700,.T.);
#478=FACE_OUTER_BOUND('',#701,.T.);
#479=FACE_OUTER_BOUND('',#702,.T.);
#480=FACE_OUTER_BOUND('',#703,.T.);
#481=FACE_OUTER_BOUND('',#704,.T.);
#482=FACE_OUTER_BOUND('',#705,.T.);
#483=FACE_OUTER_BOUND('',#706,.T.);
#484=FACE_OUTER_BOUND('',#707,.T.);
#485=FACE_OUTER_BOUND('',#708,.T.);
#486=FACE_OUTER_BOUND('',#709,.T.);
#487=FACE_OUTER_BOUND('',#711,.T.);
#488=FACE_OUTER_BOUND('',#721,.T.);
#489=FACE_OUTER_BOUND('',#722,.T.);
#490=FACE_OUTER_BOUND('',#723,.T.);
#491=FACE_OUTER_BOUND('',#724,.T.);
#492=FACE_OUTER_BOUND('',#725,.T.);
#493=FACE_OUTER_BOUND('',#726,.T.);
#494=FACE_OUTER_BOUND('',#727,.T.);
#495=FACE_OUTER_BOUND('',#728,.T.);
#496=FACE_OUTER_BOUND('',#729,.T.);
#497=FACE_OUTER_BOUND('',#730,.T.);
#498=FACE_OUTER_BOUND('',#731,.T.);
#499=FACE_OUTER_BOUND('',#732,.T.);
#500=FACE_OUTER_BOUND('',#733,.T.);
#501=FACE_OUTER_BOUND('',#734,.T.);
#502=FACE_OUTER_BOUND('',#735,.T.);
#503=FACE_OUTER_BOUND('',#736,.T.);
#504=FACE_OUTER_BOUND('',#737,.T.);
#505=FACE_OUTER_BOUND('',#738,.T.);
#506=FACE_OUTER_BOUND('',#739,.T.);
#507=FACE_OUTER_BOUND('',#740,.T.);
#508=FACE_OUTER_BOUND('',#741,.T.);
#509=FACE_OUTER_BOUND('',#742,.T.);
#510=FACE_OUTER_BOUND('',#743,.T.);
#511=FACE_OUTER_BOUND('',#744,.T.);
#512=FACE_OUTER_BOUND('',#745,.T.);
#513=FACE_OUTER_BOUND('',#746,.T.);
#514=FACE_OUTER_BOUND('',#747,.T.);
#515=FACE_OUTER_BOUND('',#748,.T.);
#516=FACE_OUTER_BOUND('',#749,.T.);
#517=FACE_OUTER_BOUND('',#750,.T.);
#518=FACE_OUTER_BOUND('',#751,.T.);
#519=FACE_OUTER_BOUND('',#752,.T.);
#520=FACE_OUTER_BOUND('',#753,.T.);
#521=FACE_OUTER_BOUND('',#754,.T.);
#522=FACE_OUTER_BOUND('',#755,.T.);
#523=FACE_OUTER_BOUND('',#756,.T.);
#524=FACE_OUTER_BOUND('',#757,.T.);
#525=FACE_OUTER_BOUND('',#758,.T.);
#526=FACE_OUTER_BOUND('',#759,.T.);
#527=FACE_OUTER_BOUND('',#760,.T.);
#528=FACE_OUTER_BOUND('',#761,.T.);
#529=FACE_OUTER_BOUND('',#762,.T.);
#530=FACE_OUTER_BOUND('',#763,.T.);
#531=FACE_OUTER_BOUND('',#764,.T.);
#532=FACE_OUTER_BOUND('',#765,.T.);
#533=FACE_OUTER_BOUND('',#766,.T.);
#534=FACE_OUTER_BOUND('',#767,.T.);
#535=FACE_OUTER_BOUND('',#768,.T.);
#536=FACE_OUTER_BOUND('',#769,.T.);
#537=FACE_OUTER_BOUND('',#770,.T.);
#538=FACE_OUTER_BOUND('',#771,.T.);
#539=FACE_OUTER_BOUND('',#772,.T.);
#540=FACE_OUTER_BOUND('',#773,.T.);
#541=FACE_OUTER_BOUND('',#774,.T.);
#542=FACE_OUTER_BOUND('',#775,.T.);
#543=FACE_OUTER_BOUND('',#776,.T.);
#544=FACE_OUTER_BOUND('',#777,.T.);
#545=FACE_OUTER_BOUND('',#778,.T.);
#546=FACE_OUTER_BOUND('',#779,.T.);
#547=FACE_OUTER_BOUND('',#780,.T.);
#548=FACE_OUTER_BOUND('',#781,.T.);
#549=EDGE_LOOP('',(#2686,#2687,#2688,#2689,#2690));
#550=EDGE_LOOP('',(#2691,#2692,#2693,#2694));
#551=EDGE_LOOP('',(#2695,#2696,#2697,#2698,#2699));
#552=EDGE_LOOP('',(#2700,#2701,#2702,#2703));
#553=EDGE_LOOP('',(#2704,#2705,#2706,#2707));
#554=EDGE_LOOP('',(#2708,#2709,#2710,#2711));
#555=EDGE_LOOP('',(#2712,#2713,#2714,#2715,#2716,#2717,#2718,#2719));
#556=EDGE_LOOP('',(#2720,#2721,#2722,#2723,#2724));
#557=EDGE_LOOP('',(#2725,#2726,#2727,#2728));
#558=EDGE_LOOP('',(#2729,#2730,#2731,#2732));
#559=EDGE_LOOP('',(#2733,#2734,#2735,#2736));
#560=EDGE_LOOP('',(#2737,#2738,#2739,#2740));
#561=EDGE_LOOP('',(#2741,#2742,#2743,#2744,#2745));
#562=EDGE_LOOP('',(#2746,#2747,#2748,#2749,#2750,#2751,#2752,#2753));
#563=EDGE_LOOP('',(#2754,#2755,#2756,#2757,#2758,#2759,#2760,#2761));
#564=EDGE_LOOP('',(#2762,#2763,#2764,#2765));
#565=EDGE_LOOP('',(#2766,#2767,#2768,#2769,#2770));
#566=EDGE_LOOP('',(#2771,#2772,#2773,#2774,#2775,#2776,#2777,#2778));
#567=EDGE_LOOP('',(#2779,#2780,#2781,#2782));
#568=EDGE_LOOP('',(#2783,#2784,#2785,#2786));
#569=EDGE_LOOP('',(#2787,#2788,#2789,#2790));
#570=EDGE_LOOP('',(#2791,#2792,#2793,#2794));
#571=EDGE_LOOP('',(#2795,#2796,#2797,#2798));
#572=EDGE_LOOP('',(#2799,#2800,#2801,#2802));
#573=EDGE_LOOP('',(#2803,#2804,#2805,#2806));
#574=EDGE_LOOP('',(#2807,#2808,#2809,#2810,#2811));
#575=EDGE_LOOP('',(#2812,#2813,#2814,#2815));
#576=EDGE_LOOP('',(#2816,#2817,#2818,#2819));
#577=EDGE_LOOP('',(#2820,#2821,#2822,#2823));
#578=EDGE_LOOP('',(#2824,#2825,#2826,#2827,#2828));
#579=EDGE_LOOP('',(#2829,#2830,#2831,#2832,#2833,#2834,#2835,#2836));
#580=EDGE_LOOP('',(#2837,#2838,#2839,#2840));
#581=EDGE_LOOP('',(#2841,#2842,#2843,#2844));
#582=EDGE_LOOP('',(#2845,#2846,#2847,#2848));
#583=EDGE_LOOP('',(#2849,#2850,#2851,#2852));
#584=EDGE_LOOP('',(#2853,#2854,#2855,#2856));
#585=EDGE_LOOP('',(#2857,#2858,#2859,#2860));
#586=EDGE_LOOP('',(#2861,#2862,#2863,#2864));
#587=EDGE_LOOP('',(#2865,#2866,#2867,#2868,#2869));
#588=EDGE_LOOP('',(#2870,#2871,#2872,#2873));
#589=EDGE_LOOP('',(#2874,#2875,#2876,#2877));
#590=EDGE_LOOP('',(#2878,#2879,#2880,#2881,#2882,#2883,#2884,#2885,#2886,
#2887,#2888,#2889,#2890,#2891,#2892,#2893,#2894,#2895,#2896,#2897,#2898,
#2899,#2900,#2901,#2902,#2903,#2904,#2905,#2906,#2907,#2908,#2909,#2910,
#2911,#2912,#2913,#2914,#2915,#2916,#2917));
#591=EDGE_LOOP('',(#2918,#2919,#2920,#2921));
#592=EDGE_LOOP('',(#2922,#2923,#2924,#2925));
#593=EDGE_LOOP('',(#2926,#2927,#2928,#2929,#2930,#2931,#2932,#2933,#2934,
#2935));
#594=EDGE_LOOP('',(#2936,#2937,#2938,#2939));
#595=EDGE_LOOP('',(#2940,#2941,#2942,#2943,#2944));
#596=EDGE_LOOP('',(#2945,#2946,#2947,#2948));
#597=EDGE_LOOP('',(#2949,#2950,#2951,#2952));
#598=EDGE_LOOP('',(#2953,#2954,#2955,#2956,#2957,#2958,#2959,#2960,#2961,
#2962));
#599=EDGE_LOOP('',(#2963,#2964,#2965,#2966,#2967,#2968,#2969,#2970,#2971,
#2972));
#600=EDGE_LOOP('',(#2973,#2974,#2975,#2976));
#601=EDGE_LOOP('',(#2977,#2978,#2979,#2980,#2981));
#602=EDGE_LOOP('',(#2982,#2983,#2984,#2985,#2986,#2987,#2988,#2989,#2990,
#2991,#2992,#2993));
#603=EDGE_LOOP('',(#2994,#2995,#2996,#2997,#2998));
#604=EDGE_LOOP('',(#2999,#3000,#3001,#3002));
#605=EDGE_LOOP('',(#3003,#3004,#3005,#3006,#3007));
#606=EDGE_LOOP('',(#3008,#3009,#3010,#3011));
#607=EDGE_LOOP('',(#3012,#3013,#3014,#3015,#3016,#3017,#3018,#3019,#3020));
#608=EDGE_LOOP('',(#3021,#3022,#3023,#3024,#3025,#3026,#3027,#3028));
#609=EDGE_LOOP('',(#3029,#3030,#3031,#3032));
#610=EDGE_LOOP('',(#3033,#3034,#3035,#3036,#3037));
#611=EDGE_LOOP('',(#3038,#3039,#3040,#3041,#3042,#3043,#3044,#3045));
#612=EDGE_LOOP('',(#3046,#3047,#3048,#3049));
#613=EDGE_LOOP('',(#3050,#3051,#3052,#3053,#3054));
#614=EDGE_LOOP('',(#3055,#3056,#3057,#3058,#3059,#3060,#3061,#3062,#3063,
#3064));
#615=EDGE_LOOP('',(#3065,#3066,#3067,#3068));
#616=EDGE_LOOP('',(#3069,#3070,#3071,#3072,#3073));
#617=EDGE_LOOP('',(#3074,#3075,#3076,#3077));
#618=EDGE_LOOP('',(#3078,#3079,#3080,#3081,#3082,#3083,#3084,#3085,#3086,
#3087,#3088,#3089,#3090,#3091,#3092,#3093,#3094,#3095,#3096,#3097,#3098,
#3099,#3100,#3101,#3102));
#619=EDGE_LOOP('',(#3103,#3104,#3105,#3106,#3107,#3108,#3109));
#620=EDGE_LOOP('',(#3110,#3111,#3112,#3113,#3114));
#621=EDGE_LOOP('',(#3115,#3116,#3117,#3118));
#622=EDGE_LOOP('',(#3119,#3120,#3121,#3122,#3123,#3124));
#623=EDGE_LOOP('',(#3125,#3126,#3127,#3128));
#624=EDGE_LOOP('',(#3129,#3130,#3131,#3132));
#625=EDGE_LOOP('',(#3133,#3134,#3135,#3136,#3137,#3138));
#626=EDGE_LOOP('',(#3139,#3140,#3141,#3142));
#627=EDGE_LOOP('',(#3143,#3144,#3145,#3146));
#628=EDGE_LOOP('',(#3147,#3148,#3149,#3150,#3151));
#629=EDGE_LOOP('',(#3152,#3153,#3154,#3155,#3156,#3157,#3158,#3159,#3160,
#3161));
#630=EDGE_LOOP('',(#3162,#3163,#3164,#3165));
#631=EDGE_LOOP('',(#3166,#3167,#3168,#3169,#3170));
#632=EDGE_LOOP('',(#3171,#3172,#3173,#3174));
#633=EDGE_LOOP('',(#3175,#3176,#3177,#3178,#3179));
#634=EDGE_LOOP('',(#3180,#3181,#3182,#3183));
#635=EDGE_LOOP('',(#3184,#3185,#3186,#3187));
#636=EDGE_LOOP('',(#3188,#3189,#3190,#3191));
#637=EDGE_LOOP('',(#3192,#3193,#3194,#3195,#3196));
#638=EDGE_LOOP('',(#3197,#3198,#3199,#3200));
#639=EDGE_LOOP('',(#3201,#3202,#3203,#3204,#3205));
#640=EDGE_LOOP('',(#3206,#3207,#3208,#3209));
#641=EDGE_LOOP('',(#3210,#3211,#3212,#3213,#3214));
#642=EDGE_LOOP('',(#3215,#3216,#3217,#3218));
#643=EDGE_LOOP('',(#3219,#3220,#3221,#3222,#3223));
#644=EDGE_LOOP('',(#3224,#3225,#3226,#3227));
#645=EDGE_LOOP('',(#3228,#3229,#3230,#3231,#3232));
#646=EDGE_LOOP('',(#3233,#3234,#3235,#3236,#3237));
#647=EDGE_LOOP('',(#3238,#3239,#3240,#3241));
#648=EDGE_LOOP('',(#3242,#3243,#3244,#3245));
#649=EDGE_LOOP('',(#3246,#3247,#3248,#3249));
#650=EDGE_LOOP('',(#3250,#3251,#3252,#3253));
#651=EDGE_LOOP('',(#3254,#3255,#3256,#3257,#3258,#3259));
#652=EDGE_LOOP('',(#3260,#3261,#3262,#3263));
#653=EDGE_LOOP('',(#3264,#3265,#3266,#3267));
#654=EDGE_LOOP('',(#3268,#3269,#3270,#3271,#3272,#3273));
#655=EDGE_LOOP('',(#3274,#3275,#3276,#3277));
#656=EDGE_LOOP('',(#3278,#3279,#3280,#3281,#3282));
#657=EDGE_LOOP('',(#3283,#3284,#3285,#3286));
#658=EDGE_LOOP('',(#3287,#3288,#3289,#3290,#3291));
#659=EDGE_LOOP('',(#3292,#3293,#3294,#3295));
#660=EDGE_LOOP('',(#3296,#3297,#3298,#3299,#3300));
#661=EDGE_LOOP('',(#3301,#3302,#3303,#3304));
#662=EDGE_LOOP('',(#3305,#3306,#3307,#3308,#3309));
#663=EDGE_LOOP('',(#3310,#3311,#3312,#3313));
#664=EDGE_LOOP('',(#3314,#3315,#3316,#3317));
#665=EDGE_LOOP('',(#3318,#3319,#3320,#3321,#3322));
#666=EDGE_LOOP('',(#3323,#3324,#3325,#3326));
#667=EDGE_LOOP('',(#3327,#3328,#3329,#3330,#3331));
#668=EDGE_LOOP('',(#3332,#3333,#3334,#3335));
#669=EDGE_LOOP('',(#3336,#3337,#3338,#3339,#3340));
#670=EDGE_LOOP('',(#3341,#3342,#3343,#3344));
#671=EDGE_LOOP('',(#3345,#3346,#3347,#3348));
#672=EDGE_LOOP('',(#3349,#3350,#3351,#3352));
#673=EDGE_LOOP('',(#3353,#3354,#3355,#3356));
#674=EDGE_LOOP('',(#3357,#3358,#3359,#3360,#3361,#3362));
#675=EDGE_LOOP('',(#3363,#3364,#3365,#3366));
#676=EDGE_LOOP('',(#3367,#3368,#3369,#3370));
#677=EDGE_LOOP('',(#3371,#3372,#3373,#3374));
#678=EDGE_LOOP('',(#3375,#3376,#3377,#3378,#3379));
#679=EDGE_LOOP('',(#3380,#3381,#3382,#3383));
#680=EDGE_LOOP('',(#3384,#3385,#3386,#3387,#3388));
#681=EDGE_LOOP('',(#3389,#3390,#3391,#3392));
#682=EDGE_LOOP('',(#3393,#3394,#3395,#3396));
#683=EDGE_LOOP('',(#3397,#3398,#3399,#3400));
#684=EDGE_LOOP('',(#3401,#3402,#3403,#3404));
#685=EDGE_LOOP('',(#3405,#3406,#3407,#3408));
#686=EDGE_LOOP('',(#3409,#3410,#3411,#3412));
#687=EDGE_LOOP('',(#3413,#3414,#3415,#3416));
#688=EDGE_LOOP('',(#3417,#3418,#3419,#3420));
#689=EDGE_LOOP('',(#3421,#3422,#3423,#3424));
#690=EDGE_LOOP('',(#3425,#3426,#3427,#3428));
#691=EDGE_LOOP('',(#3429,#3430,#3431,#3432));
#692=EDGE_LOOP('',(#3433,#3434,#3435,#3436));
#693=EDGE_LOOP('',(#3437,#3438,#3439,#3440));
#694=EDGE_LOOP('',(#3441,#3442,#3443,#3444));
#695=EDGE_LOOP('',(#3445,#3446,#3447,#3448));
#696=EDGE_LOOP('',(#3449,#3450,#3451,#3452));
#697=EDGE_LOOP('',(#3453,#3454,#3455,#3456));
#698=EDGE_LOOP('',(#3457,#3458,#3459,#3460));
#699=EDGE_LOOP('',(#3461,#3462,#3463,#3464));
#700=EDGE_LOOP('',(#3465,#3466,#3467,#3468));
#701=EDGE_LOOP('',(#3469,#3470,#3471,#3472));
#702=EDGE_LOOP('',(#3473,#3474,#3475,#3476));
#703=EDGE_LOOP('',(#3477,#3478,#3479,#3480));
#704=EDGE_LOOP('',(#3481,#3482,#3483,#3484));
#705=EDGE_LOOP('',(#3485,#3486,#3487,#3488));
#706=EDGE_LOOP('',(#3489,#3490,#3491,#3492));
#707=EDGE_LOOP('',(#3493,#3494,#3495,#3496));
#708=EDGE_LOOP('',(#3497,#3498,#3499,#3500));
#709=EDGE_LOOP('',(#3501,#3502,#3503,#3504,#3505,#3506,#3507,#3508,#3509,
#3510,#3511,#3512,#3513,#3514,#3515,#3516,#3517));
#710=EDGE_LOOP('',(#3518,#3519,#3520,#3521,#3522,#3523,#3524,#3525,#3526,
#3527));
#711=EDGE_LOOP('',(#3528,#3529,#3530,#3531));
#712=EDGE_LOOP('',(#3532,#3533,#3534,#3535));
#713=EDGE_LOOP('',(#3536,#3537,#3538,#3539,#3540,#3541,#3542,#3543,#3544,
#3545,#3546,#3547,#3548,#3549,#3550,#3551,#3552,#3553,#3554,#3555,#3556));
#714=EDGE_LOOP('',(#3557,#3558,#3559,#3560,#3561,#3562,#3563,#3564,#3565,
#3566));
#715=EDGE_LOOP('',(#3567,#3568,#3569,#3570,#3571,#3572,#3573,#3574));
#716=EDGE_LOOP('',(#3575,#3576,#3577,#3578,#3579,#3580,#3581,#3582,#3583,
#3584,#3585,#3586,#3587,#3588,#3589,#3590,#3591,#3592,#3593,#3594,#3595,
#3596,#3597,#3598,#3599));
#717=EDGE_LOOP('',(#3600,#3601,#3602,#3603,#3604,#3605,#3606,#3607,#3608,
#3609,#3610,#3611,#3612,#3613));
#718=EDGE_LOOP('',(#3614,#3615,#3616,#3617));
#719=EDGE_LOOP('',(#3618,#3619,#3620,#3621,#3622,#3623,#3624,#3625,#3626,
#3627,#3628,#3629,#3630,#3631,#3632,#3633,#3634));
#720=EDGE_LOOP('',(#3635,#3636,#3637,#3638,#3639,#3640,#3641,#3642,#3643,
#3644));
#721=EDGE_LOOP('',(#3645,#3646,#3647,#3648));
#722=EDGE_LOOP('',(#3649,#3650,#3651,#3652,#3653,#3654));
#723=EDGE_LOOP('',(#3655,#3656,#3657,#3658));
#724=EDGE_LOOP('',(#3659,#3660,#3661,#3662));
#725=EDGE_LOOP('',(#3663,#3664,#3665,#3666));
#726=EDGE_LOOP('',(#3667,#3668,#3669,#3670));
#727=EDGE_LOOP('',(#3671,#3672,#3673,#3674));
#728=EDGE_LOOP('',(#3675,#3676,#3677,#3678));
#729=EDGE_LOOP('',(#3679,#3680,#3681,#3682));
#730=EDGE_LOOP('',(#3683,#3684,#3685,#3686));
#731=EDGE_LOOP('',(#3687,#3688,#3689,#3690));
#732=EDGE_LOOP('',(#3691,#3692,#3693,#3694));
#733=EDGE_LOOP('',(#3695,#3696,#3697,#3698));
#734=EDGE_LOOP('',(#3699,#3700,#3701,#3702));
#735=EDGE_LOOP('',(#3703,#3704,#3705,#3706));
#736=EDGE_LOOP('',(#3707,#3708,#3709,#3710));
#737=EDGE_LOOP('',(#3711,#3712,#3713,#3714));
#738=EDGE_LOOP('',(#3715,#3716,#3717,#3718,#3719));
#739=EDGE_LOOP('',(#3720,#3721,#3722,#3723));
#740=EDGE_LOOP('',(#3724,#3725,#3726,#3727));
#741=EDGE_LOOP('',(#3728,#3729,#3730,#3731));
#742=EDGE_LOOP('',(#3732,#3733,#3734,#3735));
#743=EDGE_LOOP('',(#3736,#3737,#3738,#3739));
#744=EDGE_LOOP('',(#3740,#3741,#3742,#3743));
#745=EDGE_LOOP('',(#3744,#3745,#3746,#3747));
#746=EDGE_LOOP('',(#3748,#3749,#3750,#3751));
#747=EDGE_LOOP('',(#3752,#3753,#3754,#3755));
#748=EDGE_LOOP('',(#3756,#3757,#3758,#3759));
#749=EDGE_LOOP('',(#3760,#3761,#3762,#3763));
#750=EDGE_LOOP('',(#3764,#3765,#3766,#3767));
#751=EDGE_LOOP('',(#3768,#3769,#3770,#3771));
#752=EDGE_LOOP('',(#3772,#3773,#3774,#3775));
#753=EDGE_LOOP('',(#3776,#3777,#3778,#3779));
#754=EDGE_LOOP('',(#3780,#3781,#3782,#3783));
#755=EDGE_LOOP('',(#3784,#3785,#3786,#3787,#3788,#3789,#3790,#3791,#3792,
#3793));
#756=EDGE_LOOP('',(#3794,#3795,#3796,#3797));
#757=EDGE_LOOP('',(#3798,#3799,#3800,#3801));
#758=EDGE_LOOP('',(#3802,#3803,#3804,#3805,#3806,#3807,#3808,#3809,#3810,
#3811,#3812,#3813,#3814,#3815,#3816,#3817,#3818,#3819));
#759=EDGE_LOOP('',(#3820,#3821,#3822,#3823));
#760=EDGE_LOOP('',(#3824,#3825,#3826,#3827,#3828));
#761=EDGE_LOOP('',(#3829,#3830,#3831,#3832));
#762=EDGE_LOOP('',(#3833,#3834,#3835,#3836));
#763=EDGE_LOOP('',(#3837,#3838,#3839,#3840));
#764=EDGE_LOOP('',(#3841,#3842,#3843,#3844));
#765=EDGE_LOOP('',(#3845,#3846,#3847,#3848));
#766=EDGE_LOOP('',(#3849,#3850,#3851,#3852));
#767=EDGE_LOOP('',(#3853,#3854,#3855,#3856,#3857,#3858,#3859));
#768=EDGE_LOOP('',(#3860,#3861,#3862,#3863));
#769=EDGE_LOOP('',(#3864,#3865,#3866,#3867));
#770=EDGE_LOOP('',(#3868,#3869,#3870,#3871));
#771=EDGE_LOOP('',(#3872,#3873,#3874,#3875));
#772=EDGE_LOOP('',(#3876,#3877,#3878));
#773=EDGE_LOOP('',(#3879,#3880,#3881));
#774=EDGE_LOOP('',(#3882,#3883,#3884));
#775=EDGE_LOOP('',(#3885,#3886,#3887,#3888));
#776=EDGE_LOOP('',(#3889,#3890,#3891));
#777=EDGE_LOOP('',(#3892,#3893,#3894,#3895));
#778=EDGE_LOOP('',(#3896,#3897,#3898,#3899));
#779=EDGE_LOOP('',(#3900,#3901,#3902,#3903));
#780=EDGE_LOOP('',(#3904,#3905,#3906,#3907));
#781=EDGE_LOOP('',(#3908,#3909,#3910,#3911));
#782=CIRCLE('',#4198,0.5);
#783=CIRCLE('',#4202,0.5);
#784=CIRCLE('',#4207,0.5);
#785=CIRCLE('',#4210,0.5);
#786=CIRCLE('',#4218,1.);
#787=CIRCLE('',#4219,1.);
#788=CIRCLE('',#4223,1.);
#789=CIRCLE('',#4224,0.999999999999996);
#790=CIRCLE('',#4225,1.);
#791=CIRCLE('',#4226,1.5);
#792=CIRCLE('',#4227,0.5);
#793=CIRCLE('',#4229,0.999999999999996);
#794=CIRCLE('',#4230,1.5);
#795=CIRCLE('',#4231,1.);
#796=CIRCLE('',#4232,0.5);
#797=CIRCLE('',#4234,1.);
#798=CIRCLE('',#4241,1.);
#799=CIRCLE('',#4242,1.);
#800=CIRCLE('',#4246,1.);
#801=CIRCLE('',#4247,0.999999999999996);
#802=CIRCLE('',#4248,1.);
#803=CIRCLE('',#4249,1.5);
#804=CIRCLE('',#4250,0.5);
#805=CIRCLE('',#4252,0.999999999999996);
#806=CIRCLE('',#4253,1.5);
#807=CIRCLE('',#4254,1.);
#808=CIRCLE('',#4255,0.5);
#809=CIRCLE('',#4257,1.);
#810=CIRCLE('',#4264,0.5);
#811=CIRCLE('',#4265,0.5);
#812=CIRCLE('',#4266,0.5);
#813=CIRCLE('',#4267,0.5);
#814=CIRCLE('',#4270,0.500000000000007);
#815=CIRCLE('',#4273,0.500000000000007);
#816=CIRCLE('',#4275,0.5);
#817=CIRCLE('',#4278,0.500000000000007);
#818=CIRCLE('',#4280,0.5);
#819=CIRCLE('',#4281,0.5);
#820=CIRCLE('',#4288,0.25);
#821=CIRCLE('',#4292,0.25);
#822=CIRCLE('',#4293,0.25);
#823=CIRCLE('',#4297,0.25);
#824=CIRCLE('',#4298,0.25);
#825=CIRCLE('',#4304,0.25);
#826=CIRCLE('',#4308,0.25);
#827=CIRCLE('',#4309,0.25);
#828=CIRCLE('',#4313,0.25);
#829=CIRCLE('',#4314,0.25);
#830=CIRCLE('',#4316,0.25);
#831=CIRCLE('',#4319,0.25);
#832=CIRCLE('',#4320,0.25);
#833=CIRCLE('',#4322,0.25);
#834=CIRCLE('',#4325,0.25);
#835=CIRCLE('',#4331,0.25);
#836=CIRCLE('',#4332,0.25);
#837=CIRCLE('',#4335,0.25);
#838=CIRCLE('',#4337,0.25);
#839=CIRCLE('',#4339,0.25);
#840=CIRCLE('',#4340,0.25);
#841=CIRCLE('',#4343,0.25);
#842=CIRCLE('',#4344,0.25);
#843=CIRCLE('',#4352,0.25);
#844=CIRCLE('',#4353,0.25);
#845=CIRCLE('',#4389,0.5);
#846=CIRCLE('',#4390,0.5);
#847=CIRCLE('',#4391,0.5);
#848=CIRCLE('',#4392,0.5);
#849=CIRCLE('',#4393,0.5);
#850=CIRCLE('',#4394,0.5);
#851=CIRCLE('',#4409,0.5);
#852=CIRCLE('',#4412,0.5);
#853=CIRCLE('',#4413,0.5);
#854=CIRCLE('',#4414,0.5);
#855=CIRCLE('',#4415,0.5);
#856=CIRCLE('',#4416,0.5);
#857=CIRCLE('',#4417,0.5);
#858=CIRCLE('',#4432,0.500000000000007);
#859=CIRCLE('',#4433,0.5);
#860=CIRCLE('',#4435,0.500000000000007);
#861=CIRCLE('',#4436,0.5);
#862=CIRCLE('',#4438,0.499999999999998);
#863=CIRCLE('',#4439,0.5);
#864=CIRCLE('',#4442,0.500000000000007);
#865=CIRCLE('',#4443,0.499999999999998);
#866=CIRCLE('',#4444,0.5);
#867=LINE('',#5370,#1265);
#868=LINE('',#5374,#1266);
#869=LINE('',#5375,#1267);
#870=LINE('',#5378,#1268);
#871=LINE('',#5380,#1269);
#872=LINE('',#5381,#1270);
#873=LINE('',#5384,#1271);
#874=LINE('',#5386,#1272);
#875=LINE('',#5387,#1273);
#876=LINE('',#5390,#1274);
#877=LINE('',#5394,#1275);
#878=LINE('',#5395,#1276);
#879=LINE('',#5397,#1277);
#880=LINE('',#5400,#1278);
#881=LINE('',#5402,#1279);
#882=LINE('',#5404,#1280);
#883=LINE('',#5406,#1281);
#884=LINE('',#5408,#1282);
#885=LINE('',#5409,#1283);
#886=LINE('',#5413,#1284);
#887=LINE('',#5415,#1285);
#888=LINE('',#5419,#1286);
#889=LINE('',#5423,#1287);
#890=LINE('',#5426,#1288);
#891=LINE('',#5429,#1289);
#892=LINE('',#5431,#1290);
#893=LINE('',#5432,#1291);
#894=LINE('',#5435,#1292);
#895=LINE('',#5436,#1293);
#896=LINE('',#5439,#1294);
#897=LINE('',#5440,#1295);
#898=LINE('',#5442,#1296);
#899=LINE('',#5445,#1297);
#900=LINE('',#5447,#1298);
#901=LINE('',#5449,#1299);
#902=LINE('',#5451,#1300);
#903=LINE('',#5453,#1301);
#904=LINE('',#5454,#1302);
#905=LINE('',#5456,#1303);
#906=LINE('',#5457,#1304);
#907=LINE('',#5463,#1305);
#908=LINE('',#5466,#1306);
#909=LINE('',#5469,#1307);
#910=LINE('',#5471,#1308);
#911=LINE('',#5473,#1309);
#912=LINE('',#5474,#1310);
#913=LINE('',#5477,#1311);
#914=LINE('',#5479,#1312);
#915=LINE('',#5481,#1313);
#916=LINE('',#5483,#1314);
#917=LINE('',#5485,#1315);
#918=LINE('',#5486,#1316);
#919=LINE('',#5491,#1317);
#920=LINE('',#5509,#1318);
#921=LINE('',#5510,#1319);
#922=LINE('',#5530,#1320);
#923=LINE('',#5533,#1321);
#924=LINE('',#5534,#1322);
#925=LINE('',#5536,#1323);
#926=LINE('',#5539,#1324);
#927=LINE('',#5541,#1325);
#928=LINE('',#5542,#1326);
#929=LINE('',#5544,#1327);
#930=LINE('',#5546,#1328);
#931=LINE('',#5552,#1329);
#932=LINE('',#5555,#1330);
#933=LINE('',#5558,#1331);
#934=LINE('',#5560,#1332);
#935=LINE('',#5562,#1333);
#936=LINE('',#5563,#1334);
#937=LINE('',#5566,#1335);
#938=LINE('',#5568,#1336);
#939=LINE('',#5570,#1337);
#940=LINE('',#5572,#1338);
#941=LINE('',#5574,#1339);
#942=LINE('',#5575,#1340);
#943=LINE('',#5580,#1341);
#944=LINE('',#5598,#1342);
#945=LINE('',#5599,#1343);
#946=LINE('',#5619,#1344);
#947=LINE('',#5622,#1345);
#948=LINE('',#5623,#1346);
#949=LINE('',#5625,#1347);
#950=LINE('',#5628,#1348);
#951=LINE('',#5630,#1349);
#952=LINE('',#5631,#1350);
#953=LINE('',#5633,#1351);
#954=LINE('',#5635,#1352);
#955=LINE('',#5638,#1353);
#956=LINE('',#5642,#1354);
#957=LINE('',#5644,#1355);
#958=LINE('',#5645,#1356);
#959=LINE('',#5647,#1357);
#960=LINE('',#5649,#1358);
#961=LINE('',#5651,#1359);
#962=LINE('',#5654,#1360);
#963=LINE('',#5656,#1361);
#964=LINE('',#5660,#1362);
#965=LINE('',#5663,#1363);
#966=LINE('',#5666,#1364);
#967=LINE('',#5668,#1365);
#968=LINE('',#5669,#1366);
#969=LINE('',#5672,#1367);
#970=LINE('',#5675,#1368);
#971=LINE('',#5678,#1369);
#972=LINE('',#5679,#1370);
#973=LINE('',#5682,#1371);
#974=LINE('',#5686,#1372);
#975=LINE('',#5689,#1373);
#976=LINE('',#5692,#1374);
#977=LINE('',#5693,#1375);
#978=LINE('',#5696,#1376);
#979=LINE('',#5700,#1377);
#980=LINE('',#5701,#1378);
#981=LINE('',#5703,#1379);
#982=LINE('',#5707,#1380);
#983=LINE('',#5711,#1381);
#984=LINE('',#5712,#1382);
#985=LINE('',#5718,#1383);
#986=LINE('',#5751,#1384);
#987=LINE('',#5754,#1385);
#988=LINE('',#5756,#1386);
#989=LINE('',#5758,#1387);
#990=LINE('',#5759,#1388);
#991=LINE('',#5770,#1389);
#992=LINE('',#5772,#1390);
#993=LINE('',#5774,#1391);
#994=LINE('',#5776,#1392);
#995=LINE('',#5786,#1393);
#996=LINE('',#5787,#1394);
#997=LINE('',#5807,#1395);
#998=LINE('',#5813,#1396);
#999=LINE('',#5815,#1397);
#1000=LINE('',#5816,#1398);
#1001=LINE('',#5824,#1399);
#1002=LINE('',#5833,#1400);
#1003=LINE('',#5836,#1401);
#1004=LINE('',#5839,#1402);
#1005=LINE('',#5841,#1403);
#1006=LINE('',#5843,#1404);
#1007=LINE('',#5844,#1405);
#1008=LINE('',#5846,#1406);
#1009=LINE('',#5847,#1407);
#1010=LINE('',#5850,#1408);
#1011=LINE('',#5852,#1409);
#1012=LINE('',#5854,#1410);
#1013=LINE('',#5856,#1411);
#1014=LINE('',#5858,#1412);
#1015=LINE('',#5859,#1413);
#1016=LINE('',#5865,#1414);
#1017=LINE('',#5868,#1415);
#1018=LINE('',#5871,#1416);
#1019=LINE('',#5873,#1417);
#1020=LINE('',#5875,#1418);
#1021=LINE('',#5876,#1419);
#1022=LINE('',#5879,#1420);
#1023=LINE('',#5881,#1421);
#1024=LINE('',#5883,#1422);
#1025=LINE('',#5885,#1423);
#1026=LINE('',#5887,#1424);
#1027=LINE('',#5888,#1425);
#1028=LINE('',#5909,#1426);
#1029=LINE('',#5939,#1427);
#1030=LINE('',#5951,#1428);
#1031=LINE('',#5956,#1429);
#1032=LINE('',#5963,#1430);
#1033=LINE('',#5965,#1431);
#1034=LINE('',#5967,#1432);
#1035=LINE('',#5969,#1433);
#1036=LINE('',#5971,#1434);
#1037=LINE('',#5984,#1435);
#1038=LINE('',#5987,#1436);
#1039=LINE('',#5989,#1437);
#1040=LINE('',#5990,#1438);
#1041=LINE('',#5996,#1439);
#1042=LINE('',#5999,#1440);
#1043=LINE('',#6002,#1441);
#1044=LINE('',#6020,#1442);
#1045=LINE('',#6022,#1443);
#1046=LINE('',#6024,#1444);
#1047=LINE('',#6050,#1445);
#1048=LINE('',#6083,#1446);
#1049=LINE('',#6086,#1447);
#1050=LINE('',#6088,#1448);
#1051=LINE('',#6105,#1449);
#1052=LINE('',#6108,#1450);
#1053=LINE('',#6110,#1451);
#1054=LINE('',#6111,#1452);
#1055=LINE('',#6117,#1453);
#1056=LINE('',#6120,#1454);
#1057=LINE('',#6123,#1455);
#1058=LINE('',#6127,#1456);
#1059=LINE('',#6129,#1457);
#1060=LINE('',#6130,#1458);
#1061=LINE('',#6133,#1459);
#1062=LINE('',#6134,#1460);
#1063=LINE('',#6140,#1461);
#1064=LINE('',#6143,#1462);
#1065=LINE('',#6146,#1463);
#1066=LINE('',#6150,#1464);
#1067=LINE('',#6152,#1465);
#1068=LINE('',#6153,#1466);
#1069=LINE('',#6156,#1467);
#1070=LINE('',#6157,#1468);
#1071=LINE('',#6163,#1469);
#1072=LINE('',#6166,#1470);
#1073=LINE('',#6169,#1471);
#1074=LINE('',#6171,#1472);
#1075=LINE('',#6173,#1473);
#1076=LINE('',#6174,#1474);
#1077=LINE('',#6177,#1475);
#1078=LINE('',#6179,#1476);
#1079=LINE('',#6181,#1477);
#1080=LINE('',#6195,#1478);
#1081=LINE('',#6246,#1479);
#1082=LINE('',#6254,#1480);
#1083=LINE('',#6259,#1481);
#1084=LINE('',#6265,#1482);
#1085=LINE('',#6268,#1483);
#1086=LINE('',#6270,#1484);
#1087=LINE('',#6271,#1485);
#1088=LINE('',#6275,#1486);
#1089=LINE('',#6279,#1487);
#1090=LINE('',#6285,#1488);
#1091=LINE('',#6288,#1489);
#1092=LINE('',#6290,#1490);
#1093=LINE('',#6291,#1491);
#1094=LINE('',#6297,#1492);
#1095=LINE('',#6300,#1493);
#1096=LINE('',#6302,#1494);
#1097=LINE('',#6303,#1495);
#1098=LINE('',#6336,#1496);
#1099=LINE('',#6344,#1497);
#1100=LINE('',#6349,#1498);
#1101=LINE('',#6368,#1499);
#1102=LINE('',#6371,#1500);
#1103=LINE('',#6373,#1501);
#1104=LINE('',#6374,#1502);
#1105=LINE('',#6379,#1503);
#1106=LINE('',#6383,#1504);
#1107=LINE('',#6385,#1505);
#1108=LINE('',#6386,#1506);
#1109=LINE('',#6394,#1507);
#1110=LINE('',#6399,#1508);
#1111=LINE('',#6410,#1509);
#1112=LINE('',#6422,#1510);
#1113=LINE('',#6423,#1511);
#1114=LINE('',#6426,#1512);
#1115=LINE('',#6427,#1513);
#1116=LINE('',#6429,#1514);
#1117=LINE('',#6432,#1515);
#1118=LINE('',#6433,#1516);
#1119=LINE('',#6436,#1517);
#1120=LINE('',#6437,#1518);
#1121=LINE('',#6439,#1519);
#1122=LINE('',#6447,#1520);
#1123=LINE('',#6452,#1521);
#1124=LINE('',#6455,#1522);
#1125=LINE('',#6456,#1523);
#1126=LINE('',#6458,#1524);
#1127=LINE('',#6466,#1525);
#1128=LINE('',#6471,#1526);
#1129=LINE('',#6473,#1527);
#1130=LINE('',#6475,#1528);
#1131=LINE('',#6478,#1529);
#1132=LINE('',#6479,#1530);
#1133=LINE('',#6482,#1531);
#1134=LINE('',#6483,#1532);
#1135=LINE('',#6486,#1533);
#1136=LINE('',#6487,#1534);
#1137=LINE('',#6490,#1535);
#1138=LINE('',#6491,#1536);
#1139=LINE('',#6493,#1537);
#1140=LINE('',#6501,#1538);
#1141=LINE('',#6506,#1539);
#1142=LINE('',#6517,#1540);
#1143=LINE('',#6529,#1541);
#1144=LINE('',#6530,#1542);
#1145=LINE('',#6533,#1543);
#1146=LINE('',#6534,#1544);
#1147=LINE('',#6536,#1545);
#1148=LINE('',#6538,#1546);
#1149=LINE('',#6541,#1547);
#1150=LINE('',#6542,#1548);
#1151=LINE('',#6545,#1549);
#1152=LINE('',#6546,#1550);
#1153=LINE('',#6549,#1551);
#1154=LINE('',#6550,#1552);
#1155=LINE('',#6553,#1553);
#1156=LINE('',#6554,#1554);
#1157=LINE('',#6556,#1555);
#1158=LINE('',#6569,#1556);
#1159=LINE('',#6574,#1557);
#1160=LINE('',#6589,#1558);
#1161=LINE('',#6604,#1559);
#1162=LINE('',#6619,#1560);
#1163=LINE('',#6622,#1561);
#1164=LINE('',#6624,#1562);
#1165=LINE('',#6625,#1563);
#1166=LINE('',#6640,#1564);
#1167=LINE('',#6655,#1565);
#1168=LINE('',#6670,#1566);
#1169=LINE('',#6685,#1567);
#1170=LINE('',#6687,#1568);
#1171=LINE('',#6688,#1569);
#1172=LINE('',#6692,#1570);
#1173=LINE('',#6694,#1571);
#1174=LINE('',#6696,#1572);
#1175=LINE('',#6697,#1573);
#1176=LINE('',#6712,#1574);
#1177=LINE('',#6727,#1575);
#1178=LINE('',#6742,#1576);
#1179=LINE('',#6757,#1577);
#1180=LINE('',#6772,#1578);
#1181=LINE('',#6787,#1579);
#1182=LINE('',#6802,#1580);
#1183=LINE('',#6817,#1581);
#1184=LINE('',#6820,#1582);
#1185=LINE('',#6822,#1583);
#1186=LINE('',#6823,#1584);
#1187=LINE('',#6838,#1585);
#1188=LINE('',#6853,#1586);
#1189=LINE('',#6868,#1587);
#1190=LINE('',#6883,#1588);
#1191=LINE('',#6898,#1589);
#1192=LINE('',#6913,#1590);
#1193=LINE('',#6930,#1591);
#1194=LINE('',#6932,#1592);
#1195=LINE('',#6934,#1593);
#1196=LINE('',#6935,#1594);
#1197=LINE('',#6938,#1595);
#1198=LINE('',#6940,#1596);
#1199=LINE('',#6957,#1597);
#1200=LINE('',#6959,#1598);
#1201=LINE('',#6993,#1599);
#1202=LINE('',#7018,#1600);
#1203=LINE('',#7023,#1601);
#1204=LINE('',#7028,#1602);
#1205=LINE('',#7032,#1603);
#1206=LINE('',#7036,#1604);
#1207=LINE('',#7039,#1605);
#1208=LINE('',#7041,#1606);
#1209=LINE('',#7043,#1607);
#1210=LINE('',#7044,#1608);
#1211=LINE('',#7046,#1609);
#1212=LINE('',#7048,#1610);
#1213=LINE('',#7053,#1611);
#1214=LINE('',#7054,#1612);
#1215=LINE('',#7055,#1613);
#1216=LINE('',#7066,#1614);
#1217=LINE('',#7077,#1615);
#1218=LINE('',#7088,#1616);
#1219=LINE('',#7099,#1617);
#1220=LINE('',#7102,#1618);
#1221=LINE('',#7103,#1619);
#1222=LINE('',#7105,#1620);
#1223=LINE('',#7107,#1621);
#1224=LINE('',#7108,#1622);
#1225=LINE('',#7110,#1623);
#1226=LINE('',#7117,#1624);
#1227=LINE('',#7124,#1625);
#1228=LINE('',#7131,#1626);
#1229=LINE('',#7139,#1627);
#1230=LINE('',#7141,#1628);
#1231=LINE('',#7148,#1629);
#1232=LINE('',#7155,#1630);
#1233=LINE('',#7162,#1631);
#1234=LINE('',#7169,#1632);
#1235=LINE('',#7176,#1633);
#1236=LINE('',#7183,#1634);
#1237=LINE('',#7190,#1635);
#1238=LINE('',#7197,#1636);
#1239=LINE('',#7199,#1637);
#1240=LINE('',#7206,#1638);
#1241=LINE('',#7213,#1639);
#1242=LINE('',#7220,#1640);
#1243=LINE('',#7227,#1641);
#1244=LINE('',#7234,#1642);
#1245=LINE('',#7241,#1643);
#1246=LINE('',#7247,#1644);
#1247=LINE('',#7249,#1645);
#1248=LINE('',#7250,#1646);
#1249=LINE('',#7255,#1647);
#1250=LINE('',#7259,#1648);
#1251=LINE('',#7263,#1649);
#1252=LINE('',#7267,#1650);
#1253=LINE('',#7271,#1651);
#1254=LINE('',#7273,#1652);
#1255=LINE('',#7277,#1653);
#1256=LINE('',#7279,#1654);
#1257=LINE('',#7281,#1655);
#1258=LINE('',#7283,#1656);
#1259=LINE('',#7284,#1657);
#1260=LINE('',#7286,#1658);
#1261=LINE('',#7288,#1659);
#1262=LINE('',#7291,#1660);
#1263=LINE('',#7293,#1661);
#1264=LINE('',#7295,#1662);
#1265=VECTOR('',#4459,10.);
#1266=VECTOR('',#4462,10.);
#1267=VECTOR('',#4463,10.);
#1268=VECTOR('',#4466,10.);
#1269=VECTOR('',#4467,10.);
#1270=VECTOR('',#4468,10.);
#1271=VECTOR('',#4471,10.);
#1272=VECTOR('',#4472,10.);
#1273=VECTOR('',#4473,10.);
#1274=VECTOR('',#4476,10.);
#1275=VECTOR('',#4481,10.);
#1276=VECTOR('',#4482,10.);
#1277=VECTOR('',#4485,10.);
#1278=VECTOR('',#4488,10.);
#1279=VECTOR('',#4489,10.);
#1280=VECTOR('',#4490,10.);
#1281=VECTOR('',#4491,10.);
#1282=VECTOR('',#4492,10.);
#1283=VECTOR('',#4493,10.);
#1284=VECTOR('',#4496,10.);
#1285=VECTOR('',#4497,10.);
#1286=VECTOR('',#4500,10.);
#1287=VECTOR('',#4505,10.);
#1288=VECTOR('',#4508,10.);
#1289=VECTOR('',#4511,10.);
#1290=VECTOR('',#4512,10.);
#1291=VECTOR('',#4513,10.);
#1292=VECTOR('',#4516,10.);
#1293=VECTOR('',#4517,10.);
#1294=VECTOR('',#4520,10.);
#1295=VECTOR('',#4521,10.);
#1296=VECTOR('',#4524,10.);
#1297=VECTOR('',#4527,10.);
#1298=VECTOR('',#4528,10.);
#1299=VECTOR('',#4529,10.);
#1300=VECTOR('',#4530,10.);
#1301=VECTOR('',#4531,10.);
#1302=VECTOR('',#4532,10.);
#1303=VECTOR('',#4535,10.);
#1304=VECTOR('',#4536,10.);
#1305=VECTOR('',#4541,10.);
#1306=VECTOR('',#4544,10.);
#1307=VECTOR('',#4547,10.);
#1308=VECTOR('',#4548,10.);
#1309=VECTOR('',#4549,10.);
#1310=VECTOR('',#4550,10.);
#1311=VECTOR('',#4553,10.);
#1312=VECTOR('',#4554,10.);
#1313=VECTOR('',#4555,10.);
#1314=VECTOR('',#4556,10.);
#1315=VECTOR('',#4557,10.);
#1316=VECTOR('',#4558,10.);
#1317=VECTOR('',#4563,10.);
#1318=VECTOR('',#4574,10.);
#1319=VECTOR('',#4575,10.);
#1320=VECTOR('',#4588,10.);
#1321=VECTOR('',#4591,10.);
#1322=VECTOR('',#4592,10.);
#1323=VECTOR('',#4595,10.);
#1324=VECTOR('',#4598,10.);
#1325=VECTOR('',#4599,10.);
#1326=VECTOR('',#4600,10.);
#1327=VECTOR('',#4603,10.);
#1328=VECTOR('',#4606,10.);
#1329=VECTOR('',#4611,10.);
#1330=VECTOR('',#4614,10.);
#1331=VECTOR('',#4617,10.);
#1332=VECTOR('',#4618,10.);
#1333=VECTOR('',#4619,10.);
#1334=VECTOR('',#4620,10.);
#1335=VECTOR('',#4623,10.);
#1336=VECTOR('',#4624,10.);
#1337=VECTOR('',#4625,10.);
#1338=VECTOR('',#4626,10.);
#1339=VECTOR('',#4627,10.);
#1340=VECTOR('',#4628,10.);
#1341=VECTOR('',#4633,10.);
#1342=VECTOR('',#4644,10.);
#1343=VECTOR('',#4645,10.);
#1344=VECTOR('',#4658,10.);
#1345=VECTOR('',#4661,10.);
#1346=VECTOR('',#4662,10.);
#1347=VECTOR('',#4665,10.);
#1348=VECTOR('',#4668,10.);
#1349=VECTOR('',#4669,10.);
#1350=VECTOR('',#4670,10.);
#1351=VECTOR('',#4673,10.);
#1352=VECTOR('',#4676,10.);
#1353=VECTOR('',#4679,10.);
#1354=VECTOR('',#4682,10.);
#1355=VECTOR('',#4683,10.);
#1356=VECTOR('',#4684,10.);
#1357=VECTOR('',#4685,10.);
#1358=VECTOR('',#4686,10.);
#1359=VECTOR('',#4687,10.);
#1360=VECTOR('',#4690,10.);
#1361=VECTOR('',#4691,10.);
#1362=VECTOR('',#4694,10.);
#1363=VECTOR('',#4697,10.);
#1364=VECTOR('',#4700,10.);
#1365=VECTOR('',#4701,10.);
#1366=VECTOR('',#4702,10.);
#1367=VECTOR('',#4705,10.);
#1368=VECTOR('',#4708,10.);
#1369=VECTOR('',#4711,10.);
#1370=VECTOR('',#4712,10.);
#1371=VECTOR('',#4715,10.);
#1372=VECTOR('',#4720,10.);
#1373=VECTOR('',#4723,10.);
#1374=VECTOR('',#4726,10.);
#1375=VECTOR('',#4727,10.);
#1376=VECTOR('',#4730,10.);
#1377=VECTOR('',#4735,10.);
#1378=VECTOR('',#4736,10.);
#1379=VECTOR('',#4737,10.);
#1380=VECTOR('',#4740,10.);
#1381=VECTOR('',#4745,10.);
#1382=VECTOR('',#4746,10.);
#1383=VECTOR('',#4751,10.);
#1384=VECTOR('',#4752,10.);
#1385=VECTOR('',#4755,10.);
#1386=VECTOR('',#4756,10.);
#1387=VECTOR('',#4757,10.);
#1388=VECTOR('',#4758,10.);
#1389=VECTOR('',#4761,10.);
#1390=VECTOR('',#4762,10.);
#1391=VECTOR('',#4763,10.);
#1392=VECTOR('',#4764,10.);
#1393=VECTOR('',#4765,10.);
#1394=VECTOR('',#4766,10.);
#1395=VECTOR('',#4769,10.);
#1396=VECTOR('',#4776,10.);
#1397=VECTOR('',#4777,10.);
#1398=VECTOR('',#4778,10.);
#1399=VECTOR('',#4779,10.);
#1400=VECTOR('',#4784,10.);
#1401=VECTOR('',#4787,10.);
#1402=VECTOR('',#4790,10.);
#1403=VECTOR('',#4791,10.);
#1404=VECTOR('',#4792,10.);
#1405=VECTOR('',#4793,10.);
#1406=VECTOR('',#4794,10.);
#1407=VECTOR('',#4795,10.);
#1408=VECTOR('',#4798,10.);
#1409=VECTOR('',#4799,10.);
#1410=VECTOR('',#4800,10.);
#1411=VECTOR('',#4801,10.);
#1412=VECTOR('',#4802,10.);
#1413=VECTOR('',#4803,10.);
#1414=VECTOR('',#4808,10.);
#1415=VECTOR('',#4811,10.);
#1416=VECTOR('',#4814,10.);
#1417=VECTOR('',#4815,10.);
#1418=VECTOR('',#4816,10.);
#1419=VECTOR('',#4817,10.);
#1420=VECTOR('',#4820,10.);
#1421=VECTOR('',#4821,10.);
#1422=VECTOR('',#4822,10.);
#1423=VECTOR('',#4823,10.);
#1424=VECTOR('',#4824,10.);
#1425=VECTOR('',#4825,10.);
#1426=VECTOR('',#4828,10.);
#1427=VECTOR('',#4829,10.);
#1428=VECTOR('',#4830,10.);
#1429=VECTOR('',#4831,10.);
#1430=VECTOR('',#4834,10.);
#1431=VECTOR('',#4835,10.);
#1432=VECTOR('',#4836,10.);
#1433=VECTOR('',#4837,10.);
#1434=VECTOR('',#4838,10.);
#1435=VECTOR('',#4845,10.);
#1436=VECTOR('',#4848,10.);
#1437=VECTOR('',#4849,10.);
#1438=VECTOR('',#4850,10.);
#1439=VECTOR('',#4855,10.);
#1440=VECTOR('',#4858,10.);
#1441=VECTOR('',#4861,10.);
#1442=VECTOR('',#4862,10.);
#1443=VECTOR('',#4863,10.);
#1444=VECTOR('',#4864,10.);
#1445=VECTOR('',#4865,10.);
#1446=VECTOR('',#4866,10.);
#1447=VECTOR('',#4867,10.);
#1448=VECTOR('',#4868,10.);
#1449=VECTOR('',#4869,10.);
#1450=VECTOR('',#4872,10.);
#1451=VECTOR('',#4873,10.);
#1452=VECTOR('',#4874,10.);
#1453=VECTOR('',#4879,10.);
#1454=VECTOR('',#4882,10.);
#1455=VECTOR('',#4885,10.);
#1456=VECTOR('',#4888,10.);
#1457=VECTOR('',#4889,10.);
#1458=VECTOR('',#4890,10.);
#1459=VECTOR('',#4893,10.);
#1460=VECTOR('',#4894,10.);
#1461=VECTOR('',#4899,10.);
#1462=VECTOR('',#4902,10.);
#1463=VECTOR('',#4905,10.);
#1464=VECTOR('',#4908,10.);
#1465=VECTOR('',#4909,10.);
#1466=VECTOR('',#4910,10.);
#1467=VECTOR('',#4913,10.);
#1468=VECTOR('',#4914,10.);
#1469=VECTOR('',#4919,10.);
#1470=VECTOR('',#4922,10.);
#1471=VECTOR('',#4925,10.);
#1472=VECTOR('',#4926,10.);
#1473=VECTOR('',#4927,10.);
#1474=VECTOR('',#4928,10.);
#1475=VECTOR('',#4931,10.);
#1476=VECTOR('',#4932,10.);
#1477=VECTOR('',#4933,10.);
#1478=VECTOR('',#4934,10.);
#1479=VECTOR('',#4937,10.);
#1480=VECTOR('',#4938,10.);
#1481=VECTOR('',#4939,10.);
#1482=VECTOR('',#4946,10.);
#1483=VECTOR('',#4949,10.);
#1484=VECTOR('',#4950,10.);
#1485=VECTOR('',#4951,10.);
#1486=VECTOR('',#4956,10.);
#1487=VECTOR('',#4961,10.);
#1488=VECTOR('',#4968,10.);
#1489=VECTOR('',#4971,10.);
#1490=VECTOR('',#4972,10.);
#1491=VECTOR('',#4973,10.);
#1492=VECTOR('',#4980,10.);
#1493=VECTOR('',#4983,10.);
#1494=VECTOR('',#4984,10.);
#1495=VECTOR('',#4985,10.);
#1496=VECTOR('',#4990,10.);
#1497=VECTOR('',#4991,10.);
#1498=VECTOR('',#4992,10.);
#1499=VECTOR('',#4997,10.);
#1500=VECTOR('',#5000,10.);
#1501=VECTOR('',#5001,10.);
#1502=VECTOR('',#5002,10.);
#1503=VECTOR('',#5007,10.);
#1504=VECTOR('',#5012,10.);
#1505=VECTOR('',#5013,10.);
#1506=VECTOR('',#5014,10.);
#1507=VECTOR('',#5015,10.);
#1508=VECTOR('',#5018,10.);
#1509=VECTOR('',#5019,10.);
#1510=VECTOR('',#5022,10.);
#1511=VECTOR('',#5023,10.);
#1512=VECTOR('',#5026,10.);
#1513=VECTOR('',#5027,10.);
#1514=VECTOR('',#5030,10.);
#1515=VECTOR('',#5033,10.);
#1516=VECTOR('',#5034,10.);
#1517=VECTOR('',#5037,10.);
#1518=VECTOR('',#5038,10.);
#1519=VECTOR('',#5041,10.);
#1520=VECTOR('',#5042,10.);
#1521=VECTOR('',#5045,10.);
#1522=VECTOR('',#5048,10.);
#1523=VECTOR('',#5049,10.);
#1524=VECTOR('',#5052,10.);
#1525=VECTOR('',#5053,10.);
#1526=VECTOR('',#5056,10.);
#1527=VECTOR('',#5059,10.);
#1528=VECTOR('',#5062,10.);
#1529=VECTOR('',#5065,10.);
#1530=VECTOR('',#5066,10.);
#1531=VECTOR('',#5069,10.);
#1532=VECTOR('',#5070,10.);
#1533=VECTOR('',#5073,10.);
#1534=VECTOR('',#5074,10.);
#1535=VECTOR('',#5077,10.);
#1536=VECTOR('',#5078,10.);
#1537=VECTOR('',#5081,10.);
#1538=VECTOR('',#5082,10.);
#1539=VECTOR('',#5085,10.);
#1540=VECTOR('',#5086,10.);
#1541=VECTOR('',#5089,10.);
#1542=VECTOR('',#5090,10.);
#1543=VECTOR('',#5093,10.);
#1544=VECTOR('',#5094,10.);
#1545=VECTOR('',#5097,10.);
#1546=VECTOR('',#5100,10.);
#1547=VECTOR('',#5103,10.);
#1548=VECTOR('',#5104,10.);
#1549=VECTOR('',#5107,10.);
#1550=VECTOR('',#5108,10.);
#1551=VECTOR('',#5111,10.);
#1552=VECTOR('',#5112,10.);
#1553=VECTOR('',#5115,10.);
#1554=VECTOR('',#5116,10.);
#1555=VECTOR('',#5119,10.);
#1556=VECTOR('',#5120,10.);
#1557=VECTOR('',#5121,10.);
#1558=VECTOR('',#5122,10.);
#1559=VECTOR('',#5123,10.);
#1560=VECTOR('',#5124,10.);
#1561=VECTOR('',#5127,10.);
#1562=VECTOR('',#5128,10.);
#1563=VECTOR('',#5129,10.);
#1564=VECTOR('',#5130,10.);
#1565=VECTOR('',#5131,10.);
#1566=VECTOR('',#5132,10.);
#1567=VECTOR('',#5133,10.);
#1568=VECTOR('',#5136,10.);
#1569=VECTOR('',#5137,10.);
#1570=VECTOR('',#5140,10.);
#1571=VECTOR('',#5141,10.);
#1572=VECTOR('',#5142,10.);
#1573=VECTOR('',#5143,10.);
#1574=VECTOR('',#5144,10.);
#1575=VECTOR('',#5145,10.);
#1576=VECTOR('',#5146,10.);
#1577=VECTOR('',#5147,10.);
#1578=VECTOR('',#5148,10.);
#1579=VECTOR('',#5149,10.);
#1580=VECTOR('',#5150,10.);
#1581=VECTOR('',#5151,10.);
#1582=VECTOR('',#5154,10.);
#1583=VECTOR('',#5155,10.);
#1584=VECTOR('',#5156,10.);
#1585=VECTOR('',#5157,10.);
#1586=VECTOR('',#5158,10.);
#1587=VECTOR('',#5159,10.);
#1588=VECTOR('',#5160,10.);
#1589=VECTOR('',#5161,10.);
#1590=VECTOR('',#5162,10.);
#1591=VECTOR('',#5167,10.);
#1592=VECTOR('',#5168,10.);
#1593=VECTOR('',#5169,10.);
#1594=VECTOR('',#5170,10.);
#1595=VECTOR('',#5171,10.);
#1596=VECTOR('',#5172,10.);
#1597=VECTOR('',#5173,10.);
#1598=VECTOR('',#5174,10.);
#1599=VECTOR('',#5175,10.);
#1600=VECTOR('',#5176,10.);
#1601=VECTOR('',#5179,10.);
#1602=VECTOR('',#5184,10.);
#1603=VECTOR('',#5187,10.);
#1604=VECTOR('',#5190,10.);
#1605=VECTOR('',#5193,10.);
#1606=VECTOR('',#5194,10.);
#1607=VECTOR('',#5195,10.);
#1608=VECTOR('',#5196,10.);
#1609=VECTOR('',#5199,10.);
#1610=VECTOR('',#5202,10.);
#1611=VECTOR('',#5207,10.);
#1612=VECTOR('',#5208,10.);
#1613=VECTOR('',#5209,10.);
#1614=VECTOR('',#5210,10.);
#1615=VECTOR('',#5211,10.);
#1616=VECTOR('',#5212,10.);
#1617=VECTOR('',#5213,10.);
#1618=VECTOR('',#5216,10.);
#1619=VECTOR('',#5217,10.);
#1620=VECTOR('',#5220,10.);
#1621=VECTOR('',#5223,10.);
#1622=VECTOR('',#5224,10.);
#1623=VECTOR('',#5227,10.);
#1624=VECTOR('',#5228,10.);
#1625=VECTOR('',#5229,10.);
#1626=VECTOR('',#5230,10.);
#1627=VECTOR('',#5233,10.);
#1628=VECTOR('',#5236,10.);
#1629=VECTOR('',#5237,10.);
#1630=VECTOR('',#5238,10.);
#1631=VECTOR('',#5239,10.);
#1632=VECTOR('',#5240,10.);
#1633=VECTOR('',#5241,10.);
#1634=VECTOR('',#5242,10.);
#1635=VECTOR('',#5243,10.);
#1636=VECTOR('',#5244,10.);
#1637=VECTOR('',#5247,10.);
#1638=VECTOR('',#5248,10.);
#1639=VECTOR('',#5249,10.);
#1640=VECTOR('',#5250,10.);
#1641=VECTOR('',#5251,10.);
#1642=VECTOR('',#5252,10.);
#1643=VECTOR('',#5253,10.);
#1644=VECTOR('',#5262,10.);
#1645=VECTOR('',#5265,10.);
#1646=VECTOR('',#5266,10.);
#1647=VECTOR('',#5271,10.);
#1648=VECTOR('',#5274,10.);
#1649=VECTOR('',#5277,10.);
#1650=VECTOR('',#5280,10.);
#1651=VECTOR('',#5283,10.);
#1652=VECTOR('',#5286,10.);
#1653=VECTOR('',#5293,10.);
#1654=VECTOR('',#5296,10.);
#1655=VECTOR('',#5299,10.);
#1656=VECTOR('',#5302,10.);
#1657=VECTOR('',#5303,10.);
#1658=VECTOR('',#5306,10.);
#1659=VECTOR('',#5309,10.);
#1660=VECTOR('',#5314,10.);
#1661=VECTOR('',#5317,10.);
#1662=VECTOR('',#5320,10.);
#1663=ELLIPSE('',#4197,0.707106781186543,0.5);
#1664=ELLIPSE('',#4208,0.707106781186543,0.5);
#1665=ELLIPSE('',#4284,0.257464730232415,0.25);
#1666=ELLIPSE('',#4289,0.258629034717956,0.25);
#1667=ELLIPSE('',#4305,0.250960339540324,0.25);
#1668=ELLIPSE('',#4326,0.250960289966257,0.25);
#1669=ELLIPSE('',#4347,0.259159396531758,0.25);
#1670=ELLIPSE('',#4349,0.257277396971994,0.25);
#1671=VERTEX_POINT('',#5366);
#1672=VERTEX_POINT('',#5367);
#1673=VERTEX_POINT('',#5369);
#1674=VERTEX_POINT('',#5371);
#1675=VERTEX_POINT('',#5373);
#1676=VERTEX_POINT('',#5377);
#1677=VERTEX_POINT('',#5379);
#1678=VERTEX_POINT('',#5383);
#1679=VERTEX_POINT('',#5385);
#1680=VERTEX_POINT('',#5389);
#1681=VERTEX_POINT('',#5393);
#1682=VERTEX_POINT('',#5399);
#1683=VERTEX_POINT('',#5401);
#1684=VERTEX_POINT('',#5403);
#1685=VERTEX_POINT('',#5405);
#1686=VERTEX_POINT('',#5407);
#1687=VERTEX_POINT('',#5411);
#1688=VERTEX_POINT('',#5412);
#1689=VERTEX_POINT('',#5414);
#1690=VERTEX_POINT('',#5416);
#1691=VERTEX_POINT('',#5418);
#1692=VERTEX_POINT('',#5422);
#1693=VERTEX_POINT('',#5424);
#1694=VERTEX_POINT('',#5428);
#1695=VERTEX_POINT('',#5430);
#1696=VERTEX_POINT('',#5434);
#1697=VERTEX_POINT('',#5438);
#1698=VERTEX_POINT('',#5444);
#1699=VERTEX_POINT('',#5446);
#1700=VERTEX_POINT('',#5448);
#1701=VERTEX_POINT('',#5450);
#1702=VERTEX_POINT('',#5452);
#1703=VERTEX_POINT('',#5459);
#1704=VERTEX_POINT('',#5460);
#1705=VERTEX_POINT('',#5462);
#1706=VERTEX_POINT('',#5464);
#1707=VERTEX_POINT('',#5468);
#1708=VERTEX_POINT('',#5470);
#1709=VERTEX_POINT('',#5472);
#1710=VERTEX_POINT('',#5476);
#1711=VERTEX_POINT('',#5478);
#1712=VERTEX_POINT('',#5480);
#1713=VERTEX_POINT('',#5482);
#1714=VERTEX_POINT('',#5484);
#1715=VERTEX_POINT('',#5488);
#1716=VERTEX_POINT('',#5490);
#1717=VERTEX_POINT('',#5502);
#1718=VERTEX_POINT('',#5503);
#1719=VERTEX_POINT('',#5508);
#1720=VERTEX_POINT('',#5520);
#1721=VERTEX_POINT('',#5522);
#1722=VERTEX_POINT('',#5524);
#1723=VERTEX_POINT('',#5528);
#1724=VERTEX_POINT('',#5532);
#1725=VERTEX_POINT('',#5538);
#1726=VERTEX_POINT('',#5540);
#1727=VERTEX_POINT('',#5548);
#1728=VERTEX_POINT('',#5549);
#1729=VERTEX_POINT('',#5551);
#1730=VERTEX_POINT('',#5553);
#1731=VERTEX_POINT('',#5557);
#1732=VERTEX_POINT('',#5559);
#1733=VERTEX_POINT('',#5561);
#1734=VERTEX_POINT('',#5565);
#1735=VERTEX_POINT('',#5567);
#1736=VERTEX_POINT('',#5569);
#1737=VERTEX_POINT('',#5571);
#1738=VERTEX_POINT('',#5573);
#1739=VERTEX_POINT('',#5577);
#1740=VERTEX_POINT('',#5579);
#1741=VERTEX_POINT('',#5591);
#1742=VERTEX_POINT('',#5592);
#1743=VERTEX_POINT('',#5597);
#1744=VERTEX_POINT('',#5609);
#1745=VERTEX_POINT('',#5611);
#1746=VERTEX_POINT('',#5613);
#1747=VERTEX_POINT('',#5617);
#1748=VERTEX_POINT('',#5621);
#1749=VERTEX_POINT('',#5627);
#1750=VERTEX_POINT('',#5629);
#1751=VERTEX_POINT('',#5637);
#1752=VERTEX_POINT('',#5639);
#1753=VERTEX_POINT('',#5641);
#1754=VERTEX_POINT('',#5643);
#1755=VERTEX_POINT('',#5646);
#1756=VERTEX_POINT('',#5648);
#1757=VERTEX_POINT('',#5650);
#1758=VERTEX_POINT('',#5652);
#1759=VERTEX_POINT('',#5655);
#1760=VERTEX_POINT('',#5657);
#1761=VERTEX_POINT('',#5659);
#1762=VERTEX_POINT('',#5661);
#1763=VERTEX_POINT('',#5665);
#1764=VERTEX_POINT('',#5667);
#1765=VERTEX_POINT('',#5671);
#1766=VERTEX_POINT('',#5673);
#1767=VERTEX_POINT('',#5677);
#1768=VERTEX_POINT('',#5681);
#1769=VERTEX_POINT('',#5685);
#1770=VERTEX_POINT('',#5687);
#1771=VERTEX_POINT('',#5691);
#1772=VERTEX_POINT('',#5695);
#1773=VERTEX_POINT('',#5699);
#1774=VERTEX_POINT('',#5702);
#1775=VERTEX_POINT('',#5704);
#1776=VERTEX_POINT('',#5706);
#1777=VERTEX_POINT('',#5710);
#1778=VERTEX_POINT('',#5714);
#1779=VERTEX_POINT('',#5715);
#1780=VERTEX_POINT('',#5717);
#1781=VERTEX_POINT('',#5719);
#1782=VERTEX_POINT('',#5753);
#1783=VERTEX_POINT('',#5755);
#1784=VERTEX_POINT('',#5757);
#1785=VERTEX_POINT('',#5761);
#1786=VERTEX_POINT('',#5765);
#1787=VERTEX_POINT('',#5769);
#1788=VERTEX_POINT('',#5771);
#1789=VERTEX_POINT('',#5773);
#1790=VERTEX_POINT('',#5775);
#1791=VERTEX_POINT('',#5777);
#1792=VERTEX_POINT('',#5781);
#1793=VERTEX_POINT('',#5785);
#1794=VERTEX_POINT('',#5789);
#1795=VERTEX_POINT('',#5806);
#1796=VERTEX_POINT('',#5808);
#1797=VERTEX_POINT('',#5812);
#1798=VERTEX_POINT('',#5814);
#1799=VERTEX_POINT('',#5823);
#1800=VERTEX_POINT('',#5829);
#1801=VERTEX_POINT('',#5830);
#1802=VERTEX_POINT('',#5832);
#1803=VERTEX_POINT('',#5834);
#1804=VERTEX_POINT('',#5838);
#1805=VERTEX_POINT('',#5840);
#1806=VERTEX_POINT('',#5842);
#1807=VERTEX_POINT('',#5845);
#1808=VERTEX_POINT('',#5849);
#1809=VERTEX_POINT('',#5851);
#1810=VERTEX_POINT('',#5853);
#1811=VERTEX_POINT('',#5855);
#1812=VERTEX_POINT('',#5857);
#1813=VERTEX_POINT('',#5861);
#1814=VERTEX_POINT('',#5862);
#1815=VERTEX_POINT('',#5864);
#1816=VERTEX_POINT('',#5866);
#1817=VERTEX_POINT('',#5870);
#1818=VERTEX_POINT('',#5872);
#1819=VERTEX_POINT('',#5874);
#1820=VERTEX_POINT('',#5878);
#1821=VERTEX_POINT('',#5880);
#1822=VERTEX_POINT('',#5882);
#1823=VERTEX_POINT('',#5884);
#1824=VERTEX_POINT('',#5886);
#1825=VERTEX_POINT('',#5890);
#1826=VERTEX_POINT('',#5891);
#1827=VERTEX_POINT('',#5908);
#1828=VERTEX_POINT('',#5910);
#1829=VERTEX_POINT('',#5946);
#1830=VERTEX_POINT('',#5950);
#1831=VERTEX_POINT('',#5952);
#1832=VERTEX_POINT('',#5958);
#1833=VERTEX_POINT('',#5962);
#1834=VERTEX_POINT('',#5964);
#1835=VERTEX_POINT('',#5966);
#1836=VERTEX_POINT('',#5968);
#1837=VERTEX_POINT('',#5970);
#1838=VERTEX_POINT('',#5972);
#1839=VERTEX_POINT('',#5980);
#1840=VERTEX_POINT('',#5982);
#1841=VERTEX_POINT('',#5986);
#1842=VERTEX_POINT('',#5988);
#1843=VERTEX_POINT('',#5992);
#1844=VERTEX_POINT('',#5993);
#1845=VERTEX_POINT('',#5995);
#1846=VERTEX_POINT('',#5997);
#1847=VERTEX_POINT('',#6001);
#1848=VERTEX_POINT('',#6003);
#1849=VERTEX_POINT('',#6007);
#1850=VERTEX_POINT('',#6011);
#1851=VERTEX_POINT('',#6015);
#1852=VERTEX_POINT('',#6019);
#1853=VERTEX_POINT('',#6021);
#1854=VERTEX_POINT('',#6023);
#1855=VERTEX_POINT('',#6025);
#1856=VERTEX_POINT('',#6029);
#1857=VERTEX_POINT('',#6033);
#1858=VERTEX_POINT('',#6037);
#1859=VERTEX_POINT('',#6041);
#1860=VERTEX_POINT('',#6045);
#1861=VERTEX_POINT('',#6049);
#1862=VERTEX_POINT('',#6051);
#1863=VERTEX_POINT('',#6055);
#1864=VERTEX_POINT('',#6059);
#1865=VERTEX_POINT('',#6063);
#1866=VERTEX_POINT('',#6067);
#1867=VERTEX_POINT('',#6071);
#1868=VERTEX_POINT('',#6075);
#1869=VERTEX_POINT('',#6079);
#1870=VERTEX_POINT('',#6084);
#1871=VERTEX_POINT('',#6085);
#1872=VERTEX_POINT('',#6087);
#1873=VERTEX_POINT('',#6089);
#1874=VERTEX_POINT('',#6093);
#1875=VERTEX_POINT('',#6097);
#1876=VERTEX_POINT('',#6101);
#1877=VERTEX_POINT('',#6107);
#1878=VERTEX_POINT('',#6109);
#1879=VERTEX_POINT('',#6113);
#1880=VERTEX_POINT('',#6114);
#1881=VERTEX_POINT('',#6116);
#1882=VERTEX_POINT('',#6118);
#1883=VERTEX_POINT('',#6122);
#1884=VERTEX_POINT('',#6124);
#1885=VERTEX_POINT('',#6126);
#1886=VERTEX_POINT('',#6128);
#1887=VERTEX_POINT('',#6132);
#1888=VERTEX_POINT('',#6136);
#1889=VERTEX_POINT('',#6137);
#1890=VERTEX_POINT('',#6139);
#1891=VERTEX_POINT('',#6141);
#1892=VERTEX_POINT('',#6145);
#1893=VERTEX_POINT('',#6147);
#1894=VERTEX_POINT('',#6149);
#1895=VERTEX_POINT('',#6151);
#1896=VERTEX_POINT('',#6155);
#1897=VERTEX_POINT('',#6159);
#1898=VERTEX_POINT('',#6160);
#1899=VERTEX_POINT('',#6162);
#1900=VERTEX_POINT('',#6164);
#1901=VERTEX_POINT('',#6168);
#1902=VERTEX_POINT('',#6170);
#1903=VERTEX_POINT('',#6172);
#1904=VERTEX_POINT('',#6176);
#1905=VERTEX_POINT('',#6178);
#1906=VERTEX_POINT('',#6180);
#1907=VERTEX_POINT('',#6182);
#1908=VERTEX_POINT('',#6186);
#1909=VERTEX_POINT('',#6190);
#1910=VERTEX_POINT('',#6194);
#1911=VERTEX_POINT('',#6200);
#1912=VERTEX_POINT('',#6217);
#1913=VERTEX_POINT('',#6253);
#1914=VERTEX_POINT('',#6255);
#1915=VERTEX_POINT('',#6261);
#1916=VERTEX_POINT('',#6263);
#1917=VERTEX_POINT('',#6267);
#1918=VERTEX_POINT('',#6269);
#1919=VERTEX_POINT('',#6273);
#1920=VERTEX_POINT('',#6277);
#1921=VERTEX_POINT('',#6281);
#1922=VERTEX_POINT('',#6283);
#1923=VERTEX_POINT('',#6287);
#1924=VERTEX_POINT('',#6289);
#1925=VERTEX_POINT('',#6293);
#1926=VERTEX_POINT('',#6295);
#1927=VERTEX_POINT('',#6299);
#1928=VERTEX_POINT('',#6301);
#1929=VERTEX_POINT('',#6305);
#1930=VERTEX_POINT('',#6307);
#1931=VERTEX_POINT('',#6343);
#1932=VERTEX_POINT('',#6345);
#1933=VERTEX_POINT('',#6351);
#1934=VERTEX_POINT('',#6366);
#1935=VERTEX_POINT('',#6370);
#1936=VERTEX_POINT('',#6372);
#1937=VERTEX_POINT('',#6376);
#1938=VERTEX_POINT('',#6378);
#1939=VERTEX_POINT('',#6382);
#1940=VERTEX_POINT('',#6384);
#1941=VERTEX_POINT('',#6393);
#1942=VERTEX_POINT('',#6406);
#1943=VERTEX_POINT('',#6421);
#1944=VERTEX_POINT('',#6425);
#1945=VERTEX_POINT('',#6431);
#1946=VERTEX_POINT('',#6435);
#1947=VERTEX_POINT('',#6446);
#1948=VERTEX_POINT('',#6454);
#1949=VERTEX_POINT('',#6465);
#1950=VERTEX_POINT('',#6477);
#1951=VERTEX_POINT('',#6481);
#1952=VERTEX_POINT('',#6485);
#1953=VERTEX_POINT('',#6489);
#1954=VERTEX_POINT('',#6500);
#1955=VERTEX_POINT('',#6513);
#1956=VERTEX_POINT('',#6528);
#1957=VERTEX_POINT('',#6532);
#1958=VERTEX_POINT('',#6540);
#1959=VERTEX_POINT('',#6544);
#1960=VERTEX_POINT('',#6548);
#1961=VERTEX_POINT('',#6552);
#1962=VERTEX_POINT('',#6563);
#1963=VERTEX_POINT('',#6564);
#1964=VERTEX_POINT('',#6568);
#1965=VERTEX_POINT('',#6570);
#1966=VERTEX_POINT('',#6581);
#1967=VERTEX_POINT('',#6585);
#1968=VERTEX_POINT('',#6596);
#1969=VERTEX_POINT('',#6600);
#1970=VERTEX_POINT('',#6611);
#1971=VERTEX_POINT('',#6615);
#1972=VERTEX_POINT('',#6621);
#1973=VERTEX_POINT('',#6623);
#1974=VERTEX_POINT('',#6632);
#1975=VERTEX_POINT('',#6636);
#1976=VERTEX_POINT('',#6647);
#1977=VERTEX_POINT('',#6651);
#1978=VERTEX_POINT('',#6662);
#1979=VERTEX_POINT('',#6666);
#1980=VERTEX_POINT('',#6677);
#1981=VERTEX_POINT('',#6681);
#1982=VERTEX_POINT('',#6690);
#1983=VERTEX_POINT('',#6691);
#1984=VERTEX_POINT('',#6693);
#1985=VERTEX_POINT('',#6695);
#1986=VERTEX_POINT('',#6704);
#1987=VERTEX_POINT('',#6708);
#1988=VERTEX_POINT('',#6719);
#1989=VERTEX_POINT('',#6723);
#1990=VERTEX_POINT('',#6734);
#1991=VERTEX_POINT('',#6738);
#1992=VERTEX_POINT('',#6749);
#1993=VERTEX_POINT('',#6753);
#1994=VERTEX_POINT('',#6764);
#1995=VERTEX_POINT('',#6768);
#1996=VERTEX_POINT('',#6779);
#1997=VERTEX_POINT('',#6783);
#1998=VERTEX_POINT('',#6794);
#1999=VERTEX_POINT('',#6798);
#2000=VERTEX_POINT('',#6809);
#2001=VERTEX_POINT('',#6813);
#2002=VERTEX_POINT('',#6819);
#2003=VERTEX_POINT('',#6821);
#2004=VERTEX_POINT('',#6830);
#2005=VERTEX_POINT('',#6834);
#2006=VERTEX_POINT('',#6845);
#2007=VERTEX_POINT('',#6849);
#2008=VERTEX_POINT('',#6860);
#2009=VERTEX_POINT('',#6864);
#2010=VERTEX_POINT('',#6875);
#2011=VERTEX_POINT('',#6879);
#2012=VERTEX_POINT('',#6890);
#2013=VERTEX_POINT('',#6894);
#2014=VERTEX_POINT('',#6905);
#2015=VERTEX_POINT('',#6909);
#2016=VERTEX_POINT('',#6928);
#2017=VERTEX_POINT('',#6929);
#2018=VERTEX_POINT('',#6931);
#2019=VERTEX_POINT('',#6933);
#2020=VERTEX_POINT('',#6936);
#2021=VERTEX_POINT('',#6937);
#2022=VERTEX_POINT('',#6939);
#2023=VERTEX_POINT('',#6941);
#2024=VERTEX_POINT('',#6945);
#2025=VERTEX_POINT('',#6949);
#2026=VERTEX_POINT('',#6956);
#2027=VERTEX_POINT('',#6958);
#2028=VERTEX_POINT('',#6960);
#2029=VERTEX_POINT('',#6964);
#2030=VERTEX_POINT('',#6968);
#2031=VERTEX_POINT('',#6972);
#2032=VERTEX_POINT('',#6976);
#2033=VERTEX_POINT('',#6980);
#2034=VERTEX_POINT('',#6984);
#2035=VERTEX_POINT('',#6988);
#2036=VERTEX_POINT('',#6992);
#2037=VERTEX_POINT('',#6994);
#2038=VERTEX_POINT('',#6998);
#2039=VERTEX_POINT('',#7002);
#2040=VERTEX_POINT('',#7006);
#2041=VERTEX_POINT('',#7010);
#2042=VERTEX_POINT('',#7014);
#2043=VERTEX_POINT('',#7019);
#2044=VERTEX_POINT('',#7020);
#2045=VERTEX_POINT('',#7022);
#2046=VERTEX_POINT('',#7025);
#2047=VERTEX_POINT('',#7027);
#2048=VERTEX_POINT('',#7029);
#2049=VERTEX_POINT('',#7031);
#2050=VERTEX_POINT('',#7033);
#2051=VERTEX_POINT('',#7035);
#2052=VERTEX_POINT('',#7037);
#2053=VERTEX_POINT('',#7040);
#2054=VERTEX_POINT('',#7042);
#2055=VERTEX_POINT('',#7051);
#2056=VERTEX_POINT('',#7052);
#2057=VERTEX_POINT('',#7062);
#2058=VERTEX_POINT('',#7073);
#2059=VERTEX_POINT('',#7084);
#2060=VERTEX_POINT('',#7095);
#2061=VERTEX_POINT('',#7101);
#2062=VERTEX_POINT('',#7245);
#2063=VERTEX_POINT('',#7252);
#2064=VERTEX_POINT('',#7254);
#2065=VERTEX_POINT('',#7256);
#2066=VERTEX_POINT('',#7258);
#2067=VERTEX_POINT('',#7260);
#2068=VERTEX_POINT('',#7262);
#2069=VERTEX_POINT('',#7264);
#2070=VERTEX_POINT('',#7266);
#2071=VERTEX_POINT('',#7268);
#2072=VERTEX_POINT('',#7270);
#2073=EDGE_CURVE('',#1671,#1672,#1663,.T.);
#2074=EDGE_CURVE('',#1672,#1673,#867,.T.);
#2075=EDGE_CURVE('',#1673,#1674,#782,.T.);
#2076=EDGE_CURVE('',#1675,#1674,#868,.T.);
#2077=EDGE_CURVE('',#1671,#1675,#869,.T.);
#2078=EDGE_CURVE('',#1676,#1673,#870,.T.);
#2079=EDGE_CURVE('',#1677,#1676,#871,.T.);
#2080=EDGE_CURVE('',#1674,#1677,#872,.T.);
#2081=EDGE_CURVE('',#1678,#1672,#873,.T.);
#2082=EDGE_CURVE('',#1679,#1678,#874,.T.);
#2083=EDGE_CURVE('',#1679,#1676,#875,.T.);
#2084=EDGE_CURVE('',#1680,#1671,#876,.T.);
#2085=EDGE_CURVE('',#1680,#1678,#783,.F.);
#2086=EDGE_CURVE('',#1679,#1681,#877,.T.);
#2087=EDGE_CURVE('',#1677,#1681,#878,.T.);
#2088=EDGE_CURVE('',#1681,#1675,#879,.T.);
#2089=EDGE_CURVE('',#1675,#1682,#880,.T.);
#2090=EDGE_CURVE('',#1682,#1683,#881,.T.);
#2091=EDGE_CURVE('',#1684,#1683,#882,.T.);
#2092=EDGE_CURVE('',#1685,#1684,#883,.T.);
#2093=EDGE_CURVE('',#1686,#1685,#884,.T.);
#2094=EDGE_CURVE('',#1680,#1686,#885,.T.);
#2095=EDGE_CURVE('',#1687,#1688,#886,.T.);
#2096=EDGE_CURVE('',#1687,#1689,#887,.T.);
#2097=EDGE_CURVE('',#1689,#1690,#784,.T.);
#2098=EDGE_CURVE('',#1690,#1691,#888,.T.);
#2099=EDGE_CURVE('',#1691,#1688,#1664,.T.);
#2100=EDGE_CURVE('',#1691,#1692,#889,.T.);
#2101=EDGE_CURVE('',#1692,#1693,#785,.F.);
#2102=EDGE_CURVE('',#1688,#1693,#890,.T.);
#2103=EDGE_CURVE('',#1689,#1694,#891,.T.);
#2104=EDGE_CURVE('',#1694,#1695,#892,.T.);
#2105=EDGE_CURVE('',#1690,#1695,#893,.T.);
#2106=EDGE_CURVE('',#1687,#1696,#894,.T.);
#2107=EDGE_CURVE('',#1694,#1696,#895,.T.);
#2108=EDGE_CURVE('',#1696,#1697,#896,.T.);
#2109=EDGE_CURVE('',#1695,#1697,#897,.T.);
#2110=EDGE_CURVE('',#1692,#1697,#898,.T.);
#2111=EDGE_CURVE('',#1693,#1698,#899,.T.);
#2112=EDGE_CURVE('',#1699,#1698,#900,.T.);
#2113=EDGE_CURVE('',#1700,#1699,#901,.T.);
#2114=EDGE_CURVE('',#1701,#1700,#902,.T.);
#2115=EDGE_CURVE('',#1702,#1701,#903,.T.);
#2116=EDGE_CURVE('',#1702,#1687,#904,.T.);
#2117=EDGE_CURVE('',#1698,#1686,#905,.T.);
#2118=EDGE_CURVE('',#1697,#1679,#906,.T.);
#2119=EDGE_CURVE('',#1703,#1704,#786,.T.);
#2120=EDGE_CURVE('',#1704,#1705,#907,.T.);
#2121=EDGE_CURVE('',#1705,#1706,#787,.T.);
#2122=EDGE_CURVE('',#1706,#1703,#908,.T.);
#2123=EDGE_CURVE('',#1707,#1705,#909,.T.);
#2124=EDGE_CURVE('',#1708,#1707,#910,.T.);
#2125=EDGE_CURVE('',#1708,#1709,#911,.T.);
#2126=EDGE_CURVE('',#1709,#1706,#912,.T.);
#2127=EDGE_CURVE('',#1704,#1710,#913,.T.);
#2128=EDGE_CURVE('',#1710,#1711,#914,.T.);
#2129=EDGE_CURVE('',#1712,#1711,#915,.T.);
#2130=EDGE_CURVE('',#1713,#1712,#916,.T.);
#2131=EDGE_CURVE('',#1714,#1713,#917,.T.);
#2132=EDGE_CURVE('',#1714,#1707,#918,.T.);
#2133=EDGE_CURVE('',#1711,#1715,#788,.T.);
#2134=EDGE_CURVE('',#1715,#1716,#919,.T.);
#2135=EDGE_CURVE('',#1716,#1712,#789,.T.);
#2136=EDGE_CURVE('',#1717,#1718,#790,.F.);
#2137=EDGE_CURVE('',#1718,#1712,#791,.T.);
#2138=EDGE_CURVE('',#1716,#1717,#792,.T.);
#2139=EDGE_CURVE('',#1719,#1715,#920,.T.);
#2140=EDGE_CURVE('',#1717,#1719,#921,.T.);
#2141=EDGE_CURVE('',#1720,#1713,#793,.T.);
#2142=EDGE_CURVE('',#1713,#1721,#794,.T.);
#2143=EDGE_CURVE('',#1721,#1722,#795,.F.);
#2144=EDGE_CURVE('',#1722,#1720,#796,.T.);
#2145=EDGE_CURVE('',#1723,#1714,#797,.T.);
#2146=EDGE_CURVE('',#1720,#1723,#922,.T.);
#2147=EDGE_CURVE('',#1724,#1722,#923,.T.);
#2148=EDGE_CURVE('',#1724,#1723,#924,.T.);
#2149=EDGE_CURVE('',#1721,#1718,#925,.T.);
#2150=EDGE_CURVE('',#1725,#1703,#926,.T.);
#2151=EDGE_CURVE('',#1725,#1726,#927,.T.);
#2152=EDGE_CURVE('',#1726,#1710,#928,.T.);
#2153=EDGE_CURVE('',#1709,#1725,#929,.T.);
#2154=EDGE_CURVE('',#1708,#1726,#930,.T.);
#2155=EDGE_CURVE('',#1727,#1728,#798,.T.);
#2156=EDGE_CURVE('',#1728,#1729,#931,.T.);
#2157=EDGE_CURVE('',#1729,#1730,#799,.T.);
#2158=EDGE_CURVE('',#1730,#1727,#932,.T.);
#2159=EDGE_CURVE('',#1731,#1729,#933,.T.);
#2160=EDGE_CURVE('',#1732,#1731,#934,.T.);
#2161=EDGE_CURVE('',#1733,#1732,#935,.T.);
#2162=EDGE_CURVE('',#1733,#1730,#936,.T.);
#2163=EDGE_CURVE('',#1728,#1734,#937,.T.);
#2164=EDGE_CURVE('',#1734,#1735,#938,.T.);
#2165=EDGE_CURVE('',#1736,#1735,#939,.T.);
#2166=EDGE_CURVE('',#1737,#1736,#940,.T.);
#2167=EDGE_CURVE('',#1738,#1737,#941,.T.);
#2168=EDGE_CURVE('',#1738,#1731,#942,.T.);
#2169=EDGE_CURVE('',#1735,#1739,#800,.T.);
#2170=EDGE_CURVE('',#1739,#1740,#943,.T.);
#2171=EDGE_CURVE('',#1740,#1736,#801,.T.);
#2172=EDGE_CURVE('',#1741,#1742,#802,.F.);
#2173=EDGE_CURVE('',#1742,#1736,#803,.T.);
#2174=EDGE_CURVE('',#1740,#1741,#804,.T.);
#2175=EDGE_CURVE('',#1743,#1739,#944,.T.);
#2176=EDGE_CURVE('',#1741,#1743,#945,.T.);
#2177=EDGE_CURVE('',#1744,#1737,#805,.T.);
#2178=EDGE_CURVE('',#1737,#1745,#806,.T.);
#2179=EDGE_CURVE('',#1745,#1746,#807,.F.);
#2180=EDGE_CURVE('',#1746,#1744,#808,.T.);
#2181=EDGE_CURVE('',#1747,#1738,#809,.T.);
#2182=EDGE_CURVE('',#1744,#1747,#946,.T.);
#2183=EDGE_CURVE('',#1748,#1746,#947,.T.);
#2184=EDGE_CURVE('',#1748,#1747,#948,.T.);
#2185=EDGE_CURVE('',#1745,#1742,#949,.T.);
#2186=EDGE_CURVE('',#1749,#1727,#950,.T.);
#2187=EDGE_CURVE('',#1750,#1749,#951,.T.);
#2188=EDGE_CURVE('',#1750,#1734,#952,.T.);
#2189=EDGE_CURVE('',#1749,#1733,#953,.T.);
#2190=EDGE_CURVE('',#1732,#1750,#954,.T.);
#2191=EDGE_CURVE('',#1751,#1724,#955,.T.);
#2192=EDGE_CURVE('',#1752,#1751,#810,.T.);
#2193=EDGE_CURVE('',#1753,#1752,#956,.T.);
#2194=EDGE_CURVE('',#1754,#1753,#957,.T.);
#2195=EDGE_CURVE('',#1682,#1754,#958,.T.);
#2196=EDGE_CURVE('',#1755,#1702,#959,.T.);
#2197=EDGE_CURVE('',#1756,#1755,#960,.T.);
#2198=EDGE_CURVE('',#1757,#1756,#961,.T.);
#2199=EDGE_CURVE('',#1758,#1757,#811,.T.);
#2200=EDGE_CURVE('',#1743,#1758,#962,.T.);
#2201=EDGE_CURVE('',#1759,#1748,#963,.T.);
#2202=EDGE_CURVE('',#1760,#1759,#812,.T.);
#2203=EDGE_CURVE('',#1761,#1760,#964,.T.);
#2204=EDGE_CURVE('',#1762,#1761,#813,.T.);
#2205=EDGE_CURVE('',#1719,#1762,#965,.T.);
#2206=EDGE_CURVE('',#1763,#1753,#966,.T.);
#2207=EDGE_CURVE('',#1764,#1763,#967,.T.);
#2208=EDGE_CURVE('',#1754,#1764,#968,.T.);
#2209=EDGE_CURVE('',#1751,#1765,#969,.T.);
#2210=EDGE_CURVE('',#1765,#1766,#814,.F.);
#2211=EDGE_CURVE('',#1766,#1752,#970,.T.);
#2212=EDGE_CURVE('',#1767,#1762,#971,.T.);
#2213=EDGE_CURVE('',#1765,#1767,#972,.T.);
#2214=EDGE_CURVE('',#1761,#1768,#973,.T.);
#2215=EDGE_CURVE('',#1768,#1767,#815,.F.);
#2216=EDGE_CURVE('',#1769,#1701,#974,.T.);
#2217=EDGE_CURVE('',#1770,#1769,#816,.T.);
#2218=EDGE_CURVE('',#1770,#1755,#975,.T.);
#2219=EDGE_CURVE('',#1771,#1760,#976,.T.);
#2220=EDGE_CURVE('',#1768,#1771,#977,.T.);
#2221=EDGE_CURVE('',#1759,#1772,#978,.T.);
#2222=EDGE_CURVE('',#1772,#1771,#817,.F.);
#2223=EDGE_CURVE('',#1773,#1766,#979,.T.);
#2224=EDGE_CURVE('',#1757,#1773,#980,.T.);
#2225=EDGE_CURVE('',#1756,#1774,#981,.T.);
#2226=EDGE_CURVE('',#1775,#1774,#818,.T.);
#2227=EDGE_CURVE('',#1775,#1776,#982,.T.);
#2228=EDGE_CURVE('',#1763,#1776,#819,.T.);
#2229=EDGE_CURVE('',#1777,#1758,#983,.T.);
#2230=EDGE_CURVE('',#1772,#1777,#984,.T.);
#2231=EDGE_CURVE('',#1778,#1779,#1665,.T.);
#2232=EDGE_CURVE('',#1779,#1780,#985,.T.);
#2233=EDGE_CURVE('',#1780,#1781,#91,.T.);
#2234=EDGE_CURVE('',#1781,#1778,#986,.T.);
#2235=EDGE_CURVE('',#1782,#1778,#987,.T.);
#2236=EDGE_CURVE('',#1783,#1782,#988,.T.);
#2237=EDGE_CURVE('',#1784,#1783,#989,.T.);
#2238=EDGE_CURVE('',#1784,#1779,#990,.T.);
#2239=EDGE_CURVE('',#1781,#1785,#92,.T.);
#2240=EDGE_CURVE('',#1785,#1786,#93,.T.);
#2241=EDGE_CURVE('',#1787,#1786,#991,.T.);
#2242=EDGE_CURVE('',#1787,#1788,#992,.T.);
#2243=EDGE_CURVE('',#1788,#1789,#993,.T.);
#2244=EDGE_CURVE('',#1790,#1789,#994,.T.);
#2245=EDGE_CURVE('',#1790,#1791,#94,.T.);
#2246=EDGE_CURVE('',#1791,#1792,#95,.T.);
#2247=EDGE_CURVE('',#1793,#1792,#995,.T.);
#2248=EDGE_CURVE('',#1793,#1782,#996,.T.);
#2249=EDGE_CURVE('',#1786,#1794,#96,.T.);
#2250=EDGE_CURVE('',#1794,#1795,#997,.T.);
#2251=EDGE_CURVE('',#1795,#1796,#820,.F.);
#2252=EDGE_CURVE('',#1796,#1787,#1666,.T.);
#2253=EDGE_CURVE('',#1797,#1794,#998,.T.);
#2254=EDGE_CURVE('',#1798,#1797,#999,.T.);
#2255=EDGE_CURVE('',#1798,#1795,#1000,.T.);
#2256=EDGE_CURVE('',#1799,#1785,#1001,.T.);
#2257=EDGE_CURVE('',#1797,#1799,#97,.T.);
#2258=EDGE_CURVE('',#1800,#1801,#821,.T.);
#2259=EDGE_CURVE('',#1801,#1802,#1002,.T.);
#2260=EDGE_CURVE('',#1802,#1803,#822,.T.);
#2261=EDGE_CURVE('',#1803,#1800,#1003,.T.);
#2262=EDGE_CURVE('',#1804,#1802,#1004,.T.);
#2263=EDGE_CURVE('',#1805,#1804,#1005,.T.);
#2264=EDGE_CURVE('',#1806,#1805,#1006,.T.);
#2265=EDGE_CURVE('',#1806,#1796,#1007,.T.);
#2266=EDGE_CURVE('',#1807,#1798,#1008,.T.);
#2267=EDGE_CURVE('',#1807,#1803,#1009,.T.);
#2268=EDGE_CURVE('',#1801,#1808,#1010,.T.);
#2269=EDGE_CURVE('',#1808,#1809,#1011,.T.);
#2270=EDGE_CURVE('',#1809,#1810,#1012,.T.);
#2271=EDGE_CURVE('',#1811,#1810,#1013,.T.);
#2272=EDGE_CURVE('',#1811,#1812,#1014,.T.);
#2273=EDGE_CURVE('',#1812,#1804,#1015,.T.);
#2274=EDGE_CURVE('',#1813,#1814,#823,.T.);
#2275=EDGE_CURVE('',#1814,#1815,#1016,.T.);
#2276=EDGE_CURVE('',#1815,#1816,#824,.T.);
#2277=EDGE_CURVE('',#1816,#1813,#1017,.T.);
#2278=EDGE_CURVE('',#1817,#1815,#1018,.T.);
#2279=EDGE_CURVE('',#1818,#1817,#1019,.T.);
#2280=EDGE_CURVE('',#1819,#1818,#1020,.T.);
#2281=EDGE_CURVE('',#1819,#1816,#1021,.T.);
#2282=EDGE_CURVE('',#1814,#1820,#1022,.T.);
#2283=EDGE_CURVE('',#1820,#1821,#1023,.T.);
#2284=EDGE_CURVE('',#1821,#1822,#1024,.T.);
#2285=EDGE_CURVE('',#1823,#1822,#1025,.T.);
#2286=EDGE_CURVE('',#1823,#1824,#1026,.T.);
#2287=EDGE_CURVE('',#1824,#1817,#1027,.T.);
#2288=EDGE_CURVE('',#1825,#1826,#98,.T.);
#2289=EDGE_CURVE('',#1826,#1827,#1028,.T.);
#2290=EDGE_CURVE('',#1827,#1828,#99,.T.);
#2291=EDGE_CURVE('',#1828,#1825,#1029,.T.);
#2292=EDGE_CURVE('',#1829,#1827,#100,.T.);
#2293=EDGE_CURVE('',#1830,#1829,#1030,.T.);
#2294=EDGE_CURVE('',#1831,#1830,#101,.T.);
#2295=EDGE_CURVE('',#1831,#1828,#1031,.T.);
#2296=EDGE_CURVE('',#1826,#1832,#102,.T.);
#2297=EDGE_CURVE('',#1832,#1833,#1032,.T.);
#2298=EDGE_CURVE('',#1834,#1833,#1033,.T.);
#2299=EDGE_CURVE('',#1834,#1835,#1034,.T.);
#2300=EDGE_CURVE('',#1836,#1835,#1035,.T.);
#2301=EDGE_CURVE('',#1836,#1837,#1036,.T.);
#2302=EDGE_CURVE('',#1837,#1838,#103,.T.);
#2303=EDGE_CURVE('',#1838,#1829,#104,.T.);
#2304=EDGE_CURVE('',#1839,#1834,#825,.T.);
#2305=EDGE_CURVE('',#1833,#1840,#1667,.T.);
#2306=EDGE_CURVE('',#1840,#1839,#1037,.T.);
#2307=EDGE_CURVE('',#1841,#1832,#1038,.T.);
#2308=EDGE_CURVE('',#1842,#1841,#1039,.T.);
#2309=EDGE_CURVE('',#1842,#1840,#1040,.T.);
#2310=EDGE_CURVE('',#1843,#1844,#826,.T.);
#2311=EDGE_CURVE('',#1844,#1845,#1041,.T.);
#2312=EDGE_CURVE('',#1845,#1846,#827,.T.);
#2313=EDGE_CURVE('',#1846,#1843,#1042,.T.);
#2314=EDGE_CURVE('',#1846,#1847,#1043,.T.);
#2315=EDGE_CURVE('',#1847,#1848,#105,.T.);
#2316=EDGE_CURVE('',#1848,#1849,#106,.T.);
#2317=EDGE_CURVE('',#1849,#1850,#107,.T.);
#2318=EDGE_CURVE('',#1850,#1851,#108,.T.);
#2319=EDGE_CURVE('',#1851,#1852,#1044,.T.);
#2320=EDGE_CURVE('',#1852,#1853,#1045,.T.);
#2321=EDGE_CURVE('',#1853,#1854,#1046,.T.);
#2322=EDGE_CURVE('',#1854,#1855,#109,.T.);
#2323=EDGE_CURVE('',#1855,#1856,#110,.T.);
#2324=EDGE_CURVE('',#1856,#1857,#111,.T.);
#2325=EDGE_CURVE('',#1857,#1858,#112,.T.);
#2326=EDGE_CURVE('',#1858,#1859,#113,.T.);
#2327=EDGE_CURVE('',#1859,#1860,#114,.T.);
#2328=EDGE_CURVE('',#1860,#1861,#1047,.T.);
#2329=EDGE_CURVE('',#1861,#1862,#115,.T.);
#2330=EDGE_CURVE('',#1862,#1863,#116,.T.);
#2331=EDGE_CURVE('',#1863,#1864,#117,.T.);
#2332=EDGE_CURVE('',#1864,#1865,#118,.T.);
#2333=EDGE_CURVE('',#1865,#1866,#119,.T.);
#2334=EDGE_CURVE('',#1866,#1867,#120,.T.);
#2335=EDGE_CURVE('',#1867,#1868,#121,.T.);
#2336=EDGE_CURVE('',#1868,#1869,#122,.T.);
#2337=EDGE_CURVE('',#1869,#1843,#1048,.T.);
#2338=EDGE_CURVE('',#1870,#1871,#1049,.T.);
#2339=EDGE_CURVE('',#1871,#1872,#1050,.T.);
#2340=EDGE_CURVE('',#1872,#1873,#123,.T.);
#2341=EDGE_CURVE('',#1873,#1874,#124,.T.);
#2342=EDGE_CURVE('',#1874,#1875,#125,.T.);
#2343=EDGE_CURVE('',#1875,#1876,#126,.T.);
#2344=EDGE_CURVE('',#1876,#1870,#1051,.T.);
#2345=EDGE_CURVE('',#1877,#1845,#1052,.T.);
#2346=EDGE_CURVE('',#1878,#1877,#1053,.T.);
#2347=EDGE_CURVE('',#1878,#1847,#1054,.T.);
#2348=EDGE_CURVE('',#1879,#1880,#828,.T.);
#2349=EDGE_CURVE('',#1880,#1881,#1055,.T.);
#2350=EDGE_CURVE('',#1881,#1882,#829,.T.);
#2351=EDGE_CURVE('',#1882,#1879,#1056,.T.);
#2352=EDGE_CURVE('',#1883,#1881,#1057,.T.);
#2353=EDGE_CURVE('',#1884,#1883,#830,.T.);
#2354=EDGE_CURVE('',#1885,#1884,#1058,.T.);
#2355=EDGE_CURVE('',#1886,#1885,#1059,.T.);
#2356=EDGE_CURVE('',#1886,#1882,#1060,.T.);
#2357=EDGE_CURVE('',#1880,#1887,#1061,.T.);
#2358=EDGE_CURVE('',#1883,#1887,#1062,.T.);
#2359=EDGE_CURVE('',#1888,#1889,#831,.T.);
#2360=EDGE_CURVE('',#1889,#1890,#1063,.T.);
#2361=EDGE_CURVE('',#1890,#1891,#832,.T.);
#2362=EDGE_CURVE('',#1891,#1888,#1064,.T.);
#2363=EDGE_CURVE('',#1892,#1890,#1065,.T.);
#2364=EDGE_CURVE('',#1893,#1892,#833,.T.);
#2365=EDGE_CURVE('',#1894,#1893,#1066,.T.);
#2366=EDGE_CURVE('',#1895,#1894,#1067,.T.);
#2367=EDGE_CURVE('',#1895,#1891,#1068,.T.);
#2368=EDGE_CURVE('',#1889,#1896,#1069,.T.);
#2369=EDGE_CURVE('',#1892,#1896,#1070,.T.);
#2370=EDGE_CURVE('',#1897,#1898,#834,.T.);
#2371=EDGE_CURVE('',#1898,#1899,#1071,.T.);
#2372=EDGE_CURVE('',#1899,#1900,#1668,.T.);
#2373=EDGE_CURVE('',#1900,#1897,#1072,.T.);
#2374=EDGE_CURVE('',#1901,#1899,#1073,.T.);
#2375=EDGE_CURVE('',#1902,#1901,#1074,.T.);
#2376=EDGE_CURVE('',#1903,#1902,#1075,.T.);
#2377=EDGE_CURVE('',#1903,#1900,#1076,.T.);
#2378=EDGE_CURVE('',#1898,#1904,#1077,.T.);
#2379=EDGE_CURVE('',#1905,#1904,#1078,.T.);
#2380=EDGE_CURVE('',#1905,#1906,#1079,.T.);
#2381=EDGE_CURVE('',#1906,#1907,#127,.T.);
#2382=EDGE_CURVE('',#1907,#1908,#128,.T.);
#2383=EDGE_CURVE('',#1908,#1909,#129,.T.);
#2384=EDGE_CURVE('',#1910,#1909,#1080,.T.);
#2385=EDGE_CURVE('',#1910,#1901,#130,.T.);
#2386=EDGE_CURVE('',#1911,#1910,#131,.T.);
#2387=EDGE_CURVE('',#1909,#1912,#132,.T.);
#2388=EDGE_CURVE('',#1912,#1911,#1081,.T.);
#2389=EDGE_CURVE('',#1913,#1908,#1082,.T.);
#2390=EDGE_CURVE('',#1914,#1913,#133,.T.);
#2391=EDGE_CURVE('',#1914,#1912,#1083,.T.);
#2392=EDGE_CURVE('',#1915,#1905,#835,.T.);
#2393=EDGE_CURVE('',#1904,#1916,#836,.T.);
#2394=EDGE_CURVE('',#1916,#1915,#1084,.T.);
#2395=EDGE_CURVE('',#1917,#1915,#1085,.T.);
#2396=EDGE_CURVE('',#1918,#1917,#1086,.T.);
#2397=EDGE_CURVE('',#1918,#1906,#1087,.T.);
#2398=EDGE_CURVE('',#1896,#1919,#837,.T.);
#2399=EDGE_CURVE('',#1919,#1893,#1088,.T.);
#2400=EDGE_CURVE('',#1887,#1920,#838,.T.);
#2401=EDGE_CURVE('',#1920,#1884,#1089,.T.);
#2402=EDGE_CURVE('',#1921,#1836,#839,.T.);
#2403=EDGE_CURVE('',#1835,#1922,#840,.T.);
#2404=EDGE_CURVE('',#1922,#1921,#1090,.T.);
#2405=EDGE_CURVE('',#1923,#1921,#1091,.T.);
#2406=EDGE_CURVE('',#1924,#1923,#1092,.T.);
#2407=EDGE_CURVE('',#1924,#1837,#1093,.T.);
#2408=EDGE_CURVE('',#1925,#1823,#841,.T.);
#2409=EDGE_CURVE('',#1822,#1926,#842,.T.);
#2410=EDGE_CURVE('',#1926,#1925,#1094,.T.);
#2411=EDGE_CURVE('',#1927,#1925,#1095,.T.);
#2412=EDGE_CURVE('',#1928,#1927,#1096,.T.);
#2413=EDGE_CURVE('',#1928,#1824,#1097,.T.);
#2414=EDGE_CURVE('',#1929,#1793,#1669,.T.);
#2415=EDGE_CURVE('',#1792,#1930,#134,.T.);
#2416=EDGE_CURVE('',#1930,#1929,#1098,.T.);
#2417=EDGE_CURVE('',#1931,#1791,#1099,.T.);
#2418=EDGE_CURVE('',#1932,#1931,#135,.T.);
#2419=EDGE_CURVE('',#1932,#1930,#1100,.T.);
#2420=EDGE_CURVE('',#1933,#1790,#136,.T.);
#2421=EDGE_CURVE('',#1789,#1934,#1670,.T.);
#2422=EDGE_CURVE('',#1934,#1933,#1101,.T.);
#2423=EDGE_CURVE('',#1935,#1788,#1102,.T.);
#2424=EDGE_CURVE('',#1936,#1935,#1103,.T.);
#2425=EDGE_CURVE('',#1936,#1934,#1104,.T.);
#2426=EDGE_CURVE('',#1810,#1937,#843,.T.);
#2427=EDGE_CURVE('',#1937,#1938,#1105,.T.);
#2428=EDGE_CURVE('',#1938,#1811,#844,.T.);
#2429=EDGE_CURVE('',#1939,#1938,#1106,.T.);
#2430=EDGE_CURVE('',#1940,#1939,#1107,.T.);
#2431=EDGE_CURVE('',#1940,#1812,#1108,.T.);
#2432=EDGE_CURVE('',#1941,#1911,#1109,.T.);
#2433=EDGE_CURVE('',#1902,#1941,#137,.T.);
#2434=EDGE_CURVE('',#1941,#1914,#1110,.T.);
#2435=EDGE_CURVE('',#1913,#1942,#138,.T.);
#2436=EDGE_CURVE('',#1942,#1907,#1111,.T.);
#2437=EDGE_CURVE('',#1942,#1918,#139,.T.);
#2438=EDGE_CURVE('',#1943,#1916,#1112,.T.);
#2439=EDGE_CURVE('',#1917,#1943,#1113,.T.);
#2440=EDGE_CURVE('',#1944,#1897,#1114,.T.);
#2441=EDGE_CURVE('',#1943,#1944,#1115,.T.);
#2442=EDGE_CURVE('',#1944,#1903,#1116,.T.);
#2443=EDGE_CURVE('',#1945,#1919,#1117,.T.);
#2444=EDGE_CURVE('',#1894,#1945,#1118,.T.);
#2445=EDGE_CURVE('',#1946,#1888,#1119,.T.);
#2446=EDGE_CURVE('',#1945,#1946,#1120,.T.);
#2447=EDGE_CURVE('',#1946,#1895,#1121,.T.);
#2448=EDGE_CURVE('',#1947,#1780,#1122,.T.);
#2449=EDGE_CURVE('',#1799,#1947,#140,.T.);
#2450=EDGE_CURVE('',#1947,#1784,#1123,.T.);
#2451=EDGE_CURVE('',#1948,#1929,#1124,.T.);
#2452=EDGE_CURVE('',#1783,#1948,#1125,.T.);
#2453=EDGE_CURVE('',#1948,#1932,#1126,.T.);
#2454=EDGE_CURVE('',#1949,#1933,#1127,.T.);
#2455=EDGE_CURVE('',#1931,#1949,#141,.T.);
#2456=EDGE_CURVE('',#1949,#1936,#1128,.T.);
#2457=EDGE_CURVE('',#1935,#1806,#1129,.T.);
#2458=EDGE_CURVE('',#1805,#1940,#1130,.T.);
#2459=EDGE_CURVE('',#1950,#1937,#1131,.T.);
#2460=EDGE_CURVE('',#1939,#1950,#1132,.T.);
#2461=EDGE_CURVE('',#1951,#1809,#1133,.T.);
#2462=EDGE_CURVE('',#1950,#1951,#1134,.T.);
#2463=EDGE_CURVE('',#1951,#1952,#1135,.T.);
#2464=EDGE_CURVE('',#1952,#1808,#1136,.T.);
#2465=EDGE_CURVE('',#1953,#1800,#1137,.T.);
#2466=EDGE_CURVE('',#1952,#1953,#1138,.T.);
#2467=EDGE_CURVE('',#1953,#1807,#1139,.T.);
#2468=EDGE_CURVE('',#1954,#1825,#1140,.T.);
#2469=EDGE_CURVE('',#1841,#1954,#142,.T.);
#2470=EDGE_CURVE('',#1954,#1831,#1141,.T.);
#2471=EDGE_CURVE('',#1830,#1955,#143,.T.);
#2472=EDGE_CURVE('',#1955,#1838,#1142,.T.);
#2473=EDGE_CURVE('',#1955,#1924,#144,.T.);
#2474=EDGE_CURVE('',#1956,#1922,#1143,.T.);
#2475=EDGE_CURVE('',#1923,#1956,#1144,.T.);
#2476=EDGE_CURVE('',#1957,#1839,#1145,.T.);
#2477=EDGE_CURVE('',#1956,#1957,#1146,.T.);
#2478=EDGE_CURVE('',#1957,#1842,#1147,.T.);
#2479=EDGE_CURVE('',#1818,#1928,#1148,.T.);
#2480=EDGE_CURVE('',#1958,#1926,#1149,.T.);
#2481=EDGE_CURVE('',#1927,#1958,#1150,.T.);
#2482=EDGE_CURVE('',#1959,#1821,#1151,.T.);
#2483=EDGE_CURVE('',#1958,#1959,#1152,.T.);
#2484=EDGE_CURVE('',#1959,#1960,#1153,.T.);
#2485=EDGE_CURVE('',#1960,#1820,#1154,.T.);
#2486=EDGE_CURVE('',#1961,#1813,#1155,.T.);
#2487=EDGE_CURVE('',#1960,#1961,#1156,.T.);
#2488=EDGE_CURVE('',#1961,#1819,#1157,.T.);
#2489=EDGE_CURVE('',#1962,#1963,#145,.T.);
#2490=EDGE_CURVE('',#1962,#1964,#1158,.T.);
#2491=EDGE_CURVE('',#1965,#1964,#146,.T.);
#2492=EDGE_CURVE('',#1963,#1965,#1159,.T.);
#2493=EDGE_CURVE('',#1963,#1966,#147,.T.);
#2494=EDGE_CURVE('',#1967,#1965,#148,.T.);
#2495=EDGE_CURVE('',#1966,#1967,#1160,.T.);
#2496=EDGE_CURVE('',#1966,#1968,#149,.T.);
#2497=EDGE_CURVE('',#1969,#1967,#150,.T.);
#2498=EDGE_CURVE('',#1968,#1969,#1161,.T.);
#2499=EDGE_CURVE('',#1968,#1970,#151,.T.);
#2500=EDGE_CURVE('',#1971,#1969,#152,.T.);
#2501=EDGE_CURVE('',#1970,#1971,#1162,.T.);
#2502=EDGE_CURVE('',#1970,#1972,#1163,.T.);
#2503=EDGE_CURVE('',#1973,#1971,#1164,.T.);
#2504=EDGE_CURVE('',#1972,#1973,#1165,.T.);
#2505=EDGE_CURVE('',#1972,#1974,#153,.T.);
#2506=EDGE_CURVE('',#1975,#1973,#154,.T.);
#2507=EDGE_CURVE('',#1974,#1975,#1166,.T.);
#2508=EDGE_CURVE('',#1974,#1976,#155,.T.);
#2509=EDGE_CURVE('',#1977,#1975,#156,.T.);
#2510=EDGE_CURVE('',#1976,#1977,#1167,.T.);
#2511=EDGE_CURVE('',#1976,#1978,#157,.T.);
#2512=EDGE_CURVE('',#1979,#1977,#158,.T.);
#2513=EDGE_CURVE('',#1978,#1979,#1168,.T.);
#2514=EDGE_CURVE('',#1978,#1980,#159,.T.);
#2515=EDGE_CURVE('',#1981,#1979,#160,.T.);
#2516=EDGE_CURVE('',#1980,#1981,#1169,.T.);
#2517=EDGE_CURVE('',#1980,#1962,#1170,.T.);
#2518=EDGE_CURVE('',#1964,#1981,#1171,.T.);
#2519=EDGE_CURVE('',#1982,#1983,#1172,.T.);
#2520=EDGE_CURVE('',#1982,#1984,#1173,.T.);
#2521=EDGE_CURVE('',#1985,#1984,#1174,.T.);
#2522=EDGE_CURVE('',#1983,#1985,#1175,.T.);
#2523=EDGE_CURVE('',#1983,#1986,#161,.T.);
#2524=EDGE_CURVE('',#1987,#1985,#162,.T.);
#2525=EDGE_CURVE('',#1986,#1987,#1176,.T.);
#2526=EDGE_CURVE('',#1986,#1988,#163,.T.);
#2527=EDGE_CURVE('',#1989,#1987,#164,.T.);
#2528=EDGE_CURVE('',#1988,#1989,#1177,.T.);
#2529=EDGE_CURVE('',#1988,#1990,#165,.T.);
#2530=EDGE_CURVE('',#1991,#1989,#166,.T.);
#2531=EDGE_CURVE('',#1990,#1991,#1178,.T.);
#2532=EDGE_CURVE('',#1990,#1992,#167,.T.);
#2533=EDGE_CURVE('',#1993,#1991,#168,.T.);
#2534=EDGE_CURVE('',#1992,#1993,#1179,.T.);
#2535=EDGE_CURVE('',#1992,#1994,#169,.T.);
#2536=EDGE_CURVE('',#1995,#1993,#170,.T.);
#2537=EDGE_CURVE('',#1994,#1995,#1180,.T.);
#2538=EDGE_CURVE('',#1994,#1996,#171,.T.);
#2539=EDGE_CURVE('',#1997,#1995,#172,.T.);
#2540=EDGE_CURVE('',#1996,#1997,#1181,.T.);
#2541=EDGE_CURVE('',#1996,#1998,#173,.T.);
#2542=EDGE_CURVE('',#1999,#1997,#174,.T.);
#2543=EDGE_CURVE('',#1998,#1999,#1182,.T.);
#2544=EDGE_CURVE('',#1998,#2000,#175,.T.);
#2545=EDGE_CURVE('',#2001,#1999,#176,.T.);
#2546=EDGE_CURVE('',#2000,#2001,#1183,.T.);
#2547=EDGE_CURVE('',#2000,#2002,#1184,.T.);
#2548=EDGE_CURVE('',#2003,#2001,#1185,.T.);
#2549=EDGE_CURVE('',#2002,#2003,#1186,.T.);
#2550=EDGE_CURVE('',#2002,#2004,#177,.T.);
#2551=EDGE_CURVE('',#2005,#2003,#178,.T.);
#2552=EDGE_CURVE('',#2004,#2005,#1187,.T.);
#2553=EDGE_CURVE('',#2004,#2006,#179,.T.);
#2554=EDGE_CURVE('',#2007,#2005,#180,.T.);
#2555=EDGE_CURVE('',#2006,#2007,#1188,.T.);
#2556=EDGE_CURVE('',#2006,#2008,#181,.T.);
#2557=EDGE_CURVE('',#2009,#2007,#182,.T.);
#2558=EDGE_CURVE('',#2008,#2009,#1189,.T.);
#2559=EDGE_CURVE('',#2008,#2010,#183,.T.);
#2560=EDGE_CURVE('',#2011,#2009,#184,.T.);
#2561=EDGE_CURVE('',#2010,#2011,#1190,.T.);
#2562=EDGE_CURVE('',#2010,#2012,#185,.T.);
#2563=EDGE_CURVE('',#2013,#2011,#186,.T.);
#2564=EDGE_CURVE('',#2012,#2013,#1191,.T.);
#2565=EDGE_CURVE('',#2012,#2014,#187,.T.);
#2566=EDGE_CURVE('',#2015,#2013,#188,.T.);
#2567=EDGE_CURVE('',#2014,#2015,#1192,.T.);
#2568=EDGE_CURVE('',#2014,#1982,#189,.T.);
#2569=EDGE_CURVE('',#1984,#2015,#190,.T.);
#2570=EDGE_CURVE('',#2016,#2017,#1193,.T.);
#2571=EDGE_CURVE('',#2018,#2016,#1194,.T.);
#2572=EDGE_CURVE('',#2019,#2018,#1195,.T.);
#2573=EDGE_CURVE('',#2017,#2019,#1196,.T.);
#2574=EDGE_CURVE('',#2020,#2021,#1197,.T.);
#2575=EDGE_CURVE('',#2021,#2022,#1198,.T.);
#2576=EDGE_CURVE('',#2022,#2023,#191,.T.);
#2577=EDGE_CURVE('',#2023,#2024,#192,.T.);
#2578=EDGE_CURVE('',#2024,#2025,#193,.T.);
#2579=EDGE_CURVE('',#2025,#1878,#194,.T.);
#2580=EDGE_CURVE('',#1877,#2026,#1199,.T.);
#2581=EDGE_CURVE('',#2026,#2027,#1200,.T.);
#2582=EDGE_CURVE('',#2027,#2028,#195,.T.);
#2583=EDGE_CURVE('',#2028,#2029,#196,.T.);
#2584=EDGE_CURVE('',#2029,#2030,#197,.T.);
#2585=EDGE_CURVE('',#2030,#2031,#198,.T.);
#2586=EDGE_CURVE('',#2031,#2032,#199,.T.);
#2587=EDGE_CURVE('',#2032,#2033,#200,.T.);
#2588=EDGE_CURVE('',#2033,#2034,#201,.T.);
#2589=EDGE_CURVE('',#2034,#2035,#202,.T.);
#2590=EDGE_CURVE('',#2035,#2036,#1201,.T.);
#2591=EDGE_CURVE('',#2036,#2037,#203,.T.);
#2592=EDGE_CURVE('',#2037,#2038,#204,.T.);
#2593=EDGE_CURVE('',#2038,#2039,#205,.T.);
#2594=EDGE_CURVE('',#2039,#2040,#206,.T.);
#2595=EDGE_CURVE('',#2040,#2041,#207,.T.);
#2596=EDGE_CURVE('',#2041,#2042,#208,.T.);
#2597=EDGE_CURVE('',#2042,#2020,#1202,.T.);
#2598=EDGE_CURVE('',#2043,#2044,#845,.T.);
#2599=EDGE_CURVE('',#2043,#2045,#1203,.T.);
#2600=EDGE_CURVE('',#1699,#2045,#846,.T.);
#2601=EDGE_CURVE('',#2046,#1685,#847,.T.);
#2602=EDGE_CURVE('',#2046,#2047,#1204,.T.);
#2603=EDGE_CURVE('',#2048,#2047,#848,.T.);
#2604=EDGE_CURVE('',#2048,#2049,#1205,.T.);
#2605=EDGE_CURVE('',#2050,#2049,#849,.T.);
#2606=EDGE_CURVE('',#2050,#2051,#1206,.T.);
#2607=EDGE_CURVE('',#2052,#2051,#850,.T.);
#2608=EDGE_CURVE('',#2052,#2044,#1207,.T.);
#2609=EDGE_CURVE('',#1885,#2053,#1208,.T.);
#2610=EDGE_CURVE('',#2053,#2054,#1209,.T.);
#2611=EDGE_CURVE('',#2054,#1886,#1210,.T.);
#2612=EDGE_CURVE('',#2053,#1920,#1211,.T.);
#2613=EDGE_CURVE('',#2054,#1879,#1212,.T.);
#2614=EDGE_CURVE('',#2055,#2056,#1213,.T.);
#2615=EDGE_CURVE('',#2055,#1870,#1214,.T.);
#2616=EDGE_CURVE('',#2056,#1876,#1215,.T.);
#2617=EDGE_CURVE('',#2056,#2057,#209,.T.);
#2618=EDGE_CURVE('',#2057,#1875,#1216,.T.);
#2619=EDGE_CURVE('',#2057,#2058,#210,.T.);
#2620=EDGE_CURVE('',#2058,#1874,#1217,.T.);
#2621=EDGE_CURVE('',#2058,#2059,#211,.T.);
#2622=EDGE_CURVE('',#2059,#1873,#1218,.T.);
#2623=EDGE_CURVE('',#2059,#2060,#212,.T.);
#2624=EDGE_CURVE('',#2060,#1872,#1219,.T.);
#2625=EDGE_CURVE('',#2060,#2061,#1220,.T.);
#2626=EDGE_CURVE('',#2061,#1871,#1221,.T.);
#2627=EDGE_CURVE('',#2061,#2055,#1222,.T.);
#2628=EDGE_CURVE('',#2020,#1853,#1223,.T.);
#2629=EDGE_CURVE('',#2021,#1852,#1224,.T.);
#2630=EDGE_CURVE('',#2022,#1851,#1225,.T.);
#2631=EDGE_CURVE('',#2023,#1850,#1226,.T.);
#2632=EDGE_CURVE('',#2024,#1849,#1227,.T.);
#2633=EDGE_CURVE('',#2025,#1848,#1228,.T.);
#2634=EDGE_CURVE('',#2026,#1844,#1229,.T.);
#2635=EDGE_CURVE('',#2027,#1869,#1230,.T.);
#2636=EDGE_CURVE('',#2028,#1868,#1231,.T.);
#2637=EDGE_CURVE('',#2029,#1867,#1232,.T.);
#2638=EDGE_CURVE('',#2030,#1866,#1233,.T.);
#2639=EDGE_CURVE('',#2031,#1865,#1234,.T.);
#2640=EDGE_CURVE('',#2032,#1864,#1235,.T.);
#2641=EDGE_CURVE('',#2033,#1863,#1236,.T.);
#2642=EDGE_CURVE('',#2034,#1862,#1237,.T.);
#2643=EDGE_CURVE('',#2035,#1861,#1238,.T.);
#2644=EDGE_CURVE('',#2036,#1860,#1239,.T.);
#2645=EDGE_CURVE('',#2037,#1859,#1240,.T.);
#2646=EDGE_CURVE('',#2038,#1858,#1241,.T.);
#2647=EDGE_CURVE('',#2039,#1857,#1242,.T.);
#2648=EDGE_CURVE('',#2040,#1856,#1243,.T.);
#2649=EDGE_CURVE('',#2041,#1855,#1244,.T.);
#2650=EDGE_CURVE('',#2042,#1854,#1245,.T.);
#2651=EDGE_CURVE('',#2062,#1764,#851,.T.);
#2652=EDGE_CURVE('',#1776,#2062,#1246,.T.);
#2653=EDGE_CURVE('',#1769,#1775,#1247,.T.);
#2654=EDGE_CURVE('',#1774,#1770,#1248,.T.);
#2655=EDGE_CURVE('',#2063,#1700,#852,.T.);
#2656=EDGE_CURVE('',#2064,#2063,#1249,.T.);
#2657=EDGE_CURVE('',#2065,#2064,#853,.T.);
#2658=EDGE_CURVE('',#2066,#2065,#1250,.T.);
#2659=EDGE_CURVE('',#2067,#2066,#854,.T.);
#2660=EDGE_CURVE('',#2068,#2067,#1251,.T.);
#2661=EDGE_CURVE('',#2069,#2068,#855,.T.);
#2662=EDGE_CURVE('',#2070,#2069,#1252,.T.);
#2663=EDGE_CURVE('',#2071,#2070,#856,.T.);
#2664=EDGE_CURVE('',#2072,#2071,#1253,.T.);
#2665=EDGE_CURVE('',#1684,#2072,#857,.T.);
#2666=EDGE_CURVE('',#1683,#2062,#1254,.T.);
#2667=EDGE_CURVE('',#2045,#2063,#1255,.T.);
#2668=EDGE_CURVE('',#2072,#2046,#1256,.T.);
#2669=EDGE_CURVE('',#2047,#2071,#1257,.T.);
#2670=EDGE_CURVE('',#2066,#2052,#1258,.T.);
#2671=EDGE_CURVE('',#2051,#2067,#1259,.T.);
#2672=EDGE_CURVE('',#2044,#2065,#1260,.T.);
#2673=EDGE_CURVE('',#2064,#2043,#1261,.T.);
#2674=EDGE_CURVE('',#2070,#2048,#1262,.T.);
#2675=EDGE_CURVE('',#2049,#2069,#1263,.T.);
#2676=EDGE_CURVE('',#2068,#2050,#1264,.T.);
#2677=EDGE_CURVE('',#1767,#2016,#858,.F.);
#2678=EDGE_CURVE('',#2016,#1768,#859,.F.);
#2679=EDGE_CURVE('',#1771,#2018,#860,.F.);
#2680=EDGE_CURVE('',#2018,#1772,#861,.F.);
#2681=EDGE_CURVE('',#1766,#2017,#862,.F.);
#2682=EDGE_CURVE('',#2017,#1765,#863,.F.);
#2683=EDGE_CURVE('',#1777,#2019,#864,.F.);
#2684=EDGE_CURVE('',#1773,#1777,#865,.F.);
#2685=EDGE_CURVE('',#2019,#1773,#866,.F.);
#2686=ORIENTED_EDGE('',*,*,#2073,.T.);
#2687=ORIENTED_EDGE('',*,*,#2074,.T.);
#2688=ORIENTED_EDGE('',*,*,#2075,.T.);
#2689=ORIENTED_EDGE('',*,*,#2076,.F.);
#2690=ORIENTED_EDGE('',*,*,#2077,.F.);
#2691=ORIENTED_EDGE('',*,*,#2075,.F.);
#2692=ORIENTED_EDGE('',*,*,#2078,.F.);
#2693=ORIENTED_EDGE('',*,*,#2079,.F.);
#2694=ORIENTED_EDGE('',*,*,#2080,.F.);
#2695=ORIENTED_EDGE('',*,*,#2074,.F.);
#2696=ORIENTED_EDGE('',*,*,#2081,.F.);
#2697=ORIENTED_EDGE('',*,*,#2082,.F.);
#2698=ORIENTED_EDGE('',*,*,#2083,.T.);
#2699=ORIENTED_EDGE('',*,*,#2078,.T.);
#2700=ORIENTED_EDGE('',*,*,#2073,.F.);
#2701=ORIENTED_EDGE('',*,*,#2084,.F.);
#2702=ORIENTED_EDGE('',*,*,#2085,.T.);
#2703=ORIENTED_EDGE('',*,*,#2081,.T.);
#2704=ORIENTED_EDGE('',*,*,#2086,.T.);
#2705=ORIENTED_EDGE('',*,*,#2087,.F.);
#2706=ORIENTED_EDGE('',*,*,#2079,.T.);
#2707=ORIENTED_EDGE('',*,*,#2083,.F.);
#2708=ORIENTED_EDGE('',*,*,#2088,.T.);
#2709=ORIENTED_EDGE('',*,*,#2076,.T.);
#2710=ORIENTED_EDGE('',*,*,#2080,.T.);
#2711=ORIENTED_EDGE('',*,*,#2087,.T.);
#2712=ORIENTED_EDGE('',*,*,#2084,.T.);
#2713=ORIENTED_EDGE('',*,*,#2077,.T.);
#2714=ORIENTED_EDGE('',*,*,#2089,.T.);
#2715=ORIENTED_EDGE('',*,*,#2090,.T.);
#2716=ORIENTED_EDGE('',*,*,#2091,.F.);
#2717=ORIENTED_EDGE('',*,*,#2092,.F.);
#2718=ORIENTED_EDGE('',*,*,#2093,.F.);
#2719=ORIENTED_EDGE('',*,*,#2094,.F.);
#2720=ORIENTED_EDGE('',*,*,#2095,.F.);
#2721=ORIENTED_EDGE('',*,*,#2096,.T.);
#2722=ORIENTED_EDGE('',*,*,#2097,.T.);
#2723=ORIENTED_EDGE('',*,*,#2098,.T.);
#2724=ORIENTED_EDGE('',*,*,#2099,.T.);
#2725=ORIENTED_EDGE('',*,*,#2100,.T.);
#2726=ORIENTED_EDGE('',*,*,#2101,.T.);
#2727=ORIENTED_EDGE('',*,*,#2102,.F.);
#2728=ORIENTED_EDGE('',*,*,#2099,.F.);
#2729=ORIENTED_EDGE('',*,*,#2097,.F.);
#2730=ORIENTED_EDGE('',*,*,#2103,.T.);
#2731=ORIENTED_EDGE('',*,*,#2104,.T.);
#2732=ORIENTED_EDGE('',*,*,#2105,.F.);
#2733=ORIENTED_EDGE('',*,*,#2106,.T.);
#2734=ORIENTED_EDGE('',*,*,#2107,.F.);
#2735=ORIENTED_EDGE('',*,*,#2103,.F.);
#2736=ORIENTED_EDGE('',*,*,#2096,.F.);
#2737=ORIENTED_EDGE('',*,*,#2108,.T.);
#2738=ORIENTED_EDGE('',*,*,#2109,.F.);
#2739=ORIENTED_EDGE('',*,*,#2104,.F.);
#2740=ORIENTED_EDGE('',*,*,#2107,.T.);
#2741=ORIENTED_EDGE('',*,*,#2098,.F.);
#2742=ORIENTED_EDGE('',*,*,#2105,.T.);
#2743=ORIENTED_EDGE('',*,*,#2109,.T.);
#2744=ORIENTED_EDGE('',*,*,#2110,.F.);
#2745=ORIENTED_EDGE('',*,*,#2100,.F.);
#2746=ORIENTED_EDGE('',*,*,#2095,.T.);
#2747=ORIENTED_EDGE('',*,*,#2102,.T.);
#2748=ORIENTED_EDGE('',*,*,#2111,.T.);
#2749=ORIENTED_EDGE('',*,*,#2112,.F.);
#2750=ORIENTED_EDGE('',*,*,#2113,.F.);
#2751=ORIENTED_EDGE('',*,*,#2114,.F.);
#2752=ORIENTED_EDGE('',*,*,#2115,.F.);
#2753=ORIENTED_EDGE('',*,*,#2116,.T.);
#2754=ORIENTED_EDGE('',*,*,#2094,.T.);
#2755=ORIENTED_EDGE('',*,*,#2117,.F.);
#2756=ORIENTED_EDGE('',*,*,#2111,.F.);
#2757=ORIENTED_EDGE('',*,*,#2101,.F.);
#2758=ORIENTED_EDGE('',*,*,#2110,.T.);
#2759=ORIENTED_EDGE('',*,*,#2118,.T.);
#2760=ORIENTED_EDGE('',*,*,#2082,.T.);
#2761=ORIENTED_EDGE('',*,*,#2085,.F.);
#2762=ORIENTED_EDGE('',*,*,#2119,.T.);
#2763=ORIENTED_EDGE('',*,*,#2120,.T.);
#2764=ORIENTED_EDGE('',*,*,#2121,.T.);
#2765=ORIENTED_EDGE('',*,*,#2122,.T.);
#2766=ORIENTED_EDGE('',*,*,#2121,.F.);
#2767=ORIENTED_EDGE('',*,*,#2123,.F.);
#2768=ORIENTED_EDGE('',*,*,#2124,.F.);
#2769=ORIENTED_EDGE('',*,*,#2125,.T.);
#2770=ORIENTED_EDGE('',*,*,#2126,.T.);
#2771=ORIENTED_EDGE('',*,*,#2120,.F.);
#2772=ORIENTED_EDGE('',*,*,#2127,.T.);
#2773=ORIENTED_EDGE('',*,*,#2128,.T.);
#2774=ORIENTED_EDGE('',*,*,#2129,.F.);
#2775=ORIENTED_EDGE('',*,*,#2130,.F.);
#2776=ORIENTED_EDGE('',*,*,#2131,.F.);
#2777=ORIENTED_EDGE('',*,*,#2132,.T.);
#2778=ORIENTED_EDGE('',*,*,#2123,.T.);
#2779=ORIENTED_EDGE('',*,*,#2133,.T.);
#2780=ORIENTED_EDGE('',*,*,#2134,.T.);
#2781=ORIENTED_EDGE('',*,*,#2135,.T.);
#2782=ORIENTED_EDGE('',*,*,#2129,.T.);
#2783=ORIENTED_EDGE('',*,*,#2136,.T.);
#2784=ORIENTED_EDGE('',*,*,#2137,.T.);
#2785=ORIENTED_EDGE('',*,*,#2135,.F.);
#2786=ORIENTED_EDGE('',*,*,#2138,.T.);
#2787=ORIENTED_EDGE('',*,*,#2138,.F.);
#2788=ORIENTED_EDGE('',*,*,#2134,.F.);
#2789=ORIENTED_EDGE('',*,*,#2139,.F.);
#2790=ORIENTED_EDGE('',*,*,#2140,.F.);
#2791=ORIENTED_EDGE('',*,*,#2141,.T.);
#2792=ORIENTED_EDGE('',*,*,#2142,.T.);
#2793=ORIENTED_EDGE('',*,*,#2143,.T.);
#2794=ORIENTED_EDGE('',*,*,#2144,.T.);
#2795=ORIENTED_EDGE('',*,*,#2145,.T.);
#2796=ORIENTED_EDGE('',*,*,#2131,.T.);
#2797=ORIENTED_EDGE('',*,*,#2141,.F.);
#2798=ORIENTED_EDGE('',*,*,#2146,.T.);
#2799=ORIENTED_EDGE('',*,*,#2146,.F.);
#2800=ORIENTED_EDGE('',*,*,#2144,.F.);
#2801=ORIENTED_EDGE('',*,*,#2147,.F.);
#2802=ORIENTED_EDGE('',*,*,#2148,.T.);
#2803=ORIENTED_EDGE('',*,*,#2137,.F.);
#2804=ORIENTED_EDGE('',*,*,#2149,.F.);
#2805=ORIENTED_EDGE('',*,*,#2142,.F.);
#2806=ORIENTED_EDGE('',*,*,#2130,.T.);
#2807=ORIENTED_EDGE('',*,*,#2119,.F.);
#2808=ORIENTED_EDGE('',*,*,#2150,.F.);
#2809=ORIENTED_EDGE('',*,*,#2151,.T.);
#2810=ORIENTED_EDGE('',*,*,#2152,.T.);
#2811=ORIENTED_EDGE('',*,*,#2127,.F.);
#2812=ORIENTED_EDGE('',*,*,#2122,.F.);
#2813=ORIENTED_EDGE('',*,*,#2126,.F.);
#2814=ORIENTED_EDGE('',*,*,#2153,.T.);
#2815=ORIENTED_EDGE('',*,*,#2150,.T.);
#2816=ORIENTED_EDGE('',*,*,#2154,.T.);
#2817=ORIENTED_EDGE('',*,*,#2151,.F.);
#2818=ORIENTED_EDGE('',*,*,#2153,.F.);
#2819=ORIENTED_EDGE('',*,*,#2125,.F.);
#2820=ORIENTED_EDGE('',*,*,#2155,.T.);
#2821=ORIENTED_EDGE('',*,*,#2156,.T.);
#2822=ORIENTED_EDGE('',*,*,#2157,.T.);
#2823=ORIENTED_EDGE('',*,*,#2158,.T.);
#2824=ORIENTED_EDGE('',*,*,#2157,.F.);
#2825=ORIENTED_EDGE('',*,*,#2159,.F.);
#2826=ORIENTED_EDGE('',*,*,#2160,.F.);
#2827=ORIENTED_EDGE('',*,*,#2161,.F.);
#2828=ORIENTED_EDGE('',*,*,#2162,.T.);
#2829=ORIENTED_EDGE('',*,*,#2156,.F.);
#2830=ORIENTED_EDGE('',*,*,#2163,.T.);
#2831=ORIENTED_EDGE('',*,*,#2164,.T.);
#2832=ORIENTED_EDGE('',*,*,#2165,.F.);
#2833=ORIENTED_EDGE('',*,*,#2166,.F.);
#2834=ORIENTED_EDGE('',*,*,#2167,.F.);
#2835=ORIENTED_EDGE('',*,*,#2168,.T.);
#2836=ORIENTED_EDGE('',*,*,#2159,.T.);
#2837=ORIENTED_EDGE('',*,*,#2169,.T.);
#2838=ORIENTED_EDGE('',*,*,#2170,.T.);
#2839=ORIENTED_EDGE('',*,*,#2171,.T.);
#2840=ORIENTED_EDGE('',*,*,#2165,.T.);
#2841=ORIENTED_EDGE('',*,*,#2172,.T.);
#2842=ORIENTED_EDGE('',*,*,#2173,.T.);
#2843=ORIENTED_EDGE('',*,*,#2171,.F.);
#2844=ORIENTED_EDGE('',*,*,#2174,.T.);
#2845=ORIENTED_EDGE('',*,*,#2174,.F.);
#2846=ORIENTED_EDGE('',*,*,#2170,.F.);
#2847=ORIENTED_EDGE('',*,*,#2175,.F.);
#2848=ORIENTED_EDGE('',*,*,#2176,.F.);
#2849=ORIENTED_EDGE('',*,*,#2177,.T.);
#2850=ORIENTED_EDGE('',*,*,#2178,.T.);
#2851=ORIENTED_EDGE('',*,*,#2179,.T.);
#2852=ORIENTED_EDGE('',*,*,#2180,.T.);
#2853=ORIENTED_EDGE('',*,*,#2181,.T.);
#2854=ORIENTED_EDGE('',*,*,#2167,.T.);
#2855=ORIENTED_EDGE('',*,*,#2177,.F.);
#2856=ORIENTED_EDGE('',*,*,#2182,.T.);
#2857=ORIENTED_EDGE('',*,*,#2182,.F.);
#2858=ORIENTED_EDGE('',*,*,#2180,.F.);
#2859=ORIENTED_EDGE('',*,*,#2183,.F.);
#2860=ORIENTED_EDGE('',*,*,#2184,.T.);
#2861=ORIENTED_EDGE('',*,*,#2173,.F.);
#2862=ORIENTED_EDGE('',*,*,#2185,.F.);
#2863=ORIENTED_EDGE('',*,*,#2178,.F.);
#2864=ORIENTED_EDGE('',*,*,#2166,.T.);
#2865=ORIENTED_EDGE('',*,*,#2155,.F.);
#2866=ORIENTED_EDGE('',*,*,#2186,.F.);
#2867=ORIENTED_EDGE('',*,*,#2187,.F.);
#2868=ORIENTED_EDGE('',*,*,#2188,.T.);
#2869=ORIENTED_EDGE('',*,*,#2163,.F.);
#2870=ORIENTED_EDGE('',*,*,#2158,.F.);
#2871=ORIENTED_EDGE('',*,*,#2162,.F.);
#2872=ORIENTED_EDGE('',*,*,#2189,.F.);
#2873=ORIENTED_EDGE('',*,*,#2186,.T.);
#2874=ORIENTED_EDGE('',*,*,#2190,.T.);
#2875=ORIENTED_EDGE('',*,*,#2187,.T.);
#2876=ORIENTED_EDGE('',*,*,#2189,.T.);
#2877=ORIENTED_EDGE('',*,*,#2161,.T.);
#2878=ORIENTED_EDGE('',*,*,#2133,.F.);
#2879=ORIENTED_EDGE('',*,*,#2128,.F.);
#2880=ORIENTED_EDGE('',*,*,#2152,.F.);
#2881=ORIENTED_EDGE('',*,*,#2154,.F.);
#2882=ORIENTED_EDGE('',*,*,#2124,.T.);
#2883=ORIENTED_EDGE('',*,*,#2132,.F.);
#2884=ORIENTED_EDGE('',*,*,#2145,.F.);
#2885=ORIENTED_EDGE('',*,*,#2148,.F.);
#2886=ORIENTED_EDGE('',*,*,#2191,.F.);
#2887=ORIENTED_EDGE('',*,*,#2192,.F.);
#2888=ORIENTED_EDGE('',*,*,#2193,.F.);
#2889=ORIENTED_EDGE('',*,*,#2194,.F.);
#2890=ORIENTED_EDGE('',*,*,#2195,.F.);
#2891=ORIENTED_EDGE('',*,*,#2089,.F.);
#2892=ORIENTED_EDGE('',*,*,#2088,.F.);
#2893=ORIENTED_EDGE('',*,*,#2086,.F.);
#2894=ORIENTED_EDGE('',*,*,#2118,.F.);
#2895=ORIENTED_EDGE('',*,*,#2108,.F.);
#2896=ORIENTED_EDGE('',*,*,#2106,.F.);
#2897=ORIENTED_EDGE('',*,*,#2116,.F.);
#2898=ORIENTED_EDGE('',*,*,#2196,.F.);
#2899=ORIENTED_EDGE('',*,*,#2197,.F.);
#2900=ORIENTED_EDGE('',*,*,#2198,.F.);
#2901=ORIENTED_EDGE('',*,*,#2199,.F.);
#2902=ORIENTED_EDGE('',*,*,#2200,.F.);
#2903=ORIENTED_EDGE('',*,*,#2175,.T.);
#2904=ORIENTED_EDGE('',*,*,#2169,.F.);
#2905=ORIENTED_EDGE('',*,*,#2164,.F.);
#2906=ORIENTED_EDGE('',*,*,#2188,.F.);
#2907=ORIENTED_EDGE('',*,*,#2190,.F.);
#2908=ORIENTED_EDGE('',*,*,#2160,.T.);
#2909=ORIENTED_EDGE('',*,*,#2168,.F.);
#2910=ORIENTED_EDGE('',*,*,#2181,.F.);
#2911=ORIENTED_EDGE('',*,*,#2184,.F.);
#2912=ORIENTED_EDGE('',*,*,#2201,.F.);
#2913=ORIENTED_EDGE('',*,*,#2202,.F.);
#2914=ORIENTED_EDGE('',*,*,#2203,.F.);
#2915=ORIENTED_EDGE('',*,*,#2204,.F.);
#2916=ORIENTED_EDGE('',*,*,#2205,.F.);
#2917=ORIENTED_EDGE('',*,*,#2139,.T.);
#2918=ORIENTED_EDGE('',*,*,#2194,.T.);
#2919=ORIENTED_EDGE('',*,*,#2206,.F.);
#2920=ORIENTED_EDGE('',*,*,#2207,.F.);
#2921=ORIENTED_EDGE('',*,*,#2208,.F.);
#2922=ORIENTED_EDGE('',*,*,#2192,.T.);
#2923=ORIENTED_EDGE('',*,*,#2209,.T.);
#2924=ORIENTED_EDGE('',*,*,#2210,.T.);
#2925=ORIENTED_EDGE('',*,*,#2211,.T.);
#2926=ORIENTED_EDGE('',*,*,#2140,.T.);
#2927=ORIENTED_EDGE('',*,*,#2205,.T.);
#2928=ORIENTED_EDGE('',*,*,#2212,.F.);
#2929=ORIENTED_EDGE('',*,*,#2213,.F.);
#2930=ORIENTED_EDGE('',*,*,#2209,.F.);
#2931=ORIENTED_EDGE('',*,*,#2191,.T.);
#2932=ORIENTED_EDGE('',*,*,#2147,.T.);
#2933=ORIENTED_EDGE('',*,*,#2143,.F.);
#2934=ORIENTED_EDGE('',*,*,#2149,.T.);
#2935=ORIENTED_EDGE('',*,*,#2136,.F.);
#2936=ORIENTED_EDGE('',*,*,#2204,.T.);
#2937=ORIENTED_EDGE('',*,*,#2214,.T.);
#2938=ORIENTED_EDGE('',*,*,#2215,.T.);
#2939=ORIENTED_EDGE('',*,*,#2212,.T.);
#2940=ORIENTED_EDGE('',*,*,#2196,.T.);
#2941=ORIENTED_EDGE('',*,*,#2115,.T.);
#2942=ORIENTED_EDGE('',*,*,#2216,.F.);
#2943=ORIENTED_EDGE('',*,*,#2217,.F.);
#2944=ORIENTED_EDGE('',*,*,#2218,.T.);
#2945=ORIENTED_EDGE('',*,*,#2203,.T.);
#2946=ORIENTED_EDGE('',*,*,#2219,.F.);
#2947=ORIENTED_EDGE('',*,*,#2220,.F.);
#2948=ORIENTED_EDGE('',*,*,#2214,.F.);
#2949=ORIENTED_EDGE('',*,*,#2202,.T.);
#2950=ORIENTED_EDGE('',*,*,#2221,.T.);
#2951=ORIENTED_EDGE('',*,*,#2222,.T.);
#2952=ORIENTED_EDGE('',*,*,#2219,.T.);
#2953=ORIENTED_EDGE('',*,*,#2193,.T.);
#2954=ORIENTED_EDGE('',*,*,#2211,.F.);
#2955=ORIENTED_EDGE('',*,*,#2223,.F.);
#2956=ORIENTED_EDGE('',*,*,#2224,.F.);
#2957=ORIENTED_EDGE('',*,*,#2198,.T.);
#2958=ORIENTED_EDGE('',*,*,#2225,.T.);
#2959=ORIENTED_EDGE('',*,*,#2226,.F.);
#2960=ORIENTED_EDGE('',*,*,#2227,.T.);
#2961=ORIENTED_EDGE('',*,*,#2228,.F.);
#2962=ORIENTED_EDGE('',*,*,#2206,.T.);
#2963=ORIENTED_EDGE('',*,*,#2176,.T.);
#2964=ORIENTED_EDGE('',*,*,#2200,.T.);
#2965=ORIENTED_EDGE('',*,*,#2229,.F.);
#2966=ORIENTED_EDGE('',*,*,#2230,.F.);
#2967=ORIENTED_EDGE('',*,*,#2221,.F.);
#2968=ORIENTED_EDGE('',*,*,#2201,.T.);
#2969=ORIENTED_EDGE('',*,*,#2183,.T.);
#2970=ORIENTED_EDGE('',*,*,#2179,.F.);
#2971=ORIENTED_EDGE('',*,*,#2185,.T.);
#2972=ORIENTED_EDGE('',*,*,#2172,.F.);
#2973=ORIENTED_EDGE('',*,*,#2231,.T.);
#2974=ORIENTED_EDGE('',*,*,#2232,.T.);
#2975=ORIENTED_EDGE('',*,*,#2233,.T.);
#2976=ORIENTED_EDGE('',*,*,#2234,.T.);
#2977=ORIENTED_EDGE('',*,*,#2231,.F.);
#2978=ORIENTED_EDGE('',*,*,#2235,.F.);
#2979=ORIENTED_EDGE('',*,*,#2236,.F.);
#2980=ORIENTED_EDGE('',*,*,#2237,.F.);
#2981=ORIENTED_EDGE('',*,*,#2238,.T.);
#2982=ORIENTED_EDGE('',*,*,#2234,.F.);
#2983=ORIENTED_EDGE('',*,*,#2239,.T.);
#2984=ORIENTED_EDGE('',*,*,#2240,.T.);
#2985=ORIENTED_EDGE('',*,*,#2241,.F.);
#2986=ORIENTED_EDGE('',*,*,#2242,.T.);
#2987=ORIENTED_EDGE('',*,*,#2243,.T.);
#2988=ORIENTED_EDGE('',*,*,#2244,.F.);
#2989=ORIENTED_EDGE('',*,*,#2245,.T.);
#2990=ORIENTED_EDGE('',*,*,#2246,.T.);
#2991=ORIENTED_EDGE('',*,*,#2247,.F.);
#2992=ORIENTED_EDGE('',*,*,#2248,.T.);
#2993=ORIENTED_EDGE('',*,*,#2235,.T.);
#2994=ORIENTED_EDGE('',*,*,#2249,.T.);
#2995=ORIENTED_EDGE('',*,*,#2250,.T.);
#2996=ORIENTED_EDGE('',*,*,#2251,.T.);
#2997=ORIENTED_EDGE('',*,*,#2252,.T.);
#2998=ORIENTED_EDGE('',*,*,#2241,.T.);
#2999=ORIENTED_EDGE('',*,*,#2250,.F.);
#3000=ORIENTED_EDGE('',*,*,#2253,.F.);
#3001=ORIENTED_EDGE('',*,*,#2254,.F.);
#3002=ORIENTED_EDGE('',*,*,#2255,.T.);
#3003=ORIENTED_EDGE('',*,*,#2249,.F.);
#3004=ORIENTED_EDGE('',*,*,#2240,.F.);
#3005=ORIENTED_EDGE('',*,*,#2256,.F.);
#3006=ORIENTED_EDGE('',*,*,#2257,.F.);
#3007=ORIENTED_EDGE('',*,*,#2253,.T.);
#3008=ORIENTED_EDGE('',*,*,#2258,.T.);
#3009=ORIENTED_EDGE('',*,*,#2259,.T.);
#3010=ORIENTED_EDGE('',*,*,#2260,.T.);
#3011=ORIENTED_EDGE('',*,*,#2261,.T.);
#3012=ORIENTED_EDGE('',*,*,#2260,.F.);
#3013=ORIENTED_EDGE('',*,*,#2262,.F.);
#3014=ORIENTED_EDGE('',*,*,#2263,.F.);
#3015=ORIENTED_EDGE('',*,*,#2264,.F.);
#3016=ORIENTED_EDGE('',*,*,#2265,.T.);
#3017=ORIENTED_EDGE('',*,*,#2251,.F.);
#3018=ORIENTED_EDGE('',*,*,#2255,.F.);
#3019=ORIENTED_EDGE('',*,*,#2266,.F.);
#3020=ORIENTED_EDGE('',*,*,#2267,.T.);
#3021=ORIENTED_EDGE('',*,*,#2262,.T.);
#3022=ORIENTED_EDGE('',*,*,#2259,.F.);
#3023=ORIENTED_EDGE('',*,*,#2268,.T.);
#3024=ORIENTED_EDGE('',*,*,#2269,.T.);
#3025=ORIENTED_EDGE('',*,*,#2270,.T.);
#3026=ORIENTED_EDGE('',*,*,#2271,.F.);
#3027=ORIENTED_EDGE('',*,*,#2272,.T.);
#3028=ORIENTED_EDGE('',*,*,#2273,.T.);
#3029=ORIENTED_EDGE('',*,*,#2274,.T.);
#3030=ORIENTED_EDGE('',*,*,#2275,.T.);
#3031=ORIENTED_EDGE('',*,*,#2276,.T.);
#3032=ORIENTED_EDGE('',*,*,#2277,.T.);
#3033=ORIENTED_EDGE('',*,*,#2276,.F.);
#3034=ORIENTED_EDGE('',*,*,#2278,.F.);
#3035=ORIENTED_EDGE('',*,*,#2279,.F.);
#3036=ORIENTED_EDGE('',*,*,#2280,.F.);
#3037=ORIENTED_EDGE('',*,*,#2281,.T.);
#3038=ORIENTED_EDGE('',*,*,#2275,.F.);
#3039=ORIENTED_EDGE('',*,*,#2282,.T.);
#3040=ORIENTED_EDGE('',*,*,#2283,.T.);
#3041=ORIENTED_EDGE('',*,*,#2284,.T.);
#3042=ORIENTED_EDGE('',*,*,#2285,.F.);
#3043=ORIENTED_EDGE('',*,*,#2286,.T.);
#3044=ORIENTED_EDGE('',*,*,#2287,.T.);
#3045=ORIENTED_EDGE('',*,*,#2278,.T.);
#3046=ORIENTED_EDGE('',*,*,#2288,.T.);
#3047=ORIENTED_EDGE('',*,*,#2289,.T.);
#3048=ORIENTED_EDGE('',*,*,#2290,.T.);
#3049=ORIENTED_EDGE('',*,*,#2291,.T.);
#3050=ORIENTED_EDGE('',*,*,#2290,.F.);
#3051=ORIENTED_EDGE('',*,*,#2292,.F.);
#3052=ORIENTED_EDGE('',*,*,#2293,.F.);
#3053=ORIENTED_EDGE('',*,*,#2294,.F.);
#3054=ORIENTED_EDGE('',*,*,#2295,.T.);
#3055=ORIENTED_EDGE('',*,*,#2289,.F.);
#3056=ORIENTED_EDGE('',*,*,#2296,.T.);
#3057=ORIENTED_EDGE('',*,*,#2297,.T.);
#3058=ORIENTED_EDGE('',*,*,#2298,.F.);
#3059=ORIENTED_EDGE('',*,*,#2299,.T.);
#3060=ORIENTED_EDGE('',*,*,#2300,.F.);
#3061=ORIENTED_EDGE('',*,*,#2301,.T.);
#3062=ORIENTED_EDGE('',*,*,#2302,.T.);
#3063=ORIENTED_EDGE('',*,*,#2303,.T.);
#3064=ORIENTED_EDGE('',*,*,#2292,.T.);
#3065=ORIENTED_EDGE('',*,*,#2304,.T.);
#3066=ORIENTED_EDGE('',*,*,#2298,.T.);
#3067=ORIENTED_EDGE('',*,*,#2305,.T.);
#3068=ORIENTED_EDGE('',*,*,#2306,.T.);
#3069=ORIENTED_EDGE('',*,*,#2305,.F.);
#3070=ORIENTED_EDGE('',*,*,#2297,.F.);
#3071=ORIENTED_EDGE('',*,*,#2307,.F.);
#3072=ORIENTED_EDGE('',*,*,#2308,.F.);
#3073=ORIENTED_EDGE('',*,*,#2309,.T.);
#3074=ORIENTED_EDGE('',*,*,#2310,.T.);
#3075=ORIENTED_EDGE('',*,*,#2311,.T.);
#3076=ORIENTED_EDGE('',*,*,#2312,.T.);
#3077=ORIENTED_EDGE('',*,*,#2313,.T.);
#3078=ORIENTED_EDGE('',*,*,#2313,.F.);
#3079=ORIENTED_EDGE('',*,*,#2314,.T.);
#3080=ORIENTED_EDGE('',*,*,#2315,.T.);
#3081=ORIENTED_EDGE('',*,*,#2316,.T.);
#3082=ORIENTED_EDGE('',*,*,#2317,.T.);
#3083=ORIENTED_EDGE('',*,*,#2318,.T.);
#3084=ORIENTED_EDGE('',*,*,#2319,.T.);
#3085=ORIENTED_EDGE('',*,*,#2320,.T.);
#3086=ORIENTED_EDGE('',*,*,#2321,.T.);
#3087=ORIENTED_EDGE('',*,*,#2322,.T.);
#3088=ORIENTED_EDGE('',*,*,#2323,.T.);
#3089=ORIENTED_EDGE('',*,*,#2324,.T.);
#3090=ORIENTED_EDGE('',*,*,#2325,.T.);
#3091=ORIENTED_EDGE('',*,*,#2326,.T.);
#3092=ORIENTED_EDGE('',*,*,#2327,.T.);
#3093=ORIENTED_EDGE('',*,*,#2328,.T.);
#3094=ORIENTED_EDGE('',*,*,#2329,.T.);
#3095=ORIENTED_EDGE('',*,*,#2330,.T.);
#3096=ORIENTED_EDGE('',*,*,#2331,.T.);
#3097=ORIENTED_EDGE('',*,*,#2332,.T.);
#3098=ORIENTED_EDGE('',*,*,#2333,.T.);
#3099=ORIENTED_EDGE('',*,*,#2334,.T.);
#3100=ORIENTED_EDGE('',*,*,#2335,.T.);
#3101=ORIENTED_EDGE('',*,*,#2336,.T.);
#3102=ORIENTED_EDGE('',*,*,#2337,.T.);
#3103=ORIENTED_EDGE('',*,*,#2338,.T.);
#3104=ORIENTED_EDGE('',*,*,#2339,.T.);
#3105=ORIENTED_EDGE('',*,*,#2340,.T.);
#3106=ORIENTED_EDGE('',*,*,#2341,.T.);
#3107=ORIENTED_EDGE('',*,*,#2342,.T.);
#3108=ORIENTED_EDGE('',*,*,#2343,.T.);
#3109=ORIENTED_EDGE('',*,*,#2344,.T.);
#3110=ORIENTED_EDGE('',*,*,#2312,.F.);
#3111=ORIENTED_EDGE('',*,*,#2345,.F.);
#3112=ORIENTED_EDGE('',*,*,#2346,.F.);
#3113=ORIENTED_EDGE('',*,*,#2347,.T.);
#3114=ORIENTED_EDGE('',*,*,#2314,.F.);
#3115=ORIENTED_EDGE('',*,*,#2348,.T.);
#3116=ORIENTED_EDGE('',*,*,#2349,.T.);
#3117=ORIENTED_EDGE('',*,*,#2350,.T.);
#3118=ORIENTED_EDGE('',*,*,#2351,.T.);
#3119=ORIENTED_EDGE('',*,*,#2350,.F.);
#3120=ORIENTED_EDGE('',*,*,#2352,.F.);
#3121=ORIENTED_EDGE('',*,*,#2353,.F.);
#3122=ORIENTED_EDGE('',*,*,#2354,.F.);
#3123=ORIENTED_EDGE('',*,*,#2355,.F.);
#3124=ORIENTED_EDGE('',*,*,#2356,.T.);
#3125=ORIENTED_EDGE('',*,*,#2349,.F.);
#3126=ORIENTED_EDGE('',*,*,#2357,.T.);
#3127=ORIENTED_EDGE('',*,*,#2358,.F.);
#3128=ORIENTED_EDGE('',*,*,#2352,.T.);
#3129=ORIENTED_EDGE('',*,*,#2359,.T.);
#3130=ORIENTED_EDGE('',*,*,#2360,.T.);
#3131=ORIENTED_EDGE('',*,*,#2361,.T.);
#3132=ORIENTED_EDGE('',*,*,#2362,.T.);
#3133=ORIENTED_EDGE('',*,*,#2361,.F.);
#3134=ORIENTED_EDGE('',*,*,#2363,.F.);
#3135=ORIENTED_EDGE('',*,*,#2364,.F.);
#3136=ORIENTED_EDGE('',*,*,#2365,.F.);
#3137=ORIENTED_EDGE('',*,*,#2366,.F.);
#3138=ORIENTED_EDGE('',*,*,#2367,.T.);
#3139=ORIENTED_EDGE('',*,*,#2360,.F.);
#3140=ORIENTED_EDGE('',*,*,#2368,.T.);
#3141=ORIENTED_EDGE('',*,*,#2369,.F.);
#3142=ORIENTED_EDGE('',*,*,#2363,.T.);
#3143=ORIENTED_EDGE('',*,*,#2370,.T.);
#3144=ORIENTED_EDGE('',*,*,#2371,.T.);
#3145=ORIENTED_EDGE('',*,*,#2372,.T.);
#3146=ORIENTED_EDGE('',*,*,#2373,.T.);
#3147=ORIENTED_EDGE('',*,*,#2372,.F.);
#3148=ORIENTED_EDGE('',*,*,#2374,.F.);
#3149=ORIENTED_EDGE('',*,*,#2375,.F.);
#3150=ORIENTED_EDGE('',*,*,#2376,.F.);
#3151=ORIENTED_EDGE('',*,*,#2377,.T.);
#3152=ORIENTED_EDGE('',*,*,#2371,.F.);
#3153=ORIENTED_EDGE('',*,*,#2378,.T.);
#3154=ORIENTED_EDGE('',*,*,#2379,.F.);
#3155=ORIENTED_EDGE('',*,*,#2380,.T.);
#3156=ORIENTED_EDGE('',*,*,#2381,.T.);
#3157=ORIENTED_EDGE('',*,*,#2382,.T.);
#3158=ORIENTED_EDGE('',*,*,#2383,.T.);
#3159=ORIENTED_EDGE('',*,*,#2384,.F.);
#3160=ORIENTED_EDGE('',*,*,#2385,.T.);
#3161=ORIENTED_EDGE('',*,*,#2374,.T.);
#3162=ORIENTED_EDGE('',*,*,#2386,.T.);
#3163=ORIENTED_EDGE('',*,*,#2384,.T.);
#3164=ORIENTED_EDGE('',*,*,#2387,.T.);
#3165=ORIENTED_EDGE('',*,*,#2388,.T.);
#3166=ORIENTED_EDGE('',*,*,#2387,.F.);
#3167=ORIENTED_EDGE('',*,*,#2383,.F.);
#3168=ORIENTED_EDGE('',*,*,#2389,.F.);
#3169=ORIENTED_EDGE('',*,*,#2390,.F.);
#3170=ORIENTED_EDGE('',*,*,#2391,.T.);
#3171=ORIENTED_EDGE('',*,*,#2392,.T.);
#3172=ORIENTED_EDGE('',*,*,#2379,.T.);
#3173=ORIENTED_EDGE('',*,*,#2393,.T.);
#3174=ORIENTED_EDGE('',*,*,#2394,.T.);
#3175=ORIENTED_EDGE('',*,*,#2392,.F.);
#3176=ORIENTED_EDGE('',*,*,#2395,.F.);
#3177=ORIENTED_EDGE('',*,*,#2396,.F.);
#3178=ORIENTED_EDGE('',*,*,#2397,.T.);
#3179=ORIENTED_EDGE('',*,*,#2380,.F.);
#3180=ORIENTED_EDGE('',*,*,#2364,.T.);
#3181=ORIENTED_EDGE('',*,*,#2369,.T.);
#3182=ORIENTED_EDGE('',*,*,#2398,.T.);
#3183=ORIENTED_EDGE('',*,*,#2399,.T.);
#3184=ORIENTED_EDGE('',*,*,#2353,.T.);
#3185=ORIENTED_EDGE('',*,*,#2358,.T.);
#3186=ORIENTED_EDGE('',*,*,#2400,.T.);
#3187=ORIENTED_EDGE('',*,*,#2401,.T.);
#3188=ORIENTED_EDGE('',*,*,#2402,.T.);
#3189=ORIENTED_EDGE('',*,*,#2300,.T.);
#3190=ORIENTED_EDGE('',*,*,#2403,.T.);
#3191=ORIENTED_EDGE('',*,*,#2404,.T.);
#3192=ORIENTED_EDGE('',*,*,#2402,.F.);
#3193=ORIENTED_EDGE('',*,*,#2405,.F.);
#3194=ORIENTED_EDGE('',*,*,#2406,.F.);
#3195=ORIENTED_EDGE('',*,*,#2407,.T.);
#3196=ORIENTED_EDGE('',*,*,#2301,.F.);
#3197=ORIENTED_EDGE('',*,*,#2408,.T.);
#3198=ORIENTED_EDGE('',*,*,#2285,.T.);
#3199=ORIENTED_EDGE('',*,*,#2409,.T.);
#3200=ORIENTED_EDGE('',*,*,#2410,.T.);
#3201=ORIENTED_EDGE('',*,*,#2408,.F.);
#3202=ORIENTED_EDGE('',*,*,#2411,.F.);
#3203=ORIENTED_EDGE('',*,*,#2412,.F.);
#3204=ORIENTED_EDGE('',*,*,#2413,.T.);
#3205=ORIENTED_EDGE('',*,*,#2286,.F.);
#3206=ORIENTED_EDGE('',*,*,#2414,.T.);
#3207=ORIENTED_EDGE('',*,*,#2247,.T.);
#3208=ORIENTED_EDGE('',*,*,#2415,.T.);
#3209=ORIENTED_EDGE('',*,*,#2416,.T.);
#3210=ORIENTED_EDGE('',*,*,#2415,.F.);
#3211=ORIENTED_EDGE('',*,*,#2246,.F.);
#3212=ORIENTED_EDGE('',*,*,#2417,.F.);
#3213=ORIENTED_EDGE('',*,*,#2418,.F.);
#3214=ORIENTED_EDGE('',*,*,#2419,.T.);
#3215=ORIENTED_EDGE('',*,*,#2420,.T.);
#3216=ORIENTED_EDGE('',*,*,#2244,.T.);
#3217=ORIENTED_EDGE('',*,*,#2421,.T.);
#3218=ORIENTED_EDGE('',*,*,#2422,.T.);
#3219=ORIENTED_EDGE('',*,*,#2421,.F.);
#3220=ORIENTED_EDGE('',*,*,#2243,.F.);
#3221=ORIENTED_EDGE('',*,*,#2423,.F.);
#3222=ORIENTED_EDGE('',*,*,#2424,.F.);
#3223=ORIENTED_EDGE('',*,*,#2425,.T.);
#3224=ORIENTED_EDGE('',*,*,#2426,.T.);
#3225=ORIENTED_EDGE('',*,*,#2427,.T.);
#3226=ORIENTED_EDGE('',*,*,#2428,.T.);
#3227=ORIENTED_EDGE('',*,*,#2271,.T.);
#3228=ORIENTED_EDGE('',*,*,#2428,.F.);
#3229=ORIENTED_EDGE('',*,*,#2429,.F.);
#3230=ORIENTED_EDGE('',*,*,#2430,.F.);
#3231=ORIENTED_EDGE('',*,*,#2431,.T.);
#3232=ORIENTED_EDGE('',*,*,#2272,.F.);
#3233=ORIENTED_EDGE('',*,*,#2386,.F.);
#3234=ORIENTED_EDGE('',*,*,#2432,.F.);
#3235=ORIENTED_EDGE('',*,*,#2433,.F.);
#3236=ORIENTED_EDGE('',*,*,#2375,.T.);
#3237=ORIENTED_EDGE('',*,*,#2385,.F.);
#3238=ORIENTED_EDGE('',*,*,#2388,.F.);
#3239=ORIENTED_EDGE('',*,*,#2391,.F.);
#3240=ORIENTED_EDGE('',*,*,#2434,.F.);
#3241=ORIENTED_EDGE('',*,*,#2432,.T.);
#3242=ORIENTED_EDGE('',*,*,#2435,.F.);
#3243=ORIENTED_EDGE('',*,*,#2389,.T.);
#3244=ORIENTED_EDGE('',*,*,#2382,.F.);
#3245=ORIENTED_EDGE('',*,*,#2436,.F.);
#3246=ORIENTED_EDGE('',*,*,#2437,.F.);
#3247=ORIENTED_EDGE('',*,*,#2436,.T.);
#3248=ORIENTED_EDGE('',*,*,#2381,.F.);
#3249=ORIENTED_EDGE('',*,*,#2397,.F.);
#3250=ORIENTED_EDGE('',*,*,#2394,.F.);
#3251=ORIENTED_EDGE('',*,*,#2438,.F.);
#3252=ORIENTED_EDGE('',*,*,#2439,.F.);
#3253=ORIENTED_EDGE('',*,*,#2395,.T.);
#3254=ORIENTED_EDGE('',*,*,#2370,.F.);
#3255=ORIENTED_EDGE('',*,*,#2440,.F.);
#3256=ORIENTED_EDGE('',*,*,#2441,.F.);
#3257=ORIENTED_EDGE('',*,*,#2438,.T.);
#3258=ORIENTED_EDGE('',*,*,#2393,.F.);
#3259=ORIENTED_EDGE('',*,*,#2378,.F.);
#3260=ORIENTED_EDGE('',*,*,#2373,.F.);
#3261=ORIENTED_EDGE('',*,*,#2377,.F.);
#3262=ORIENTED_EDGE('',*,*,#2442,.F.);
#3263=ORIENTED_EDGE('',*,*,#2440,.T.);
#3264=ORIENTED_EDGE('',*,*,#2399,.F.);
#3265=ORIENTED_EDGE('',*,*,#2443,.F.);
#3266=ORIENTED_EDGE('',*,*,#2444,.F.);
#3267=ORIENTED_EDGE('',*,*,#2365,.T.);
#3268=ORIENTED_EDGE('',*,*,#2359,.F.);
#3269=ORIENTED_EDGE('',*,*,#2445,.F.);
#3270=ORIENTED_EDGE('',*,*,#2446,.F.);
#3271=ORIENTED_EDGE('',*,*,#2443,.T.);
#3272=ORIENTED_EDGE('',*,*,#2398,.F.);
#3273=ORIENTED_EDGE('',*,*,#2368,.F.);
#3274=ORIENTED_EDGE('',*,*,#2362,.F.);
#3275=ORIENTED_EDGE('',*,*,#2367,.F.);
#3276=ORIENTED_EDGE('',*,*,#2447,.F.);
#3277=ORIENTED_EDGE('',*,*,#2445,.T.);
#3278=ORIENTED_EDGE('',*,*,#2233,.F.);
#3279=ORIENTED_EDGE('',*,*,#2448,.F.);
#3280=ORIENTED_EDGE('',*,*,#2449,.F.);
#3281=ORIENTED_EDGE('',*,*,#2256,.T.);
#3282=ORIENTED_EDGE('',*,*,#2239,.F.);
#3283=ORIENTED_EDGE('',*,*,#2232,.F.);
#3284=ORIENTED_EDGE('',*,*,#2238,.F.);
#3285=ORIENTED_EDGE('',*,*,#2450,.F.);
#3286=ORIENTED_EDGE('',*,*,#2448,.T.);
#3287=ORIENTED_EDGE('',*,*,#2414,.F.);
#3288=ORIENTED_EDGE('',*,*,#2451,.F.);
#3289=ORIENTED_EDGE('',*,*,#2452,.F.);
#3290=ORIENTED_EDGE('',*,*,#2236,.T.);
#3291=ORIENTED_EDGE('',*,*,#2248,.F.);
#3292=ORIENTED_EDGE('',*,*,#2416,.F.);
#3293=ORIENTED_EDGE('',*,*,#2419,.F.);
#3294=ORIENTED_EDGE('',*,*,#2453,.F.);
#3295=ORIENTED_EDGE('',*,*,#2451,.T.);
#3296=ORIENTED_EDGE('',*,*,#2420,.F.);
#3297=ORIENTED_EDGE('',*,*,#2454,.F.);
#3298=ORIENTED_EDGE('',*,*,#2455,.F.);
#3299=ORIENTED_EDGE('',*,*,#2417,.T.);
#3300=ORIENTED_EDGE('',*,*,#2245,.F.);
#3301=ORIENTED_EDGE('',*,*,#2422,.F.);
#3302=ORIENTED_EDGE('',*,*,#2425,.F.);
#3303=ORIENTED_EDGE('',*,*,#2456,.F.);
#3304=ORIENTED_EDGE('',*,*,#2454,.T.);
#3305=ORIENTED_EDGE('',*,*,#2252,.F.);
#3306=ORIENTED_EDGE('',*,*,#2265,.F.);
#3307=ORIENTED_EDGE('',*,*,#2457,.F.);
#3308=ORIENTED_EDGE('',*,*,#2423,.T.);
#3309=ORIENTED_EDGE('',*,*,#2242,.F.);
#3310=ORIENTED_EDGE('',*,*,#2458,.F.);
#3311=ORIENTED_EDGE('',*,*,#2263,.T.);
#3312=ORIENTED_EDGE('',*,*,#2273,.F.);
#3313=ORIENTED_EDGE('',*,*,#2431,.F.);
#3314=ORIENTED_EDGE('',*,*,#2427,.F.);
#3315=ORIENTED_EDGE('',*,*,#2459,.F.);
#3316=ORIENTED_EDGE('',*,*,#2460,.F.);
#3317=ORIENTED_EDGE('',*,*,#2429,.T.);
#3318=ORIENTED_EDGE('',*,*,#2426,.F.);
#3319=ORIENTED_EDGE('',*,*,#2270,.F.);
#3320=ORIENTED_EDGE('',*,*,#2461,.F.);
#3321=ORIENTED_EDGE('',*,*,#2462,.F.);
#3322=ORIENTED_EDGE('',*,*,#2459,.T.);
#3323=ORIENTED_EDGE('',*,*,#2463,.F.);
#3324=ORIENTED_EDGE('',*,*,#2461,.T.);
#3325=ORIENTED_EDGE('',*,*,#2269,.F.);
#3326=ORIENTED_EDGE('',*,*,#2464,.F.);
#3327=ORIENTED_EDGE('',*,*,#2258,.F.);
#3328=ORIENTED_EDGE('',*,*,#2465,.F.);
#3329=ORIENTED_EDGE('',*,*,#2466,.F.);
#3330=ORIENTED_EDGE('',*,*,#2464,.T.);
#3331=ORIENTED_EDGE('',*,*,#2268,.F.);
#3332=ORIENTED_EDGE('',*,*,#2261,.F.);
#3333=ORIENTED_EDGE('',*,*,#2267,.F.);
#3334=ORIENTED_EDGE('',*,*,#2467,.F.);
#3335=ORIENTED_EDGE('',*,*,#2465,.T.);
#3336=ORIENTED_EDGE('',*,*,#2288,.F.);
#3337=ORIENTED_EDGE('',*,*,#2468,.F.);
#3338=ORIENTED_EDGE('',*,*,#2469,.F.);
#3339=ORIENTED_EDGE('',*,*,#2307,.T.);
#3340=ORIENTED_EDGE('',*,*,#2296,.F.);
#3341=ORIENTED_EDGE('',*,*,#2291,.F.);
#3342=ORIENTED_EDGE('',*,*,#2295,.F.);
#3343=ORIENTED_EDGE('',*,*,#2470,.F.);
#3344=ORIENTED_EDGE('',*,*,#2468,.T.);
#3345=ORIENTED_EDGE('',*,*,#2471,.F.);
#3346=ORIENTED_EDGE('',*,*,#2293,.T.);
#3347=ORIENTED_EDGE('',*,*,#2303,.F.);
#3348=ORIENTED_EDGE('',*,*,#2472,.F.);
#3349=ORIENTED_EDGE('',*,*,#2473,.F.);
#3350=ORIENTED_EDGE('',*,*,#2472,.T.);
#3351=ORIENTED_EDGE('',*,*,#2302,.F.);
#3352=ORIENTED_EDGE('',*,*,#2407,.F.);
#3353=ORIENTED_EDGE('',*,*,#2404,.F.);
#3354=ORIENTED_EDGE('',*,*,#2474,.F.);
#3355=ORIENTED_EDGE('',*,*,#2475,.F.);
#3356=ORIENTED_EDGE('',*,*,#2405,.T.);
#3357=ORIENTED_EDGE('',*,*,#2304,.F.);
#3358=ORIENTED_EDGE('',*,*,#2476,.F.);
#3359=ORIENTED_EDGE('',*,*,#2477,.F.);
#3360=ORIENTED_EDGE('',*,*,#2474,.T.);
#3361=ORIENTED_EDGE('',*,*,#2403,.F.);
#3362=ORIENTED_EDGE('',*,*,#2299,.F.);
#3363=ORIENTED_EDGE('',*,*,#2306,.F.);
#3364=ORIENTED_EDGE('',*,*,#2309,.F.);
#3365=ORIENTED_EDGE('',*,*,#2478,.F.);
#3366=ORIENTED_EDGE('',*,*,#2476,.T.);
#3367=ORIENTED_EDGE('',*,*,#2479,.F.);
#3368=ORIENTED_EDGE('',*,*,#2279,.T.);
#3369=ORIENTED_EDGE('',*,*,#2287,.F.);
#3370=ORIENTED_EDGE('',*,*,#2413,.F.);
#3371=ORIENTED_EDGE('',*,*,#2410,.F.);
#3372=ORIENTED_EDGE('',*,*,#2480,.F.);
#3373=ORIENTED_EDGE('',*,*,#2481,.F.);
#3374=ORIENTED_EDGE('',*,*,#2411,.T.);
#3375=ORIENTED_EDGE('',*,*,#2409,.F.);
#3376=ORIENTED_EDGE('',*,*,#2284,.F.);
#3377=ORIENTED_EDGE('',*,*,#2482,.F.);
#3378=ORIENTED_EDGE('',*,*,#2483,.F.);
#3379=ORIENTED_EDGE('',*,*,#2480,.T.);
#3380=ORIENTED_EDGE('',*,*,#2484,.F.);
#3381=ORIENTED_EDGE('',*,*,#2482,.T.);
#3382=ORIENTED_EDGE('',*,*,#2283,.F.);
#3383=ORIENTED_EDGE('',*,*,#2485,.F.);
#3384=ORIENTED_EDGE('',*,*,#2274,.F.);
#3385=ORIENTED_EDGE('',*,*,#2486,.F.);
#3386=ORIENTED_EDGE('',*,*,#2487,.F.);
#3387=ORIENTED_EDGE('',*,*,#2485,.T.);
#3388=ORIENTED_EDGE('',*,*,#2282,.F.);
#3389=ORIENTED_EDGE('',*,*,#2277,.F.);
#3390=ORIENTED_EDGE('',*,*,#2281,.F.);
#3391=ORIENTED_EDGE('',*,*,#2488,.F.);
#3392=ORIENTED_EDGE('',*,*,#2486,.T.);
#3393=ORIENTED_EDGE('',*,*,#2489,.F.);
#3394=ORIENTED_EDGE('',*,*,#2490,.T.);
#3395=ORIENTED_EDGE('',*,*,#2491,.F.);
#3396=ORIENTED_EDGE('',*,*,#2492,.F.);
#3397=ORIENTED_EDGE('',*,*,#2493,.F.);
#3398=ORIENTED_EDGE('',*,*,#2492,.T.);
#3399=ORIENTED_EDGE('',*,*,#2494,.F.);
#3400=ORIENTED_EDGE('',*,*,#2495,.F.);
#3401=ORIENTED_EDGE('',*,*,#2496,.F.);
#3402=ORIENTED_EDGE('',*,*,#2495,.T.);
#3403=ORIENTED_EDGE('',*,*,#2497,.F.);
#3404=ORIENTED_EDGE('',*,*,#2498,.F.);
#3405=ORIENTED_EDGE('',*,*,#2499,.F.);
#3406=ORIENTED_EDGE('',*,*,#2498,.T.);
#3407=ORIENTED_EDGE('',*,*,#2500,.F.);
#3408=ORIENTED_EDGE('',*,*,#2501,.F.);
#3409=ORIENTED_EDGE('',*,*,#2502,.F.);
#3410=ORIENTED_EDGE('',*,*,#2501,.T.);
#3411=ORIENTED_EDGE('',*,*,#2503,.F.);
#3412=ORIENTED_EDGE('',*,*,#2504,.F.);
#3413=ORIENTED_EDGE('',*,*,#2505,.F.);
#3414=ORIENTED_EDGE('',*,*,#2504,.T.);
#3415=ORIENTED_EDGE('',*,*,#2506,.F.);
#3416=ORIENTED_EDGE('',*,*,#2507,.F.);
#3417=ORIENTED_EDGE('',*,*,#2508,.F.);
#3418=ORIENTED_EDGE('',*,*,#2507,.T.);
#3419=ORIENTED_EDGE('',*,*,#2509,.F.);
#3420=ORIENTED_EDGE('',*,*,#2510,.F.);
#3421=ORIENTED_EDGE('',*,*,#2511,.F.);
#3422=ORIENTED_EDGE('',*,*,#2510,.T.);
#3423=ORIENTED_EDGE('',*,*,#2512,.F.);
#3424=ORIENTED_EDGE('',*,*,#2513,.F.);
#3425=ORIENTED_EDGE('',*,*,#2514,.F.);
#3426=ORIENTED_EDGE('',*,*,#2513,.T.);
#3427=ORIENTED_EDGE('',*,*,#2515,.F.);
#3428=ORIENTED_EDGE('',*,*,#2516,.F.);
#3429=ORIENTED_EDGE('',*,*,#2517,.F.);
#3430=ORIENTED_EDGE('',*,*,#2516,.T.);
#3431=ORIENTED_EDGE('',*,*,#2518,.F.);
#3432=ORIENTED_EDGE('',*,*,#2490,.F.);
#3433=ORIENTED_EDGE('',*,*,#2519,.F.);
#3434=ORIENTED_EDGE('',*,*,#2520,.T.);
#3435=ORIENTED_EDGE('',*,*,#2521,.F.);
#3436=ORIENTED_EDGE('',*,*,#2522,.F.);
#3437=ORIENTED_EDGE('',*,*,#2523,.F.);
#3438=ORIENTED_EDGE('',*,*,#2522,.T.);
#3439=ORIENTED_EDGE('',*,*,#2524,.F.);
#3440=ORIENTED_EDGE('',*,*,#2525,.F.);
#3441=ORIENTED_EDGE('',*,*,#2526,.F.);
#3442=ORIENTED_EDGE('',*,*,#2525,.T.);
#3443=ORIENTED_EDGE('',*,*,#2527,.F.);
#3444=ORIENTED_EDGE('',*,*,#2528,.F.);
#3445=ORIENTED_EDGE('',*,*,#2529,.F.);
#3446=ORIENTED_EDGE('',*,*,#2528,.T.);
#3447=ORIENTED_EDGE('',*,*,#2530,.F.);
#3448=ORIENTED_EDGE('',*,*,#2531,.F.);
#3449=ORIENTED_EDGE('',*,*,#2532,.F.);
#3450=ORIENTED_EDGE('',*,*,#2531,.T.);
#3451=ORIENTED_EDGE('',*,*,#2533,.F.);
#3452=ORIENTED_EDGE('',*,*,#2534,.F.);
#3453=ORIENTED_EDGE('',*,*,#2535,.F.);
#3454=ORIENTED_EDGE('',*,*,#2534,.T.);
#3455=ORIENTED_EDGE('',*,*,#2536,.F.);
#3456=ORIENTED_EDGE('',*,*,#2537,.F.);
#3457=ORIENTED_EDGE('',*,*,#2538,.F.);
#3458=ORIENTED_EDGE('',*,*,#2537,.T.);
#3459=ORIENTED_EDGE('',*,*,#2539,.F.);
#3460=ORIENTED_EDGE('',*,*,#2540,.F.);
#3461=ORIENTED_EDGE('',*,*,#2541,.F.);
#3462=ORIENTED_EDGE('',*,*,#2540,.T.);
#3463=ORIENTED_EDGE('',*,*,#2542,.F.);
#3464=ORIENTED_EDGE('',*,*,#2543,.F.);
#3465=ORIENTED_EDGE('',*,*,#2544,.F.);
#3466=ORIENTED_EDGE('',*,*,#2543,.T.);
#3467=ORIENTED_EDGE('',*,*,#2545,.F.);
#3468=ORIENTED_EDGE('',*,*,#2546,.F.);
#3469=ORIENTED_EDGE('',*,*,#2547,.F.);
#3470=ORIENTED_EDGE('',*,*,#2546,.T.);
#3471=ORIENTED_EDGE('',*,*,#2548,.F.);
#3472=ORIENTED_EDGE('',*,*,#2549,.F.);
#3473=ORIENTED_EDGE('',*,*,#2550,.F.);
#3474=ORIENTED_EDGE('',*,*,#2549,.T.);
#3475=ORIENTED_EDGE('',*,*,#2551,.F.);
#3476=ORIENTED_EDGE('',*,*,#2552,.F.);
#3477=ORIENTED_EDGE('',*,*,#2553,.F.);
#3478=ORIENTED_EDGE('',*,*,#2552,.T.);
#3479=ORIENTED_EDGE('',*,*,#2554,.F.);
#3480=ORIENTED_EDGE('',*,*,#2555,.F.);
#3481=ORIENTED_EDGE('',*,*,#2556,.F.);
#3482=ORIENTED_EDGE('',*,*,#2555,.T.);
#3483=ORIENTED_EDGE('',*,*,#2557,.F.);
#3484=ORIENTED_EDGE('',*,*,#2558,.F.);
#3485=ORIENTED_EDGE('',*,*,#2559,.F.);
#3486=ORIENTED_EDGE('',*,*,#2558,.T.);
#3487=ORIENTED_EDGE('',*,*,#2560,.F.);
#3488=ORIENTED_EDGE('',*,*,#2561,.F.);
#3489=ORIENTED_EDGE('',*,*,#2562,.F.);
#3490=ORIENTED_EDGE('',*,*,#2561,.T.);
#3491=ORIENTED_EDGE('',*,*,#2563,.F.);
#3492=ORIENTED_EDGE('',*,*,#2564,.F.);
#3493=ORIENTED_EDGE('',*,*,#2565,.F.);
#3494=ORIENTED_EDGE('',*,*,#2564,.T.);
#3495=ORIENTED_EDGE('',*,*,#2566,.F.);
#3496=ORIENTED_EDGE('',*,*,#2567,.F.);
#3497=ORIENTED_EDGE('',*,*,#2568,.F.);
#3498=ORIENTED_EDGE('',*,*,#2567,.T.);
#3499=ORIENTED_EDGE('',*,*,#2569,.F.);
#3500=ORIENTED_EDGE('',*,*,#2520,.F.);
#3501=ORIENTED_EDGE('',*,*,#2569,.T.);
#3502=ORIENTED_EDGE('',*,*,#2566,.T.);
#3503=ORIENTED_EDGE('',*,*,#2563,.T.);
#3504=ORIENTED_EDGE('',*,*,#2560,.T.);
#3505=ORIENTED_EDGE('',*,*,#2557,.T.);
#3506=ORIENTED_EDGE('',*,*,#2554,.T.);
#3507=ORIENTED_EDGE('',*,*,#2551,.T.);
#3508=ORIENTED_EDGE('',*,*,#2548,.T.);
#3509=ORIENTED_EDGE('',*,*,#2545,.T.);
#3510=ORIENTED_EDGE('',*,*,#2542,.T.);
#3511=ORIENTED_EDGE('',*,*,#2539,.T.);
#3512=ORIENTED_EDGE('',*,*,#2536,.T.);
#3513=ORIENTED_EDGE('',*,*,#2533,.T.);
#3514=ORIENTED_EDGE('',*,*,#2530,.T.);
#3515=ORIENTED_EDGE('',*,*,#2527,.T.);
#3516=ORIENTED_EDGE('',*,*,#2524,.T.);
#3517=ORIENTED_EDGE('',*,*,#2521,.T.);
#3518=ORIENTED_EDGE('',*,*,#2518,.T.);
#3519=ORIENTED_EDGE('',*,*,#2515,.T.);
#3520=ORIENTED_EDGE('',*,*,#2512,.T.);
#3521=ORIENTED_EDGE('',*,*,#2509,.T.);
#3522=ORIENTED_EDGE('',*,*,#2506,.T.);
#3523=ORIENTED_EDGE('',*,*,#2503,.T.);
#3524=ORIENTED_EDGE('',*,*,#2500,.T.);
#3525=ORIENTED_EDGE('',*,*,#2497,.T.);
#3526=ORIENTED_EDGE('',*,*,#2494,.T.);
#3527=ORIENTED_EDGE('',*,*,#2491,.T.);
#3528=ORIENTED_EDGE('',*,*,#2570,.F.);
#3529=ORIENTED_EDGE('',*,*,#2571,.F.);
#3530=ORIENTED_EDGE('',*,*,#2572,.F.);
#3531=ORIENTED_EDGE('',*,*,#2573,.F.);
#3532=ORIENTED_EDGE('',*,*,#2366,.T.);
#3533=ORIENTED_EDGE('',*,*,#2444,.T.);
#3534=ORIENTED_EDGE('',*,*,#2446,.T.);
#3535=ORIENTED_EDGE('',*,*,#2447,.T.);
#3536=ORIENTED_EDGE('',*,*,#2254,.T.);
#3537=ORIENTED_EDGE('',*,*,#2257,.T.);
#3538=ORIENTED_EDGE('',*,*,#2449,.T.);
#3539=ORIENTED_EDGE('',*,*,#2450,.T.);
#3540=ORIENTED_EDGE('',*,*,#2237,.T.);
#3541=ORIENTED_EDGE('',*,*,#2452,.T.);
#3542=ORIENTED_EDGE('',*,*,#2453,.T.);
#3543=ORIENTED_EDGE('',*,*,#2418,.T.);
#3544=ORIENTED_EDGE('',*,*,#2455,.T.);
#3545=ORIENTED_EDGE('',*,*,#2456,.T.);
#3546=ORIENTED_EDGE('',*,*,#2424,.T.);
#3547=ORIENTED_EDGE('',*,*,#2457,.T.);
#3548=ORIENTED_EDGE('',*,*,#2264,.T.);
#3549=ORIENTED_EDGE('',*,*,#2458,.T.);
#3550=ORIENTED_EDGE('',*,*,#2430,.T.);
#3551=ORIENTED_EDGE('',*,*,#2460,.T.);
#3552=ORIENTED_EDGE('',*,*,#2462,.T.);
#3553=ORIENTED_EDGE('',*,*,#2463,.T.);
#3554=ORIENTED_EDGE('',*,*,#2466,.T.);
#3555=ORIENTED_EDGE('',*,*,#2467,.T.);
#3556=ORIENTED_EDGE('',*,*,#2266,.T.);
#3557=ORIENTED_EDGE('',*,*,#2308,.T.);
#3558=ORIENTED_EDGE('',*,*,#2469,.T.);
#3559=ORIENTED_EDGE('',*,*,#2470,.T.);
#3560=ORIENTED_EDGE('',*,*,#2294,.T.);
#3561=ORIENTED_EDGE('',*,*,#2471,.T.);
#3562=ORIENTED_EDGE('',*,*,#2473,.T.);
#3563=ORIENTED_EDGE('',*,*,#2406,.T.);
#3564=ORIENTED_EDGE('',*,*,#2475,.T.);
#3565=ORIENTED_EDGE('',*,*,#2477,.T.);
#3566=ORIENTED_EDGE('',*,*,#2478,.T.);
#3567=ORIENTED_EDGE('',*,*,#2280,.T.);
#3568=ORIENTED_EDGE('',*,*,#2479,.T.);
#3569=ORIENTED_EDGE('',*,*,#2412,.T.);
#3570=ORIENTED_EDGE('',*,*,#2481,.T.);
#3571=ORIENTED_EDGE('',*,*,#2483,.T.);
#3572=ORIENTED_EDGE('',*,*,#2484,.T.);
#3573=ORIENTED_EDGE('',*,*,#2487,.T.);
#3574=ORIENTED_EDGE('',*,*,#2488,.T.);
#3575=ORIENTED_EDGE('',*,*,#2574,.T.);
#3576=ORIENTED_EDGE('',*,*,#2575,.T.);
#3577=ORIENTED_EDGE('',*,*,#2576,.T.);
#3578=ORIENTED_EDGE('',*,*,#2577,.T.);
#3579=ORIENTED_EDGE('',*,*,#2578,.T.);
#3580=ORIENTED_EDGE('',*,*,#2579,.T.);
#3581=ORIENTED_EDGE('',*,*,#2346,.T.);
#3582=ORIENTED_EDGE('',*,*,#2580,.T.);
#3583=ORIENTED_EDGE('',*,*,#2581,.T.);
#3584=ORIENTED_EDGE('',*,*,#2582,.T.);
#3585=ORIENTED_EDGE('',*,*,#2583,.T.);
#3586=ORIENTED_EDGE('',*,*,#2584,.T.);
#3587=ORIENTED_EDGE('',*,*,#2585,.T.);
#3588=ORIENTED_EDGE('',*,*,#2586,.T.);
#3589=ORIENTED_EDGE('',*,*,#2587,.T.);
#3590=ORIENTED_EDGE('',*,*,#2588,.T.);
#3591=ORIENTED_EDGE('',*,*,#2589,.T.);
#3592=ORIENTED_EDGE('',*,*,#2590,.T.);
#3593=ORIENTED_EDGE('',*,*,#2591,.T.);
#3594=ORIENTED_EDGE('',*,*,#2592,.T.);
#3595=ORIENTED_EDGE('',*,*,#2593,.T.);
#3596=ORIENTED_EDGE('',*,*,#2594,.T.);
#3597=ORIENTED_EDGE('',*,*,#2595,.T.);
#3598=ORIENTED_EDGE('',*,*,#2596,.T.);
#3599=ORIENTED_EDGE('',*,*,#2597,.T.);
#3600=ORIENTED_EDGE('',*,*,#2598,.F.);
#3601=ORIENTED_EDGE('',*,*,#2599,.T.);
#3602=ORIENTED_EDGE('',*,*,#2600,.F.);
#3603=ORIENTED_EDGE('',*,*,#2112,.T.);
#3604=ORIENTED_EDGE('',*,*,#2117,.T.);
#3605=ORIENTED_EDGE('',*,*,#2093,.T.);
#3606=ORIENTED_EDGE('',*,*,#2601,.F.);
#3607=ORIENTED_EDGE('',*,*,#2602,.T.);
#3608=ORIENTED_EDGE('',*,*,#2603,.F.);
#3609=ORIENTED_EDGE('',*,*,#2604,.T.);
#3610=ORIENTED_EDGE('',*,*,#2605,.F.);
#3611=ORIENTED_EDGE('',*,*,#2606,.T.);
#3612=ORIENTED_EDGE('',*,*,#2607,.F.);
#3613=ORIENTED_EDGE('',*,*,#2608,.T.);
#3614=ORIENTED_EDGE('',*,*,#2355,.T.);
#3615=ORIENTED_EDGE('',*,*,#2609,.T.);
#3616=ORIENTED_EDGE('',*,*,#2610,.T.);
#3617=ORIENTED_EDGE('',*,*,#2611,.T.);
#3618=ORIENTED_EDGE('',*,*,#2519,.T.);
#3619=ORIENTED_EDGE('',*,*,#2523,.T.);
#3620=ORIENTED_EDGE('',*,*,#2526,.T.);
#3621=ORIENTED_EDGE('',*,*,#2529,.T.);
#3622=ORIENTED_EDGE('',*,*,#2532,.T.);
#3623=ORIENTED_EDGE('',*,*,#2535,.T.);
#3624=ORIENTED_EDGE('',*,*,#2538,.T.);
#3625=ORIENTED_EDGE('',*,*,#2541,.T.);
#3626=ORIENTED_EDGE('',*,*,#2544,.T.);
#3627=ORIENTED_EDGE('',*,*,#2547,.T.);
#3628=ORIENTED_EDGE('',*,*,#2550,.T.);
#3629=ORIENTED_EDGE('',*,*,#2553,.T.);
#3630=ORIENTED_EDGE('',*,*,#2556,.T.);
#3631=ORIENTED_EDGE('',*,*,#2559,.T.);
#3632=ORIENTED_EDGE('',*,*,#2562,.T.);
#3633=ORIENTED_EDGE('',*,*,#2565,.T.);
#3634=ORIENTED_EDGE('',*,*,#2568,.T.);
#3635=ORIENTED_EDGE('',*,*,#2376,.T.);
#3636=ORIENTED_EDGE('',*,*,#2433,.T.);
#3637=ORIENTED_EDGE('',*,*,#2434,.T.);
#3638=ORIENTED_EDGE('',*,*,#2390,.T.);
#3639=ORIENTED_EDGE('',*,*,#2435,.T.);
#3640=ORIENTED_EDGE('',*,*,#2437,.T.);
#3641=ORIENTED_EDGE('',*,*,#2396,.T.);
#3642=ORIENTED_EDGE('',*,*,#2439,.T.);
#3643=ORIENTED_EDGE('',*,*,#2441,.T.);
#3644=ORIENTED_EDGE('',*,*,#2442,.T.);
#3645=ORIENTED_EDGE('',*,*,#2401,.F.);
#3646=ORIENTED_EDGE('',*,*,#2612,.F.);
#3647=ORIENTED_EDGE('',*,*,#2609,.F.);
#3648=ORIENTED_EDGE('',*,*,#2354,.T.);
#3649=ORIENTED_EDGE('',*,*,#2348,.F.);
#3650=ORIENTED_EDGE('',*,*,#2613,.F.);
#3651=ORIENTED_EDGE('',*,*,#2610,.F.);
#3652=ORIENTED_EDGE('',*,*,#2612,.T.);
#3653=ORIENTED_EDGE('',*,*,#2400,.F.);
#3654=ORIENTED_EDGE('',*,*,#2357,.F.);
#3655=ORIENTED_EDGE('',*,*,#2351,.F.);
#3656=ORIENTED_EDGE('',*,*,#2356,.F.);
#3657=ORIENTED_EDGE('',*,*,#2611,.F.);
#3658=ORIENTED_EDGE('',*,*,#2613,.T.);
#3659=ORIENTED_EDGE('',*,*,#2614,.F.);
#3660=ORIENTED_EDGE('',*,*,#2615,.T.);
#3661=ORIENTED_EDGE('',*,*,#2344,.F.);
#3662=ORIENTED_EDGE('',*,*,#2616,.F.);
#3663=ORIENTED_EDGE('',*,*,#2617,.F.);
#3664=ORIENTED_EDGE('',*,*,#2616,.T.);
#3665=ORIENTED_EDGE('',*,*,#2343,.F.);
#3666=ORIENTED_EDGE('',*,*,#2618,.F.);
#3667=ORIENTED_EDGE('',*,*,#2619,.F.);
#3668=ORIENTED_EDGE('',*,*,#2618,.T.);
#3669=ORIENTED_EDGE('',*,*,#2342,.F.);
#3670=ORIENTED_EDGE('',*,*,#2620,.F.);
#3671=ORIENTED_EDGE('',*,*,#2621,.F.);
#3672=ORIENTED_EDGE('',*,*,#2620,.T.);
#3673=ORIENTED_EDGE('',*,*,#2341,.F.);
#3674=ORIENTED_EDGE('',*,*,#2622,.F.);
#3675=ORIENTED_EDGE('',*,*,#2623,.F.);
#3676=ORIENTED_EDGE('',*,*,#2622,.T.);
#3677=ORIENTED_EDGE('',*,*,#2340,.F.);
#3678=ORIENTED_EDGE('',*,*,#2624,.F.);
#3679=ORIENTED_EDGE('',*,*,#2625,.F.);
#3680=ORIENTED_EDGE('',*,*,#2624,.T.);
#3681=ORIENTED_EDGE('',*,*,#2339,.F.);
#3682=ORIENTED_EDGE('',*,*,#2626,.F.);
#3683=ORIENTED_EDGE('',*,*,#2627,.F.);
#3684=ORIENTED_EDGE('',*,*,#2626,.T.);
#3685=ORIENTED_EDGE('',*,*,#2338,.F.);
#3686=ORIENTED_EDGE('',*,*,#2615,.F.);
#3687=ORIENTED_EDGE('',*,*,#2574,.F.);
#3688=ORIENTED_EDGE('',*,*,#2628,.T.);
#3689=ORIENTED_EDGE('',*,*,#2320,.F.);
#3690=ORIENTED_EDGE('',*,*,#2629,.F.);
#3691=ORIENTED_EDGE('',*,*,#2575,.F.);
#3692=ORIENTED_EDGE('',*,*,#2629,.T.);
#3693=ORIENTED_EDGE('',*,*,#2319,.F.);
#3694=ORIENTED_EDGE('',*,*,#2630,.F.);
#3695=ORIENTED_EDGE('',*,*,#2576,.F.);
#3696=ORIENTED_EDGE('',*,*,#2630,.T.);
#3697=ORIENTED_EDGE('',*,*,#2318,.F.);
#3698=ORIENTED_EDGE('',*,*,#2631,.F.);
#3699=ORIENTED_EDGE('',*,*,#2577,.F.);
#3700=ORIENTED_EDGE('',*,*,#2631,.T.);
#3701=ORIENTED_EDGE('',*,*,#2317,.F.);
#3702=ORIENTED_EDGE('',*,*,#2632,.F.);
#3703=ORIENTED_EDGE('',*,*,#2578,.F.);
#3704=ORIENTED_EDGE('',*,*,#2632,.T.);
#3705=ORIENTED_EDGE('',*,*,#2316,.F.);
#3706=ORIENTED_EDGE('',*,*,#2633,.F.);
#3707=ORIENTED_EDGE('',*,*,#2579,.F.);
#3708=ORIENTED_EDGE('',*,*,#2633,.T.);
#3709=ORIENTED_EDGE('',*,*,#2315,.F.);
#3710=ORIENTED_EDGE('',*,*,#2347,.F.);
#3711=ORIENTED_EDGE('',*,*,#2311,.F.);
#3712=ORIENTED_EDGE('',*,*,#2634,.F.);
#3713=ORIENTED_EDGE('',*,*,#2580,.F.);
#3714=ORIENTED_EDGE('',*,*,#2345,.T.);
#3715=ORIENTED_EDGE('',*,*,#2310,.F.);
#3716=ORIENTED_EDGE('',*,*,#2337,.F.);
#3717=ORIENTED_EDGE('',*,*,#2635,.F.);
#3718=ORIENTED_EDGE('',*,*,#2581,.F.);
#3719=ORIENTED_EDGE('',*,*,#2634,.T.);
#3720=ORIENTED_EDGE('',*,*,#2582,.F.);
#3721=ORIENTED_EDGE('',*,*,#2635,.T.);
#3722=ORIENTED_EDGE('',*,*,#2336,.F.);
#3723=ORIENTED_EDGE('',*,*,#2636,.F.);
#3724=ORIENTED_EDGE('',*,*,#2583,.F.);
#3725=ORIENTED_EDGE('',*,*,#2636,.T.);
#3726=ORIENTED_EDGE('',*,*,#2335,.F.);
#3727=ORIENTED_EDGE('',*,*,#2637,.F.);
#3728=ORIENTED_EDGE('',*,*,#2584,.F.);
#3729=ORIENTED_EDGE('',*,*,#2637,.T.);
#3730=ORIENTED_EDGE('',*,*,#2334,.F.);
#3731=ORIENTED_EDGE('',*,*,#2638,.F.);
#3732=ORIENTED_EDGE('',*,*,#2585,.F.);
#3733=ORIENTED_EDGE('',*,*,#2638,.T.);
#3734=ORIENTED_EDGE('',*,*,#2333,.F.);
#3735=ORIENTED_EDGE('',*,*,#2639,.F.);
#3736=ORIENTED_EDGE('',*,*,#2586,.F.);
#3737=ORIENTED_EDGE('',*,*,#2639,.T.);
#3738=ORIENTED_EDGE('',*,*,#2332,.F.);
#3739=ORIENTED_EDGE('',*,*,#2640,.F.);
#3740=ORIENTED_EDGE('',*,*,#2587,.F.);
#3741=ORIENTED_EDGE('',*,*,#2640,.T.);
#3742=ORIENTED_EDGE('',*,*,#2331,.F.);
#3743=ORIENTED_EDGE('',*,*,#2641,.F.);
#3744=ORIENTED_EDGE('',*,*,#2588,.F.);
#3745=ORIENTED_EDGE('',*,*,#2641,.T.);
#3746=ORIENTED_EDGE('',*,*,#2330,.F.);
#3747=ORIENTED_EDGE('',*,*,#2642,.F.);
#3748=ORIENTED_EDGE('',*,*,#2589,.F.);
#3749=ORIENTED_EDGE('',*,*,#2642,.T.);
#3750=ORIENTED_EDGE('',*,*,#2329,.F.);
#3751=ORIENTED_EDGE('',*,*,#2643,.F.);
#3752=ORIENTED_EDGE('',*,*,#2590,.F.);
#3753=ORIENTED_EDGE('',*,*,#2643,.T.);
#3754=ORIENTED_EDGE('',*,*,#2328,.F.);
#3755=ORIENTED_EDGE('',*,*,#2644,.F.);
#3756=ORIENTED_EDGE('',*,*,#2591,.F.);
#3757=ORIENTED_EDGE('',*,*,#2644,.T.);
#3758=ORIENTED_EDGE('',*,*,#2327,.F.);
#3759=ORIENTED_EDGE('',*,*,#2645,.F.);
#3760=ORIENTED_EDGE('',*,*,#2592,.F.);
#3761=ORIENTED_EDGE('',*,*,#2645,.T.);
#3762=ORIENTED_EDGE('',*,*,#2326,.F.);
#3763=ORIENTED_EDGE('',*,*,#2646,.F.);
#3764=ORIENTED_EDGE('',*,*,#2593,.F.);
#3765=ORIENTED_EDGE('',*,*,#2646,.T.);
#3766=ORIENTED_EDGE('',*,*,#2325,.F.);
#3767=ORIENTED_EDGE('',*,*,#2647,.F.);
#3768=ORIENTED_EDGE('',*,*,#2594,.F.);
#3769=ORIENTED_EDGE('',*,*,#2647,.T.);
#3770=ORIENTED_EDGE('',*,*,#2324,.F.);
#3771=ORIENTED_EDGE('',*,*,#2648,.F.);
#3772=ORIENTED_EDGE('',*,*,#2595,.F.);
#3773=ORIENTED_EDGE('',*,*,#2648,.T.);
#3774=ORIENTED_EDGE('',*,*,#2323,.F.);
#3775=ORIENTED_EDGE('',*,*,#2649,.F.);
#3776=ORIENTED_EDGE('',*,*,#2596,.F.);
#3777=ORIENTED_EDGE('',*,*,#2649,.T.);
#3778=ORIENTED_EDGE('',*,*,#2322,.F.);
#3779=ORIENTED_EDGE('',*,*,#2650,.F.);
#3780=ORIENTED_EDGE('',*,*,#2597,.F.);
#3781=ORIENTED_EDGE('',*,*,#2650,.T.);
#3782=ORIENTED_EDGE('',*,*,#2321,.F.);
#3783=ORIENTED_EDGE('',*,*,#2628,.F.);
#3784=ORIENTED_EDGE('',*,*,#2489,.T.);
#3785=ORIENTED_EDGE('',*,*,#2493,.T.);
#3786=ORIENTED_EDGE('',*,*,#2496,.T.);
#3787=ORIENTED_EDGE('',*,*,#2499,.T.);
#3788=ORIENTED_EDGE('',*,*,#2502,.T.);
#3789=ORIENTED_EDGE('',*,*,#2505,.T.);
#3790=ORIENTED_EDGE('',*,*,#2508,.T.);
#3791=ORIENTED_EDGE('',*,*,#2511,.T.);
#3792=ORIENTED_EDGE('',*,*,#2514,.T.);
#3793=ORIENTED_EDGE('',*,*,#2517,.T.);
#3794=ORIENTED_EDGE('',*,*,#2651,.T.);
#3795=ORIENTED_EDGE('',*,*,#2207,.T.);
#3796=ORIENTED_EDGE('',*,*,#2228,.T.);
#3797=ORIENTED_EDGE('',*,*,#2652,.T.);
#3798=ORIENTED_EDGE('',*,*,#2217,.T.);
#3799=ORIENTED_EDGE('',*,*,#2653,.T.);
#3800=ORIENTED_EDGE('',*,*,#2226,.T.);
#3801=ORIENTED_EDGE('',*,*,#2654,.T.);
#3802=ORIENTED_EDGE('',*,*,#2652,.F.);
#3803=ORIENTED_EDGE('',*,*,#2227,.F.);
#3804=ORIENTED_EDGE('',*,*,#2653,.F.);
#3805=ORIENTED_EDGE('',*,*,#2216,.T.);
#3806=ORIENTED_EDGE('',*,*,#2114,.T.);
#3807=ORIENTED_EDGE('',*,*,#2655,.F.);
#3808=ORIENTED_EDGE('',*,*,#2656,.F.);
#3809=ORIENTED_EDGE('',*,*,#2657,.F.);
#3810=ORIENTED_EDGE('',*,*,#2658,.F.);
#3811=ORIENTED_EDGE('',*,*,#2659,.F.);
#3812=ORIENTED_EDGE('',*,*,#2660,.F.);
#3813=ORIENTED_EDGE('',*,*,#2661,.F.);
#3814=ORIENTED_EDGE('',*,*,#2662,.F.);
#3815=ORIENTED_EDGE('',*,*,#2663,.F.);
#3816=ORIENTED_EDGE('',*,*,#2664,.F.);
#3817=ORIENTED_EDGE('',*,*,#2665,.F.);
#3818=ORIENTED_EDGE('',*,*,#2091,.T.);
#3819=ORIENTED_EDGE('',*,*,#2666,.T.);
#3820=ORIENTED_EDGE('',*,*,#2197,.T.);
#3821=ORIENTED_EDGE('',*,*,#2218,.F.);
#3822=ORIENTED_EDGE('',*,*,#2654,.F.);
#3823=ORIENTED_EDGE('',*,*,#2225,.F.);
#3824=ORIENTED_EDGE('',*,*,#2195,.T.);
#3825=ORIENTED_EDGE('',*,*,#2208,.T.);
#3826=ORIENTED_EDGE('',*,*,#2651,.F.);
#3827=ORIENTED_EDGE('',*,*,#2666,.F.);
#3828=ORIENTED_EDGE('',*,*,#2090,.F.);
#3829=ORIENTED_EDGE('',*,*,#2655,.T.);
#3830=ORIENTED_EDGE('',*,*,#2113,.T.);
#3831=ORIENTED_EDGE('',*,*,#2600,.T.);
#3832=ORIENTED_EDGE('',*,*,#2667,.T.);
#3833=ORIENTED_EDGE('',*,*,#2665,.T.);
#3834=ORIENTED_EDGE('',*,*,#2668,.T.);
#3835=ORIENTED_EDGE('',*,*,#2601,.T.);
#3836=ORIENTED_EDGE('',*,*,#2092,.T.);
#3837=ORIENTED_EDGE('',*,*,#2668,.F.);
#3838=ORIENTED_EDGE('',*,*,#2664,.T.);
#3839=ORIENTED_EDGE('',*,*,#2669,.F.);
#3840=ORIENTED_EDGE('',*,*,#2602,.F.);
#3841=ORIENTED_EDGE('',*,*,#2659,.T.);
#3842=ORIENTED_EDGE('',*,*,#2670,.T.);
#3843=ORIENTED_EDGE('',*,*,#2607,.T.);
#3844=ORIENTED_EDGE('',*,*,#2671,.T.);
#3845=ORIENTED_EDGE('',*,*,#2670,.F.);
#3846=ORIENTED_EDGE('',*,*,#2658,.T.);
#3847=ORIENTED_EDGE('',*,*,#2672,.F.);
#3848=ORIENTED_EDGE('',*,*,#2608,.F.);
#3849=ORIENTED_EDGE('',*,*,#2598,.T.);
#3850=ORIENTED_EDGE('',*,*,#2672,.T.);
#3851=ORIENTED_EDGE('',*,*,#2657,.T.);
#3852=ORIENTED_EDGE('',*,*,#2673,.T.);
#3853=ORIENTED_EDGE('',*,*,#2614,.T.);
#3854=ORIENTED_EDGE('',*,*,#2617,.T.);
#3855=ORIENTED_EDGE('',*,*,#2619,.T.);
#3856=ORIENTED_EDGE('',*,*,#2621,.T.);
#3857=ORIENTED_EDGE('',*,*,#2623,.T.);
#3858=ORIENTED_EDGE('',*,*,#2625,.T.);
#3859=ORIENTED_EDGE('',*,*,#2627,.T.);
#3860=ORIENTED_EDGE('',*,*,#2603,.T.);
#3861=ORIENTED_EDGE('',*,*,#2669,.T.);
#3862=ORIENTED_EDGE('',*,*,#2663,.T.);
#3863=ORIENTED_EDGE('',*,*,#2674,.T.);
#3864=ORIENTED_EDGE('',*,*,#2674,.F.);
#3865=ORIENTED_EDGE('',*,*,#2662,.T.);
#3866=ORIENTED_EDGE('',*,*,#2675,.F.);
#3867=ORIENTED_EDGE('',*,*,#2604,.F.);
#3868=ORIENTED_EDGE('',*,*,#2661,.T.);
#3869=ORIENTED_EDGE('',*,*,#2676,.T.);
#3870=ORIENTED_EDGE('',*,*,#2605,.T.);
#3871=ORIENTED_EDGE('',*,*,#2675,.T.);
#3872=ORIENTED_EDGE('',*,*,#2671,.F.);
#3873=ORIENTED_EDGE('',*,*,#2606,.F.);
#3874=ORIENTED_EDGE('',*,*,#2676,.F.);
#3875=ORIENTED_EDGE('',*,*,#2660,.T.);
#3876=ORIENTED_EDGE('',*,*,#2677,.F.);
#3877=ORIENTED_EDGE('',*,*,#2215,.F.);
#3878=ORIENTED_EDGE('',*,*,#2678,.F.);
#3879=ORIENTED_EDGE('',*,*,#2679,.F.);
#3880=ORIENTED_EDGE('',*,*,#2222,.F.);
#3881=ORIENTED_EDGE('',*,*,#2680,.F.);
#3882=ORIENTED_EDGE('',*,*,#2681,.F.);
#3883=ORIENTED_EDGE('',*,*,#2210,.F.);
#3884=ORIENTED_EDGE('',*,*,#2682,.F.);
#3885=ORIENTED_EDGE('',*,*,#2677,.T.);
#3886=ORIENTED_EDGE('',*,*,#2570,.T.);
#3887=ORIENTED_EDGE('',*,*,#2682,.T.);
#3888=ORIENTED_EDGE('',*,*,#2213,.T.);
#3889=ORIENTED_EDGE('',*,*,#2683,.F.);
#3890=ORIENTED_EDGE('',*,*,#2684,.F.);
#3891=ORIENTED_EDGE('',*,*,#2685,.F.);
#3892=ORIENTED_EDGE('',*,*,#2199,.T.);
#3893=ORIENTED_EDGE('',*,*,#2224,.T.);
#3894=ORIENTED_EDGE('',*,*,#2684,.T.);
#3895=ORIENTED_EDGE('',*,*,#2229,.T.);
#3896=ORIENTED_EDGE('',*,*,#2681,.T.);
#3897=ORIENTED_EDGE('',*,*,#2573,.T.);
#3898=ORIENTED_EDGE('',*,*,#2685,.T.);
#3899=ORIENTED_EDGE('',*,*,#2223,.T.);
#3900=ORIENTED_EDGE('',*,*,#2683,.T.);
#3901=ORIENTED_EDGE('',*,*,#2572,.T.);
#3902=ORIENTED_EDGE('',*,*,#2680,.T.);
#3903=ORIENTED_EDGE('',*,*,#2230,.T.);
#3904=ORIENTED_EDGE('',*,*,#2679,.T.);
#3905=ORIENTED_EDGE('',*,*,#2571,.T.);
#3906=ORIENTED_EDGE('',*,*,#2678,.T.);
#3907=ORIENTED_EDGE('',*,*,#2220,.T.);
#3908=ORIENTED_EDGE('',*,*,#2667,.F.);
#3909=ORIENTED_EDGE('',*,*,#2599,.F.);
#3910=ORIENTED_EDGE('',*,*,#2673,.F.);
#3911=ORIENTED_EDGE('',*,*,#2656,.T.);
#3912=CYLINDRICAL_SURFACE('',#4196,0.5);
#3913=CYLINDRICAL_SURFACE('',#4201,0.5);
#3914=CYLINDRICAL_SURFACE('',#4206,0.5);
#3915=CYLINDRICAL_SURFACE('',#4209,0.5);
#3916=CYLINDRICAL_SURFACE('',#4217,1.);
#3917=CYLINDRICAL_SURFACE('',#4222,1.);
#3918=CYLINDRICAL_SURFACE('',#4233,1.);
#3919=CYLINDRICAL_SURFACE('',#4236,1.5);
#3920=CYLINDRICAL_SURFACE('',#4240,1.);
#3921=CYLINDRICAL_SURFACE('',#4245,1.);
#3922=CYLINDRICAL_SURFACE('',#4256,1.);
#3923=CYLINDRICAL_SURFACE('',#4259,1.5);
#3924=CYLINDRICAL_SURFACE('',#4269,0.5);
#3925=CYLINDRICAL_SURFACE('',#4272,0.5);
#3926=CYLINDRICAL_SURFACE('',#4277,0.5);
#3927=CYLINDRICAL_SURFACE('',#4283,0.25);
#3928=CYLINDRICAL_SURFACE('',#4287,0.25);
#3929=CYLINDRICAL_SURFACE('',#4291,0.25);
#3930=CYLINDRICAL_SURFACE('',#4296,0.25);
#3931=CYLINDRICAL_SURFACE('',#4301,0.25);
#3932=CYLINDRICAL_SURFACE('',#4303,0.25);
#3933=CYLINDRICAL_SURFACE('',#4307,0.25);
#3934=CYLINDRICAL_SURFACE('',#4312,0.25);
#3935=CYLINDRICAL_SURFACE('',#4318,0.25);
#3936=CYLINDRICAL_SURFACE('',#4324,0.25);
#3937=CYLINDRICAL_SURFACE('',#4329,0.25);
#3938=CYLINDRICAL_SURFACE('',#4330,0.25);
#3939=CYLINDRICAL_SURFACE('',#4334,0.25);
#3940=CYLINDRICAL_SURFACE('',#4336,0.25);
#3941=CYLINDRICAL_SURFACE('',#4338,0.25);
#3942=CYLINDRICAL_SURFACE('',#4342,0.25);
#3943=CYLINDRICAL_SURFACE('',#4346,0.25);
#3944=CYLINDRICAL_SURFACE('',#4348,0.25);
#3945=CYLINDRICAL_SURFACE('',#4351,0.25);
#3946=CYLINDRICAL_SURFACE('',#4408,0.5);
#3947=CYLINDRICAL_SURFACE('',#4410,0.5);
#3948=CYLINDRICAL_SURFACE('',#4420,0.5);
#3949=CYLINDRICAL_SURFACE('',#4421,0.5);
#3950=CYLINDRICAL_SURFACE('',#4423,0.5);
#3951=CYLINDRICAL_SURFACE('',#4425,0.5);
#3952=CYLINDRICAL_SURFACE('',#4427,0.5);
#3953=CYLINDRICAL_SURFACE('',#4429,0.5);
#3954=CYLINDRICAL_SURFACE('',#4440,0.5);
#3955=CYLINDRICAL_SURFACE('',#4445,0.5);
#3956=CYLINDRICAL_SURFACE('',#4446,0.5);
#3957=CYLINDRICAL_SURFACE('',#4447,0.5);
#3958=CYLINDRICAL_SURFACE('',#4448,0.5);
#3959=ADVANCED_FACE('',(#327),#3912,.T.);
#3960=ADVANCED_FACE('',(#328),#217,.T.);
#3961=ADVANCED_FACE('',(#329),#218,.T.);
#3962=ADVANCED_FACE('',(#330),#3913,.T.);
#3963=ADVANCED_FACE('',(#331),#219,.T.);
#3964=ADVANCED_FACE('',(#332),#220,.F.);
#3965=ADVANCED_FACE('',(#333),#221,.T.);
#3966=ADVANCED_FACE('',(#334),#3914,.T.);
#3967=ADVANCED_FACE('',(#335),#3915,.T.);
#3968=ADVANCED_FACE('',(#336),#222,.T.);
#3969=ADVANCED_FACE('',(#337),#223,.F.);
#3970=ADVANCED_FACE('',(#338),#224,.T.);
#3971=ADVANCED_FACE('',(#339),#225,.T.);
#3972=ADVANCED_FACE('',(#340),#226,.T.);
#3973=ADVANCED_FACE('',(#341),#227,.T.);
#3974=ADVANCED_FACE('',(#342),#3916,.T.);
#3975=ADVANCED_FACE('',(#343),#228,.T.);
#3976=ADVANCED_FACE('',(#344),#229,.T.);
#3977=ADVANCED_FACE('',(#345),#3917,.T.);
#3978=ADVANCED_FACE('',(#346),#213,.F.);
#3979=ADVANCED_FACE('',(#347),#230,.T.);
#3980=ADVANCED_FACE('',(#348),#214,.F.);
#3981=ADVANCED_FACE('',(#349),#3918,.T.);
#3982=ADVANCED_FACE('',(#350),#231,.T.);
#3983=ADVANCED_FACE('',(#351),#3919,.T.);
#3984=ADVANCED_FACE('',(#352),#232,.T.);
#3985=ADVANCED_FACE('',(#353),#233,.T.);
#3986=ADVANCED_FACE('',(#354),#234,.F.);
#3987=ADVANCED_FACE('',(#355),#3920,.T.);
#3988=ADVANCED_FACE('',(#356),#235,.T.);
#3989=ADVANCED_FACE('',(#357),#236,.T.);
#3990=ADVANCED_FACE('',(#358),#3921,.T.);
#3991=ADVANCED_FACE('',(#359),#215,.F.);
#3992=ADVANCED_FACE('',(#360),#237,.T.);
#3993=ADVANCED_FACE('',(#361),#216,.F.);
#3994=ADVANCED_FACE('',(#362),#3922,.T.);
#3995=ADVANCED_FACE('',(#363),#238,.T.);
#3996=ADVANCED_FACE('',(#364),#3923,.T.);
#3997=ADVANCED_FACE('',(#365),#239,.T.);
#3998=ADVANCED_FACE('',(#366),#240,.T.);
#3999=ADVANCED_FACE('',(#367),#241,.F.);
#4000=ADVANCED_FACE('',(#368),#242,.F.);
#4001=ADVANCED_FACE('',(#369),#243,.F.);
#4002=ADVANCED_FACE('',(#370),#3924,.T.);
#4003=ADVANCED_FACE('',(#371),#244,.F.);
#4004=ADVANCED_FACE('',(#372),#3925,.T.);
#4005=ADVANCED_FACE('',(#373),#245,.T.);
#4006=ADVANCED_FACE('',(#374),#246,.F.);
#4007=ADVANCED_FACE('',(#375),#3926,.T.);
#4008=ADVANCED_FACE('',(#376),#247,.F.);
#4009=ADVANCED_FACE('',(#377),#248,.F.);
#4010=ADVANCED_FACE('',(#378),#3927,.T.);
#4011=ADVANCED_FACE('',(#379),#249,.T.);
#4012=ADVANCED_FACE('',(#380),#250,.T.);
#4013=ADVANCED_FACE('',(#381),#3928,.T.);
#4014=ADVANCED_FACE('',(#382),#251,.T.);
#4015=ADVANCED_FACE('',(#383),#34,.T.);
#4016=ADVANCED_FACE('',(#384),#3929,.T.);
#4017=ADVANCED_FACE('',(#385),#252,.T.);
#4018=ADVANCED_FACE('',(#386),#253,.T.);
#4019=ADVANCED_FACE('',(#387),#3930,.T.);
#4020=ADVANCED_FACE('',(#388),#254,.T.);
#4021=ADVANCED_FACE('',(#389),#255,.T.);
#4022=ADVANCED_FACE('',(#390),#3931,.T.);
#4023=ADVANCED_FACE('',(#391),#35,.T.);
#4024=ADVANCED_FACE('',(#392),#256,.T.);
#4025=ADVANCED_FACE('',(#393),#3932,.T.);
#4026=ADVANCED_FACE('',(#394),#257,.T.);
#4027=ADVANCED_FACE('',(#395),#3933,.T.);
#4028=ADVANCED_FACE('',(#396,#23),#258,.T.);
#4029=ADVANCED_FACE('',(#397),#259,.T.);
#4030=ADVANCED_FACE('',(#398),#3934,.T.);
#4031=ADVANCED_FACE('',(#399),#260,.T.);
#4032=ADVANCED_FACE('',(#400),#261,.T.);
#4033=ADVANCED_FACE('',(#401),#3935,.T.);
#4034=ADVANCED_FACE('',(#402),#262,.T.);
#4035=ADVANCED_FACE('',(#403),#263,.T.);
#4036=ADVANCED_FACE('',(#404),#3936,.T.);
#4037=ADVANCED_FACE('',(#405),#264,.T.);
#4038=ADVANCED_FACE('',(#406),#265,.T.);
#4039=ADVANCED_FACE('',(#407),#3937,.T.);
#4040=ADVANCED_FACE('',(#408),#36,.T.);
#4041=ADVANCED_FACE('',(#409),#3938,.T.);
#4042=ADVANCED_FACE('',(#410),#266,.T.);
#4043=ADVANCED_FACE('',(#411),#3939,.T.);
#4044=ADVANCED_FACE('',(#412),#3940,.T.);
#4045=ADVANCED_FACE('',(#413),#3941,.T.);
#4046=ADVANCED_FACE('',(#414),#267,.T.);
#4047=ADVANCED_FACE('',(#415),#3942,.T.);
#4048=ADVANCED_FACE('',(#416),#268,.T.);
#4049=ADVANCED_FACE('',(#417),#3943,.T.);
#4050=ADVANCED_FACE('',(#418),#37,.T.);
#4051=ADVANCED_FACE('',(#419),#3944,.T.);
#4052=ADVANCED_FACE('',(#420),#269,.T.);
#4053=ADVANCED_FACE('',(#421),#3945,.T.);
#4054=ADVANCED_FACE('',(#422),#270,.T.);
#4055=ADVANCED_FACE('',(#423),#38,.T.);
#4056=ADVANCED_FACE('',(#424),#271,.T.);
#4057=ADVANCED_FACE('',(#425),#39,.T.);
#4058=ADVANCED_FACE('',(#426),#40,.T.);
#4059=ADVANCED_FACE('',(#427),#272,.T.);
#4060=ADVANCED_FACE('',(#428),#273,.T.);
#4061=ADVANCED_FACE('',(#429),#274,.T.);
#4062=ADVANCED_FACE('',(#430),#275,.T.);
#4063=ADVANCED_FACE('',(#431),#276,.T.);
#4064=ADVANCED_FACE('',(#432),#277,.T.);
#4065=ADVANCED_FACE('',(#433),#41,.T.);
#4066=ADVANCED_FACE('',(#434),#278,.T.);
#4067=ADVANCED_FACE('',(#435),#279,.T.);
#4068=ADVANCED_FACE('',(#436),#280,.T.);
#4069=ADVANCED_FACE('',(#437),#42,.T.);
#4070=ADVANCED_FACE('',(#438),#281,.T.);
#4071=ADVANCED_FACE('',(#439),#282,.T.);
#4072=ADVANCED_FACE('',(#440),#283,.T.);
#4073=ADVANCED_FACE('',(#441),#284,.T.);
#4074=ADVANCED_FACE('',(#442),#285,.T.);
#4075=ADVANCED_FACE('',(#443),#286,.T.);
#4076=ADVANCED_FACE('',(#444),#287,.T.);
#4077=ADVANCED_FACE('',(#445),#288,.T.);
#4078=ADVANCED_FACE('',(#446),#43,.T.);
#4079=ADVANCED_FACE('',(#447),#289,.T.);
#4080=ADVANCED_FACE('',(#448),#44,.T.);
#4081=ADVANCED_FACE('',(#449),#45,.T.);
#4082=ADVANCED_FACE('',(#450),#290,.T.);
#4083=ADVANCED_FACE('',(#451),#291,.T.);
#4084=ADVANCED_FACE('',(#452),#292,.T.);
#4085=ADVANCED_FACE('',(#453),#293,.T.);
#4086=ADVANCED_FACE('',(#454),#294,.T.);
#4087=ADVANCED_FACE('',(#455),#295,.T.);
#4088=ADVANCED_FACE('',(#456),#296,.T.);
#4089=ADVANCED_FACE('',(#457),#297,.T.);
#4090=ADVANCED_FACE('',(#458),#298,.T.);
#4091=ADVANCED_FACE('',(#459),#46,.T.);
#4092=ADVANCED_FACE('',(#460),#47,.T.);
#4093=ADVANCED_FACE('',(#461),#48,.T.);
#4094=ADVANCED_FACE('',(#462),#49,.T.);
#4095=ADVANCED_FACE('',(#463),#299,.T.);
#4096=ADVANCED_FACE('',(#464),#50,.T.);
#4097=ADVANCED_FACE('',(#465),#51,.T.);
#4098=ADVANCED_FACE('',(#466),#52,.T.);
#4099=ADVANCED_FACE('',(#467),#53,.T.);
#4100=ADVANCED_FACE('',(#468),#300,.T.);
#4101=ADVANCED_FACE('',(#469),#301,.T.);
#4102=ADVANCED_FACE('',(#470),#54,.T.);
#4103=ADVANCED_FACE('',(#471),#55,.T.);
#4104=ADVANCED_FACE('',(#472),#56,.T.);
#4105=ADVANCED_FACE('',(#473),#57,.T.);
#4106=ADVANCED_FACE('',(#474),#58,.T.);
#4107=ADVANCED_FACE('',(#475),#59,.T.);
#4108=ADVANCED_FACE('',(#476),#60,.T.);
#4109=ADVANCED_FACE('',(#477),#61,.T.);
#4110=ADVANCED_FACE('',(#478),#302,.T.);
#4111=ADVANCED_FACE('',(#479),#62,.T.);
#4112=ADVANCED_FACE('',(#480),#63,.T.);
#4113=ADVANCED_FACE('',(#481),#64,.T.);
#4114=ADVANCED_FACE('',(#482),#65,.T.);
#4115=ADVANCED_FACE('',(#483),#66,.T.);
#4116=ADVANCED_FACE('',(#484),#67,.T.);
#4117=ADVANCED_FACE('',(#485),#68,.T.);
#4118=ADVANCED_FACE('',(#486,#24),#303,.T.);
#4119=ADVANCED_FACE('',(#487,#25,#26,#27,#28,#29,#30,#31,#32,#33),#304,
 .T.);
#4120=ADVANCED_FACE('',(#488),#305,.T.);
#4121=ADVANCED_FACE('',(#489),#306,.T.);
#4122=ADVANCED_FACE('',(#490),#307,.T.);
#4123=ADVANCED_FACE('',(#491),#308,.T.);
#4124=ADVANCED_FACE('',(#492),#69,.T.);
#4125=ADVANCED_FACE('',(#493),#70,.T.);
#4126=ADVANCED_FACE('',(#494),#71,.T.);
#4127=ADVANCED_FACE('',(#495),#72,.T.);
#4128=ADVANCED_FACE('',(#496),#309,.T.);
#4129=ADVANCED_FACE('',(#497),#310,.T.);
#4130=ADVANCED_FACE('',(#498),#311,.T.);
#4131=ADVANCED_FACE('',(#499),#312,.T.);
#4132=ADVANCED_FACE('',(#500),#73,.T.);
#4133=ADVANCED_FACE('',(#501),#74,.T.);
#4134=ADVANCED_FACE('',(#502),#75,.T.);
#4135=ADVANCED_FACE('',(#503),#76,.T.);
#4136=ADVANCED_FACE('',(#504),#313,.T.);
#4137=ADVANCED_FACE('',(#505),#314,.T.);
#4138=ADVANCED_FACE('',(#506),#77,.T.);
#4139=ADVANCED_FACE('',(#507),#78,.T.);
#4140=ADVANCED_FACE('',(#508),#79,.T.);
#4141=ADVANCED_FACE('',(#509),#80,.T.);
#4142=ADVANCED_FACE('',(#510),#81,.T.);
#4143=ADVANCED_FACE('',(#511),#82,.T.);
#4144=ADVANCED_FACE('',(#512),#83,.T.);
#4145=ADVANCED_FACE('',(#513),#84,.T.);
#4146=ADVANCED_FACE('',(#514),#315,.T.);
#4147=ADVANCED_FACE('',(#515),#85,.T.);
#4148=ADVANCED_FACE('',(#516),#86,.T.);
#4149=ADVANCED_FACE('',(#517),#87,.T.);
#4150=ADVANCED_FACE('',(#518),#88,.T.);
#4151=ADVANCED_FACE('',(#519),#89,.T.);
#4152=ADVANCED_FACE('',(#520),#90,.T.);
#4153=ADVANCED_FACE('',(#521),#316,.T.);
#4154=ADVANCED_FACE('',(#522),#317,.T.);
#4155=ADVANCED_FACE('',(#523),#3946,.F.);
#4156=ADVANCED_FACE('',(#524),#3947,.F.);
#4157=ADVANCED_FACE('',(#525),#318,.F.);
#4158=ADVANCED_FACE('',(#526),#319,.F.);
#4159=ADVANCED_FACE('',(#527),#320,.T.);
#4160=ADVANCED_FACE('',(#528),#3948,.F.);
#4161=ADVANCED_FACE('',(#529),#3949,.F.);
#4162=ADVANCED_FACE('',(#530),#321,.T.);
#4163=ADVANCED_FACE('',(#531),#3950,.F.);
#4164=ADVANCED_FACE('',(#532),#322,.T.);
#4165=ADVANCED_FACE('',(#533),#3951,.T.);
#4166=ADVANCED_FACE('',(#534),#323,.T.);
#4167=ADVANCED_FACE('',(#535),#3952,.T.);
#4168=ADVANCED_FACE('',(#536),#324,.T.);
#4169=ADVANCED_FACE('',(#537),#3953,.F.);
#4170=ADVANCED_FACE('',(#538),#325,.T.);
#4171=ADVANCED_FACE('',(#539),#19,.T.);
#4172=ADVANCED_FACE('',(#540),#20,.T.);
#4173=ADVANCED_FACE('',(#541),#21,.T.);
#4174=ADVANCED_FACE('',(#542),#3954,.T.);
#4175=ADVANCED_FACE('',(#543),#22,.T.);
#4176=ADVANCED_FACE('',(#544),#3955,.T.);
#4177=ADVANCED_FACE('',(#545),#3956,.T.);
#4178=ADVANCED_FACE('',(#546),#3957,.T.);
#4179=ADVANCED_FACE('',(#547),#3958,.T.);
#4180=ADVANCED_FACE('',(#548),#326,.T.);
#4181=CLOSED_SHELL('',(#3959,#3960,#3961,#3962,#3963,#3964,#3965,#3966,
#3967,#3968,#3969,#3970,#3971,#3972,#3973,#3974,#3975,#3976,#3977,#3978,
#3979,#3980,#3981,#3982,#3983,#3984,#3985,#3986,#3987,#3988,#3989,#3990,
#3991,#3992,#3993,#3994,#3995,#3996,#3997,#3998,#3999,#4000,#4001,#4002,
#4003,#4004,#4005,#4006,#4007,#4008,#4009,#4010,#4011,#4012,#4013,#4014,
#4015,#4016,#4017,#4018,#4019,#4020,#4021,#4022,#4023,#4024,#4025,#4026,
#4027,#4028,#4029,#4030,#4031,#4032,#4033,#4034,#4035,#4036,#4037,#4038,
#4039,#4040,#4041,#4042,#4043,#4044,#4045,#4046,#4047,#4048,#4049,#4050,
#4051,#4052,#4053,#4054,#4055,#4056,#4057,#4058,#4059,#4060,#4061,#4062,
#4063,#4064,#4065,#4066,#4067,#4068,#4069,#4070,#4071,#4072,#4073,#4074,
#4075,#4076,#4077,#4078,#4079,#4080,#4081,#4082,#4083,#4084,#4085,#4086,
#4087,#4088,#4089,#4090,#4091,#4092,#4093,#4094,#4095,#4096,#4097,#4098,
#4099,#4100,#4101,#4102,#4103,#4104,#4105,#4106,#4107,#4108,#4109,#4110,
#4111,#4112,#4113,#4114,#4115,#4116,#4117,#4118,#4119,#4120,#4121,#4122,
#4123,#4124,#4125,#4126,#4127,#4128,#4129,#4130,#4131,#4132,#4133,#4134,
#4135,#4136,#4137,#4138,#4139,#4140,#4141,#4142,#4143,#4144,#4145,#4146,
#4147,#4148,#4149,#4150,#4151,#4152,#4153,#4154,#4155,#4156,#4157,#4158,
#4159,#4160,#4161,#4162,#4163,#4164,#4165,#4166,#4167,#4168,#4169,#4170,
#4171,#4172,#4173,#4174,#4175,#4176,#4177,#4178,#4179,#4180));
#4182=DERIVED_UNIT_ELEMENT(#4184,1.);
#4183=DERIVED_UNIT_ELEMENT(#7324,-3.);
#4184=(
MASS_UNIT()
NAMED_UNIT(*)
SI_UNIT(.KILO.,.GRAM.)
);
#4185=DERIVED_UNIT((#4182,#4183));
#4186=MEASURE_REPRESENTATION_ITEM('density measure',
POSITIVE_RATIO_MEASURE(7850.),#4185);
#4187=PROPERTY_DEFINITION_REPRESENTATION(#4192,#4189);
#4188=PROPERTY_DEFINITION_REPRESENTATION(#4193,#4190);
#4189=REPRESENTATION('material name',(#4191),#7321);
#4190=REPRESENTATION('density',(#4186),#7321);
#4191=DESCRIPTIVE_REPRESENTATION_ITEM('Steel','Steel');
#4192=PROPERTY_DEFINITION('material property','material name',#7336);
#4193=PROPERTY_DEFINITION('material property','density of part',#7336);
#4194=AXIS2_PLACEMENT_3D('',#5363,#4451,#4452);
#4195=AXIS2_PLACEMENT_3D('',#5364,#4453,#4454);
#4196=AXIS2_PLACEMENT_3D('',#5365,#4455,#4456);
#4197=AXIS2_PLACEMENT_3D('',#5368,#4457,#4458);
#4198=AXIS2_PLACEMENT_3D('',#5372,#4460,#4461);
#4199=AXIS2_PLACEMENT_3D('',#5376,#4464,#4465);
#4200=AXIS2_PLACEMENT_3D('',#5382,#4469,#4470);
#4201=AXIS2_PLACEMENT_3D('',#5388,#4474,#4475);
#4202=AXIS2_PLACEMENT_3D('',#5391,#4477,#4478);
#4203=AXIS2_PLACEMENT_3D('',#5392,#4479,#4480);
#4204=AXIS2_PLACEMENT_3D('',#5396,#4483,#4484);
#4205=AXIS2_PLACEMENT_3D('',#5398,#4486,#4487);
#4206=AXIS2_PLACEMENT_3D('',#5410,#4494,#4495);
#4207=AXIS2_PLACEMENT_3D('',#5417,#4498,#4499);
#4208=AXIS2_PLACEMENT_3D('',#5420,#4501,#4502);
#4209=AXIS2_PLACEMENT_3D('',#5421,#4503,#4504);
#4210=AXIS2_PLACEMENT_3D('',#5425,#4506,#4507);
#4211=AXIS2_PLACEMENT_3D('',#5427,#4509,#4510);
#4212=AXIS2_PLACEMENT_3D('',#5433,#4514,#4515);
#4213=AXIS2_PLACEMENT_3D('',#5437,#4518,#4519);
#4214=AXIS2_PLACEMENT_3D('',#5441,#4522,#4523);
#4215=AXIS2_PLACEMENT_3D('',#5443,#4525,#4526);
#4216=AXIS2_PLACEMENT_3D('',#5455,#4533,#4534);
#4217=AXIS2_PLACEMENT_3D('',#5458,#4537,#4538);
#4218=AXIS2_PLACEMENT_3D('',#5461,#4539,#4540);
#4219=AXIS2_PLACEMENT_3D('',#5465,#4542,#4543);
#4220=AXIS2_PLACEMENT_3D('',#5467,#4545,#4546);
#4221=AXIS2_PLACEMENT_3D('',#5475,#4551,#4552);
#4222=AXIS2_PLACEMENT_3D('',#5487,#4559,#4560);
#4223=AXIS2_PLACEMENT_3D('',#5489,#4561,#4562);
#4224=AXIS2_PLACEMENT_3D('',#5492,#4564,#4565);
#4225=AXIS2_PLACEMENT_3D('',#5504,#4566,#4567);
#4226=AXIS2_PLACEMENT_3D('',#5505,#4568,#4569);
#4227=AXIS2_PLACEMENT_3D('',#5506,#4570,#4571);
#4228=AXIS2_PLACEMENT_3D('',#5507,#4572,#4573);
#4229=AXIS2_PLACEMENT_3D('',#5521,#4576,#4577);
#4230=AXIS2_PLACEMENT_3D('',#5523,#4578,#4579);
#4231=AXIS2_PLACEMENT_3D('',#5525,#4580,#4581);
#4232=AXIS2_PLACEMENT_3D('',#5526,#4582,#4583);
#4233=AXIS2_PLACEMENT_3D('',#5527,#4584,#4585);
#4234=AXIS2_PLACEMENT_3D('',#5529,#4586,#4587);
#4235=AXIS2_PLACEMENT_3D('',#5531,#4589,#4590);
#4236=AXIS2_PLACEMENT_3D('',#5535,#4593,#4594);
#4237=AXIS2_PLACEMENT_3D('',#5537,#4596,#4597);
#4238=AXIS2_PLACEMENT_3D('',#5543,#4601,#4602);
#4239=AXIS2_PLACEMENT_3D('',#5545,#4604,#4605);
#4240=AXIS2_PLACEMENT_3D('',#5547,#4607,#4608);
#4241=AXIS2_PLACEMENT_3D('',#5550,#4609,#4610);
#4242=AXIS2_PLACEMENT_3D('',#5554,#4612,#4613);
#4243=AXIS2_PLACEMENT_3D('',#5556,#4615,#4616);
#4244=AXIS2_PLACEMENT_3D('',#5564,#4621,#4622);
#4245=AXIS2_PLACEMENT_3D('',#5576,#4629,#4630);
#4246=AXIS2_PLACEMENT_3D('',#5578,#4631,#4632);
#4247=AXIS2_PLACEMENT_3D('',#5581,#4634,#4635);
#4248=AXIS2_PLACEMENT_3D('',#5593,#4636,#4637);
#4249=AXIS2_PLACEMENT_3D('',#5594,#4638,#4639);
#4250=AXIS2_PLACEMENT_3D('',#5595,#4640,#4641);
#4251=AXIS2_PLACEMENT_3D('',#5596,#4642,#4643);
#4252=AXIS2_PLACEMENT_3D('',#5610,#4646,#4647);
#4253=AXIS2_PLACEMENT_3D('',#5612,#4648,#4649);
#4254=AXIS2_PLACEMENT_3D('',#5614,#4650,#4651);
#4255=AXIS2_PLACEMENT_3D('',#5615,#4652,#4653);
#4256=AXIS2_PLACEMENT_3D('',#5616,#4654,#4655);
#4257=AXIS2_PLACEMENT_3D('',#5618,#4656,#4657);
#4258=AXIS2_PLACEMENT_3D('',#5620,#4659,#4660);
#4259=AXIS2_PLACEMENT_3D('',#5624,#4663,#4664);
#4260=AXIS2_PLACEMENT_3D('',#5626,#4666,#4667);
#4261=AXIS2_PLACEMENT_3D('',#5632,#4671,#4672);
#4262=AXIS2_PLACEMENT_3D('',#5634,#4674,#4675);
#4263=AXIS2_PLACEMENT_3D('',#5636,#4677,#4678);
#4264=AXIS2_PLACEMENT_3D('',#5640,#4680,#4681);
#4265=AXIS2_PLACEMENT_3D('',#5653,#4688,#4689);
#4266=AXIS2_PLACEMENT_3D('',#5658,#4692,#4693);
#4267=AXIS2_PLACEMENT_3D('',#5662,#4695,#4696);
#4268=AXIS2_PLACEMENT_3D('',#5664,#4698,#4699);
#4269=AXIS2_PLACEMENT_3D('',#5670,#4703,#4704);
#4270=AXIS2_PLACEMENT_3D('',#5674,#4706,#4707);
#4271=AXIS2_PLACEMENT_3D('',#5676,#4709,#4710);
#4272=AXIS2_PLACEMENT_3D('',#5680,#4713,#4714);
#4273=AXIS2_PLACEMENT_3D('',#5683,#4716,#4717);
#4274=AXIS2_PLACEMENT_3D('',#5684,#4718,#4719);
#4275=AXIS2_PLACEMENT_3D('',#5688,#4721,#4722);
#4276=AXIS2_PLACEMENT_3D('',#5690,#4724,#4725);
#4277=AXIS2_PLACEMENT_3D('',#5694,#4728,#4729);
#4278=AXIS2_PLACEMENT_3D('',#5697,#4731,#4732);
#4279=AXIS2_PLACEMENT_3D('',#5698,#4733,#4734);
#4280=AXIS2_PLACEMENT_3D('',#5705,#4738,#4739);
#4281=AXIS2_PLACEMENT_3D('',#5708,#4741,#4742);
#4282=AXIS2_PLACEMENT_3D('',#5709,#4743,#4744);
#4283=AXIS2_PLACEMENT_3D('',#5713,#4747,#4748);
#4284=AXIS2_PLACEMENT_3D('',#5716,#4749,#4750);
#4285=AXIS2_PLACEMENT_3D('',#5752,#4753,#4754);
#4286=AXIS2_PLACEMENT_3D('',#5760,#4759,#4760);
#4287=AXIS2_PLACEMENT_3D('',#5788,#4767,#4768);
#4288=AXIS2_PLACEMENT_3D('',#5809,#4770,#4771);
#4289=AXIS2_PLACEMENT_3D('',#5810,#4772,#4773);
#4290=AXIS2_PLACEMENT_3D('',#5811,#4774,#4775);
#4291=AXIS2_PLACEMENT_3D('',#5828,#4780,#4781);
#4292=AXIS2_PLACEMENT_3D('',#5831,#4782,#4783);
#4293=AXIS2_PLACEMENT_3D('',#5835,#4785,#4786);
#4294=AXIS2_PLACEMENT_3D('',#5837,#4788,#4789);
#4295=AXIS2_PLACEMENT_3D('',#5848,#4796,#4797);
#4296=AXIS2_PLACEMENT_3D('',#5860,#4804,#4805);
#4297=AXIS2_PLACEMENT_3D('',#5863,#4806,#4807);
#4298=AXIS2_PLACEMENT_3D('',#5867,#4809,#4810);
#4299=AXIS2_PLACEMENT_3D('',#5869,#4812,#4813);
#4300=AXIS2_PLACEMENT_3D('',#5877,#4818,#4819);
#4301=AXIS2_PLACEMENT_3D('',#5889,#4826,#4827);
#4302=AXIS2_PLACEMENT_3D('',#5957,#4832,#4833);
#4303=AXIS2_PLACEMENT_3D('',#5979,#4839,#4840);
#4304=AXIS2_PLACEMENT_3D('',#5981,#4841,#4842);
#4305=AXIS2_PLACEMENT_3D('',#5983,#4843,#4844);
#4306=AXIS2_PLACEMENT_3D('',#5985,#4846,#4847);
#4307=AXIS2_PLACEMENT_3D('',#5991,#4851,#4852);
#4308=AXIS2_PLACEMENT_3D('',#5994,#4853,#4854);
#4309=AXIS2_PLACEMENT_3D('',#5998,#4856,#4857);
#4310=AXIS2_PLACEMENT_3D('',#6000,#4859,#4860);
#4311=AXIS2_PLACEMENT_3D('',#6106,#4870,#4871);
#4312=AXIS2_PLACEMENT_3D('',#6112,#4875,#4876);
#4313=AXIS2_PLACEMENT_3D('',#6115,#4877,#4878);
#4314=AXIS2_PLACEMENT_3D('',#6119,#4880,#4881);
#4315=AXIS2_PLACEMENT_3D('',#6121,#4883,#4884);
#4316=AXIS2_PLACEMENT_3D('',#6125,#4886,#4887);
#4317=AXIS2_PLACEMENT_3D('',#6131,#4891,#4892);
#4318=AXIS2_PLACEMENT_3D('',#6135,#4895,#4896);
#4319=AXIS2_PLACEMENT_3D('',#6138,#4897,#4898);
#4320=AXIS2_PLACEMENT_3D('',#6142,#4900,#4901);
#4321=AXIS2_PLACEMENT_3D('',#6144,#4903,#4904);
#4322=AXIS2_PLACEMENT_3D('',#6148,#4906,#4907);
#4323=AXIS2_PLACEMENT_3D('',#6154,#4911,#4912);
#4324=AXIS2_PLACEMENT_3D('',#6158,#4915,#4916);
#4325=AXIS2_PLACEMENT_3D('',#6161,#4917,#4918);
#4326=AXIS2_PLACEMENT_3D('',#6165,#4920,#4921);
#4327=AXIS2_PLACEMENT_3D('',#6167,#4923,#4924);
#4328=AXIS2_PLACEMENT_3D('',#6175,#4929,#4930);
#4329=AXIS2_PLACEMENT_3D('',#6199,#4935,#4936);
#4330=AXIS2_PLACEMENT_3D('',#6260,#4940,#4941);
#4331=AXIS2_PLACEMENT_3D('',#6262,#4942,#4943);
#4332=AXIS2_PLACEMENT_3D('',#6264,#4944,#4945);
#4333=AXIS2_PLACEMENT_3D('',#6266,#4947,#4948);
#4334=AXIS2_PLACEMENT_3D('',#6272,#4952,#4953);
#4335=AXIS2_PLACEMENT_3D('',#6274,#4954,#4955);
#4336=AXIS2_PLACEMENT_3D('',#6276,#4957,#4958);
#4337=AXIS2_PLACEMENT_3D('',#6278,#4959,#4960);
#4338=AXIS2_PLACEMENT_3D('',#6280,#4962,#4963);
#4339=AXIS2_PLACEMENT_3D('',#6282,#4964,#4965);
#4340=AXIS2_PLACEMENT_3D('',#6284,#4966,#4967);
#4341=AXIS2_PLACEMENT_3D('',#6286,#4969,#4970);
#4342=AXIS2_PLACEMENT_3D('',#6292,#4974,#4975);
#4343=AXIS2_PLACEMENT_3D('',#6294,#4976,#4977);
#4344=AXIS2_PLACEMENT_3D('',#6296,#4978,#4979);
#4345=AXIS2_PLACEMENT_3D('',#6298,#4981,#4982);
#4346=AXIS2_PLACEMENT_3D('',#6304,#4986,#4987);
#4347=AXIS2_PLACEMENT_3D('',#6306,#4988,#4989);
#4348=AXIS2_PLACEMENT_3D('',#6350,#4993,#4994);
#4349=AXIS2_PLACEMENT_3D('',#6367,#4995,#4996);
#4350=AXIS2_PLACEMENT_3D('',#6369,#4998,#4999);
#4351=AXIS2_PLACEMENT_3D('',#6375,#5003,#5004);
#4352=AXIS2_PLACEMENT_3D('',#6377,#5005,#5006);
#4353=AXIS2_PLACEMENT_3D('',#6380,#5008,#5009);
#4354=AXIS2_PLACEMENT_3D('',#6381,#5010,#5011);
#4355=AXIS2_PLACEMENT_3D('',#6398,#5016,#5017);
#4356=AXIS2_PLACEMENT_3D('',#6420,#5020,#5021);
#4357=AXIS2_PLACEMENT_3D('',#6424,#5024,#5025);
#4358=AXIS2_PLACEMENT_3D('',#6428,#5028,#5029);
#4359=AXIS2_PLACEMENT_3D('',#6430,#5031,#5032);
#4360=AXIS2_PLACEMENT_3D('',#6434,#5035,#5036);
#4361=AXIS2_PLACEMENT_3D('',#6438,#5039,#5040);
#4362=AXIS2_PLACEMENT_3D('',#6451,#5043,#5044);
#4363=AXIS2_PLACEMENT_3D('',#6453,#5046,#5047);
#4364=AXIS2_PLACEMENT_3D('',#6457,#5050,#5051);
#4365=AXIS2_PLACEMENT_3D('',#6470,#5054,#5055);
#4366=AXIS2_PLACEMENT_3D('',#6472,#5057,#5058);
#4367=AXIS2_PLACEMENT_3D('',#6474,#5060,#5061);
#4368=AXIS2_PLACEMENT_3D('',#6476,#5063,#5064);
#4369=AXIS2_PLACEMENT_3D('',#6480,#5067,#5068);
#4370=AXIS2_PLACEMENT_3D('',#6484,#5071,#5072);
#4371=AXIS2_PLACEMENT_3D('',#6488,#5075,#5076);
#4372=AXIS2_PLACEMENT_3D('',#6492,#5079,#5080);
#4373=AXIS2_PLACEMENT_3D('',#6505,#5083,#5084);
#4374=AXIS2_PLACEMENT_3D('',#6527,#5087,#5088);
#4375=AXIS2_PLACEMENT_3D('',#6531,#5091,#5092);
#4376=AXIS2_PLACEMENT_3D('',#6535,#5095,#5096);
#4377=AXIS2_PLACEMENT_3D('',#6537,#5098,#5099);
#4378=AXIS2_PLACEMENT_3D('',#6539,#5101,#5102);
#4379=AXIS2_PLACEMENT_3D('',#6543,#5105,#5106);
#4380=AXIS2_PLACEMENT_3D('',#6547,#5109,#5110);
#4381=AXIS2_PLACEMENT_3D('',#6551,#5113,#5114);
#4382=AXIS2_PLACEMENT_3D('',#6555,#5117,#5118);
#4383=AXIS2_PLACEMENT_3D('',#6620,#5125,#5126);
#4384=AXIS2_PLACEMENT_3D('',#6686,#5134,#5135);
#4385=AXIS2_PLACEMENT_3D('',#6689,#5138,#5139);
#4386=AXIS2_PLACEMENT_3D('',#6818,#5152,#5153);
#4387=AXIS2_PLACEMENT_3D('',#6926,#5163,#5164);
#4388=AXIS2_PLACEMENT_3D('',#6927,#5165,#5166);
#4389=AXIS2_PLACEMENT_3D('',#7021,#5177,#5178);
#4390=AXIS2_PLACEMENT_3D('',#7024,#5180,#5181);
#4391=AXIS2_PLACEMENT_3D('',#7026,#5182,#5183);
#4392=AXIS2_PLACEMENT_3D('',#7030,#5185,#5186);
#4393=AXIS2_PLACEMENT_3D('',#7034,#5188,#5189);
#4394=AXIS2_PLACEMENT_3D('',#7038,#5191,#5192);
#4395=AXIS2_PLACEMENT_3D('',#7045,#5197,#5198);
#4396=AXIS2_PLACEMENT_3D('',#7047,#5200,#5201);
#4397=AXIS2_PLACEMENT_3D('',#7049,#5203,#5204);
#4398=AXIS2_PLACEMENT_3D('',#7050,#5205,#5206);
#4399=AXIS2_PLACEMENT_3D('',#7100,#5214,#5215);
#4400=AXIS2_PLACEMENT_3D('',#7104,#5218,#5219);
#4401=AXIS2_PLACEMENT_3D('',#7106,#5221,#5222);
#4402=AXIS2_PLACEMENT_3D('',#7109,#5225,#5226);
#4403=AXIS2_PLACEMENT_3D('',#7138,#5231,#5232);
#4404=AXIS2_PLACEMENT_3D('',#7140,#5234,#5235);
#4405=AXIS2_PLACEMENT_3D('',#7198,#5245,#5246);
#4406=AXIS2_PLACEMENT_3D('',#7242,#5254,#5255);
#4407=AXIS2_PLACEMENT_3D('',#7243,#5256,#5257);
#4408=AXIS2_PLACEMENT_3D('',#7244,#5258,#5259);
#4409=AXIS2_PLACEMENT_3D('',#7246,#5260,#5261);
#4410=AXIS2_PLACEMENT_3D('',#7248,#5263,#5264);
#4411=AXIS2_PLACEMENT_3D('',#7251,#5267,#5268);
#4412=AXIS2_PLACEMENT_3D('',#7253,#5269,#5270);
#4413=AXIS2_PLACEMENT_3D('',#7257,#5272,#5273);
#4414=AXIS2_PLACEMENT_3D('',#7261,#5275,#5276);
#4415=AXIS2_PLACEMENT_3D('',#7265,#5278,#5279);
#4416=AXIS2_PLACEMENT_3D('',#7269,#5281,#5282);
#4417=AXIS2_PLACEMENT_3D('',#7272,#5284,#5285);
#4418=AXIS2_PLACEMENT_3D('',#7274,#5287,#5288);
#4419=AXIS2_PLACEMENT_3D('',#7275,#5289,#5290);
#4420=AXIS2_PLACEMENT_3D('',#7276,#5291,#5292);
#4421=AXIS2_PLACEMENT_3D('',#7278,#5294,#5295);
#4422=AXIS2_PLACEMENT_3D('',#7280,#5297,#5298);
#4423=AXIS2_PLACEMENT_3D('',#7282,#5300,#5301);
#4424=AXIS2_PLACEMENT_3D('',#7285,#5304,#5305);
#4425=AXIS2_PLACEMENT_3D('',#7287,#5307,#5308);
#4426=AXIS2_PLACEMENT_3D('',#7289,#5310,#5311);
#4427=AXIS2_PLACEMENT_3D('',#7290,#5312,#5313);
#4428=AXIS2_PLACEMENT_3D('',#7292,#5315,#5316);
#4429=AXIS2_PLACEMENT_3D('',#7294,#5318,#5319);
#4430=AXIS2_PLACEMENT_3D('',#7296,#5321,#5322);
#4431=AXIS2_PLACEMENT_3D('',#7297,#5323,#5324);
#4432=AXIS2_PLACEMENT_3D('',#7298,#5325,#5326);
#4433=AXIS2_PLACEMENT_3D('',#7299,#5327,#5328);
#4434=AXIS2_PLACEMENT_3D('',#7300,#5329,#5330);
#4435=AXIS2_PLACEMENT_3D('',#7301,#5331,#5332);
#4436=AXIS2_PLACEMENT_3D('',#7302,#5333,#5334);
#4437=AXIS2_PLACEMENT_3D('',#7303,#5335,#5336);
#4438=AXIS2_PLACEMENT_3D('',#7304,#5337,#5338);
#4439=AXIS2_PLACEMENT_3D('',#7305,#5339,#5340);
#4440=AXIS2_PLACEMENT_3D('',#7306,#5341,#5342);
#4441=AXIS2_PLACEMENT_3D('',#7307,#5343,#5344);
#4442=AXIS2_PLACEMENT_3D('',#7308,#5345,#5346);
#4443=AXIS2_PLACEMENT_3D('',#7309,#5347,#5348);
#4444=AXIS2_PLACEMENT_3D('',#7310,#5349,#5350);
#4445=AXIS2_PLACEMENT_3D('',#7311,#5351,#5352);
#4446=AXIS2_PLACEMENT_3D('',#7312,#5353,#5354);
#4447=AXIS2_PLACEMENT_3D('',#7313,#5355,#5356);
#4448=AXIS2_PLACEMENT_3D('',#7314,#5357,#5358);
#4449=AXIS2_PLACEMENT_3D('',#7315,#5359,#5360);
#4450=AXIS2_PLACEMENT_3D('',#7316,#5361,#5362);
#4451=DIRECTION('axis',(0.,0.,1.));
#4452=DIRECTION('refdir',(1.,0.,0.));
#4453=DIRECTION('axis',(0.,0.,1.));
#4454=DIRECTION('refdir',(1.,0.,0.));
#4455=DIRECTION('center_axis',(0.,0.,1.));
#4456=DIRECTION('ref_axis',(0.707106781186548,0.707106781186548,0.));
#4457=DIRECTION('center_axis',(0.,0.707106781186543,-0.707106781186552));
#4458=DIRECTION('ref_axis',(0.,0.707106781186552,0.707106781186543));
#4459=DIRECTION('',(0.,0.,-1.));
#4460=DIRECTION('center_axis',(0.,0.,1.));
#4461=DIRECTION('ref_axis',(0.707106781186548,0.707106781186548,0.));
#4462=DIRECTION('',(0.,0.,-1.));
#4463=DIRECTION('',(0.,0.,-1.));
#4464=DIRECTION('center_axis',(0.,0.,-1.));
#4465=DIRECTION('ref_axis',(0.,1.,0.));
#4466=DIRECTION('',(0.,1.,0.));
#4467=DIRECTION('',(1.,0.,0.));
#4468=DIRECTION('',(0.,-1.,0.));
#4469=DIRECTION('center_axis',(1.,0.,0.));
#4470=DIRECTION('ref_axis',(0.,0.,-1.));
#4471=DIRECTION('',(0.,1.,0.));
#4472=DIRECTION('',(0.,0.,1.));
#4473=DIRECTION('',(0.,0.,-1.));
#4474=DIRECTION('center_axis',(0.,-1.,0.));
#4475=DIRECTION('ref_axis',(0.707106781186552,0.,0.707106781186543));
#4476=DIRECTION('',(0.,1.,0.));
#4477=DIRECTION('center_axis',(0.,-1.,0.));
#4478=DIRECTION('ref_axis',(0.707106781186552,0.,0.707106781186543));
#4479=DIRECTION('center_axis',(0.,-1.,0.));
#4480=DIRECTION('ref_axis',(0.,0.,-1.));
#4481=DIRECTION('',(-1.,0.,0.));
#4482=DIRECTION('',(0.,0.,1.));
#4483=DIRECTION('center_axis',(1.,0.,0.));
#4484=DIRECTION('ref_axis',(0.,1.,0.));
#4485=DIRECTION('',(0.,1.,0.));
#4486=DIRECTION('center_axis',(1.,0.,0.));
#4487=DIRECTION('ref_axis',(0.,1.,0.));
#4488=DIRECTION('',(0.,1.,0.));
#4489=DIRECTION('',(0.,0.,1.));
#4490=DIRECTION('',(0.,1.,0.));
#4491=DIRECTION('',(0.,0.,-1.));
#4492=DIRECTION('',(0.,1.,0.));
#4493=DIRECTION('',(0.,0.,1.));
#4494=DIRECTION('center_axis',(0.,0.,-1.));
#4495=DIRECTION('ref_axis',(-0.707106781186548,0.707106781186548,0.));
#4496=DIRECTION('',(0.,0.,1.));
#4497=DIRECTION('',(0.,0.,-1.));
#4498=DIRECTION('center_axis',(0.,0.,1.));
#4499=DIRECTION('ref_axis',(-0.707106781186548,0.707106781186548,0.));
#4500=DIRECTION('',(0.,0.,1.));
#4501=DIRECTION('center_axis',(0.,0.707106781186543,-0.707106781186552));
#4502=DIRECTION('ref_axis',(0.,0.707106781186552,0.707106781186543));
#4503=DIRECTION('center_axis',(0.,1.,0.));
#4504=DIRECTION('ref_axis',(-0.707106781186552,0.,0.707106781186543));
#4505=DIRECTION('',(0.,-1.,0.));
#4506=DIRECTION('center_axis',(0.,-1.,0.));
#4507=DIRECTION('ref_axis',(-0.707106781186552,0.,0.707106781186543));
#4508=DIRECTION('',(0.,-1.,0.));
#4509=DIRECTION('center_axis',(0.,0.,-1.));
#4510=DIRECTION('ref_axis',(0.,-1.,0.));
#4511=DIRECTION('',(0.,-1.,0.));
#4512=DIRECTION('',(-1.,0.,0.));
#4513=DIRECTION('',(0.,-1.,0.));
#4514=DIRECTION('center_axis',(-1.,0.,0.));
#4515=DIRECTION('ref_axis',(0.,-1.,0.));
#4516=DIRECTION('',(0.,-1.,0.));
#4517=DIRECTION('',(0.,0.,1.));
#4518=DIRECTION('center_axis',(0.,-1.,0.));
#4519=DIRECTION('ref_axis',(0.,0.,1.));
#4520=DIRECTION('',(-1.,0.,0.));
#4521=DIRECTION('',(0.,0.,1.));
#4522=DIRECTION('center_axis',(-1.,0.,0.));
#4523=DIRECTION('ref_axis',(0.,0.,1.));
#4524=DIRECTION('',(0.,0.,-1.));
#4525=DIRECTION('center_axis',(-1.,0.,0.));
#4526=DIRECTION('ref_axis',(0.,-1.,0.));
#4527=DIRECTION('',(0.,0.,1.));
#4528=DIRECTION('',(0.,-1.,0.));
#4529=DIRECTION('',(0.,0.,1.));
#4530=DIRECTION('',(0.,-1.,0.));
#4531=DIRECTION('',(0.,0.,1.));
#4532=DIRECTION('',(0.,-1.,0.));
#4533=DIRECTION('center_axis',(0.,1.,0.));
#4534=DIRECTION('ref_axis',(-1.,0.,0.));
#4535=DIRECTION('',(-1.,0.,0.));
#4536=DIRECTION('',(-1.,0.,0.));
#4537=DIRECTION('center_axis',(0.,-1.,0.));
#4538=DIRECTION('ref_axis',(-0.707106781186553,0.,-0.707106781186543));
#4539=DIRECTION('center_axis',(0.,1.,0.));
#4540=DIRECTION('ref_axis',(-0.707106781186553,0.,-0.707106781186543));
#4541=DIRECTION('',(0.,1.,0.));
#4542=DIRECTION('center_axis',(0.,-1.,0.));
#4543=DIRECTION('ref_axis',(-0.707106781186553,0.,-0.707106781186543));
#4544=DIRECTION('',(0.,-1.,0.));
#4545=DIRECTION('center_axis',(0.,1.,0.));
#4546=DIRECTION('ref_axis',(0.,0.,-1.));
#4547=DIRECTION('',(0.,0.,-1.));
#4548=DIRECTION('',(-1.,0.,0.));
#4549=DIRECTION('',(0.,0.,-1.));
#4550=DIRECTION('',(-1.,0.,0.));
#4551=DIRECTION('center_axis',(-1.,0.,0.));
#4552=DIRECTION('ref_axis',(0.,0.,1.));
#4553=DIRECTION('',(0.,0.,1.));
#4554=DIRECTION('',(0.,-1.,0.));
#4555=DIRECTION('',(0.,0.,-1.));
#4556=DIRECTION('',(0.,-1.,0.));
#4557=DIRECTION('',(0.,0.,1.));
#4558=DIRECTION('',(0.,-1.,0.));
#4559=DIRECTION('center_axis',(0.,0.,1.));
#4560=DIRECTION('ref_axis',(-0.707106781186554,-0.707106781186541,0.));
#4561=DIRECTION('center_axis',(0.,0.,1.));
#4562=DIRECTION('ref_axis',(-0.707106781186554,-0.707106781186541,0.));
#4563=DIRECTION('',(0.,0.,1.));
#4564=DIRECTION('center_axis',(0.,0.,-1.));
#4565=DIRECTION('ref_axis',(0.,-1.,0.));
#4566=DIRECTION('center_axis',(1.,0.,0.));
#4567=DIRECTION('ref_axis',(0.,0.,1.));
#4568=DIRECTION('center_axis',(0.,-1.,0.));
#4569=DIRECTION('ref_axis',(-0.707106781186547,0.,0.707106781186548));
#4570=DIRECTION('center_axis',(0.,1.,0.));
#4571=DIRECTION('ref_axis',(-0.707106781186547,0.,0.707106781186548));
#4572=DIRECTION('center_axis',(0.,-1.,0.));
#4573=DIRECTION('ref_axis',(0.,0.,1.));
#4574=DIRECTION('',(-1.,0.,0.));
#4575=DIRECTION('',(0.,0.,-1.));
#4576=DIRECTION('center_axis',(0.,0.,1.));
#4577=DIRECTION('ref_axis',(0.,1.,0.));
#4578=DIRECTION('center_axis',(0.,1.,0.));
#4579=DIRECTION('ref_axis',(-0.707106781186546,0.,0.707106781186549));
#4580=DIRECTION('center_axis',(1.,0.,0.));
#4581=DIRECTION('ref_axis',(0.,0.,1.));
#4582=DIRECTION('center_axis',(0.,-1.,0.));
#4583=DIRECTION('ref_axis',(-0.707106781186546,0.,0.707106781186549));
#4584=DIRECTION('center_axis',(0.,0.,-1.));
#4585=DIRECTION('ref_axis',(-0.707106781186554,0.707106781186541,0.));
#4586=DIRECTION('center_axis',(0.,0.,1.));
#4587=DIRECTION('ref_axis',(-0.707106781186554,0.707106781186541,0.));
#4588=DIRECTION('',(0.,0.,-1.));
#4589=DIRECTION('center_axis',(0.,1.,0.));
#4590=DIRECTION('ref_axis',(0.,0.,-1.));
#4591=DIRECTION('',(0.,0.,1.));
#4592=DIRECTION('',(-1.,0.,0.));
#4593=DIRECTION('center_axis',(0.,1.,0.));
#4594=DIRECTION('ref_axis',(-0.707106781186544,0.,0.707106781186551));
#4595=DIRECTION('',(0.,-1.,0.));
#4596=DIRECTION('center_axis',(0.,-1.,0.));
#4597=DIRECTION('ref_axis',(0.,0.,1.));
#4598=DIRECTION('',(-1.,0.,0.));
#4599=DIRECTION('',(0.,0.,1.));
#4600=DIRECTION('',(-1.,0.,0.));
#4601=DIRECTION('center_axis',(0.,0.,-1.));
#4602=DIRECTION('ref_axis',(0.,-1.,0.));
#4603=DIRECTION('',(0.,-1.,0.));
#4604=DIRECTION('center_axis',(-1.,0.,0.));
#4605=DIRECTION('ref_axis',(0.,-1.,0.));
#4606=DIRECTION('',(0.,-1.,0.));
#4607=DIRECTION('center_axis',(0.,1.,0.));
#4608=DIRECTION('ref_axis',(0.70710678118654,0.,-0.707106781186555));
#4609=DIRECTION('center_axis',(0.,-1.,0.));
#4610=DIRECTION('ref_axis',(0.70710678118654,0.,-0.707106781186555));
#4611=DIRECTION('',(0.,-1.,0.));
#4612=DIRECTION('center_axis',(0.,1.,0.));
#4613=DIRECTION('ref_axis',(0.70710678118654,0.,-0.707106781186555));
#4614=DIRECTION('',(0.,1.,0.));
#4615=DIRECTION('center_axis',(0.,-1.,0.));
#4616=DIRECTION('ref_axis',(0.,0.,-1.));
#4617=DIRECTION('',(0.,0.,-1.));
#4618=DIRECTION('',(1.,0.,0.));
#4619=DIRECTION('',(0.,0.,1.));
#4620=DIRECTION('',(1.,0.,0.));
#4621=DIRECTION('center_axis',(1.,0.,0.));
#4622=DIRECTION('ref_axis',(0.,0.,-1.));
#4623=DIRECTION('',(0.,0.,1.));
#4624=DIRECTION('',(0.,1.,0.));
#4625=DIRECTION('',(0.,0.,-1.));
#4626=DIRECTION('',(0.,1.,0.));
#4627=DIRECTION('',(0.,0.,1.));
#4628=DIRECTION('',(0.,1.,0.));
#4629=DIRECTION('center_axis',(0.,0.,1.));
#4630=DIRECTION('ref_axis',(0.707106781186541,0.707106781186554,0.));
#4631=DIRECTION('center_axis',(0.,0.,1.));
#4632=DIRECTION('ref_axis',(0.707106781186541,0.707106781186554,0.));
#4633=DIRECTION('',(0.,0.,1.));
#4634=DIRECTION('center_axis',(0.,0.,-1.));
#4635=DIRECTION('ref_axis',(0.,1.,0.));
#4636=DIRECTION('center_axis',(-1.,0.,0.));
#4637=DIRECTION('ref_axis',(0.,0.,1.));
#4638=DIRECTION('center_axis',(0.,1.,0.));
#4639=DIRECTION('ref_axis',(0.707106781186553,0.,0.707106781186542));
#4640=DIRECTION('center_axis',(0.,-1.,0.));
#4641=DIRECTION('ref_axis',(0.707106781186553,0.,0.707106781186542));
#4642=DIRECTION('center_axis',(0.,1.,0.));
#4643=DIRECTION('ref_axis',(0.,0.,1.));
#4644=DIRECTION('',(1.,0.,0.));
#4645=DIRECTION('',(0.,0.,-1.));
#4646=DIRECTION('center_axis',(0.,0.,1.));
#4647=DIRECTION('ref_axis',(0.,-1.,0.));
#4648=DIRECTION('center_axis',(0.,-1.,0.));
#4649=DIRECTION('ref_axis',(0.707106781186553,0.,0.707106781186542));
#4650=DIRECTION('center_axis',(-1.,0.,0.));
#4651=DIRECTION('ref_axis',(0.,0.,1.));
#4652=DIRECTION('center_axis',(0.,1.,0.));
#4653=DIRECTION('ref_axis',(0.707106781186553,0.,0.707106781186542));
#4654=DIRECTION('center_axis',(0.,0.,-1.));
#4655=DIRECTION('ref_axis',(0.707106781186541,-0.707106781186554,0.));
#4656=DIRECTION('center_axis',(0.,0.,1.));
#4657=DIRECTION('ref_axis',(0.707106781186541,-0.707106781186554,0.));
#4658=DIRECTION('',(0.,0.,-1.));
#4659=DIRECTION('center_axis',(0.,-1.,0.));
#4660=DIRECTION('ref_axis',(0.,0.,-1.));
#4661=DIRECTION('',(0.,0.,1.));
#4662=DIRECTION('',(1.,0.,0.));
#4663=DIRECTION('center_axis',(0.,-1.,0.));
#4664=DIRECTION('ref_axis',(0.707106781186552,0.,0.707106781186543));
#4665=DIRECTION('',(0.,1.,0.));
#4666=DIRECTION('center_axis',(0.,1.,0.));
#4667=DIRECTION('ref_axis',(0.,0.,1.));
#4668=DIRECTION('',(1.,0.,0.));
#4669=DIRECTION('',(0.,0.,-1.));
#4670=DIRECTION('',(1.,0.,0.));
#4671=DIRECTION('center_axis',(0.,0.,-1.));
#4672=DIRECTION('ref_axis',(0.,1.,0.));
#4673=DIRECTION('',(0.,-1.,0.));
#4674=DIRECTION('center_axis',(1.,0.,0.));
#4675=DIRECTION('ref_axis',(0.,1.,0.));
#4676=DIRECTION('',(0.,1.,0.));
#4677=DIRECTION('center_axis',(0.,0.,1.));
#4678=DIRECTION('ref_axis',(1.,0.,0.));
#4679=DIRECTION('',(0.,-1.,0.));
#4680=DIRECTION('center_axis',(0.,0.,1.));
#4681=DIRECTION('ref_axis',(-0.707106781186548,0.707106781186548,0.));
#4682=DIRECTION('',(-1.,0.,0.));
#4683=DIRECTION('',(0.,1.,0.));
#4684=DIRECTION('',(1.,0.,0.));
#4685=DIRECTION('',(1.,0.,0.));
#4686=DIRECTION('',(0.,-1.,0.));
#4687=DIRECTION('',(-1.,0.,0.));
#4688=DIRECTION('center_axis',(0.,0.,1.));
#4689=DIRECTION('ref_axis',(0.707106781186548,0.707106781186548,0.));
#4690=DIRECTION('',(0.,1.,0.));
#4691=DIRECTION('',(0.,1.,0.));
#4692=DIRECTION('center_axis',(0.,0.,1.));
#4693=DIRECTION('ref_axis',(0.707106781186548,-0.707106781186548,0.));
#4694=DIRECTION('',(1.,0.,0.));
#4695=DIRECTION('center_axis',(0.,0.,1.));
#4696=DIRECTION('ref_axis',(-0.707106781186548,-0.707106781186548,0.));
#4697=DIRECTION('',(0.,-1.,0.));
#4698=DIRECTION('center_axis',(-1.,0.,0.));
#4699=DIRECTION('ref_axis',(0.,0.,1.));
#4700=DIRECTION('',(0.,0.,-1.));
#4701=DIRECTION('',(0.,1.,0.));
#4702=DIRECTION('',(0.,0.,1.));
#4703=DIRECTION('center_axis',(0.,0.,-1.));
#4704=DIRECTION('ref_axis',(-0.707106781186548,0.707106781186548,0.));
#4705=DIRECTION('',(0.,0.,1.));
#4706=DIRECTION('center_axis',(0.,0.,1.));
#4707=DIRECTION('ref_axis',(-1.,0.,0.));
#4708=DIRECTION('',(0.,0.,-1.));
#4709=DIRECTION('center_axis',(1.,0.,0.));
#4710=DIRECTION('ref_axis',(0.,-1.,0.));
#4711=DIRECTION('',(0.,0.,-1.));
#4712=DIRECTION('',(0.,-1.,0.));
#4713=DIRECTION('center_axis',(0.,0.,-1.));
#4714=DIRECTION('ref_axis',(-0.707106781186548,-0.707106781186548,0.));
#4715=DIRECTION('',(0.,0.,1.));
#4716=DIRECTION('center_axis',(0.,0.,1.));
#4717=DIRECTION('ref_axis',(0.,-1.,0.));
#4718=DIRECTION('center_axis',(0.,-1.,0.));
#4719=DIRECTION('ref_axis',(1.,0.,0.));
#4720=DIRECTION('',(1.,0.,0.));
#4721=DIRECTION('center_axis',(0.,-1.,0.));
#4722=DIRECTION('ref_axis',(0.707106781186551,0.,0.707106781186544));
#4723=DIRECTION('',(0.,0.,-1.));
#4724=DIRECTION('center_axis',(0.,1.,0.));
#4725=DIRECTION('ref_axis',(1.,0.,0.));
#4726=DIRECTION('',(0.,0.,-1.));
#4727=DIRECTION('',(1.,0.,0.));
#4728=DIRECTION('center_axis',(0.,0.,1.));
#4729=DIRECTION('ref_axis',(0.707106781186548,-0.707106781186548,0.));
#4730=DIRECTION('',(0.,0.,1.));
#4731=DIRECTION('center_axis',(0.,0.,1.));
#4732=DIRECTION('ref_axis',(1.,0.,0.));
#4733=DIRECTION('center_axis',(0.,-1.,0.));
#4734=DIRECTION('ref_axis',(-1.,0.,0.));
#4735=DIRECTION('',(-1.,0.,0.));
#4736=DIRECTION('',(0.,0.,1.));
#4737=DIRECTION('',(0.,0.,1.));
#4738=DIRECTION('center_axis',(0.,1.,0.));
#4739=DIRECTION('ref_axis',(0.707106781186551,0.,0.707106781186544));
#4740=DIRECTION('',(-1.,0.,0.));
#4741=DIRECTION('center_axis',(0.,1.,0.));
#4742=DIRECTION('ref_axis',(-0.707106781186551,0.,0.707106781186544));
#4743=DIRECTION('center_axis',(-1.,0.,0.));
#4744=DIRECTION('ref_axis',(0.,1.,0.));
#4745=DIRECTION('',(0.,0.,-1.));
#4746=DIRECTION('',(0.,1.,0.));
#4747=DIRECTION('center_axis',(0.,1.,0.));
#4748=DIRECTION('ref_axis',(0.707106781186529,0.,0.707106781186566));
#4749=DIRECTION('center_axis',(0.239051925606146,0.971006785179174,0.));
#4750=DIRECTION('ref_axis',(0.971006785179174,-0.239051925606146,9.43279828726525E-16));
#4751=DIRECTION('',(0.,1.,0.));
#4752=DIRECTION('',(0.,-1.,0.));
#4753=DIRECTION('center_axis',(-0.239051925606146,-0.971006785179174,0.));
#4754=DIRECTION('ref_axis',(0.971006785179174,-0.239051925606146,0.));
#4755=DIRECTION('',(0.971006785179174,-0.239051925606146,0.));
#4756=DIRECTION('',(0.,0.,1.));
#4757=DIRECTION('',(-0.971006785179174,0.239051925606146,0.));
#4758=DIRECTION('',(0.,0.,1.));
#4759=DIRECTION('center_axis',(0.,0.,1.));
#4760=DIRECTION('ref_axis',(-1.,0.,0.));
#4761=DIRECTION('',(0.,-1.,0.));
#4762=DIRECTION('',(-0.966635475682898,-0.256155923513974,0.));
#4763=DIRECTION('',(-0.971713811404947,0.236161531001288,0.));
#4764=DIRECTION('',(0.,1.,0.));
#4765=DIRECTION('',(0.,1.,0.));
#4766=DIRECTION('',(0.964657285615203,0.263507725331741,0.));
#4767=DIRECTION('center_axis',(0.,1.,0.));
#4768=DIRECTION('ref_axis',(0.707106781186529,0.,0.707106781186566));
#4769=DIRECTION('',(0.,1.,0.));
#4770=DIRECTION('center_axis',(0.,1.,0.));
#4771=DIRECTION('ref_axis',(0.707106781186529,0.,0.707106781186566));
#4772=DIRECTION('center_axis',(0.256155923513974,-0.966635475682898,0.));
#4773=DIRECTION('ref_axis',(0.966635475682898,0.256155923513974,-4.69516670666157E-16));
#4774=DIRECTION('center_axis',(1.,0.,0.));
#4775=DIRECTION('ref_axis',(0.,1.,0.));
#4776=DIRECTION('',(0.,0.,1.));
#4777=DIRECTION('',(0.,-1.,0.));
#4778=DIRECTION('',(0.,0.,1.));
#4779=DIRECTION('',(0.,0.,1.));
#4780=DIRECTION('center_axis',(0.,1.,0.));
#4781=DIRECTION('ref_axis',(0.707106781186529,0.,0.707106781186566));
#4782=DIRECTION('center_axis',(0.,-1.,0.));
#4783=DIRECTION('ref_axis',(0.707106781186529,0.,0.707106781186566));
#4784=DIRECTION('',(0.,-1.,0.));
#4785=DIRECTION('center_axis',(0.,1.,0.));
#4786=DIRECTION('ref_axis',(0.707106781186529,0.,0.707106781186566));
#4787=DIRECTION('',(0.,1.,0.));
#4788=DIRECTION('center_axis',(0.,-1.,0.));
#4789=DIRECTION('ref_axis',(1.,0.,0.));
#4790=DIRECTION('',(1.,0.,0.));
#4791=DIRECTION('',(0.,0.,1.));
#4792=DIRECTION('',(-1.,0.,0.));
#4793=DIRECTION('',(0.,0.,1.));
#4794=DIRECTION('',(-1.,0.,0.));
#4795=DIRECTION('',(0.,0.,1.));
#4796=DIRECTION('center_axis',(0.,0.,1.));
#4797=DIRECTION('ref_axis',(-1.,0.,0.));
#4798=DIRECTION('',(-1.,0.,0.));
#4799=DIRECTION('',(0.,-1.,0.));
#4800=DIRECTION('',(-1.,0.,0.));
#4801=DIRECTION('',(0.,1.,0.));
#4802=DIRECTION('',(1.,0.,0.));
#4803=DIRECTION('',(0.,-1.,0.));
#4804=DIRECTION('center_axis',(0.,1.,0.));
#4805=DIRECTION('ref_axis',(0.707106781186529,0.,0.707106781186566));
#4806=DIRECTION('center_axis',(0.,-1.,0.));
#4807=DIRECTION('ref_axis',(0.707106781186529,0.,0.707106781186566));
#4808=DIRECTION('',(0.,-1.,0.));
#4809=DIRECTION('center_axis',(0.,1.,0.));
#4810=DIRECTION('ref_axis',(0.707106781186529,0.,0.707106781186566));
#4811=DIRECTION('',(0.,1.,0.));
#4812=DIRECTION('center_axis',(0.,-1.,0.));
#4813=DIRECTION('ref_axis',(1.,0.,0.));
#4814=DIRECTION('',(1.,0.,0.));
#4815=DIRECTION('',(0.,0.,1.));
#4816=DIRECTION('',(-1.,0.,0.));
#4817=DIRECTION('',(0.,0.,1.));
#4818=DIRECTION('center_axis',(0.,0.,1.));
#4819=DIRECTION('ref_axis',(1.,0.,0.));
#4820=DIRECTION('',(-1.,0.,0.));
#4821=DIRECTION('',(0.,-1.,0.));
#4822=DIRECTION('',(-1.,0.,0.));
#4823=DIRECTION('',(0.,1.,0.));
#4824=DIRECTION('',(1.,0.,0.));
#4825=DIRECTION('',(0.,-1.,0.));
#4826=DIRECTION('center_axis',(1.,0.,0.));
#4827=DIRECTION('ref_axis',(0.,-0.707106781186554,0.707106781186541));
#4828=DIRECTION('',(-1.,0.,0.));
#4829=DIRECTION('',(1.,0.,0.));
#4830=DIRECTION('',(0.,0.,1.));
#4831=DIRECTION('',(0.,0.,1.));
#4832=DIRECTION('center_axis',(0.,0.,1.));
#4833=DIRECTION('ref_axis',(-1.,0.,0.));
#4834=DIRECTION('',(0.99617334140493,-0.0873995072877204,0.));
#4835=DIRECTION('',(0.,-1.,0.));
#4836=DIRECTION('',(-1.,0.,0.));
#4837=DIRECTION('',(0.,1.,0.));
#4838=DIRECTION('',(1.,0.,0.));
#4839=DIRECTION('center_axis',(0.,1.,0.));
#4840=DIRECTION('ref_axis',(0.707106781186529,0.,0.707106781186566));
#4841=DIRECTION('center_axis',(0.,-1.,0.));
#4842=DIRECTION('ref_axis',(0.707106781186529,0.,0.707106781186566));
#4843=DIRECTION('center_axis',(0.0873995072877204,0.99617334140493,0.));
#4844=DIRECTION('ref_axis',(0.99617334140493,-0.0873995072877204,4.14740467554574E-15));
#4845=DIRECTION('',(0.,1.,0.));
#4846=DIRECTION('center_axis',(-0.0873995072877204,-0.99617334140493,0.));
#4847=DIRECTION('ref_axis',(0.99617334140493,-0.0873995072877204,0.));
#4848=DIRECTION('',(0.,0.,1.));
#4849=DIRECTION('',(-0.99617334140493,0.0873995072877204,0.));
#4850=DIRECTION('',(0.,0.,1.));
#4851=DIRECTION('center_axis',(0.,1.,0.));
#4852=DIRECTION('ref_axis',(0.707106781186529,0.,0.707106781186566));
#4853=DIRECTION('center_axis',(0.,1.,0.));
#4854=DIRECTION('ref_axis',(0.707106781186529,0.,0.707106781186566));
#4855=DIRECTION('',(0.,1.,0.));
#4856=DIRECTION('center_axis',(0.,-1.,0.));
#4857=DIRECTION('ref_axis',(0.707106781186529,0.,0.707106781186566));
#4858=DIRECTION('',(0.,-1.,0.));
#4859=DIRECTION('center_axis',(0.,0.,1.));
#4860=DIRECTION('ref_axis',(-1.,0.,0.));
#4861=DIRECTION('',(-1.,0.,0.));
#4862=DIRECTION('',(1.,0.,0.));
#4863=DIRECTION('',(0.,-1.,0.));
#4864=DIRECTION('',(1.,0.,0.));
#4865=DIRECTION('',(-1.,0.,0.));
#4866=DIRECTION('',(1.,0.,0.));
#4867=DIRECTION('',(0.,1.,0.));
#4868=DIRECTION('',(1.,0.,0.));
#4869=DIRECTION('',(-1.,0.,0.));
#4870=DIRECTION('center_axis',(0.,1.,0.));
#4871=DIRECTION('ref_axis',(-1.,0.,0.));
#4872=DIRECTION('',(0.,0.,1.));
#4873=DIRECTION('',(1.,0.,0.));
#4874=DIRECTION('',(0.,0.,1.));
#4875=DIRECTION('center_axis',(0.,1.,0.));
#4876=DIRECTION('ref_axis',(0.707106781186529,0.,0.707106781186566));
#4877=DIRECTION('center_axis',(0.,-1.,0.));
#4878=DIRECTION('ref_axis',(0.707106781186529,0.,0.707106781186566));
#4879=DIRECTION('',(0.,-1.,0.));
#4880=DIRECTION('center_axis',(0.,1.,0.));
#4881=DIRECTION('ref_axis',(0.707106781186529,0.,0.707106781186566));
#4882=DIRECTION('',(0.,1.,0.));
#4883=DIRECTION('center_axis',(0.,-1.,0.));
#4884=DIRECTION('ref_axis',(1.,0.,0.));
#4885=DIRECTION('',(1.,0.,0.));
#4886=DIRECTION('center_axis',(0.,1.,0.));
#4887=DIRECTION('ref_axis',(-0.707106781186529,0.,0.707106781186566));
#4888=DIRECTION('',(0.,0.,1.));
#4889=DIRECTION('',(-1.,0.,0.));
#4890=DIRECTION('',(0.,0.,1.));
#4891=DIRECTION('center_axis',(0.,0.,1.));
#4892=DIRECTION('ref_axis',(1.,0.,0.));
#4893=DIRECTION('',(-1.,0.,0.));
#4894=DIRECTION('',(0.,1.,0.));
#4895=DIRECTION('center_axis',(0.,1.,0.));
#4896=DIRECTION('ref_axis',(0.707106781186529,0.,0.707106781186566));
#4897=DIRECTION('center_axis',(0.,-1.,0.));
#4898=DIRECTION('ref_axis',(0.707106781186529,0.,0.707106781186566));
#4899=DIRECTION('',(0.,-1.,0.));
#4900=DIRECTION('center_axis',(0.,1.,0.));
#4901=DIRECTION('ref_axis',(0.707106781186529,0.,0.707106781186566));
#4902=DIRECTION('',(0.,1.,0.));
#4903=DIRECTION('center_axis',(0.,-1.,0.));
#4904=DIRECTION('ref_axis',(1.,0.,0.));
#4905=DIRECTION('',(1.,0.,0.));
#4906=DIRECTION('center_axis',(0.,1.,0.));
#4907=DIRECTION('ref_axis',(-0.707106781186529,0.,0.707106781186566));
#4908=DIRECTION('',(0.,0.,1.));
#4909=DIRECTION('',(-1.,0.,0.));
#4910=DIRECTION('',(0.,0.,1.));
#4911=DIRECTION('center_axis',(0.,0.,1.));
#4912=DIRECTION('ref_axis',(1.,0.,0.));
#4913=DIRECTION('',(-1.,0.,0.));
#4914=DIRECTION('',(0.,1.,0.));
#4915=DIRECTION('center_axis',(0.,1.,0.));
#4916=DIRECTION('ref_axis',(0.707106781186529,0.,0.707106781186566));
#4917=DIRECTION('center_axis',(0.,-1.,0.));
#4918=DIRECTION('ref_axis',(0.707106781186529,0.,0.707106781186566));
#4919=DIRECTION('',(0.,-1.,0.));
#4920=DIRECTION('center_axis',(0.0873972643562597,0.996173538186516,0.));
#4921=DIRECTION('ref_axis',(0.996173538186516,-0.0873972643562597,-7.11971276609679E-15));
#4922=DIRECTION('',(0.,1.,0.));
#4923=DIRECTION('center_axis',(-0.0873972643562597,-0.996173538186516,0.));
#4924=DIRECTION('ref_axis',(0.996173538186516,-0.0873972643562596,0.));
#4925=DIRECTION('',(0.996173538186516,-0.0873972643562596,0.));
#4926=DIRECTION('',(0.,0.,1.));
#4927=DIRECTION('',(-0.996173538186516,0.0873972643562596,0.));
#4928=DIRECTION('',(0.,0.,1.));
#4929=DIRECTION('center_axis',(0.,0.,1.));
#4930=DIRECTION('ref_axis',(-1.,0.,0.));
#4931=DIRECTION('',(-1.,0.,0.));
#4932=DIRECTION('',(0.,1.,0.));
#4933=DIRECTION('',(1.,0.,0.));
#4934=DIRECTION('',(-1.,0.,0.));
#4935=DIRECTION('center_axis',(1.,0.,0.));
#4936=DIRECTION('ref_axis',(0.,-0.707106781186554,0.707106781186541));
#4937=DIRECTION('',(1.,0.,0.));
#4938=DIRECTION('',(0.,0.,1.));
#4939=DIRECTION('',(0.,0.,1.));
#4940=DIRECTION('center_axis',(0.,-1.,0.));
#4941=DIRECTION('ref_axis',(-0.707106781186529,0.,0.707106781186566));
#4942=DIRECTION('center_axis',(0.,1.,0.));
#4943=DIRECTION('ref_axis',(-0.707106781186529,0.,0.707106781186566));
#4944=DIRECTION('center_axis',(0.,-1.,0.));
#4945=DIRECTION('ref_axis',(-0.707106781186529,0.,0.707106781186566));
#4946=DIRECTION('',(0.,-1.,0.));
#4947=DIRECTION('center_axis',(0.,-1.,0.));
#4948=DIRECTION('ref_axis',(1.,0.,0.));
#4949=DIRECTION('',(0.,0.,1.));
#4950=DIRECTION('',(-1.,0.,0.));
#4951=DIRECTION('',(0.,0.,1.));
#4952=DIRECTION('center_axis',(0.,-1.,0.));
#4953=DIRECTION('ref_axis',(-0.707106781186529,0.,0.707106781186566));
#4954=DIRECTION('center_axis',(0.,-1.,0.));
#4955=DIRECTION('ref_axis',(-0.707106781186529,0.,0.707106781186566));
#4956=DIRECTION('',(0.,-1.,0.));
#4957=DIRECTION('center_axis',(0.,-1.,0.));
#4958=DIRECTION('ref_axis',(-0.707106781186529,0.,0.707106781186566));
#4959=DIRECTION('center_axis',(0.,-1.,0.));
#4960=DIRECTION('ref_axis',(-0.707106781186529,0.,0.707106781186566));
#4961=DIRECTION('',(0.,-1.,0.));
#4962=DIRECTION('center_axis',(0.,-1.,0.));
#4963=DIRECTION('ref_axis',(-0.707106781186529,0.,0.707106781186566));
#4964=DIRECTION('center_axis',(0.,1.,0.));
#4965=DIRECTION('ref_axis',(-0.707106781186529,0.,0.707106781186566));
#4966=DIRECTION('center_axis',(0.,-1.,0.));
#4967=DIRECTION('ref_axis',(-0.707106781186529,0.,0.707106781186566));
#4968=DIRECTION('',(0.,-1.,0.));
#4969=DIRECTION('center_axis',(0.,-1.,0.));
#4970=DIRECTION('ref_axis',(1.,0.,0.));
#4971=DIRECTION('',(0.,0.,1.));
#4972=DIRECTION('',(-1.,0.,0.));
#4973=DIRECTION('',(0.,0.,1.));
#4974=DIRECTION('center_axis',(0.,-1.,0.));
#4975=DIRECTION('ref_axis',(-0.707106781186529,0.,0.707106781186566));
#4976=DIRECTION('center_axis',(0.,1.,0.));
#4977=DIRECTION('ref_axis',(-0.707106781186529,0.,0.707106781186566));
#4978=DIRECTION('center_axis',(0.,-1.,0.));
#4979=DIRECTION('ref_axis',(-0.707106781186529,0.,0.707106781186566));
#4980=DIRECTION('',(0.,-1.,0.));
#4981=DIRECTION('center_axis',(0.,-1.,0.));
#4982=DIRECTION('ref_axis',(1.,0.,0.));
#4983=DIRECTION('',(0.,0.,1.));
#4984=DIRECTION('',(-1.,0.,0.));
#4985=DIRECTION('',(0.,0.,1.));
#4986=DIRECTION('center_axis',(0.,-1.,0.));
#4987=DIRECTION('ref_axis',(-0.707106781186529,0.,0.707106781186566));
#4988=DIRECTION('center_axis',(-0.263507725331741,0.964657285615203,0.));
#4989=DIRECTION('ref_axis',(-0.964657285615203,-0.263507725331741,9.37111638192104E-16));
#4990=DIRECTION('',(0.,-1.,0.));
#4991=DIRECTION('',(0.,0.,1.));
#4992=DIRECTION('',(0.,0.,1.));
#4993=DIRECTION('center_axis',(0.,-1.,0.));
#4994=DIRECTION('ref_axis',(-0.707106781186529,0.,0.707106781186566));
#4995=DIRECTION('center_axis',(-0.236161531001288,-0.971713811404947,0.));
#4996=DIRECTION('ref_axis',(-0.971713811404946,0.236161531001288,2.6970476169201E-16));
#4997=DIRECTION('',(0.,-1.,0.));
#4998=DIRECTION('center_axis',(0.236161531001288,0.971713811404947,0.));
#4999=DIRECTION('ref_axis',(-0.971713811404947,0.236161531001288,0.));
#5000=DIRECTION('',(0.,0.,1.));
#5001=DIRECTION('',(0.971713811404947,-0.236161531001288,0.));
#5002=DIRECTION('',(0.,0.,1.));
#5003=DIRECTION('center_axis',(0.,-1.,0.));
#5004=DIRECTION('ref_axis',(-0.707106781186529,0.,0.707106781186566));
#5005=DIRECTION('center_axis',(0.,-1.,0.));
#5006=DIRECTION('ref_axis',(-0.707106781186529,0.,0.707106781186566));
#5007=DIRECTION('',(0.,-1.,0.));
#5008=DIRECTION('center_axis',(0.,1.,0.));
#5009=DIRECTION('ref_axis',(-0.707106781186529,0.,0.707106781186566));
#5010=DIRECTION('center_axis',(0.,-1.,0.));
#5011=DIRECTION('ref_axis',(1.,0.,0.));
#5012=DIRECTION('',(0.,0.,1.));
#5013=DIRECTION('',(-1.,0.,0.));
#5014=DIRECTION('',(0.,0.,1.));
#5015=DIRECTION('',(0.,0.,1.));
#5016=DIRECTION('center_axis',(0.,-1.,0.));
#5017=DIRECTION('ref_axis',(1.,0.,0.));
#5018=DIRECTION('',(-1.,0.,0.));
#5019=DIRECTION('',(0.,0.,1.));
#5020=DIRECTION('center_axis',(-1.,0.,0.));
#5021=DIRECTION('ref_axis',(0.,-1.,0.));
#5022=DIRECTION('',(0.,0.,1.));
#5023=DIRECTION('',(0.,1.,0.));
#5024=DIRECTION('center_axis',(0.,1.,0.));
#5025=DIRECTION('ref_axis',(-1.,0.,0.));
#5026=DIRECTION('',(0.,0.,1.));
#5027=DIRECTION('',(1.,0.,0.));
#5028=DIRECTION('center_axis',(1.,0.,0.));
#5029=DIRECTION('ref_axis',(0.,1.,0.));
#5030=DIRECTION('',(0.,-1.,0.));
#5031=DIRECTION('center_axis',(-1.,0.,0.));
#5032=DIRECTION('ref_axis',(0.,-1.,0.));
#5033=DIRECTION('',(0.,0.,1.));
#5034=DIRECTION('',(0.,1.,0.));
#5035=DIRECTION('center_axis',(0.,1.,0.));
#5036=DIRECTION('ref_axis',(-1.,0.,0.));
#5037=DIRECTION('',(0.,0.,1.));
#5038=DIRECTION('',(1.,0.,0.));
#5039=DIRECTION('center_axis',(1.,0.,0.));
#5040=DIRECTION('ref_axis',(0.,1.,0.));
#5041=DIRECTION('',(0.,-1.,0.));
#5042=DIRECTION('',(0.,0.,1.));
#5043=DIRECTION('center_axis',(1.,0.,0.));
#5044=DIRECTION('ref_axis',(0.,1.,0.));
#5045=DIRECTION('',(0.,-1.,0.));
#5046=DIRECTION('center_axis',(0.263507725331741,-0.964657285615203,0.));
#5047=DIRECTION('ref_axis',(0.964657285615203,0.263507725331741,0.));
#5048=DIRECTION('',(0.,0.,1.));
#5049=DIRECTION('',(-0.964657285615203,-0.263507725331741,0.));
#5050=DIRECTION('center_axis',(-1.,0.,0.));
#5051=DIRECTION('ref_axis',(0.,-1.,0.));
#5052=DIRECTION('',(0.,1.,0.));
#5053=DIRECTION('',(0.,0.,1.));
#5054=DIRECTION('center_axis',(-1.,0.,0.));
#5055=DIRECTION('ref_axis',(0.,-1.,0.));
#5056=DIRECTION('',(0.,1.,0.));
#5057=DIRECTION('center_axis',(-0.256155923513974,0.966635475682898,0.));
#5058=DIRECTION('ref_axis',(-0.966635475682898,-0.256155923513974,0.));
#5059=DIRECTION('',(0.966635475682898,0.256155923513974,0.));
#5060=DIRECTION('center_axis',(-1.,0.,0.));
#5061=DIRECTION('ref_axis',(0.,-1.,0.));
#5062=DIRECTION('',(0.,1.,0.));
#5063=DIRECTION('center_axis',(-1.,0.,0.));
#5064=DIRECTION('ref_axis',(0.,-1.,0.));
#5065=DIRECTION('',(0.,0.,1.));
#5066=DIRECTION('',(0.,1.,0.));
#5067=DIRECTION('center_axis',(0.,1.,0.));
#5068=DIRECTION('ref_axis',(-1.,0.,0.));
#5069=DIRECTION('',(0.,0.,1.));
#5070=DIRECTION('',(1.,0.,0.));
#5071=DIRECTION('center_axis',(-1.,0.,0.));
#5072=DIRECTION('ref_axis',(0.,-1.,0.));
#5073=DIRECTION('',(0.,1.,0.));
#5074=DIRECTION('',(0.,0.,1.));
#5075=DIRECTION('center_axis',(0.,1.,0.));
#5076=DIRECTION('ref_axis',(-1.,0.,0.));
#5077=DIRECTION('',(0.,0.,1.));
#5078=DIRECTION('',(1.,0.,0.));
#5079=DIRECTION('center_axis',(1.,0.,0.));
#5080=DIRECTION('ref_axis',(0.,1.,0.));
#5081=DIRECTION('',(0.,-1.,0.));
#5082=DIRECTION('',(0.,0.,1.));
#5083=DIRECTION('center_axis',(0.,-1.,0.));
#5084=DIRECTION('ref_axis',(1.,0.,0.));
#5085=DIRECTION('',(-1.,0.,0.));
#5086=DIRECTION('',(0.,0.,1.));
#5087=DIRECTION('center_axis',(-1.,0.,0.));
#5088=DIRECTION('ref_axis',(0.,-1.,0.));
#5089=DIRECTION('',(0.,0.,1.));
#5090=DIRECTION('',(0.,1.,0.));
#5091=DIRECTION('center_axis',(0.,1.,0.));
#5092=DIRECTION('ref_axis',(-1.,0.,0.));
#5093=DIRECTION('',(0.,0.,1.));
#5094=DIRECTION('',(1.,0.,0.));
#5095=DIRECTION('center_axis',(1.,0.,0.));
#5096=DIRECTION('ref_axis',(0.,1.,0.));
#5097=DIRECTION('',(0.,-1.,0.));
#5098=DIRECTION('center_axis',(-1.,0.,0.));
#5099=DIRECTION('ref_axis',(0.,-1.,0.));
#5100=DIRECTION('',(0.,1.,0.));
#5101=DIRECTION('center_axis',(-1.,0.,0.));
#5102=DIRECTION('ref_axis',(0.,-1.,0.));
#5103=DIRECTION('',(0.,0.,1.));
#5104=DIRECTION('',(0.,1.,0.));
#5105=DIRECTION('center_axis',(0.,1.,0.));
#5106=DIRECTION('ref_axis',(-1.,0.,0.));
#5107=DIRECTION('',(0.,0.,1.));
#5108=DIRECTION('',(1.,0.,0.));
#5109=DIRECTION('center_axis',(-1.,0.,0.));
#5110=DIRECTION('ref_axis',(0.,-1.,0.));
#5111=DIRECTION('',(0.,1.,0.));
#5112=DIRECTION('',(0.,0.,1.));
#5113=DIRECTION('center_axis',(0.,1.,0.));
#5114=DIRECTION('ref_axis',(-1.,0.,0.));
#5115=DIRECTION('',(0.,0.,1.));
#5116=DIRECTION('',(1.,0.,0.));
#5117=DIRECTION('center_axis',(1.,0.,0.));
#5118=DIRECTION('ref_axis',(0.,1.,0.));
#5119=DIRECTION('',(0.,-1.,0.));
#5120=DIRECTION('',(0.,0.,1.));
#5121=DIRECTION('',(0.,0.,1.));
#5122=DIRECTION('',(0.,0.,1.));
#5123=DIRECTION('',(0.,0.,1.));
#5124=DIRECTION('',(0.,0.,1.));
#5125=DIRECTION('center_axis',(0.,-1.,0.));
#5126=DIRECTION('ref_axis',(1.,0.,0.));
#5127=DIRECTION('',(-1.,0.,0.));
#5128=DIRECTION('',(1.,0.,0.));
#5129=DIRECTION('',(0.,0.,1.));
#5130=DIRECTION('',(0.,0.,1.));
#5131=DIRECTION('',(0.,0.,1.));
#5132=DIRECTION('',(0.,0.,1.));
#5133=DIRECTION('',(0.,0.,1.));
#5134=DIRECTION('center_axis',(0.,1.,0.));
#5135=DIRECTION('ref_axis',(-1.,0.,0.));
#5136=DIRECTION('',(1.,0.,0.));
#5137=DIRECTION('',(-1.,0.,0.));
#5138=DIRECTION('center_axis',(0.,-1.,0.));
#5139=DIRECTION('ref_axis',(1.,0.,0.));
#5140=DIRECTION('',(-1.,0.,0.));
#5141=DIRECTION('',(0.,0.,1.));
#5142=DIRECTION('',(1.,0.,0.));
#5143=DIRECTION('',(0.,0.,1.));
#5144=DIRECTION('',(0.,0.,1.));
#5145=DIRECTION('',(0.,0.,1.));
#5146=DIRECTION('',(0.,0.,1.));
#5147=DIRECTION('',(0.,0.,1.));
#5148=DIRECTION('',(0.,0.,1.));
#5149=DIRECTION('',(0.,0.,1.));
#5150=DIRECTION('',(0.,0.,1.));
#5151=DIRECTION('',(0.,0.,1.));
#5152=DIRECTION('center_axis',(0.,1.,0.));
#5153=DIRECTION('ref_axis',(-1.,0.,0.));
#5154=DIRECTION('',(1.,0.,0.));
#5155=DIRECTION('',(-1.,0.,0.));
#5156=DIRECTION('',(0.,0.,1.));
#5157=DIRECTION('',(0.,0.,1.));
#5158=DIRECTION('',(0.,0.,1.));
#5159=DIRECTION('',(0.,0.,1.));
#5160=DIRECTION('',(0.,0.,1.));
#5161=DIRECTION('',(0.,0.,1.));
#5162=DIRECTION('',(0.,0.,1.));
#5163=DIRECTION('center_axis',(0.,0.,1.));
#5164=DIRECTION('ref_axis',(-1.,0.,0.));
#5165=DIRECTION('center_axis',(0.,0.,1.));
#5166=DIRECTION('ref_axis',(1.,0.,0.));
#5167=DIRECTION('',(0.,1.,0.));
#5168=DIRECTION('',(-1.,0.,0.));
#5169=DIRECTION('',(0.,-1.,0.));
#5170=DIRECTION('',(1.,0.,0.));
#5171=DIRECTION('',(0.,1.,0.));
#5172=DIRECTION('',(-1.,0.,0.));
#5173=DIRECTION('',(0.,-1.,0.));
#5174=DIRECTION('',(-1.,0.,0.));
#5175=DIRECTION('',(1.,0.,0.));
#5176=DIRECTION('',(-1.,0.,0.));
#5177=DIRECTION('center_axis',(0.,0.,-1.));
#5178=DIRECTION('ref_axis',(-0.707106781186548,-0.707106781186548,0.));
#5179=DIRECTION('',(1.,0.,0.));
#5180=DIRECTION('center_axis',(0.,0.,1.));
#5181=DIRECTION('ref_axis',(0.707106781186548,0.707106781186548,0.));
#5182=DIRECTION('center_axis',(0.,0.,1.));
#5183=DIRECTION('ref_axis',(-0.707106781186548,0.707106781186548,0.));
#5184=DIRECTION('',(1.,0.,0.));
#5185=DIRECTION('center_axis',(0.,0.,-1.));
#5186=DIRECTION('ref_axis',(0.707106781186548,-0.707106781186548,0.));
#5187=DIRECTION('',(0.,1.,0.));
#5188=DIRECTION('center_axis',(0.,0.,1.));
#5189=DIRECTION('ref_axis',(-0.707106781186548,0.707106781186548,0.));
#5190=DIRECTION('',(1.,0.,0.));
#5191=DIRECTION('center_axis',(0.,0.,1.));
#5192=DIRECTION('ref_axis',(0.707106781186548,0.707106781186548,0.));
#5193=DIRECTION('',(0.,-1.,0.));
#5194=DIRECTION('',(0.,1.,0.));
#5195=DIRECTION('',(1.,0.,0.));
#5196=DIRECTION('',(0.,-1.,0.));
#5197=DIRECTION('center_axis',(-1.,0.,0.));
#5198=DIRECTION('ref_axis',(0.,-1.,0.));
#5199=DIRECTION('',(0.,0.,1.));
#5200=DIRECTION('center_axis',(0.,1.,0.));
#5201=DIRECTION('ref_axis',(-1.,0.,0.));
#5202=DIRECTION('',(0.,0.,1.));
#5203=DIRECTION('center_axis',(1.,0.,0.));
#5204=DIRECTION('ref_axis',(0.,1.,0.));
#5205=DIRECTION('center_axis',(0.,1.,0.));
#5206=DIRECTION('ref_axis',(-1.,0.,0.));
#5207=DIRECTION('',(1.,0.,0.));
#5208=DIRECTION('',(0.,0.,1.));
#5209=DIRECTION('',(0.,0.,1.));
#5210=DIRECTION('',(0.,0.,1.));
#5211=DIRECTION('',(0.,0.,1.));
#5212=DIRECTION('',(0.,0.,1.));
#5213=DIRECTION('',(0.,0.,1.));
#5214=DIRECTION('center_axis',(0.,-1.,0.));
#5215=DIRECTION('ref_axis',(1.,0.,0.));
#5216=DIRECTION('',(-1.,0.,0.));
#5217=DIRECTION('',(0.,0.,1.));
#5218=DIRECTION('center_axis',(1.,0.,0.));
#5219=DIRECTION('ref_axis',(0.,1.,0.));
#5220=DIRECTION('',(0.,-1.,0.));
#5221=DIRECTION('center_axis',(-1.,0.,0.));
#5222=DIRECTION('ref_axis',(0.,-1.,0.));
#5223=DIRECTION('',(0.,0.,1.));
#5224=DIRECTION('',(0.,0.,1.));
#5225=DIRECTION('center_axis',(0.,-1.,0.));
#5226=DIRECTION('ref_axis',(1.,0.,0.));
#5227=DIRECTION('',(0.,0.,1.));
#5228=DIRECTION('',(0.,0.,1.));
#5229=DIRECTION('',(0.,0.,1.));
#5230=DIRECTION('',(0.,0.,1.));
#5231=DIRECTION('center_axis',(1.,0.,0.));
#5232=DIRECTION('ref_axis',(0.,1.,0.));
#5233=DIRECTION('',(0.,0.,1.));
#5234=DIRECTION('center_axis',(0.,-1.,0.));
#5235=DIRECTION('ref_axis',(1.,0.,0.));
#5236=DIRECTION('',(0.,0.,1.));
#5237=DIRECTION('',(0.,0.,1.));
#5238=DIRECTION('',(0.,0.,1.));
#5239=DIRECTION('',(0.,0.,1.));
#5240=DIRECTION('',(0.,0.,1.));
#5241=DIRECTION('',(0.,0.,1.));
#5242=DIRECTION('',(0.,0.,1.));
#5243=DIRECTION('',(0.,0.,1.));
#5244=DIRECTION('',(0.,0.,1.));
#5245=DIRECTION('center_axis',(0.,1.,0.));
#5246=DIRECTION('ref_axis',(-1.,0.,0.));
#5247=DIRECTION('',(0.,0.,1.));
#5248=DIRECTION('',(0.,0.,1.));
#5249=DIRECTION('',(0.,0.,1.));
#5250=DIRECTION('',(0.,0.,1.));
#5251=DIRECTION('',(0.,0.,1.));
#5252=DIRECTION('',(0.,0.,1.));
#5253=DIRECTION('',(0.,0.,1.));
#5254=DIRECTION('center_axis',(0.,-1.,0.));
#5255=DIRECTION('ref_axis',(1.,0.,0.));
#5256=DIRECTION('center_axis',(0.,0.,1.));
#5257=DIRECTION('ref_axis',(1.,0.,0.));
#5258=DIRECTION('center_axis',(0.,1.,0.));
#5259=DIRECTION('ref_axis',(-0.707106781186551,0.,0.707106781186544));
#5260=DIRECTION('center_axis',(0.,-1.,0.));
#5261=DIRECTION('ref_axis',(-0.707106781186551,0.,0.707106781186544));
#5262=DIRECTION('',(0.,-1.,0.));
#5263=DIRECTION('center_axis',(0.,-1.,0.));
#5264=DIRECTION('ref_axis',(0.707106781186551,0.,0.707106781186544));
#5265=DIRECTION('',(0.,1.,0.));
#5266=DIRECTION('',(0.,-1.,0.));
#5267=DIRECTION('center_axis',(0.,0.,1.));
#5268=DIRECTION('ref_axis',(-1.,0.,0.));
#5269=DIRECTION('center_axis',(0.,0.,-1.));
#5270=DIRECTION('ref_axis',(0.707106781186548,0.707106781186548,0.));
#5271=DIRECTION('',(1.,0.,0.));
#5272=DIRECTION('center_axis',(0.,0.,1.));
#5273=DIRECTION('ref_axis',(-0.707106781186548,-0.707106781186548,0.));
#5274=DIRECTION('',(0.,-1.,0.));
#5275=DIRECTION('center_axis',(0.,0.,-1.));
#5276=DIRECTION('ref_axis',(0.707106781186548,0.707106781186548,0.));
#5277=DIRECTION('',(1.,0.,0.));
#5278=DIRECTION('center_axis',(0.,0.,-1.));
#5279=DIRECTION('ref_axis',(-0.707106781186548,0.707106781186548,0.));
#5280=DIRECTION('',(0.,1.,0.));
#5281=DIRECTION('center_axis',(0.,0.,1.));
#5282=DIRECTION('ref_axis',(0.707106781186548,-0.707106781186548,0.));
#5283=DIRECTION('',(1.,0.,0.));
#5284=DIRECTION('center_axis',(0.,0.,-1.));
#5285=DIRECTION('ref_axis',(-0.707106781186548,0.707106781186548,0.));
#5286=DIRECTION('',(1.,0.,0.));
#5287=DIRECTION('center_axis',(1.,0.,0.));
#5288=DIRECTION('ref_axis',(0.,0.,-1.));
#5289=DIRECTION('center_axis',(0.,-1.,0.));
#5290=DIRECTION('ref_axis',(1.,0.,0.));
#5291=DIRECTION('center_axis',(0.,0.,1.));
#5292=DIRECTION('ref_axis',(0.707106781186548,0.707106781186548,0.));
#5293=DIRECTION('',(0.,0.,-1.));
#5294=DIRECTION('center_axis',(0.,0.,1.));
#5295=DIRECTION('ref_axis',(-0.707106781186548,0.707106781186548,0.));
#5296=DIRECTION('',(0.,0.,1.));
#5297=DIRECTION('center_axis',(0.,-1.,0.));
#5298=DIRECTION('ref_axis',(1.,0.,0.));
#5299=DIRECTION('',(0.,0.,-1.));
#5300=DIRECTION('center_axis',(0.,0.,1.));
#5301=DIRECTION('ref_axis',(0.707106781186548,0.707106781186548,0.));
#5302=DIRECTION('',(0.,0.,1.));
#5303=DIRECTION('',(0.,0.,-1.));
#5304=DIRECTION('center_axis',(-1.,0.,0.));
#5305=DIRECTION('ref_axis',(0.,-1.,0.));
#5306=DIRECTION('',(0.,0.,-1.));
#5307=DIRECTION('center_axis',(0.,0.,1.));
#5308=DIRECTION('ref_axis',(-0.707106781186548,-0.707106781186548,0.));
#5309=DIRECTION('',(0.,0.,1.));
#5310=DIRECTION('center_axis',(0.,0.,1.));
#5311=DIRECTION('ref_axis',(1.,0.,0.));
#5312=DIRECTION('center_axis',(0.,0.,1.));
#5313=DIRECTION('ref_axis',(0.707106781186548,-0.707106781186548,0.));
#5314=DIRECTION('',(0.,0.,1.));
#5315=DIRECTION('center_axis',(1.,0.,0.));
#5316=DIRECTION('ref_axis',(0.,1.,0.));
#5317=DIRECTION('',(0.,0.,-1.));
#5318=DIRECTION('center_axis',(0.,0.,1.));
#5319=DIRECTION('ref_axis',(-0.707106781186548,0.707106781186548,0.));
#5320=DIRECTION('',(0.,0.,1.));
#5321=DIRECTION('center_axis',(0.,-1.,0.));
#5322=DIRECTION('ref_axis',(1.,0.,0.));
#5323=DIRECTION('center_axis',(-0.816496580927724,0.408248290463862,-0.408248290463869));
#5324=DIRECTION('ref_axis',(-0.577350269189642,-0.577350269189614,0.577350269189621));
#5325=DIRECTION('center_axis',(0.,-1.,0.));
#5326=DIRECTION('ref_axis',(-1.,0.,0.));
#5327=DIRECTION('center_axis',(-1.,0.,0.));
#5328=DIRECTION('ref_axis',(0.,0.,1.));
#5329=DIRECTION('center_axis',(-0.816496580927724,-0.408248290463862,0.408248290463869));
#5330=DIRECTION('ref_axis',(0.577350269189642,-0.577350269189614,0.577350269189621));
#5331=DIRECTION('center_axis',(1.,0.,0.));
#5332=DIRECTION('ref_axis',(0.,-1.,0.));
#5333=DIRECTION('center_axis',(0.,-1.,0.));
#5334=DIRECTION('ref_axis',(0.,0.,1.));
#5335=DIRECTION('center_axis',(-0.408248290463856,0.408248290463856,-0.816496580927733));
#5336=DIRECTION('ref_axis',(-0.577350269189637,0.577350269189622,0.577350269189619));
#5337=DIRECTION('center_axis',(-1.,0.,0.));
#5338=DIRECTION('ref_axis',(0.,1.,0.));
#5339=DIRECTION('center_axis',(0.,1.,0.));
#5340=DIRECTION('ref_axis',(0.,0.,1.));
#5341=DIRECTION('center_axis',(0.,-1.,0.));
#5342=DIRECTION('ref_axis',(-0.707106781186551,0.,0.707106781186544));
#5343=DIRECTION('center_axis',(0.408248290463861,0.408248290463861,-0.816496580927728));
#5344=DIRECTION('ref_axis',(0.577350269189645,0.577350269189616,0.577350269189616));
#5345=DIRECTION('center_axis',(0.,1.,0.));
#5346=DIRECTION('ref_axis',(1.,0.,0.));
#5347=DIRECTION('center_axis',(0.,0.,1.));
#5348=DIRECTION('ref_axis',(0.,1.,0.));
#5349=DIRECTION('center_axis',(1.,0.,0.));
#5350=DIRECTION('ref_axis',(0.,0.,1.));
#5351=DIRECTION('center_axis',(0.,0.,-1.));
#5352=DIRECTION('ref_axis',(0.707106781186548,0.707106781186548,0.));
#5353=DIRECTION('center_axis',(-1.,0.,0.));
#5354=DIRECTION('ref_axis',(0.,0.707106781186551,0.707106781186544));
#5355=DIRECTION('center_axis',(0.,1.,0.));
#5356=DIRECTION('ref_axis',(0.707106781186551,0.,0.707106781186544));
#5357=DIRECTION('center_axis',(1.,0.,0.));
#5358=DIRECTION('ref_axis',(0.,-0.707106781186551,0.707106781186544));
#5359=DIRECTION('center_axis',(0.,-1.,0.));
#5360=DIRECTION('ref_axis',(1.,0.,0.));
#5361=DIRECTION('',(0.,0.,1.));
#5362=DIRECTION('',(1.,0.,0.));
#5363=CARTESIAN_POINT('',(0.,0.,0.));
#5364=CARTESIAN_POINT('',(0.,0.,0.));
#5365=CARTESIAN_POINT('Origin',(128.952,-88.244,4.507360247457));
#5366=CARTESIAN_POINT('',(128.952,-87.744,7.882360247457));
#5367=CARTESIAN_POINT('',(129.452,-88.244,7.382360247457));
#5368=CARTESIAN_POINT('Origin',(128.952,-88.244,7.382360247457));
#5369=CARTESIAN_POINT('',(129.452,-88.244,3.382360247457));
#5370=CARTESIAN_POINT('',(129.452,-88.244,4.507360247457));
#5371=CARTESIAN_POINT('',(128.952,-87.744,3.382360247457));
#5372=CARTESIAN_POINT('Origin',(128.952,-88.244,3.382360247457));
#5373=CARTESIAN_POINT('',(128.952,-87.744,5.81));
#5374=CARTESIAN_POINT('',(128.952,-87.744,7.882360247457));
#5375=CARTESIAN_POINT('',(128.952,-87.744,2.4711801237285));
#5376=CARTESIAN_POINT('Origin',(128.952,-89.744,3.382360247457));
#5377=CARTESIAN_POINT('',(129.452,-89.744,3.382360247457));
#5378=CARTESIAN_POINT('',(129.452,-87.744,3.382360247457));
#5379=CARTESIAN_POINT('',(128.952,-89.744,3.382360247457));
#5380=CARTESIAN_POINT('',(128.952,-89.744,3.382360247457));
#5381=CARTESIAN_POINT('',(128.952,-87.744,3.382360247457));
#5382=CARTESIAN_POINT('Origin',(129.452,-88.744,5.632360247457));
#5383=CARTESIAN_POINT('',(129.452,-89.744,7.382360247457));
#5384=CARTESIAN_POINT('',(129.452,-88.244,7.382360247457));
#5385=CARTESIAN_POINT('',(129.452,-89.744,5.81));
#5386=CARTESIAN_POINT('',(129.452,-89.744,3.5961801237285));
#5387=CARTESIAN_POINT('',(129.452,-89.744,3.382360247457));
#5388=CARTESIAN_POINT('Origin',(128.952,-88.244,7.382360247457));
#5389=CARTESIAN_POINT('',(128.952,-89.744,7.882360247457));
#5390=CARTESIAN_POINT('',(128.952,-88.744,7.882360247457));
#5391=CARTESIAN_POINT('Origin',(128.952,-89.744,7.382360247457));
#5392=CARTESIAN_POINT('Origin',(128.952,-89.744,7.882360247457));
#5393=CARTESIAN_POINT('',(128.952,-89.744,5.81));
#5394=CARTESIAN_POINT('',(143.8425,-89.744,5.81));
#5395=CARTESIAN_POINT('',(128.952,-89.744,3.382360247457));
#5396=CARTESIAN_POINT('Origin',(128.952,-88.744,5.632360247457));
#5397=CARTESIAN_POINT('',(128.952,-81.241,5.81));
#5398=CARTESIAN_POINT('Origin',(128.952,-89.744,1.56));
#5399=CARTESIAN_POINT('',(128.952,-55.732,5.81));
#5400=CARTESIAN_POINT('',(128.952,-81.241,5.81));
#5401=CARTESIAN_POINT('',(128.952,-55.732,10.56));
#5402=CARTESIAN_POINT('',(128.952,-55.732,1.56));
#5403=CARTESIAN_POINT('',(128.952,-85.6835733939964,10.56));
#5404=CARTESIAN_POINT('',(128.952,-55.732,10.56));
#5405=CARTESIAN_POINT('',(128.952,-85.6835733939964,11.76));
#5406=CARTESIAN_POINT('',(128.952,-85.6835733939964,6.06));
#5407=CARTESIAN_POINT('',(128.952,-89.744,11.76));
#5408=CARTESIAN_POINT('',(128.952,-85.1835733939964,11.76));
#5409=CARTESIAN_POINT('',(128.952,-89.744,1.56));
#5410=CARTESIAN_POINT('Origin',(148.806,-88.244,6.757360247457));
#5411=CARTESIAN_POINT('',(148.806,-87.744,5.81));
#5412=CARTESIAN_POINT('',(148.806,-87.744,7.882360247457));
#5413=CARTESIAN_POINT('',(148.806,-87.744,4.7211801237285));
#5414=CARTESIAN_POINT('',(148.806,-87.744,3.382360247457));
#5415=CARTESIAN_POINT('',(148.806,-87.744,7.882360247457));
#5416=CARTESIAN_POINT('',(148.306,-88.244,3.382360247457));
#5417=CARTESIAN_POINT('Origin',(148.806,-88.244,3.382360247457));
#5418=CARTESIAN_POINT('',(148.306,-88.244,7.382360247457));
#5419=CARTESIAN_POINT('',(148.306,-88.244,6.757360247457));
#5420=CARTESIAN_POINT('Origin',(148.806,-88.244,7.382360247457));
#5421=CARTESIAN_POINT('Origin',(148.806,-89.244,7.382360247457));
#5422=CARTESIAN_POINT('',(148.306,-89.744,7.382360247457));
#5423=CARTESIAN_POINT('',(148.306,-89.244,7.382360247457));
#5424=CARTESIAN_POINT('',(148.806,-89.744,7.882360247457));
#5425=CARTESIAN_POINT('Origin',(148.806,-89.744,7.382360247457));
#5426=CARTESIAN_POINT('',(148.806,-72.738,7.882360247457));
#5427=CARTESIAN_POINT('Origin',(148.806,-87.744,3.382360247457));
#5428=CARTESIAN_POINT('',(148.806,-89.744,3.382360247457));
#5429=CARTESIAN_POINT('',(148.806,-87.744,3.382360247457));
#5430=CARTESIAN_POINT('',(148.306,-89.744,3.382360247457));
#5431=CARTESIAN_POINT('',(148.806,-89.744,3.382360247457));
#5432=CARTESIAN_POINT('',(148.306,-87.744,3.382360247457));
#5433=CARTESIAN_POINT('Origin',(148.806,-88.744,5.632360247457));
#5434=CARTESIAN_POINT('',(148.806,-89.744,5.81));
#5435=CARTESIAN_POINT('',(148.806,-64.235,5.81));
#5436=CARTESIAN_POINT('',(148.806,-89.744,3.382360247457));
#5437=CARTESIAN_POINT('Origin',(148.806,-89.744,3.382360247457));
#5438=CARTESIAN_POINT('',(148.306,-89.744,5.81));
#5439=CARTESIAN_POINT('',(143.8425,-89.744,5.81));
#5440=CARTESIAN_POINT('',(148.306,-89.744,3.382360247457));
#5441=CARTESIAN_POINT('Origin',(148.306,-88.744,5.632360247457));
#5442=CARTESIAN_POINT('',(148.306,-89.744,3.5961801237285));
#5443=CARTESIAN_POINT('Origin',(148.806,-55.732,1.56));
#5444=CARTESIAN_POINT('',(148.806,-89.744,11.76));
#5445=CARTESIAN_POINT('',(148.806,-89.744,1.56));
#5446=CARTESIAN_POINT('',(148.806,-85.6835733939991,11.76));
#5447=CARTESIAN_POINT('',(148.806,-89.0284266059945,11.76));
#5448=CARTESIAN_POINT('',(148.806,-85.6835733939991,10.56));
#5449=CARTESIAN_POINT('',(148.806,-85.6835733939991,6.06));
#5450=CARTESIAN_POINT('',(148.806,-55.732,10.56));
#5451=CARTESIAN_POINT('',(148.806,-55.732,10.56));
#5452=CARTESIAN_POINT('',(148.806,-55.732,5.81));
#5453=CARTESIAN_POINT('',(148.806,-55.732,1.56));
#5454=CARTESIAN_POINT('',(148.806,-64.235,5.81));
#5455=CARTESIAN_POINT('Origin',(148.806,-89.744,1.56));
#5456=CARTESIAN_POINT('',(148.806,-89.744,11.76));
#5457=CARTESIAN_POINT('',(143.8425,-89.744,5.81));
#5458=CARTESIAN_POINT('Origin',(127.452,-70.238,1.81));
#5459=CARTESIAN_POINT('',(127.452,-77.738,0.810000000000002));
#5460=CARTESIAN_POINT('',(126.452,-77.738,1.81));
#5461=CARTESIAN_POINT('Origin',(127.452,-77.738,1.81));
#5462=CARTESIAN_POINT('',(126.452,-67.738,1.81));
#5463=CARTESIAN_POINT('',(126.452,-70.238,1.81));
#5464=CARTESIAN_POINT('',(127.452,-67.738,0.810000000000002));
#5465=CARTESIAN_POINT('Origin',(127.452,-67.738,1.81));
#5466=CARTESIAN_POINT('',(127.452,-70.238,0.810000000000002));
#5467=CARTESIAN_POINT('Origin',(127.952,-67.738,5.81));
#5468=CARTESIAN_POINT('',(126.452,-67.738,5.81));
#5469=CARTESIAN_POINT('',(126.452,-67.738,10.81));
#5470=CARTESIAN_POINT('',(127.952,-67.738,5.81));
#5471=CARTESIAN_POINT('',(127.952,-67.738,5.81));
#5472=CARTESIAN_POINT('',(127.952,-67.738,0.810000000000002));
#5473=CARTESIAN_POINT('',(127.952,-67.738,10.81));
#5474=CARTESIAN_POINT('',(127.952,-67.738,0.810000000000002));
#5475=CARTESIAN_POINT('Origin',(126.452,-72.738,5.81));
#5476=CARTESIAN_POINT('',(126.452,-77.738,5.81));
#5477=CARTESIAN_POINT('',(126.452,-77.738,0.810000000000002));
#5478=CARTESIAN_POINT('',(126.452,-77.988,5.81));
#5479=CARTESIAN_POINT('',(126.452,-55.232,5.81));
#5480=CARTESIAN_POINT('',(126.452,-77.988,9.31));
#5481=CARTESIAN_POINT('',(126.452,-77.988,5.81));
#5482=CARTESIAN_POINT('',(126.452,-67.488,9.31));
#5483=CARTESIAN_POINT('',(126.452,-75.863,9.31));
#5484=CARTESIAN_POINT('',(126.452,-67.488,5.81));
#5485=CARTESIAN_POINT('',(126.452,-67.488,8.31));
#5486=CARTESIAN_POINT('',(126.452,-55.232,5.81));
#5487=CARTESIAN_POINT('Origin',(127.452,-77.988,5.81));
#5488=CARTESIAN_POINT('',(127.452,-78.988,5.81));
#5489=CARTESIAN_POINT('Origin',(127.452,-77.988,5.81));
#5490=CARTESIAN_POINT('',(127.452,-78.988,9.31));
#5491=CARTESIAN_POINT('',(127.452,-78.988,5.81));
#5492=CARTESIAN_POINT('Origin',(127.452,-77.988,9.31));
#5493=CARTESIAN_POINT('Ctrl Pts',(127.452,-78.988,9.31));
#5494=CARTESIAN_POINT('Ctrl Pts',(127.452,-78.988,9.81));
#5495=CARTESIAN_POINT('Ctrl Pts',(127.952,-78.988,9.81));
#5496=CARTESIAN_POINT('Ctrl Pts',(126.452,-78.988,9.31));
#5497=CARTESIAN_POINT('Ctrl Pts',(126.452,-78.988,10.81));
#5498=CARTESIAN_POINT('Ctrl Pts',(127.952,-78.988,10.81));
#5499=CARTESIAN_POINT('Ctrl Pts',(126.452,-77.988,9.31));
#5500=CARTESIAN_POINT('Ctrl Pts',(126.452,-77.988,10.81));
#5501=CARTESIAN_POINT('Ctrl Pts',(127.952,-77.988,10.81));
#5502=CARTESIAN_POINT('',(127.952,-78.988,9.81));
#5503=CARTESIAN_POINT('',(127.952,-77.988,10.81));
#5504=CARTESIAN_POINT('Origin',(127.952,-77.988,9.81));
#5505=CARTESIAN_POINT('Origin',(127.952,-77.988,9.31));
#5506=CARTESIAN_POINT('Origin',(127.952,-78.988,9.31));
#5507=CARTESIAN_POINT('Origin',(127.952,-78.988,5.81));
#5508=CARTESIAN_POINT('',(127.952,-78.988,5.81));
#5509=CARTESIAN_POINT('',(127.952,-78.988,5.81));
#5510=CARTESIAN_POINT('',(127.952,-78.988,3.685));
#5511=CARTESIAN_POINT('Ctrl Pts',(127.952,-66.488,9.81));
#5512=CARTESIAN_POINT('Ctrl Pts',(127.452,-66.488,9.81));
#5513=CARTESIAN_POINT('Ctrl Pts',(127.452,-66.488,9.31));
#5514=CARTESIAN_POINT('Ctrl Pts',(127.952,-66.488,10.81));
#5515=CARTESIAN_POINT('Ctrl Pts',(126.452,-66.488,10.81));
#5516=CARTESIAN_POINT('Ctrl Pts',(126.452,-66.488,9.31));
#5517=CARTESIAN_POINT('Ctrl Pts',(127.952,-67.488,10.81));
#5518=CARTESIAN_POINT('Ctrl Pts',(126.452,-67.488,10.81));
#5519=CARTESIAN_POINT('Ctrl Pts',(126.452,-67.488,9.31));
#5520=CARTESIAN_POINT('',(127.452,-66.488,9.31));
#5521=CARTESIAN_POINT('Origin',(127.452,-67.488,9.31));
#5522=CARTESIAN_POINT('',(127.952,-67.488,10.81));
#5523=CARTESIAN_POINT('Origin',(127.952,-67.488,9.31));
#5524=CARTESIAN_POINT('',(127.952,-66.488,9.81));
#5525=CARTESIAN_POINT('Origin',(127.952,-67.488,9.81));
#5526=CARTESIAN_POINT('Origin',(127.952,-66.488,9.31));
#5527=CARTESIAN_POINT('Origin',(127.452,-67.488,8.31));
#5528=CARTESIAN_POINT('',(127.452,-66.488,5.81));
#5529=CARTESIAN_POINT('Origin',(127.452,-67.488,5.81));
#5530=CARTESIAN_POINT('',(127.452,-66.488,8.31));
#5531=CARTESIAN_POINT('Origin',(127.952,-66.488,10.81));
#5532=CARTESIAN_POINT('',(127.952,-66.488,5.81));
#5533=CARTESIAN_POINT('',(127.952,-66.488,6.185));
#5534=CARTESIAN_POINT('',(127.952,-66.488,5.81));
#5535=CARTESIAN_POINT('Origin',(127.952,-75.863,9.31));
#5536=CARTESIAN_POINT('',(127.952,-66.86,10.81));
#5537=CARTESIAN_POINT('Origin',(127.952,-77.738,0.810000000000002));
#5538=CARTESIAN_POINT('',(127.952,-77.738,0.810000000000002));
#5539=CARTESIAN_POINT('',(127.952,-77.738,0.810000000000002));
#5540=CARTESIAN_POINT('',(127.952,-77.738,5.81));
#5541=CARTESIAN_POINT('',(127.952,-77.738,0.810000000000002));
#5542=CARTESIAN_POINT('',(127.952,-77.738,5.81));
#5543=CARTESIAN_POINT('Origin',(127.952,-67.738,0.810000000000002));
#5544=CARTESIAN_POINT('',(127.952,-66.488,0.810000000000002));
#5545=CARTESIAN_POINT('Origin',(127.952,-72.738,5.81));
#5546=CARTESIAN_POINT('',(127.952,-63.735,5.81));
#5547=CARTESIAN_POINT('Origin',(150.306,-75.238,1.81));
#5548=CARTESIAN_POINT('',(150.306,-67.738,0.810000000000002));
#5549=CARTESIAN_POINT('',(151.306,-67.738,1.81));
#5550=CARTESIAN_POINT('Origin',(150.306,-67.738,1.81));
#5551=CARTESIAN_POINT('',(151.306,-77.738,1.81));
#5552=CARTESIAN_POINT('',(151.306,-75.238,1.81));
#5553=CARTESIAN_POINT('',(150.306,-77.738,0.810000000000002));
#5554=CARTESIAN_POINT('Origin',(150.306,-77.738,1.81));
#5555=CARTESIAN_POINT('',(150.306,-75.238,0.810000000000002));
#5556=CARTESIAN_POINT('Origin',(149.806,-77.738,5.81));
#5557=CARTESIAN_POINT('',(151.306,-77.738,5.81));
#5558=CARTESIAN_POINT('',(151.306,-77.738,0.810000000000002));
#5559=CARTESIAN_POINT('',(149.806,-77.738,5.81));
#5560=CARTESIAN_POINT('',(149.806,-77.738,5.81));
#5561=CARTESIAN_POINT('',(149.806,-77.738,0.810000000000002));
#5562=CARTESIAN_POINT('',(149.806,-77.738,0.810000000000002));
#5563=CARTESIAN_POINT('',(149.806,-77.738,0.810000000000002));
#5564=CARTESIAN_POINT('Origin',(151.306,-72.738,5.81));
#5565=CARTESIAN_POINT('',(151.306,-67.738,5.81));
#5566=CARTESIAN_POINT('',(151.306,-67.738,10.81));
#5567=CARTESIAN_POINT('',(151.306,-67.488,5.81));
#5568=CARTESIAN_POINT('',(151.306,-90.244,5.81));
#5569=CARTESIAN_POINT('',(151.306,-67.488,9.31));
#5570=CARTESIAN_POINT('',(151.306,-67.488,5.81));
#5571=CARTESIAN_POINT('',(151.306,-77.988,9.31));
#5572=CARTESIAN_POINT('',(151.306,-69.613,9.31));
#5573=CARTESIAN_POINT('',(151.306,-77.988,5.81));
#5574=CARTESIAN_POINT('',(151.306,-77.988,8.31));
#5575=CARTESIAN_POINT('',(151.306,-90.244,5.81));
#5576=CARTESIAN_POINT('Origin',(150.306,-67.488,5.81));
#5577=CARTESIAN_POINT('',(150.306,-66.488,5.81));
#5578=CARTESIAN_POINT('Origin',(150.306,-67.488,5.81));
#5579=CARTESIAN_POINT('',(150.306,-66.488,9.31));
#5580=CARTESIAN_POINT('',(150.306,-66.488,5.81));
#5581=CARTESIAN_POINT('Origin',(150.306,-67.488,9.31));
#5582=CARTESIAN_POINT('Ctrl Pts',(150.306,-66.488,9.31));
#5583=CARTESIAN_POINT('Ctrl Pts',(150.306,-66.488,9.81));
#5584=CARTESIAN_POINT('Ctrl Pts',(149.806,-66.488,9.81));
#5585=CARTESIAN_POINT('Ctrl Pts',(151.306,-66.488,9.31));
#5586=CARTESIAN_POINT('Ctrl Pts',(151.306,-66.488,10.81));
#5587=CARTESIAN_POINT('Ctrl Pts',(149.806,-66.488,10.81));
#5588=CARTESIAN_POINT('Ctrl Pts',(151.306,-67.488,9.31));
#5589=CARTESIAN_POINT('Ctrl Pts',(151.306,-67.488,10.81));
#5590=CARTESIAN_POINT('Ctrl Pts',(149.806,-67.488,10.81));
#5591=CARTESIAN_POINT('',(149.806,-66.488,9.81));
#5592=CARTESIAN_POINT('',(149.806,-67.488,10.81));
#5593=CARTESIAN_POINT('Origin',(149.806,-67.488,9.81));
#5594=CARTESIAN_POINT('Origin',(149.806,-67.488,9.31));
#5595=CARTESIAN_POINT('Origin',(149.806,-66.488,9.31));
#5596=CARTESIAN_POINT('Origin',(149.806,-66.488,5.81));
#5597=CARTESIAN_POINT('',(149.806,-66.488,5.81));
#5598=CARTESIAN_POINT('',(149.806,-66.488,5.81));
#5599=CARTESIAN_POINT('',(149.806,-66.488,3.685));
#5600=CARTESIAN_POINT('Ctrl Pts',(149.806,-78.988,9.81));
#5601=CARTESIAN_POINT('Ctrl Pts',(150.306,-78.988,9.81));
#5602=CARTESIAN_POINT('Ctrl Pts',(150.306,-78.988,9.31));
#5603=CARTESIAN_POINT('Ctrl Pts',(149.806,-78.988,10.81));
#5604=CARTESIAN_POINT('Ctrl Pts',(151.306,-78.988,10.81));
#5605=CARTESIAN_POINT('Ctrl Pts',(151.306,-78.988,9.31));
#5606=CARTESIAN_POINT('Ctrl Pts',(149.806,-77.988,10.81));
#5607=CARTESIAN_POINT('Ctrl Pts',(151.306,-77.988,10.81));
#5608=CARTESIAN_POINT('Ctrl Pts',(151.306,-77.988,9.31));
#5609=CARTESIAN_POINT('',(150.306,-78.988,9.31));
#5610=CARTESIAN_POINT('Origin',(150.306,-77.988,9.31));
#5611=CARTESIAN_POINT('',(149.806,-77.988,10.81));
#5612=CARTESIAN_POINT('Origin',(149.806,-77.988,9.31));
#5613=CARTESIAN_POINT('',(149.806,-78.988,9.81));
#5614=CARTESIAN_POINT('Origin',(149.806,-77.988,9.81));
#5615=CARTESIAN_POINT('Origin',(149.806,-78.988,9.31));
#5616=CARTESIAN_POINT('Origin',(150.306,-77.988,8.31));
#5617=CARTESIAN_POINT('',(150.306,-78.988,5.81));
#5618=CARTESIAN_POINT('Origin',(150.306,-77.988,5.81));
#5619=CARTESIAN_POINT('',(150.306,-78.988,8.31));
#5620=CARTESIAN_POINT('Origin',(149.806,-78.988,10.81));
#5621=CARTESIAN_POINT('',(149.806,-78.988,5.81));
#5622=CARTESIAN_POINT('',(149.806,-78.988,6.185));
#5623=CARTESIAN_POINT('',(149.806,-78.988,5.81));
#5624=CARTESIAN_POINT('Origin',(149.806,-69.613,9.31));
#5625=CARTESIAN_POINT('',(149.806,-78.616,10.81));
#5626=CARTESIAN_POINT('Origin',(149.806,-67.738,0.810000000000002));
#5627=CARTESIAN_POINT('',(149.806,-67.738,0.810000000000002));
#5628=CARTESIAN_POINT('',(149.806,-67.738,0.810000000000002));
#5629=CARTESIAN_POINT('',(149.806,-67.738,5.81));
#5630=CARTESIAN_POINT('',(149.806,-67.738,10.81));
#5631=CARTESIAN_POINT('',(149.806,-67.738,5.81));
#5632=CARTESIAN_POINT('Origin',(149.806,-77.738,0.810000000000002));
#5633=CARTESIAN_POINT('',(149.806,-66.488,0.810000000000002));
#5634=CARTESIAN_POINT('Origin',(149.806,-72.738,5.81));
#5635=CARTESIAN_POINT('',(149.806,-81.741,5.81));
#5636=CARTESIAN_POINT('Origin',(138.879,-72.738,5.81));
#5637=CARTESIAN_POINT('',(127.952,-55.232,5.81));
#5638=CARTESIAN_POINT('',(127.952,-63.735,5.81));
#5639=CARTESIAN_POINT('',(128.452,-54.732,5.81));
#5640=CARTESIAN_POINT('Origin',(128.452,-55.232,5.81));
#5641=CARTESIAN_POINT('',(131.25,-54.732,5.81));
#5642=CARTESIAN_POINT('',(144.3425,-54.732,5.81));
#5643=CARTESIAN_POINT('',(131.25,-55.732,5.81));
#5644=CARTESIAN_POINT('',(131.25,-63.235,5.81));
#5645=CARTESIAN_POINT('',(141.5645,-55.732,5.81));
#5646=CARTESIAN_POINT('',(146.25,-55.732,5.81));
#5647=CARTESIAN_POINT('',(141.5645,-55.732,5.81));
#5648=CARTESIAN_POINT('',(146.25,-54.732,5.81));
#5649=CARTESIAN_POINT('',(146.25,-64.235,5.81));
#5650=CARTESIAN_POINT('',(149.306,-54.732,5.81));
#5651=CARTESIAN_POINT('',(144.3425,-54.732,5.81));
#5652=CARTESIAN_POINT('',(149.806,-55.232,5.81));
#5653=CARTESIAN_POINT('Origin',(149.306,-55.232,5.81));
#5654=CARTESIAN_POINT('',(149.806,-81.741,5.81));
#5655=CARTESIAN_POINT('',(149.806,-90.244,5.81));
#5656=CARTESIAN_POINT('',(149.806,-81.741,5.81));
#5657=CARTESIAN_POINT('',(149.306,-90.744,5.81));
#5658=CARTESIAN_POINT('Origin',(149.306,-90.244,5.81));
#5659=CARTESIAN_POINT('',(128.452,-90.744,5.81));
#5660=CARTESIAN_POINT('',(133.4155,-90.744,5.81));
#5661=CARTESIAN_POINT('',(127.952,-90.244,5.81));
#5662=CARTESIAN_POINT('Origin',(128.452,-90.244,5.81));
#5663=CARTESIAN_POINT('',(127.952,-63.735,5.81));
#5664=CARTESIAN_POINT('Origin',(131.25,-53.732,1.56));
#5665=CARTESIAN_POINT('',(131.25,-54.732,10.06));
#5666=CARTESIAN_POINT('',(131.25,-54.732,1.56));
#5667=CARTESIAN_POINT('',(131.25,-55.732,10.06));
#5668=CARTESIAN_POINT('',(131.25,-63.235,10.06));
#5669=CARTESIAN_POINT('',(131.25,-55.732,1.56));
#5670=CARTESIAN_POINT('Origin',(128.452,-55.232,1.56));
#5671=CARTESIAN_POINT('',(127.952,-55.232,11.26));
#5672=CARTESIAN_POINT('',(127.952,-55.232,1.56));
#5673=CARTESIAN_POINT('',(128.452,-54.732,11.26));
#5674=CARTESIAN_POINT('Origin',(128.452,-55.232,11.26));
#5675=CARTESIAN_POINT('',(128.452,-54.732,1.56));
#5676=CARTESIAN_POINT('Origin',(127.952,-54.732,1.56));
#5677=CARTESIAN_POINT('',(127.952,-90.244,11.26));
#5678=CARTESIAN_POINT('',(127.952,-90.244,1.56));
#5679=CARTESIAN_POINT('',(127.952,-63.735,11.26));
#5680=CARTESIAN_POINT('Origin',(128.452,-90.244,1.56));
#5681=CARTESIAN_POINT('',(128.452,-90.744,11.26));
#5682=CARTESIAN_POINT('',(128.452,-90.744,1.56));
#5683=CARTESIAN_POINT('Origin',(128.452,-90.244,11.26));
#5684=CARTESIAN_POINT('Origin',(144.25,-55.732,1.56));
#5685=CARTESIAN_POINT('',(145.75,-55.732,10.56));
#5686=CARTESIAN_POINT('',(148.806,-55.732,10.56));
#5687=CARTESIAN_POINT('',(146.25,-55.732,10.06));
#5688=CARTESIAN_POINT('Origin',(145.75,-55.732,10.06));
#5689=CARTESIAN_POINT('',(146.25,-55.732,1.56));
#5690=CARTESIAN_POINT('Origin',(127.952,-90.744,1.56));
#5691=CARTESIAN_POINT('',(149.306,-90.744,11.26));
#5692=CARTESIAN_POINT('',(149.306,-90.744,1.56));
#5693=CARTESIAN_POINT('',(133.4155,-90.744,11.26));
#5694=CARTESIAN_POINT('Origin',(149.306,-90.244,1.56));
#5695=CARTESIAN_POINT('',(149.806,-90.244,11.26));
#5696=CARTESIAN_POINT('',(149.806,-90.244,1.56));
#5697=CARTESIAN_POINT('Origin',(149.306,-90.244,11.26));
#5698=CARTESIAN_POINT('Origin',(149.806,-54.732,1.56));
#5699=CARTESIAN_POINT('',(149.306,-54.732,11.26));
#5700=CARTESIAN_POINT('',(144.3425,-54.732,11.26));
#5701=CARTESIAN_POINT('',(149.306,-54.732,1.56));
#5702=CARTESIAN_POINT('',(146.25,-54.732,10.06));
#5703=CARTESIAN_POINT('',(146.25,-54.732,1.56));
#5704=CARTESIAN_POINT('',(145.75,-54.732,10.56));
#5705=CARTESIAN_POINT('Origin',(145.75,-54.732,10.06));
#5706=CARTESIAN_POINT('',(131.75,-54.732,10.56));
#5707=CARTESIAN_POINT('',(141.528,-54.732,10.56));
#5708=CARTESIAN_POINT('Origin',(131.75,-54.732,10.06));
#5709=CARTESIAN_POINT('Origin',(149.806,-90.744,1.56));
#5710=CARTESIAN_POINT('',(149.806,-55.232,11.26));
#5711=CARTESIAN_POINT('',(149.806,-55.232,1.56));
#5712=CARTESIAN_POINT('',(149.806,-81.741,11.26));
#5713=CARTESIAN_POINT('Origin',(140.25008190012,-64.6948232778079,11.91));
#5714=CARTESIAN_POINT('',(140.25008190012,-61.7099505380535,12.16));
#5715=CARTESIAN_POINT('',(140.50008190012,-61.7714979775912,11.91));
#5716=CARTESIAN_POINT('Origin',(140.25008190012,-61.7099505380535,11.91));
#5717=CARTESIAN_POINT('',(140.50008190012,-60.5771025546558,11.91));
#5718=CARTESIAN_POINT('',(140.50008190012,-64.6948232778079,11.91));
#5719=CARTESIAN_POINT('',(140.25008190012,-60.5245990970322,12.16));
#5720=CARTESIAN_POINT('Ctrl Pts',(140.500081900119,-60.5771025546557,11.91));
#5721=CARTESIAN_POINT('Ctrl Pts',(140.500081637248,-60.5771024897846,11.9175538296641));
#5722=CARTESIAN_POINT('Ctrl Pts',(140.499739676896,-60.5770180308462,11.9251059276153));
#5723=CARTESIAN_POINT('Ctrl Pts',(140.499054871642,-60.5768493186776,11.9326375672585));
#5724=CARTESIAN_POINT('Ctrl Pts',(140.497534997143,-60.5764748745255,11.9493534831543));
#5725=CARTESIAN_POINT('Ctrl Pts',(140.494331894255,-60.5756857611682,11.9658111424946));
#5726=CARTESIAN_POINT('Ctrl Pts',(140.489548488727,-60.5745251346304,11.981775435006));
#5727=CARTESIAN_POINT('Ctrl Pts',(140.485582391241,-60.573562816473,11.9950120171903));
#5728=CARTESIAN_POINT('Ctrl Pts',(140.48052808518,-60.5723451044305,12.0079094255613));
#5729=CARTESIAN_POINT('Ctrl Pts',(140.474417556076,-60.570896737882,12.0203336461227));
#5730=CARTESIAN_POINT('Ctrl Pts',(140.464630850827,-60.5685770146205,12.040232444166));
#5731=CARTESIAN_POINT('Ctrl Pts',(140.452285103382,-60.5657026206378,12.0586581284374));
#5732=CARTESIAN_POINT('Ctrl Pts',(140.437749392272,-60.562433903684,12.0751711766841));
#5733=CARTESIAN_POINT('Ctrl Pts',(140.432935188801,-60.5613513100369,12.0806402709429));
#5734=CARTESIAN_POINT('Ctrl Pts',(140.427881077574,-60.560225460526,12.0858995636728));
#5735=CARTESIAN_POINT('Ctrl Pts',(140.422602096055,-60.5590621720116,12.0909330870643));
#5736=CARTESIAN_POINT('Ctrl Pts',(140.410412058813,-60.5563759473561,12.1025563210872));
#5737=CARTESIAN_POINT('Ctrl Pts',(140.397136733456,-60.5535158794919,12.1128753035395));
#5738=CARTESIAN_POINT('Ctrl Pts',(140.382971064954,-60.550545252909,12.1217639212848));
#5739=CARTESIAN_POINT('Ctrl Pts',(140.368805396452,-60.5475746263262,12.13065253903));
#5740=CARTESIAN_POINT('Ctrl Pts',(140.353748638318,-60.544493444948,12.1381107920683));
#5741=CARTESIAN_POINT('Ctrl Pts',(140.338048475379,-60.5413647160801,12.1440125672634));
#5742=CARTESIAN_POINT('Ctrl Pts',(140.322057975791,-60.5381781289174,12.150023481557));
#5743=CARTESIAN_POINT('Ctrl Pts',(140.305497200697,-60.5349614296701,12.1543784179594));
#5744=CARTESIAN_POINT('Ctrl Pts',(140.288624492308,-60.5317658079444,12.1570110785032));
#5745=CARTESIAN_POINT('Ctrl Pts',(140.287528837787,-60.5315582954747,12.1571820342477));
#5746=CARTESIAN_POINT('Ctrl Pts',(140.286431886182,-60.5313508717876,12.1573457275887));
#5747=CARTESIAN_POINT('Ctrl Pts',(140.285333715834,-60.5311435508599,12.1575021403722));
#5748=CARTESIAN_POINT('Ctrl Pts',(140.273660158089,-60.5289397280863,12.1591648092516));
#5749=CARTESIAN_POINT('Ctrl Pts',(140.261880305045,-60.5267536008392,12.1600000010696));
#5750=CARTESIAN_POINT('Ctrl Pts',(140.25008190012,-60.5245990970322,12.16));
#5751=CARTESIAN_POINT('',(140.25008190012,-64.6948232778079,12.16));
#5752=CARTESIAN_POINT('Origin',(138.527797881126,-61.2859418519504,11.76));
#5753=CARTESIAN_POINT('',(138.527797881126,-61.2859418519504,12.16));
#5754=CARTESIAN_POINT('',(140.50008190012,-61.7714979775912,12.16));
#5755=CARTESIAN_POINT('',(138.527797881126,-61.2859418519504,11.76));
#5756=CARTESIAN_POINT('',(138.527797881126,-61.2859418519504,11.76));
#5757=CARTESIAN_POINT('',(140.50008190012,-61.7714979775912,11.76));
#5758=CARTESIAN_POINT('',(140.022495907367,-61.6539211975393,11.76));
#5759=CARTESIAN_POINT('',(140.50008190012,-61.7714979775912,11.76));
#5760=CARTESIAN_POINT('Origin',(138.842122677326,-67.6181485780246,12.16));
#5761=CARTESIAN_POINT('',(139.108045223713,-60.3740354903705,12.16));
#5762=CARTESIAN_POINT('Ctrl Pts',(140.25008190012,-60.5245990970322,12.16));
#5763=CARTESIAN_POINT('Ctrl Pts',(139.833385257591,-60.4485062261425,12.16));
#5764=CARTESIAN_POINT('Ctrl Pts',(139.108045223713,-60.3740354903705,12.16));
#5765=CARTESIAN_POINT('',(140.25008190012,-60.1978759219502,12.16));
#5766=CARTESIAN_POINT('Ctrl Pts',(139.108045223713,-60.3740354903705,12.16));
#5767=CARTESIAN_POINT('Ctrl Pts',(139.208552011319,-60.4014461163158,12.16));
#5768=CARTESIAN_POINT('Ctrl Pts',(140.25008190012,-60.1978759219502,12.16));
#5769=CARTESIAN_POINT('',(140.25008190012,-59.0842133178336,12.16));
#5770=CARTESIAN_POINT('',(140.25008190012,-63.883274150706,12.16));
#5771=CARTESIAN_POINT('',(138.52861446476,-59.5403977759845,12.16));
#5772=CARTESIAN_POINT('',(138.52861446476,-59.5403977759845,12.16));
#5773=CARTESIAN_POINT('',(136.629000369072,-59.0787229825588,12.16));
#5774=CARTESIAN_POINT('',(136.379000369072,-59.0179639585979,12.16));
#5775=CARTESIAN_POINT('',(136.629000369072,-60.1998074076093,12.16));
#5776=CARTESIAN_POINT('',(136.629000369072,-63.3180562683112,12.16));
#5777=CARTESIAN_POINT('',(137.740881863594,-60.3583815225131,12.16));
#5778=CARTESIAN_POINT('Ctrl Pts',(136.629000369072,-60.1998074076093,12.16));
#5779=CARTESIAN_POINT('Ctrl Pts',(137.203218123671,-60.3126615816945,12.16));
#5780=CARTESIAN_POINT('Ctrl Pts',(137.740881863594,-60.3583815225131,12.16));
#5781=CARTESIAN_POINT('',(136.629000369072,-60.5228037585141,12.16));
#5782=CARTESIAN_POINT('Ctrl Pts',(137.740881863594,-60.3583815225131,12.16));
#5783=CARTESIAN_POINT('Ctrl Pts',(137.304605614748,-60.3841955337802,12.16));
#5784=CARTESIAN_POINT('Ctrl Pts',(136.629000369072,-60.5228037585141,12.16));
#5785=CARTESIAN_POINT('',(136.629000369072,-61.8046212013194,12.16));
#5786=CARTESIAN_POINT('',(136.629000369072,-64.0971454509265,12.16));
#5787=CARTESIAN_POINT('',(138.527797881126,-61.2859418519504,12.16));
#5788=CARTESIAN_POINT('Origin',(140.25008190012,-63.883274150706,11.91));
#5789=CARTESIAN_POINT('',(140.50008190012,-60.1483997233874,11.91));
#5790=CARTESIAN_POINT('Ctrl Pts',(140.25008190012,-60.1978759219502,12.16));
#5791=CARTESIAN_POINT('Ctrl Pts',(140.255230981828,-60.1968695182211,12.16));
#5792=CARTESIAN_POINT('Ctrl Pts',(140.260379011137,-60.1958624568842,12.1598409217297));
#5793=CARTESIAN_POINT('Ctrl Pts',(140.273192966548,-60.1933536826874,12.1590481873688));
#5794=CARTESIAN_POINT('Ctrl Pts',(140.280842383124,-60.1918541636619,12.1582195524743));
#5795=CARTESIAN_POINT('Ctrl Pts',(140.303914474459,-60.1873259234958,12.1546368941506));
#5796=CARTESIAN_POINT('Ctrl Pts',(140.319138162146,-60.1843305870533,12.150784378574));
#5797=CARTESIAN_POINT('Ctrl Pts',(140.363463688914,-60.1755905825413,12.1350079270553));
#5798=CARTESIAN_POINT('Ctrl Pts',(140.390858921656,-60.1701629627538,12.1189905312283));
#5799=CARTESIAN_POINT('Ctrl Pts',(140.438750916061,-60.1606477865282,12.0771285634131));
#5800=CARTESIAN_POINT('Ctrl Pts',(140.458689968375,-60.1566711021124,12.0515082798803));
#5801=CARTESIAN_POINT('Ctrl Pts',(140.487875450263,-60.1508431306542,11.9937152312774));
#5802=CARTESIAN_POINT('Ctrl Pts',(140.49675359983,-60.1490657706399,11.9621058824196));
#5803=CARTESIAN_POINT('Ctrl Pts',(140.499825533886,-60.1484510308929,11.9230813182285));
#5804=CARTESIAN_POINT('Ctrl Pts',(140.50008190012,-60.1483997233874,11.9165367327602));
#5805=CARTESIAN_POINT('Ctrl Pts',(140.50008190012,-60.1483997233874,11.91));
#5806=CARTESIAN_POINT('',(140.50008190012,-59.0486952193744,11.91));
#5807=CARTESIAN_POINT('',(140.50008190012,-63.883274150706,11.91));
#5808=CARTESIAN_POINT('',(140.384113756688,-59.0486952193744,12.1210342659972));
#5809=CARTESIAN_POINT('Origin',(140.25008190012,-59.0486952193744,11.91));
#5810=CARTESIAN_POINT('Origin',(140.25008190012,-59.0842133178336,11.91));
#5811=CARTESIAN_POINT('Origin',(140.50008190012,-60.1483997233874,11.76));
#5812=CARTESIAN_POINT('',(140.50008190012,-60.1483997233874,11.76));
#5813=CARTESIAN_POINT('',(140.50008190012,-60.1483997233874,11.76));
#5814=CARTESIAN_POINT('',(140.50008190012,-59.0486952193744,11.76));
#5815=CARTESIAN_POINT('',(140.50008190012,-66.4431998616937,11.76));
#5816=CARTESIAN_POINT('',(140.50008190012,-59.0486952193744,11.76));
#5817=CARTESIAN_POINT('Ctrl Pts',(139.108045223713,-60.3740354903705,11.76));
#5818=CARTESIAN_POINT('Ctrl Pts',(139.108045223713,-60.3740354903705,12.16));
#5819=CARTESIAN_POINT('Ctrl Pts',(139.220022979736,-60.4045745261676,11.76));
#5820=CARTESIAN_POINT('Ctrl Pts',(139.220022979736,-60.4045745261676,12.16));
#5821=CARTESIAN_POINT('Ctrl Pts',(140.50008190012,-60.1483997233874,11.76));
#5822=CARTESIAN_POINT('Ctrl Pts',(140.50008190012,-60.1483997233874,12.16));
#5823=CARTESIAN_POINT('',(139.108045223713,-60.3740354903705,11.76));
#5824=CARTESIAN_POINT('',(139.108045223713,-60.3740354903705,11.76));
#5825=CARTESIAN_POINT('Ctrl Pts',(140.50008190012,-60.1483997233874,11.76));
#5826=CARTESIAN_POINT('Ctrl Pts',(139.220022979736,-60.4045745261676,11.76));
#5827=CARTESIAN_POINT('Ctrl Pts',(139.108045223713,-60.3740354903705,11.76));
#5828=CARTESIAN_POINT('Origin',(141.129000369072,-63.3334218986995,11.91));
#5829=CARTESIAN_POINT('',(141.379000369072,-56.1507233508594,11.91));
#5830=CARTESIAN_POINT('',(141.129000369072,-56.1507233508594,12.16));
#5831=CARTESIAN_POINT('Origin',(141.129000369072,-56.1507233508594,11.91));
#5832=CARTESIAN_POINT('',(141.129000369072,-59.0486952193744,12.16));
#5833=CARTESIAN_POINT('',(141.129000369072,-63.3334218986995,12.16));
#5834=CARTESIAN_POINT('',(141.379000369072,-59.0486952193744,11.91));
#5835=CARTESIAN_POINT('Origin',(141.129000369072,-59.0486952193744,11.91));
#5836=CARTESIAN_POINT('',(141.379000369072,-63.3334218986995,11.91));
#5837=CARTESIAN_POINT('Origin',(140.50008190012,-59.0486952193744,11.76));
#5838=CARTESIAN_POINT('',(140.278816047668,-59.0486952193744,12.16));
#5839=CARTESIAN_POINT('',(141.379000369072,-59.0486952193744,12.16));
#5840=CARTESIAN_POINT('',(140.278816047668,-59.0486952193744,11.76));
#5841=CARTESIAN_POINT('',(140.278816047668,-59.0486952193744,11.76));
#5842=CARTESIAN_POINT('',(140.384113756688,-59.0486952193744,11.76));
#5843=CARTESIAN_POINT('',(139.578908023834,-59.0486952193744,11.76));
#5844=CARTESIAN_POINT('',(140.384113756688,-59.0486952193744,11.76));
#5845=CARTESIAN_POINT('',(141.379000369072,-59.0486952193744,11.76));
#5846=CARTESIAN_POINT('',(139.68954095006,-59.0486952193744,11.76));
#5847=CARTESIAN_POINT('',(141.379000369072,-59.0486952193744,11.76));
#5848=CARTESIAN_POINT('Origin',(138.842122677326,-67.6181485780246,12.16));
#5849=CARTESIAN_POINT('',(140.278816047668,-56.1507233508594,12.16));
#5850=CARTESIAN_POINT('',(140.278816047668,-56.1507233508594,12.16));
#5851=CARTESIAN_POINT('',(140.278816047668,-56.900570047713,12.16));
#5852=CARTESIAN_POINT('',(140.278816047668,-56.900570047713,12.16));
#5853=CARTESIAN_POINT('',(136.629000369072,-56.900570047713,12.16));
#5854=CARTESIAN_POINT('',(136.379000369072,-56.900570047713,12.16));
#5855=CARTESIAN_POINT('',(136.629000369072,-58.2957759030826,12.16));
#5856=CARTESIAN_POINT('',(136.629000369072,-62.2593593128688,12.16));
#5857=CARTESIAN_POINT('',(140.278816047668,-58.2957759030826,12.16));
#5858=CARTESIAN_POINT('',(140.278816047668,-58.2957759030826,12.16));
#5859=CARTESIAN_POINT('',(140.278816047668,-59.0486952193744,12.16));
#5860=CARTESIAN_POINT('Origin',(141.129000369072,-66.1514919527537,11.91));
#5861=CARTESIAN_POINT('',(141.379000369072,-61.7868634589679,11.91));
#5862=CARTESIAN_POINT('',(141.129000369072,-61.7868634589679,12.16));
#5863=CARTESIAN_POINT('Origin',(141.129000369072,-61.7868634589679,11.91));
#5864=CARTESIAN_POINT('',(141.129000369072,-64.6848353274829,12.16));
#5865=CARTESIAN_POINT('',(141.129000369072,-66.1514919527537,12.16));
#5866=CARTESIAN_POINT('',(141.379000369072,-64.6848353274829,11.91));
#5867=CARTESIAN_POINT('Origin',(141.129000369072,-64.6848353274829,11.91));
#5868=CARTESIAN_POINT('',(141.379000369072,-66.1514919527537,11.91));
#5869=CARTESIAN_POINT('Origin',(140.278816047668,-64.6848353274829,11.76));
#5870=CARTESIAN_POINT('',(140.278816047668,-64.6848353274829,12.16));
#5871=CARTESIAN_POINT('',(141.379000369072,-64.6848353274829,12.16));
#5872=CARTESIAN_POINT('',(140.278816047668,-64.6848353274829,11.76));
#5873=CARTESIAN_POINT('',(140.278816047668,-64.6848353274829,11.76));
#5874=CARTESIAN_POINT('',(141.379000369072,-64.6848353274829,11.76));
#5875=CARTESIAN_POINT('',(139.578908023834,-64.6848353274829,11.76));
#5876=CARTESIAN_POINT('',(141.379000369072,-64.6848353274829,11.76));
#5877=CARTESIAN_POINT('Origin',(138.842122677326,-67.6181485780246,12.16));
#5878=CARTESIAN_POINT('',(140.278816047668,-61.7868634589679,12.16));
#5879=CARTESIAN_POINT('',(140.278816047668,-61.7868634589679,12.16));
#5880=CARTESIAN_POINT('',(140.278816047668,-62.5367095597751,12.16));
#5881=CARTESIAN_POINT('',(140.278816047668,-62.5367095597751,12.16));
#5882=CARTESIAN_POINT('',(136.629000369072,-62.5367095597751,12.16));
#5883=CARTESIAN_POINT('',(136.379000369072,-62.5367095597751,12.16));
#5884=CARTESIAN_POINT('',(136.629000369072,-63.9319154151446,12.16));
#5885=CARTESIAN_POINT('',(136.629000369072,-65.0774290688998,12.16));
#5886=CARTESIAN_POINT('',(140.278816047668,-63.9319154151446,12.16));
#5887=CARTESIAN_POINT('',(140.278816047668,-63.9319154151446,12.16));
#5888=CARTESIAN_POINT('',(140.278816047668,-64.6848353274829,12.16));
#5889=CARTESIAN_POINT('Origin',(138.94276795125,-66.6843742259509,11.91));
#5890=CARTESIAN_POINT('',(140.573837283611,-66.9343742259509,11.91));
#5891=CARTESIAN_POINT('',(140.531059460295,-66.6843742259509,12.16));
#5892=CARTESIAN_POINT('Ctrl Pts',(140.573837283611,-66.9343742259509,11.91));
#5893=CARTESIAN_POINT('Ctrl Pts',(140.573837283611,-66.9343742259509,11.9200313154716));
#5894=CARTESIAN_POINT('Ctrl Pts',(140.573801378356,-66.9337704484268,11.9300716733504));
#5895=CARTESIAN_POINT('Ctrl Pts',(140.573501436185,-66.9288940846205,11.9703248486303));
#5896=CARTESIAN_POINT('Ctrl Pts',(140.572953935202,-66.9197239821579,11.9996542417888));
#5897=CARTESIAN_POINT('Ctrl Pts',(140.570690234123,-66.8922159114089,12.0518301933415));
#5898=CARTESIAN_POINT('Ctrl Pts',(140.569055525697,-66.874706175191,12.074566022898));
#5899=CARTESIAN_POINT('Ctrl Pts',(140.563525861337,-66.8305237710094,12.1152861279842));
#5900=CARTESIAN_POINT('Ctrl Pts',(140.559439301087,-66.8035432178491,12.1319828323857));
#5901=CARTESIAN_POINT('Ctrl Pts',(140.550392737932,-66.7584167379297,12.149395484762));
#5902=CARTESIAN_POINT('Ctrl Pts',(140.546701545814,-66.7419828911487,12.1538568856926));
#5903=CARTESIAN_POINT('Ctrl Pts',(140.539103798919,-66.7120799350644,12.1588228730307));
#5904=CARTESIAN_POINT('Ctrl Pts',(140.535414411473,-66.6987655270936,12.1599372068425));
#5905=CARTESIAN_POINT('Ctrl Pts',(140.53128931207,-66.6851312039389,12.159999140701));
#5906=CARTESIAN_POINT('Ctrl Pts',(140.531174509085,-66.6847526656396,12.16));
#5907=CARTESIAN_POINT('Ctrl Pts',(140.531059460295,-66.6843742259509,12.16));
#5908=CARTESIAN_POINT('',(139.032292648463,-66.6843742259509,12.16));
#5909=CARTESIAN_POINT('',(138.94276795125,-66.6843742259509,12.16));
#5910=CARTESIAN_POINT('',(139.043413225174,-66.9343742259509,11.91));
#5911=CARTESIAN_POINT('Ctrl Pts',(139.032292648463,-66.6843742259528,12.16));
#5912=CARTESIAN_POINT('Ctrl Pts',(139.033130023738,-66.69251331342,12.1600000096775));
#5913=CARTESIAN_POINT('Ctrl Pts',(139.033906479145,-66.7006643326623,12.1596025036762));
#5914=CARTESIAN_POINT('Ctrl Pts',(139.034625302978,-66.7087969905893,12.1588041972464));
#5915=CARTESIAN_POINT('Ctrl Pts',(139.036539526469,-66.7304542091182,12.1566783120857));
#5916=CARTESIAN_POINT('Ctrl Pts',(139.038025874849,-66.7517669452436,12.1517313529088));
#5917=CARTESIAN_POINT('Ctrl Pts',(139.039183057047,-66.7721903395514,12.1440690714129));
#5918=CARTESIAN_POINT('Ctrl Pts',(139.04039020636,-66.7934956158124,12.136075932682));
#5919=CARTESIAN_POINT('Ctrl Pts',(139.041228372654,-66.8136082371836,12.1252121765091));
#5920=CARTESIAN_POINT('Ctrl Pts',(139.041825708024,-66.8319663974327,12.1117836216476));
#5921=CARTESIAN_POINT('Ctrl Pts',(139.041915021254,-66.8347112986694,12.1097757920859));
#5922=CARTESIAN_POINT('Ctrl Pts',(139.041998920629,-66.8374170677946,12.1077106237485));
#5923=CARTESIAN_POINT('Ctrl Pts',(139.042077800979,-66.8400819288764,12.1055891388847));
#5924=CARTESIAN_POINT('Ctrl Pts',(139.042514907539,-66.8548489558826,12.0938331698811));
#5925=CARTESIAN_POINT('Ctrl Pts',(139.042794901657,-66.8682120092487,12.0804691066595));
#5926=CARTESIAN_POINT('Ctrl Pts',(139.042983987158,-66.8799186949955,12.0657720962397));
#5927=CARTESIAN_POINT('Ctrl Pts',(139.043124305467,-66.8886061000876,12.0548656034953));
#5928=CARTESIAN_POINT('Ctrl Pts',(139.043214262855,-66.8963822554527,12.0432250615477));
#5929=CARTESIAN_POINT('Ctrl Pts',(139.04327508902,-66.9031617336768,12.0309629135855));
#5930=CARTESIAN_POINT('Ctrl Pts',(139.043351700104,-66.911700545414,12.0155186316684));
#5931=CARTESIAN_POINT('Ctrl Pts',(139.043381965607,-66.9185695566554,11.9992512736495));
#5932=CARTESIAN_POINT('Ctrl Pts',(139.04339722721,-66.9236578894028,11.982441682324));
#5933=CARTESIAN_POINT('Ctrl Pts',(139.043410569636,-66.9281063538453,11.9677459316693));
#5934=CARTESIAN_POINT('Ctrl Pts',(139.043412219567,-66.9311945127655,11.9526357469647));
#5935=CARTESIAN_POINT('Ctrl Pts',(139.043412916274,-66.9328793089371,11.9372987862373));
#5936=CARTESIAN_POINT('Ctrl Pts',(139.043413328278,-66.933875625714,11.9282291601681));
#5937=CARTESIAN_POINT('Ctrl Pts',(139.043413225174,-66.9343745232726,11.9191147394655));
#5938=CARTESIAN_POINT('Ctrl Pts',(139.043413225174,-66.9343742259509,11.91));
#5939=CARTESIAN_POINT('',(138.94276795125,-66.9343742259509,11.91));
#5940=CARTESIAN_POINT('Ctrl Pts',(138.963871422768,-66.4172216781146,11.76));
#5941=CARTESIAN_POINT('Ctrl Pts',(138.963871422768,-66.4172216781146,12.16));
#5942=CARTESIAN_POINT('Ctrl Pts',(139.043413225174,-66.5548416503436,11.76));
#5943=CARTESIAN_POINT('Ctrl Pts',(139.043413225174,-66.5548416503436,12.16));
#5944=CARTESIAN_POINT('Ctrl Pts',(139.043413225174,-66.9343742259509,11.76));
#5945=CARTESIAN_POINT('Ctrl Pts',(139.043413225174,-66.9343742259509,12.16));
#5946=CARTESIAN_POINT('',(138.963871422768,-66.4172216781146,12.16));
#5947=CARTESIAN_POINT('Ctrl Pts',(138.963871422768,-66.4172216781146,12.16));
#5948=CARTESIAN_POINT('Ctrl Pts',(139.01367182784,-66.5033843014861,12.16));
#5949=CARTESIAN_POINT('Ctrl Pts',(139.032292648463,-66.6843742259509,12.16));
#5950=CARTESIAN_POINT('',(138.963871422768,-66.4172216781146,11.76));
#5951=CARTESIAN_POINT('',(138.963871422768,-66.4172216781146,11.76));
#5952=CARTESIAN_POINT('',(139.043413225174,-66.9343742259509,11.76));
#5953=CARTESIAN_POINT('Ctrl Pts',(139.043413225174,-66.9343742259509,11.76));
#5954=CARTESIAN_POINT('Ctrl Pts',(139.043413225174,-66.5548416503436,11.76));
#5955=CARTESIAN_POINT('Ctrl Pts',(138.963871422768,-66.4172216781146,11.76));
#5956=CARTESIAN_POINT('',(139.043413225174,-66.9343742259509,11.76));
#5957=CARTESIAN_POINT('Origin',(138.842122677326,-67.6181485780246,12.16));
#5958=CARTESIAN_POINT('',(139.97467112875,-66.1660894282825,12.16));
#5959=CARTESIAN_POINT('Ctrl Pts',(140.531059460295,-66.6843742259509,12.16));
#5960=CARTESIAN_POINT('Ctrl Pts',(140.411241914908,-66.290248269541,12.16));
#5961=CARTESIAN_POINT('Ctrl Pts',(139.97467112875,-66.1660894282825,12.16));
#5962=CARTESIAN_POINT('',(140.25008190012,-66.1902526584343,12.16));
#5963=CARTESIAN_POINT('',(140.50008190012,-66.2121864684589,12.16));
#5964=CARTESIAN_POINT('',(140.25008190012,-64.8722967036731,12.16));
#5965=CARTESIAN_POINT('',(140.25008190012,-66.9151675232417,12.16));
#5966=CARTESIAN_POINT('',(136.629000369072,-64.8722967036731,12.16));
#5967=CARTESIAN_POINT('',(136.379000369072,-64.8722967036731,12.16));
#5968=CARTESIAN_POINT('',(136.629000369072,-66.2152596839435,12.16));
#5969=CARTESIAN_POINT('',(136.629000369072,-66.2452226408488,12.16));
#5970=CARTESIAN_POINT('',(138.019817296028,-66.2152596839435,12.16));
#5971=CARTESIAN_POINT('',(138.019817296028,-66.2152596839435,12.16));
#5972=CARTESIAN_POINT('',(138.740684810638,-66.2474306949145,12.16));
#5973=CARTESIAN_POINT('Ctrl Pts',(138.019817296028,-66.2152596839435,12.16));
#5974=CARTESIAN_POINT('Ctrl Pts',(138.597039404869,-66.2152596839435,12.16));
#5975=CARTESIAN_POINT('Ctrl Pts',(138.740684810638,-66.2474306949145,12.16));
#5976=CARTESIAN_POINT('Ctrl Pts',(138.740684810638,-66.2474306949145,12.16));
#5977=CARTESIAN_POINT('Ctrl Pts',(138.884330216408,-66.2796028979785,12.16));
#5978=CARTESIAN_POINT('Ctrl Pts',(138.963871422768,-66.4172216781146,12.16));
#5979=CARTESIAN_POINT('Origin',(140.25008190012,-66.9151675232417,11.91));
#5980=CARTESIAN_POINT('',(140.50008190012,-64.8722967036731,11.91));
#5981=CARTESIAN_POINT('Origin',(140.25008190012,-64.8722967036731,11.91));
#5982=CARTESIAN_POINT('',(140.50008190012,-66.2121864684589,11.91));
#5983=CARTESIAN_POINT('Origin',(140.25008190012,-66.1902526584343,11.91));
#5984=CARTESIAN_POINT('',(140.50008190012,-66.9151675232417,11.91));
#5985=CARTESIAN_POINT('Origin',(139.97467112875,-66.1660894282825,11.76));
#5986=CARTESIAN_POINT('',(139.97467112875,-66.1660894282825,11.76));
#5987=CARTESIAN_POINT('',(139.97467112875,-66.1660894282825,11.76));
#5988=CARTESIAN_POINT('',(140.50008190012,-66.2121864684589,11.76));
#5989=CARTESIAN_POINT('',(139.717112193119,-66.1434924332254,11.76));
#5990=CARTESIAN_POINT('',(140.50008190012,-66.2121864684589,11.76));
#5991=CARTESIAN_POINT('Origin',(137.920641485214,-72.1517991550929,11.91));
#5992=CARTESIAN_POINT('',(137.920641485214,-76.6854497321612,12.16));
#5993=CARTESIAN_POINT('',(138.170641485214,-76.6854497321612,11.91));
#5994=CARTESIAN_POINT('Origin',(137.920641485214,-76.6854497321612,11.91));
#5995=CARTESIAN_POINT('',(138.170641485214,-75.4039498694903,11.91));
#5996=CARTESIAN_POINT('',(138.170641485214,-72.1517991550929,11.91));
#5997=CARTESIAN_POINT('',(137.920641485214,-75.4039498694903,12.16));
#5998=CARTESIAN_POINT('Origin',(137.920641485214,-75.4039498694903,11.91));
#5999=CARTESIAN_POINT('',(137.920641485214,-72.1517991550929,12.16));
#6000=CARTESIAN_POINT('Origin',(138.842122677326,-67.6181485780246,12.16));
#6001=CARTESIAN_POINT('',(137.580790344238,-75.4039498694903,12.16));
#6002=CARTESIAN_POINT('',(137.580790344238,-75.4039498694903,12.16));
#6003=CARTESIAN_POINT('',(137.215567055702,-75.3679117091663,12.16));
#6004=CARTESIAN_POINT('Ctrl Pts',(137.580790344238,-75.4039498694903,12.16));
#6005=CARTESIAN_POINT('Ctrl Pts',(137.29614061451,-75.4039498694903,12.16));
#6006=CARTESIAN_POINT('Ctrl Pts',(137.215567055702,-75.3679117091663,12.16));
#6007=CARTESIAN_POINT('',(137.134992900848,-75.2338703998096,12.16));
#6008=CARTESIAN_POINT('Ctrl Pts',(137.215567055702,-75.3679117091663,12.16));
#6009=CARTESIAN_POINT('Ctrl Pts',(137.134992900848,-75.331874740935,12.16));
#6010=CARTESIAN_POINT('Ctrl Pts',(137.134992900848,-75.2338703998096,12.16));
#6011=CARTESIAN_POINT('',(137.189037028313,-75.1358660586841,12.16));
#6012=CARTESIAN_POINT('Ctrl Pts',(137.134992900848,-75.2338703998096,12.16));
#6013=CARTESIAN_POINT('Ctrl Pts',(137.134992900848,-75.1628037818439,12.16));
#6014=CARTESIAN_POINT('Ctrl Pts',(137.189037028313,-75.1358660586841,12.16));
#6015=CARTESIAN_POINT('',(137.501801076889,-75.1089283355243,12.16));
#6016=CARTESIAN_POINT('Ctrl Pts',(137.189037028313,-75.1358660586841,12.16));
#6017=CARTESIAN_POINT('Ctrl Pts',(137.243081155777,-75.1089283355243,12.16));
#6018=CARTESIAN_POINT('Ctrl Pts',(137.501801076889,-75.1089283355243,12.16));
#6019=CARTESIAN_POINT('',(138.305859390259,-75.1089283355243,12.16));
#6020=CARTESIAN_POINT('',(138.305859390259,-75.1089283355243,12.16));
#6021=CARTESIAN_POINT('',(138.305859390259,-76.6854497321612,12.16));
#6022=CARTESIAN_POINT('',(138.305859390259,-76.6854497321612,12.16));
#6023=CARTESIAN_POINT('',(138.898303333282,-76.6854497321612,12.16));
#6024=CARTESIAN_POINT('',(138.898303333282,-76.6854497321612,12.16));
#6025=CARTESIAN_POINT('',(139.828048470974,-76.5449973472125,12.16));
#6026=CARTESIAN_POINT('Ctrl Pts',(138.898303333282,-76.6854497321612,12.16));
#6027=CARTESIAN_POINT('Ctrl Pts',(139.491515580177,-76.6854497321612,12.16));
#6028=CARTESIAN_POINT('Ctrl Pts',(139.828048470974,-76.5449973472125,12.16));
#6029=CARTESIAN_POINT('',(140.369209471703,-76.0543748267657,12.16));
#6030=CARTESIAN_POINT('Ctrl Pts',(139.828048470974,-76.5449973472125,12.16));
#6031=CARTESIAN_POINT('Ctrl Pts',(140.164581361771,-76.4045449622638,12.16));
#6032=CARTESIAN_POINT('Ctrl Pts',(140.369209471703,-76.0543748267657,12.16));
#6033=CARTESIAN_POINT('',(140.573837283611,-75.1744719871051,12.16));
#6034=CARTESIAN_POINT('Ctrl Pts',(140.369209471703,-76.0543748267657,12.16));
#6035=CARTESIAN_POINT('Ctrl Pts',(140.573837283611,-75.7042046912677,12.16));
#6036=CARTESIAN_POINT('Ctrl Pts',(140.573837283611,-75.1744719871051,12.16));
#6037=CARTESIAN_POINT('',(140.404454592228,-74.4025858767993,12.16));
#6038=CARTESIAN_POINT('Ctrl Pts',(140.573837283611,-75.1744719871051,12.16));
#6039=CARTESIAN_POINT('Ctrl Pts',(140.573837283611,-74.7411593326099,12.16));
#6040=CARTESIAN_POINT('Ctrl Pts',(140.404454592228,-74.4025858767993,12.16));
#6041=CARTESIAN_POINT('',(139.916209403038,-73.9149888881213,12.16));
#6042=CARTESIAN_POINT('Ctrl Pts',(140.404454592228,-74.4025858767993,12.16));
#6043=CARTESIAN_POINT('Ctrl Pts',(140.235071602821,-74.0640124209888,12.16));
#6044=CARTESIAN_POINT('Ctrl Pts',(139.916209403038,-73.9149888881213,12.16));
#6045=CARTESIAN_POINT('',(139.05911517477,-73.7659653552539,12.16));
#6046=CARTESIAN_POINT('Ctrl Pts',(139.916209403038,-73.9149888881213,12.16));
#6047=CARTESIAN_POINT('Ctrl Pts',(139.597346905231,-73.7659653552539,12.16));
#6048=CARTESIAN_POINT('Ctrl Pts',(139.05911517477,-73.7659653552539,12.16));
#6049=CARTESIAN_POINT('',(137.892330113411,-73.7659653552539,12.16));
#6050=CARTESIAN_POINT('',(137.892330113411,-73.7659653552539,12.16));
#6051=CARTESIAN_POINT('',(137.192878547668,-73.8320382960803,12.16));
#6052=CARTESIAN_POINT('Ctrl Pts',(137.892330113411,-73.7659653552539,12.16));
#6053=CARTESIAN_POINT('Ctrl Pts',(137.436880889893,-73.7659653552539,12.16));
#6054=CARTESIAN_POINT('Ctrl Pts',(137.192878547668,-73.8320382960803,12.16));
#6055=CARTESIAN_POINT('',(136.743383828163,-74.0716227420337,12.16));
#6056=CARTESIAN_POINT('Ctrl Pts',(137.192878547668,-73.8320382960803,12.16));
#6057=CARTESIAN_POINT('Ctrl Pts',(136.948875609398,-73.8981100448138,12.16));
#6058=CARTESIAN_POINT('Ctrl Pts',(136.743383828163,-74.0716227420337,12.16));
#6059=CARTESIAN_POINT('',(136.421568218231,-74.553169859267,12.16));
#6060=CARTESIAN_POINT('Ctrl Pts',(136.743383828163,-74.0716227420337,12.16));
#6061=CARTESIAN_POINT('Ctrl Pts',(136.537891450882,-74.2451354392535,12.16));
#6062=CARTESIAN_POINT('Ctrl Pts',(136.421568218231,-74.553169859267,12.16));
#6063=CARTESIAN_POINT('',(136.30524498558,-75.2588399775989,12.16));
#6064=CARTESIAN_POINT('Ctrl Pts',(136.421568218231,-74.553169859267,12.16));
#6065=CARTESIAN_POINT('Ctrl Pts',(136.30524498558,-74.8612042792804,12.16));
#6066=CARTESIAN_POINT('Ctrl Pts',(136.30524498558,-75.2588399775989,12.16));
#6067=CARTESIAN_POINT('',(136.424088898659,-75.9477754958636,12.16));
#6068=CARTESIAN_POINT('Ctrl Pts',(136.30524498558,-75.2588399775989,12.16));
#6069=CARTESIAN_POINT('Ctrl Pts',(136.30524498558,-75.6706401237018,12.16));
#6070=CARTESIAN_POINT('Ctrl Pts',(136.424088898659,-75.9477754958636,12.16));
#6071=CARTESIAN_POINT('',(136.781605902672,-76.4062496551044,12.16));
#6072=CARTESIAN_POINT('Ctrl Pts',(136.424088898659,-75.9477754958636,12.16));
#6073=CARTESIAN_POINT('Ctrl Pts',(136.542933407783,-76.2249108680255,12.16));
#6074=CARTESIAN_POINT('Ctrl Pts',(136.781605902672,-76.4062496551044,12.16));
#6075=CARTESIAN_POINT('',(137.228699747086,-76.6365190871722,12.16));
#6076=CARTESIAN_POINT('Ctrl Pts',(136.781605902672,-76.4062496551044,12.16));
#6077=CARTESIAN_POINT('Ctrl Pts',(137.02027839756,-76.5875884421832,12.16));
#6078=CARTESIAN_POINT('Ctrl Pts',(137.228699747086,-76.6365190871722,12.16));
#6079=CARTESIAN_POINT('',(137.813724699974,-76.6854497321612,12.16));
#6080=CARTESIAN_POINT('Ctrl Pts',(137.228699747086,-76.6365190871722,12.16));
#6081=CARTESIAN_POINT('Ctrl Pts',(137.437121096611,-76.6854497321612,12.16));
#6082=CARTESIAN_POINT('Ctrl Pts',(137.813724699974,-76.6854497321612,12.16));
#6083=CARTESIAN_POINT('',(138.170641485214,-76.6854497321612,12.16));
#6084=CARTESIAN_POINT('',(139.08029091692,-75.3394135364062,12.16));
#6085=CARTESIAN_POINT('',(139.08029091692,-75.1089283355243,12.16));
#6086=CARTESIAN_POINT('',(139.08029091692,-75.1089283355243,12.16));
#6087=CARTESIAN_POINT('',(139.312313023567,-75.1089283355243,12.16));
#6088=CARTESIAN_POINT('',(139.312313023567,-75.1089283355243,12.16));
#6089=CARTESIAN_POINT('',(139.69256621933,-75.1290949710376,12.16));
#6090=CARTESIAN_POINT('Ctrl Pts',(139.312313023567,-75.1089283355243,12.16));
#6091=CARTESIAN_POINT('Ctrl Pts',(139.641043070316,-75.1089283355243,12.16));
#6092=CARTESIAN_POINT('Ctrl Pts',(139.69256621933,-75.1290949710376,12.16));
#6093=CARTESIAN_POINT('',(139.744089368343,-75.23170913539,12.16));
#6094=CARTESIAN_POINT('Ctrl Pts',(139.69256621933,-75.1290949710376,12.16));
#6095=CARTESIAN_POINT('Ctrl Pts',(139.744089368343,-75.1492627986438,12.16));
#6096=CARTESIAN_POINT('Ctrl Pts',(139.744089368343,-75.23170913539,12.16));
#6097=CARTESIAN_POINT('',(139.67741680479,-75.3149958976276,12.16));
#6098=CARTESIAN_POINT('Ctrl Pts',(139.744089368343,-75.23170913539,12.16));
#6099=CARTESIAN_POINT('Ctrl Pts',(139.744089368343,-75.2905794509418,12.16));
#6100=CARTESIAN_POINT('Ctrl Pts',(139.67741680479,-75.3149958976276,12.16));
#6101=CARTESIAN_POINT('',(139.312313023567,-75.3394135364062,12.16));
#6102=CARTESIAN_POINT('Ctrl Pts',(139.67741680479,-75.3149958976276,12.16));
#6103=CARTESIAN_POINT('Ctrl Pts',(139.610743943214,-75.3394135364062,12.16));
#6104=CARTESIAN_POINT('Ctrl Pts',(139.312313023567,-75.3394135364062,12.16));
#6105=CARTESIAN_POINT('',(139.08029091692,-75.3394135364062,12.16));
#6106=CARTESIAN_POINT('Origin',(138.170641485214,-75.4039498694903,11.76));
#6107=CARTESIAN_POINT('',(138.170641485214,-75.4039498694903,11.76));
#6108=CARTESIAN_POINT('',(138.170641485214,-75.4039498694903,11.76));
#6109=CARTESIAN_POINT('',(137.580790344238,-75.4039498694903,11.76));
#6110=CARTESIAN_POINT('',(138.524820742607,-75.4039498694903,11.76));
#6111=CARTESIAN_POINT('',(137.580790344238,-75.4039498694903,11.76));
#6112=CARTESIAN_POINT('Origin',(141.129000369072,-69.6733116634853,11.91));
#6113=CARTESIAN_POINT('',(141.379000369072,-70.348634374953,11.91));
#6114=CARTESIAN_POINT('',(141.129000369072,-70.348634374953,12.16));
#6115=CARTESIAN_POINT('Origin',(141.129000369072,-70.348634374953,11.91));
#6116=CARTESIAN_POINT('',(141.129000369072,-71.7284747489459,12.16));
#6117=CARTESIAN_POINT('',(141.129000369072,-69.6733116634853,12.16));
#6118=CARTESIAN_POINT('',(141.379000369072,-71.7284747489459,11.91));
#6119=CARTESIAN_POINT('Origin',(141.129000369072,-71.7284747489459,11.91));
#6120=CARTESIAN_POINT('',(141.379000369072,-69.6733116634853,11.91));
#6121=CARTESIAN_POINT('Origin',(136.379000369072,-71.7284747489459,11.76));
#6122=CARTESIAN_POINT('',(136.629000369072,-71.7284747489459,12.16));
#6123=CARTESIAN_POINT('',(141.379000369072,-71.7284747489459,12.16));
#6124=CARTESIAN_POINT('',(136.379000369072,-71.7284747489459,11.91));
#6125=CARTESIAN_POINT('Origin',(136.629000369072,-71.7284747489459,11.91));
#6126=CARTESIAN_POINT('',(136.379000369072,-71.7284747489459,11.76));
#6127=CARTESIAN_POINT('',(136.379000369072,-71.7284747489459,11.76));
#6128=CARTESIAN_POINT('',(141.379000369072,-71.7284747489459,11.76));
#6129=CARTESIAN_POINT('',(137.629000184536,-71.7284747489459,11.76));
#6130=CARTESIAN_POINT('',(141.379000369072,-71.7284747489459,11.76));
#6131=CARTESIAN_POINT('Origin',(138.842122677326,-67.6181485780246,12.16));
#6132=CARTESIAN_POINT('',(136.629000369072,-70.348634374953,12.16));
#6133=CARTESIAN_POINT('',(136.379000369072,-70.348634374953,12.16));
#6134=CARTESIAN_POINT('',(136.629000369072,-68.9833914764888,12.16));
#6135=CARTESIAN_POINT('Origin',(141.129000369072,-70.5368643530376,11.91));
#6136=CARTESIAN_POINT('',(141.379000369072,-72.0757397540576,11.91));
#6137=CARTESIAN_POINT('',(141.129000369072,-72.0757397540576,12.16));
#6138=CARTESIAN_POINT('Origin',(141.129000369072,-72.0757397540576,11.91));
#6139=CARTESIAN_POINT('',(141.129000369072,-73.4555801280505,12.16));
#6140=CARTESIAN_POINT('',(141.129000369072,-70.5368643530376,12.16));
#6141=CARTESIAN_POINT('',(141.379000369072,-73.4555801280505,11.91));
#6142=CARTESIAN_POINT('Origin',(141.129000369072,-73.4555801280505,11.91));
#6143=CARTESIAN_POINT('',(141.379000369072,-70.5368643530376,11.91));
#6144=CARTESIAN_POINT('Origin',(136.379000369072,-73.4555801280505,11.76));
#6145=CARTESIAN_POINT('',(136.629000369072,-73.4555801280505,12.16));
#6146=CARTESIAN_POINT('',(141.379000369072,-73.4555801280505,12.16));
#6147=CARTESIAN_POINT('',(136.379000369072,-73.4555801280505,11.91));
#6148=CARTESIAN_POINT('Origin',(136.629000369072,-73.4555801280505,11.91));
#6149=CARTESIAN_POINT('',(136.379000369072,-73.4555801280505,11.76));
#6150=CARTESIAN_POINT('',(136.379000369072,-73.4555801280505,11.76));
#6151=CARTESIAN_POINT('',(141.379000369072,-73.4555801280505,11.76));
#6152=CARTESIAN_POINT('',(137.629000184536,-73.4555801280505,11.76));
#6153=CARTESIAN_POINT('',(141.379000369072,-73.4555801280505,11.76));
#6154=CARTESIAN_POINT('Origin',(138.842122677326,-67.6181485780246,12.16));
#6155=CARTESIAN_POINT('',(136.629000369072,-72.0757397540576,12.16));
#6156=CARTESIAN_POINT('',(136.379000369072,-72.0757397540576,12.16));
#6157=CARTESIAN_POINT('',(136.629000369072,-69.8469441660411,12.16));
#6158=CARTESIAN_POINT('Origin',(140.25008190012,-72.9907667168147,11.91));
#6159=CARTESIAN_POINT('',(140.50008190012,-77.023496282912,11.91));
#6160=CARTESIAN_POINT('',(140.25008190012,-77.023496282912,12.16));
#6161=CARTESIAN_POINT('Origin',(140.25008190012,-77.023496282912,11.91));
#6162=CARTESIAN_POINT('',(140.25008190012,-78.3414516127997,12.16));
#6163=CARTESIAN_POINT('',(140.25008190012,-72.9907667168147,12.16));
#6164=CARTESIAN_POINT('',(140.50008190012,-78.3633848556048,11.91));
#6165=CARTESIAN_POINT('Origin',(140.25008190012,-78.3414516127997,11.91));
#6166=CARTESIAN_POINT('',(140.50008190012,-72.9907667168147,11.91));
#6167=CARTESIAN_POINT('Origin',(139.97467112875,-78.3172890075214,11.76));
#6168=CARTESIAN_POINT('',(139.97467112875,-78.3172890075214,12.16));
#6169=CARTESIAN_POINT('',(140.50008190012,-78.3633848556048,12.16));
#6170=CARTESIAN_POINT('',(139.97467112875,-78.3172890075214,11.76));
#6171=CARTESIAN_POINT('',(139.97467112875,-78.3172890075214,11.76));
#6172=CARTESIAN_POINT('',(140.50008190012,-78.3633848556048,11.76));
#6173=CARTESIAN_POINT('',(139.188145707966,-78.2482847954156,11.76));
#6174=CARTESIAN_POINT('',(140.50008190012,-78.3633848556048,11.76));
#6175=CARTESIAN_POINT('Origin',(138.842122677326,-67.6181485780246,12.16));
#6176=CARTESIAN_POINT('',(136.629000369072,-77.023496282912,12.16));
#6177=CARTESIAN_POINT('',(136.379000369072,-77.023496282912,12.16));
#6178=CARTESIAN_POINT('',(136.629000369072,-78.3664580710895,12.16));
#6179=CARTESIAN_POINT('',(136.629000369072,-72.3208224304683,12.16));
#6180=CARTESIAN_POINT('',(138.019817296028,-78.3664580710895,12.16));
#6181=CARTESIAN_POINT('',(138.019817296028,-78.3664580710895,12.16));
#6182=CARTESIAN_POINT('',(138.740684810638,-78.3986302741534,12.16));
#6183=CARTESIAN_POINT('Ctrl Pts',(138.019817296028,-78.3664580710895,12.16));
#6184=CARTESIAN_POINT('Ctrl Pts',(138.597039404869,-78.3664580710895,12.16));
#6185=CARTESIAN_POINT('Ctrl Pts',(138.740684810638,-78.3986302741534,12.16));
#6186=CARTESIAN_POINT('',(138.963871422768,-78.5684224494464,12.16));
#6187=CARTESIAN_POINT('Ctrl Pts',(138.740684810638,-78.3986302741534,12.16));
#6188=CARTESIAN_POINT('Ctrl Pts',(138.884330216408,-78.4308024772174,12.16));
#6189=CARTESIAN_POINT('Ctrl Pts',(138.963871422768,-78.5684224494464,12.16));
#6190=CARTESIAN_POINT('',(139.032292688739,-78.8355738051898,12.16));
#6191=CARTESIAN_POINT('Ctrl Pts',(138.963871422768,-78.5684224494464,12.16));
#6192=CARTESIAN_POINT('Ctrl Pts',(139.013671881698,-78.6545836732827,12.16));
#6193=CARTESIAN_POINT('Ctrl Pts',(139.032292688739,-78.8355738051898,12.16));
#6194=CARTESIAN_POINT('',(140.531059334313,-78.8355738051898,12.16));
#6195=CARTESIAN_POINT('',(138.94276795125,-78.8355738051898,12.16));
#6196=CARTESIAN_POINT('Ctrl Pts',(140.531059334313,-78.8355738051898,12.16));
#6197=CARTESIAN_POINT('Ctrl Pts',(140.411241685393,-78.4414487085942,12.16));
#6198=CARTESIAN_POINT('Ctrl Pts',(139.97467112875,-78.3172890075214,12.16));
#6199=CARTESIAN_POINT('Origin',(138.94276795125,-78.8355738051898,11.91));
#6200=CARTESIAN_POINT('',(140.573837283611,-79.0855738051898,11.91));
#6201=CARTESIAN_POINT('Ctrl Pts',(140.573837283611,-79.0855738051898,11.91));
#6202=CARTESIAN_POINT('Ctrl Pts',(140.573837283611,-79.0855738051898,11.9200312467817));
#6203=CARTESIAN_POINT('Ctrl Pts',(140.573801378773,-79.0849700359347,11.9300715359394));
#6204=CARTESIAN_POINT('Ctrl Pts',(140.573501438615,-79.0800937131404,11.9703246511995));
#6205=CARTESIAN_POINT('Ctrl Pts',(140.572953938322,-79.0709236326828,11.9996540562011));
#6206=CARTESIAN_POINT('Ctrl Pts',(140.570690236647,-79.0434155979165,12.0518300370741));
#6207=CARTESIAN_POINT('Ctrl Pts',(140.569055527001,-79.0259058757877,12.0745658832775));
#6208=CARTESIAN_POINT('Ctrl Pts',(140.563525853486,-78.9817234830384,12.1152860365246));
#6209=CARTESIAN_POINT('Ctrl Pts',(140.559439283673,-78.9547429234013,12.1319827670816));
#6210=CARTESIAN_POINT('Ctrl Pts',(140.550392692297,-78.9096164132597,12.1493954567444));
#6211=CARTESIAN_POINT('Ctrl Pts',(140.546701485806,-78.8931825457805,12.153856869409));
#6212=CARTESIAN_POINT('Ctrl Pts',(140.539103706647,-78.8632795469922,12.1588228705965));
#6213=CARTESIAN_POINT('Ctrl Pts',(140.53541430232,-78.8499651175676,12.1599372072987));
#6214=CARTESIAN_POINT('Ctrl Pts',(140.531289184854,-78.8363307768012,12.1599991407154));
#6215=CARTESIAN_POINT('Ctrl Pts',(140.531174382485,-78.8359522416908,12.16));
#6216=CARTESIAN_POINT('Ctrl Pts',(140.531059334313,-78.8355738051898,12.16));
#6217=CARTESIAN_POINT('',(139.043413225174,-79.0855738051898,11.91));
#6218=CARTESIAN_POINT('Ctrl Pts',(139.032292688739,-78.8355738051917,12.16));
#6219=CARTESIAN_POINT('Ctrl Pts',(139.033130068824,-78.8437129546685,12.1600000096784));
#6220=CARTESIAN_POINT('Ctrl Pts',(139.033906527919,-78.851864036018,12.1596024976205));
#6221=CARTESIAN_POINT('Ctrl Pts',(139.034625354511,-78.8599967555035,12.1588041790203));
#6222=CARTESIAN_POINT('Ctrl Pts',(139.036539567898,-78.8816539405289,12.1566782808305));
#6223=CARTESIAN_POINT('Ctrl Pts',(139.038025907242,-78.9029666421658,12.1517313171706));
#6224=CARTESIAN_POINT('Ctrl Pts',(139.039183082213,-78.9233900033162,12.1440690397012));
#6225=CARTESIAN_POINT('Ctrl Pts',(139.040390210408,-78.9446950053387,12.1360759950803));
#6226=CARTESIAN_POINT('Ctrl Pts',(139.041228365902,-78.9648073820143,12.1252124065547));
#6227=CARTESIAN_POINT('Ctrl Pts',(139.041825696211,-78.9831653481669,12.1117840813929));
#6228=CARTESIAN_POINT('Ctrl Pts',(139.041915016859,-78.9859104716269,12.1097761023976));
#6229=CARTESIAN_POINT('Ctrl Pts',(139.04199892279,-78.9886164569421,12.1077107755169));
#6230=CARTESIAN_POINT('Ctrl Pts',(139.042077808927,-78.991281527764,12.1055891232425));
#6231=CARTESIAN_POINT('Ctrl Pts',(139.042514911364,-79.0060484942714,12.093833199978));
#6232=CARTESIAN_POINT('Ctrl Pts',(139.042794903319,-79.0194114984264,12.0804691955648));
#6233=CARTESIAN_POINT('Ctrl Pts',(139.042983987651,-79.0311181489063,12.065772253732));
#6234=CARTESIAN_POINT('Ctrl Pts',(139.043124306403,-79.0398056090064,12.0548657099699));
#6235=CARTESIAN_POINT('Ctrl Pts',(139.043214263851,-79.0475818100106,12.043225108671));
#6236=CARTESIAN_POINT('Ctrl Pts',(139.043275089949,-79.0543613232845,12.0309628948312));
#6237=CARTESIAN_POINT('Ctrl Pts',(139.043351700378,-79.0629001157184,12.015518644702));
#6238=CARTESIAN_POINT('Ctrl Pts',(139.043381965699,-79.0697691147363,11.9992513220837));
#6239=CARTESIAN_POINT('Ctrl Pts',(139.043397227232,-79.0748574427998,11.982441768005));
#6240=CARTESIAN_POINT('Ctrl Pts',(139.043410569656,-79.0793059231722,11.9677459837602));
#6241=CARTESIAN_POINT('Ctrl Pts',(139.043412219574,-79.0823940915196,11.9526357631456));
#6242=CARTESIAN_POINT('Ctrl Pts',(139.043412916277,-79.0840788904495,11.9372987655416));
#6243=CARTESIAN_POINT('Ctrl Pts',(139.043413328277,-79.0850752057114,11.9282291463045));
#6244=CARTESIAN_POINT('Ctrl Pts',(139.043413225174,-79.0855741025133,11.9191147325234));
#6245=CARTESIAN_POINT('Ctrl Pts',(139.043413225174,-79.0855738051898,11.91));
#6246=CARTESIAN_POINT('',(138.94276795125,-79.0855738051898,11.91));
#6247=CARTESIAN_POINT('Ctrl Pts',(138.963871422768,-78.5684224494464,11.76));
#6248=CARTESIAN_POINT('Ctrl Pts',(138.963871422768,-78.5684224494464,12.16));
#6249=CARTESIAN_POINT('Ctrl Pts',(139.043413225174,-78.7060400374896,11.76));
#6250=CARTESIAN_POINT('Ctrl Pts',(139.043413225174,-78.7060400374896,12.16));
#6251=CARTESIAN_POINT('Ctrl Pts',(139.043413225174,-79.0855738051898,11.76));
#6252=CARTESIAN_POINT('Ctrl Pts',(139.043413225174,-79.0855738051898,12.16));
#6253=CARTESIAN_POINT('',(138.963871422768,-78.5684224494464,11.76));
#6254=CARTESIAN_POINT('',(138.963871422768,-78.5684224494464,11.76));
#6255=CARTESIAN_POINT('',(139.043413225174,-79.0855738051898,11.76));
#6256=CARTESIAN_POINT('Ctrl Pts',(139.043413225174,-79.0855738051898,11.76));
#6257=CARTESIAN_POINT('Ctrl Pts',(139.043413225174,-78.7060400374896,11.76));
#6258=CARTESIAN_POINT('Ctrl Pts',(138.963871422768,-78.5684224494464,11.76));
#6259=CARTESIAN_POINT('',(139.043413225174,-79.0855738051898,11.76));
#6260=CARTESIAN_POINT('Origin',(136.629000369072,-72.3208224304683,11.91));
#6261=CARTESIAN_POINT('',(136.379000369072,-78.3664580710895,11.91));
#6262=CARTESIAN_POINT('Origin',(136.629000369072,-78.3664580710895,11.91));
#6263=CARTESIAN_POINT('',(136.379000369072,-77.023496282912,11.91));
#6264=CARTESIAN_POINT('Origin',(136.629000369072,-77.023496282912,11.91));
#6265=CARTESIAN_POINT('',(136.379000369072,-72.3208224304683,11.91));
#6266=CARTESIAN_POINT('Origin',(136.379000369072,-78.3664580710895,11.76));
#6267=CARTESIAN_POINT('',(136.379000369072,-78.3664580710895,11.76));
#6268=CARTESIAN_POINT('',(136.379000369072,-78.3664580710895,11.76));
#6269=CARTESIAN_POINT('',(138.019817296028,-78.3664580710895,11.76));
#6270=CARTESIAN_POINT('',(137.629000184536,-78.3664580710895,11.76));
#6271=CARTESIAN_POINT('',(138.019817296028,-78.3664580710895,11.76));
#6272=CARTESIAN_POINT('Origin',(136.629000369072,-69.8469441660411,11.91));
#6273=CARTESIAN_POINT('',(136.379000369072,-72.0757397540576,11.91));
#6274=CARTESIAN_POINT('Origin',(136.629000369072,-72.0757397540576,11.91));
#6275=CARTESIAN_POINT('',(136.379000369072,-69.8469441660411,11.91));
#6276=CARTESIAN_POINT('Origin',(136.629000369072,-68.9833914764888,11.91));
#6277=CARTESIAN_POINT('',(136.379000369072,-70.348634374953,11.91));
#6278=CARTESIAN_POINT('Origin',(136.629000369072,-70.348634374953,11.91));
#6279=CARTESIAN_POINT('',(136.379000369072,-68.9833914764888,11.91));
#6280=CARTESIAN_POINT('Origin',(136.629000369072,-66.2452226408488,11.91));
#6281=CARTESIAN_POINT('',(136.379000369072,-66.2152596839435,11.91));
#6282=CARTESIAN_POINT('Origin',(136.629000369072,-66.2152596839435,11.91));
#6283=CARTESIAN_POINT('',(136.379000369072,-64.8722967036731,11.91));
#6284=CARTESIAN_POINT('Origin',(136.629000369072,-64.8722967036731,11.91));
#6285=CARTESIAN_POINT('',(136.379000369072,-66.2452226408488,11.91));
#6286=CARTESIAN_POINT('Origin',(136.379000369072,-66.2152596839435,11.76));
#6287=CARTESIAN_POINT('',(136.379000369072,-66.2152596839435,11.76));
#6288=CARTESIAN_POINT('',(136.379000369072,-66.2152596839435,11.76));
#6289=CARTESIAN_POINT('',(138.019817296028,-66.2152596839435,11.76));
#6290=CARTESIAN_POINT('',(137.629000184536,-66.2152596839435,11.76));
#6291=CARTESIAN_POINT('',(138.019817296028,-66.2152596839435,11.76));
#6292=CARTESIAN_POINT('Origin',(136.629000369072,-65.0774290688998,11.91));
#6293=CARTESIAN_POINT('',(136.379000369072,-63.9319154151446,11.91));
#6294=CARTESIAN_POINT('Origin',(136.629000369072,-63.9319154151446,11.91));
#6295=CARTESIAN_POINT('',(136.379000369072,-62.5367095597751,11.91));
#6296=CARTESIAN_POINT('Origin',(136.629000369072,-62.5367095597751,11.91));
#6297=CARTESIAN_POINT('',(136.379000369072,-65.0774290688998,11.91));
#6298=CARTESIAN_POINT('Origin',(136.379000369072,-63.9319154151446,11.76));
#6299=CARTESIAN_POINT('',(136.379000369072,-63.9319154151446,11.76));
#6300=CARTESIAN_POINT('',(136.379000369072,-63.9319154151446,11.76));
#6301=CARTESIAN_POINT('',(140.278816047668,-63.9319154151446,11.76));
#6302=CARTESIAN_POINT('',(137.629000184536,-63.9319154151446,11.76));
#6303=CARTESIAN_POINT('',(140.278816047668,-63.9319154151446,11.76));
#6304=CARTESIAN_POINT('Origin',(136.629000369072,-64.0971454509265,11.91));
#6305=CARTESIAN_POINT('',(136.379000369072,-61.8729117043979,11.91));
#6306=CARTESIAN_POINT('Origin',(136.629000369072,-61.8046212013194,11.91));
#6307=CARTESIAN_POINT('',(136.379000369072,-60.5761423238284,11.91));
#6308=CARTESIAN_POINT('Ctrl Pts',(136.629000369072,-60.5228037585141,12.16));
#6309=CARTESIAN_POINT('Ctrl Pts',(136.626485055882,-60.5233198040867,12.1599999999974));
#6310=CARTESIAN_POINT('Ctrl Pts',(136.62396970219,-60.52383652026,12.1599620391166));
#6311=CARTESIAN_POINT('Ctrl Pts',(136.621455175592,-60.5243537242804,12.1598861141707));
#6312=CARTESIAN_POINT('Ctrl Pts',(136.612185436963,-60.5262603838044,12.1596062187804));
#6313=CARTESIAN_POINT('Ctrl Pts',(136.602938385186,-60.5281713425002,12.158810735124));
#6314=CARTESIAN_POINT('Ctrl Pts',(136.593756903409,-60.5300772985194,12.1575033295293));
#6315=CARTESIAN_POINT('Ctrl Pts',(136.579637263053,-60.5330083519354,12.1554927502736));
#6316=CARTESIAN_POINT('Ctrl Pts',(136.56570824204,-60.5359202575872,12.1522765618035));
#6317=CARTESIAN_POINT('Ctrl Pts',(136.552123261946,-60.5387781090792,12.1478863392577));
#6318=CARTESIAN_POINT('Ctrl Pts',(136.524333314126,-60.5446242379138,12.1389055343814));
#6319=CARTESIAN_POINT('Ctrl Pts',(136.498288689127,-60.5501805643111,12.1251100736515));
#6320=CARTESIAN_POINT('Ctrl Pts',(136.475194852129,-60.5551523080741,12.1070883560224));
#6321=CARTESIAN_POINT('Ctrl Pts',(136.471639172336,-60.5559177906066,12.1043136132545));
#6322=CARTESIAN_POINT('Ctrl Pts',(136.46815353357,-60.5566693725454,12.1014386840367));
#6323=CARTESIAN_POINT('Ctrl Pts',(136.464742419773,-60.5574059383263,12.0984657159597));
#6324=CARTESIAN_POINT('Ctrl Pts',(136.44047989867,-60.562644972808,12.0773196314269));
#6325=CARTESIAN_POINT('Ctrl Pts',(136.42043099707,-60.567027696598,12.0516019381644));
#6326=CARTESIAN_POINT('Ctrl Pts',(136.405814967636,-60.5702357352014,12.0226422504469));
#6327=CARTESIAN_POINT('Ctrl Pts',(136.394732675055,-60.5726681620497,12.0006841849026));
#6328=CARTESIAN_POINT('Ctrl Pts',(136.386948569297,-60.5743866291323,11.9772113165665));
#6329=CARTESIAN_POINT('Ctrl Pts',(136.382721791883,-60.5753200769518,11.9529827371714));
#6330=CARTESIAN_POINT('Ctrl Pts',(136.381388178131,-60.5756145941992,11.9453382450393));
#6331=CARTESIAN_POINT('Ctrl Pts',(136.380408352988,-60.5758311246563,11.9376185218521));
#6332=CARTESIAN_POINT('Ctrl Pts',(136.379789453777,-60.5759679087063,11.9298474103587));
#6333=CARTESIAN_POINT('Ctrl Pts',(136.379262790882,-60.5760843074388,11.923234449791));
#6334=CARTESIAN_POINT('Ctrl Pts',(136.379000511891,-60.5761422922571,11.9166127355385));
#6335=CARTESIAN_POINT('Ctrl Pts',(136.379000369072,-60.5761423238284,11.91));
#6336=CARTESIAN_POINT('',(136.379000369072,-64.0971454509265,11.91));
#6337=CARTESIAN_POINT('Ctrl Pts',(137.740881863594,-60.3583815225131,11.76));
#6338=CARTESIAN_POINT('Ctrl Pts',(137.740881863594,-60.3583815225131,12.16));
#6339=CARTESIAN_POINT('Ctrl Pts',(137.226370993614,-60.3888245948321,11.76));
#6340=CARTESIAN_POINT('Ctrl Pts',(137.226370993614,-60.3888245948321,12.16));
#6341=CARTESIAN_POINT('Ctrl Pts',(136.379000369072,-60.5761423238284,11.76));
#6342=CARTESIAN_POINT('Ctrl Pts',(136.379000369072,-60.5761423238284,12.16));
#6343=CARTESIAN_POINT('',(137.740881863594,-60.3583815225131,11.76));
#6344=CARTESIAN_POINT('',(137.740881863594,-60.3583815225131,11.76));
#6345=CARTESIAN_POINT('',(136.379000369072,-60.5761423238284,11.76));
#6346=CARTESIAN_POINT('Ctrl Pts',(136.379000369072,-60.5761423238284,11.76));
#6347=CARTESIAN_POINT('Ctrl Pts',(137.226370993614,-60.3888245948321,11.76));
#6348=CARTESIAN_POINT('Ctrl Pts',(137.740881863594,-60.3583815225131,11.76));
#6349=CARTESIAN_POINT('',(136.379000369072,-60.5761423238284,11.76));
#6350=CARTESIAN_POINT('Origin',(136.629000369072,-63.3180562683112,11.91));
#6351=CARTESIAN_POINT('',(136.379000369072,-60.1478713282115,11.91));
#6352=CARTESIAN_POINT('Ctrl Pts',(136.379000369072,-60.1478713282115,11.91));
#6353=CARTESIAN_POINT('Ctrl Pts',(136.379000369072,-60.1478713282115,11.9383725626882));
#6354=CARTESIAN_POINT('Ctrl Pts',(136.383829677241,-60.1489308609287,11.9665214431651));
#6355=CARTESIAN_POINT('Ctrl Pts',(136.40306413173,-60.1531154051637,12.0209880196899));
#6356=CARTESIAN_POINT('Ctrl Pts',(136.417645737315,-60.1562769284901,12.0466887018862));
#6357=CARTESIAN_POINT('Ctrl Pts',(136.453932562507,-60.1640343634969,12.0906123020773));
#6358=CARTESIAN_POINT('Ctrl Pts',(136.474979430149,-60.1684922112092,12.1088408217926));
#6359=CARTESIAN_POINT('Ctrl Pts',(136.519627878332,-60.1777912503861,12.1361670670462));
#6360=CARTESIAN_POINT('Ctrl Pts',(136.542531361345,-60.1825006283696,12.1458667188272));
#6361=CARTESIAN_POINT('Ctrl Pts',(136.578828858507,-60.1898397297227,12.1552477423333));
#6362=CARTESIAN_POINT('Ctrl Pts',(136.591438951739,-60.1923685824184,12.1574927283057));
#6363=CARTESIAN_POINT('Ctrl Pts',(136.612416162827,-60.196538617116,12.1595871809628));
#6364=CARTESIAN_POINT('Ctrl Pts',(136.62070559927,-60.1981771908706,12.16));
#6365=CARTESIAN_POINT('Ctrl Pts',(136.629000369072,-60.1998074076093,12.16));
#6366=CARTESIAN_POINT('',(136.379000369072,-59.0179639585979,11.91));
#6367=CARTESIAN_POINT('Origin',(136.629000369072,-59.0787229825588,11.91));
#6368=CARTESIAN_POINT('',(136.379000369072,-63.3180562683112,11.91));
#6369=CARTESIAN_POINT('Origin',(138.52861446476,-59.5403977759845,11.76));
#6370=CARTESIAN_POINT('',(138.52861446476,-59.5403977759845,11.76));
#6371=CARTESIAN_POINT('',(138.52861446476,-59.5403977759845,11.76));
#6372=CARTESIAN_POINT('',(136.379000369072,-59.0179639585979,11.76));
#6373=CARTESIAN_POINT('',(140.208338592962,-59.9486313701972,11.76));
#6374=CARTESIAN_POINT('',(136.379000369072,-59.0179639585979,11.76));
#6375=CARTESIAN_POINT('Origin',(136.629000369072,-62.2593593128688,11.91));
#6376=CARTESIAN_POINT('',(136.379000369072,-56.900570047713,11.91));
#6377=CARTESIAN_POINT('Origin',(136.629000369072,-56.900570047713,11.91));
#6378=CARTESIAN_POINT('',(136.379000369072,-58.2957759030826,11.91));
#6379=CARTESIAN_POINT('',(136.379000369072,-62.2593593128688,11.91));
#6380=CARTESIAN_POINT('Origin',(136.629000369072,-58.2957759030826,11.91));
#6381=CARTESIAN_POINT('Origin',(136.379000369072,-58.2957759030826,11.76));
#6382=CARTESIAN_POINT('',(136.379000369072,-58.2957759030826,11.76));
#6383=CARTESIAN_POINT('',(136.379000369072,-58.2957759030826,11.76));
#6384=CARTESIAN_POINT('',(140.278816047668,-58.2957759030826,11.76));
#6385=CARTESIAN_POINT('',(137.629000184536,-58.2957759030826,11.76));
#6386=CARTESIAN_POINT('',(140.278816047668,-58.2957759030826,11.76));
#6387=CARTESIAN_POINT('Ctrl Pts',(140.573837283611,-79.0855738051898,11.76));
#6388=CARTESIAN_POINT('Ctrl Pts',(140.573837283611,-79.0855738051898,12.16));
#6389=CARTESIAN_POINT('Ctrl Pts',(140.537247780323,-78.477284563399,11.76));
#6390=CARTESIAN_POINT('Ctrl Pts',(140.537247780323,-78.477284563399,12.16));
#6391=CARTESIAN_POINT('Ctrl Pts',(139.97467112875,-78.3172890075214,11.76));
#6392=CARTESIAN_POINT('Ctrl Pts',(139.97467112875,-78.3172890075214,12.16));
#6393=CARTESIAN_POINT('',(140.573837283611,-79.0855738051898,11.76));
#6394=CARTESIAN_POINT('',(140.573837283611,-79.0855738051898,11.76));
#6395=CARTESIAN_POINT('Ctrl Pts',(139.97467112875,-78.3172890075214,11.76));
#6396=CARTESIAN_POINT('Ctrl Pts',(140.537247780323,-78.477284563399,11.76));
#6397=CARTESIAN_POINT('Ctrl Pts',(140.573837283611,-79.0855738051898,11.76));
#6398=CARTESIAN_POINT('Origin',(139.043413225174,-79.0855738051898,11.76));
#6399=CARTESIAN_POINT('',(138.961206612587,-79.0855738051898,11.76));
#6400=CARTESIAN_POINT('Ctrl Pts',(138.740684810638,-78.3986302741534,11.76));
#6401=CARTESIAN_POINT('Ctrl Pts',(138.740684810638,-78.3986302741534,12.16));
#6402=CARTESIAN_POINT('Ctrl Pts',(138.884330216408,-78.4308024772174,11.76));
#6403=CARTESIAN_POINT('Ctrl Pts',(138.884330216408,-78.4308024772174,12.16));
#6404=CARTESIAN_POINT('Ctrl Pts',(138.963871422768,-78.5684224494464,11.76));
#6405=CARTESIAN_POINT('Ctrl Pts',(138.963871422768,-78.5684224494464,12.16));
#6406=CARTESIAN_POINT('',(138.740684810638,-78.3986302741534,11.76));
#6407=CARTESIAN_POINT('Ctrl Pts',(138.963871422768,-78.5684224494464,11.76));
#6408=CARTESIAN_POINT('Ctrl Pts',(138.884330216408,-78.4308024772174,11.76));
#6409=CARTESIAN_POINT('Ctrl Pts',(138.740684810638,-78.3986302741534,11.76));
#6410=CARTESIAN_POINT('',(138.740684810638,-78.3986302741534,11.76));
#6411=CARTESIAN_POINT('Ctrl Pts',(138.019817296028,-78.3664580710895,11.76));
#6412=CARTESIAN_POINT('Ctrl Pts',(138.019817296028,-78.3664580710895,12.16));
#6413=CARTESIAN_POINT('Ctrl Pts',(138.597039404869,-78.3664580710895,11.76));
#6414=CARTESIAN_POINT('Ctrl Pts',(138.597039404869,-78.3664580710895,12.16));
#6415=CARTESIAN_POINT('Ctrl Pts',(138.740684810638,-78.3986302741534,11.76));
#6416=CARTESIAN_POINT('Ctrl Pts',(138.740684810638,-78.3986302741534,12.16));
#6417=CARTESIAN_POINT('Ctrl Pts',(138.740684810638,-78.3986302741534,11.76));
#6418=CARTESIAN_POINT('Ctrl Pts',(138.597039404869,-78.3664580710895,11.76));
#6419=CARTESIAN_POINT('Ctrl Pts',(138.019817296028,-78.3664580710895,11.76));
#6420=CARTESIAN_POINT('Origin',(136.379000369072,-77.023496282912,11.76));
#6421=CARTESIAN_POINT('',(136.379000369072,-77.023496282912,11.76));
#6422=CARTESIAN_POINT('',(136.379000369072,-77.023496282912,11.76));
#6423=CARTESIAN_POINT('',(136.379000369072,-74.880748141456,11.76));
#6424=CARTESIAN_POINT('Origin',(140.50008190012,-77.023496282912,11.76));
#6425=CARTESIAN_POINT('',(140.50008190012,-77.023496282912,11.76));
#6426=CARTESIAN_POINT('',(140.50008190012,-77.023496282912,11.76));
#6427=CARTESIAN_POINT('',(139.68954095006,-77.023496282912,11.76));
#6428=CARTESIAN_POINT('Origin',(140.50008190012,-78.3633848556048,11.76));
#6429=CARTESIAN_POINT('',(140.50008190012,-75.5506924278024,11.76));
#6430=CARTESIAN_POINT('Origin',(136.379000369072,-72.0757397540576,11.76));
#6431=CARTESIAN_POINT('',(136.379000369072,-72.0757397540576,11.76));
#6432=CARTESIAN_POINT('',(136.379000369072,-72.0757397540576,11.76));
#6433=CARTESIAN_POINT('',(136.379000369072,-72.4068698770288,11.76));
#6434=CARTESIAN_POINT('Origin',(141.379000369072,-72.0757397540576,11.76));
#6435=CARTESIAN_POINT('',(141.379000369072,-72.0757397540576,11.76));
#6436=CARTESIAN_POINT('',(141.379000369072,-72.0757397540576,11.76));
#6437=CARTESIAN_POINT('',(140.129000184536,-72.0757397540576,11.76));
#6438=CARTESIAN_POINT('Origin',(141.379000369072,-73.4555801280505,11.76));
#6439=CARTESIAN_POINT('',(141.379000369072,-73.0967900640253,11.76));
#6440=CARTESIAN_POINT('Ctrl Pts',(140.50008190012,-60.5771025546558,11.76));
#6441=CARTESIAN_POINT('Ctrl Pts',(140.50008190012,-60.5771025546558,12.16));
#6442=CARTESIAN_POINT('Ctrl Pts',(140.082711103916,-60.474104536391,11.76));
#6443=CARTESIAN_POINT('Ctrl Pts',(140.082711103916,-60.474104536391,12.16));
#6444=CARTESIAN_POINT('Ctrl Pts',(139.108045223713,-60.3740354903705,11.76));
#6445=CARTESIAN_POINT('Ctrl Pts',(139.108045223713,-60.3740354903705,12.16));
#6446=CARTESIAN_POINT('',(140.50008190012,-60.5771025546558,11.76));
#6447=CARTESIAN_POINT('',(140.50008190012,-60.5771025546558,11.76));
#6448=CARTESIAN_POINT('Ctrl Pts',(139.108045223713,-60.3740354903705,11.76));
#6449=CARTESIAN_POINT('Ctrl Pts',(140.082711103916,-60.474104536391,11.76));
#6450=CARTESIAN_POINT('Ctrl Pts',(140.50008190012,-60.5771025546558,11.76));
#6451=CARTESIAN_POINT('Origin',(140.50008190012,-61.7714979775912,11.76));
#6452=CARTESIAN_POINT('',(140.50008190012,-67.2547489887956,11.76));
#6453=CARTESIAN_POINT('Origin',(136.379000369072,-61.8729117043979,11.76));
#6454=CARTESIAN_POINT('',(136.379000369072,-61.8729117043979,11.76));
#6455=CARTESIAN_POINT('',(136.379000369072,-61.8729117043979,11.76));
#6456=CARTESIAN_POINT('',(136.16128115344,-61.9323843234593,11.76));
#6457=CARTESIAN_POINT('Origin',(136.379000369072,-60.5761423238284,11.76));
#6458=CARTESIAN_POINT('',(136.379000369072,-66.6570711619142,11.76));
#6459=CARTESIAN_POINT('Ctrl Pts',(136.379000369072,-60.1478713282115,11.76));
#6460=CARTESIAN_POINT('Ctrl Pts',(136.379000369072,-60.1478713282115,12.16));
#6461=CARTESIAN_POINT('Ctrl Pts',(137.086975399017,-60.3027769454486,11.76));
#6462=CARTESIAN_POINT('Ctrl Pts',(137.086975399017,-60.3027769454486,12.16));
#6463=CARTESIAN_POINT('Ctrl Pts',(137.740881863594,-60.3583815225131,11.76));
#6464=CARTESIAN_POINT('Ctrl Pts',(137.740881863594,-60.3583815225131,12.16));
#6465=CARTESIAN_POINT('',(136.379000369072,-60.1478713282115,11.76));
#6466=CARTESIAN_POINT('',(136.379000369072,-60.1478713282115,11.76));
#6467=CARTESIAN_POINT('Ctrl Pts',(137.740881863594,-60.3583815225131,11.76));
#6468=CARTESIAN_POINT('Ctrl Pts',(137.086975399017,-60.3027769454486,11.76));
#6469=CARTESIAN_POINT('Ctrl Pts',(136.379000369072,-60.1478713282115,11.76));
#6470=CARTESIAN_POINT('Origin',(136.379000369072,-59.0179639585979,11.76));
#6471=CARTESIAN_POINT('',(136.379000369072,-65.8779819792989,11.76));
#6472=CARTESIAN_POINT('Origin',(140.384113756688,-59.0486952193744,11.76));
#6473=CARTESIAN_POINT('',(137.986136251035,-59.6841531122188,11.76));
#6474=CARTESIAN_POINT('Origin',(140.278816047668,-58.2957759030826,11.76));
#6475=CARTESIAN_POINT('',(140.278816047668,-65.5168879515413,11.76));
#6476=CARTESIAN_POINT('Origin',(136.379000369072,-56.900570047713,11.76));
#6477=CARTESIAN_POINT('',(136.379000369072,-56.900570047713,11.76));
#6478=CARTESIAN_POINT('',(136.379000369072,-56.900570047713,11.76));
#6479=CARTESIAN_POINT('',(136.379000369072,-64.8192850238565,11.76));
#6480=CARTESIAN_POINT('Origin',(140.278816047668,-56.900570047713,11.76));
#6481=CARTESIAN_POINT('',(140.278816047668,-56.900570047713,11.76));
#6482=CARTESIAN_POINT('',(140.278816047668,-56.900570047713,11.76));
#6483=CARTESIAN_POINT('',(139.578908023834,-56.900570047713,11.76));
#6484=CARTESIAN_POINT('Origin',(140.278816047668,-56.1507233508594,11.76));
#6485=CARTESIAN_POINT('',(140.278816047668,-56.1507233508594,11.76));
#6486=CARTESIAN_POINT('',(140.278816047668,-64.4443616754297,11.76));
#6487=CARTESIAN_POINT('',(140.278816047668,-56.1507233508594,11.76));
#6488=CARTESIAN_POINT('Origin',(141.379000369072,-56.1507233508594,11.76));
#6489=CARTESIAN_POINT('',(141.379000369072,-56.1507233508594,11.76));
#6490=CARTESIAN_POINT('',(141.379000369072,-56.1507233508594,11.76));
#6491=CARTESIAN_POINT('',(140.129000184536,-56.1507233508594,11.76));
#6492=CARTESIAN_POINT('Origin',(141.379000369072,-59.0486952193744,11.76));
#6493=CARTESIAN_POINT('',(141.379000369072,-65.8933476096872,11.76));
#6494=CARTESIAN_POINT('Ctrl Pts',(140.573837283611,-66.9343742259509,11.76));
#6495=CARTESIAN_POINT('Ctrl Pts',(140.573837283611,-66.9343742259509,12.16));
#6496=CARTESIAN_POINT('Ctrl Pts',(140.537247780323,-66.3260837920673,11.76));
#6497=CARTESIAN_POINT('Ctrl Pts',(140.537247780323,-66.3260837920673,12.16));
#6498=CARTESIAN_POINT('Ctrl Pts',(139.97467112875,-66.1660894282825,11.76));
#6499=CARTESIAN_POINT('Ctrl Pts',(139.97467112875,-66.1660894282825,12.16));
#6500=CARTESIAN_POINT('',(140.573837283611,-66.9343742259509,11.76));
#6501=CARTESIAN_POINT('',(140.573837283611,-66.9343742259509,11.76));
#6502=CARTESIAN_POINT('Ctrl Pts',(139.97467112875,-66.1660894282825,11.76));
#6503=CARTESIAN_POINT('Ctrl Pts',(140.537247780323,-66.3260837920673,11.76));
#6504=CARTESIAN_POINT('Ctrl Pts',(140.573837283611,-66.9343742259509,11.76));
#6505=CARTESIAN_POINT('Origin',(139.043413225174,-66.9343742259509,11.76));
#6506=CARTESIAN_POINT('',(138.961206612587,-66.9343742259509,11.76));
#6507=CARTESIAN_POINT('Ctrl Pts',(138.740684810638,-66.2474306949145,11.76));
#6508=CARTESIAN_POINT('Ctrl Pts',(138.740684810638,-66.2474306949145,12.16));
#6509=CARTESIAN_POINT('Ctrl Pts',(138.884330216408,-66.2796028979785,11.76));
#6510=CARTESIAN_POINT('Ctrl Pts',(138.884330216408,-66.2796028979785,12.16));
#6511=CARTESIAN_POINT('Ctrl Pts',(138.963871422768,-66.4172216781146,11.76));
#6512=CARTESIAN_POINT('Ctrl Pts',(138.963871422768,-66.4172216781146,12.16));
#6513=CARTESIAN_POINT('',(138.740684810638,-66.2474306949145,11.76));
#6514=CARTESIAN_POINT('Ctrl Pts',(138.963871422768,-66.4172216781146,11.76));
#6515=CARTESIAN_POINT('Ctrl Pts',(138.884330216408,-66.2796028979785,11.76));
#6516=CARTESIAN_POINT('Ctrl Pts',(138.740684810638,-66.2474306949145,11.76));
#6517=CARTESIAN_POINT('',(138.740684810638,-66.2474306949145,11.76));
#6518=CARTESIAN_POINT('Ctrl Pts',(138.019817296028,-66.2152596839435,11.76));
#6519=CARTESIAN_POINT('Ctrl Pts',(138.019817296028,-66.2152596839435,12.16));
#6520=CARTESIAN_POINT('Ctrl Pts',(138.597039404869,-66.2152596839435,11.76));
#6521=CARTESIAN_POINT('Ctrl Pts',(138.597039404869,-66.2152596839435,12.16));
#6522=CARTESIAN_POINT('Ctrl Pts',(138.740684810638,-66.2474306949145,11.76));
#6523=CARTESIAN_POINT('Ctrl Pts',(138.740684810638,-66.2474306949145,12.16));
#6524=CARTESIAN_POINT('Ctrl Pts',(138.740684810638,-66.2474306949145,11.76));
#6525=CARTESIAN_POINT('Ctrl Pts',(138.597039404869,-66.2152596839435,11.76));
#6526=CARTESIAN_POINT('Ctrl Pts',(138.019817296028,-66.2152596839435,11.76));
#6527=CARTESIAN_POINT('Origin',(136.379000369072,-64.8722967036731,11.76));
#6528=CARTESIAN_POINT('',(136.379000369072,-64.8722967036731,11.76));
#6529=CARTESIAN_POINT('',(136.379000369072,-64.8722967036731,11.76));
#6530=CARTESIAN_POINT('',(136.379000369072,-68.8051483518365,11.76));
#6531=CARTESIAN_POINT('Origin',(140.50008190012,-64.8722967036731,11.76));
#6532=CARTESIAN_POINT('',(140.50008190012,-64.8722967036731,11.76));
#6533=CARTESIAN_POINT('',(140.50008190012,-64.8722967036731,11.76));
#6534=CARTESIAN_POINT('',(139.68954095006,-64.8722967036731,11.76));
#6535=CARTESIAN_POINT('Origin',(140.50008190012,-66.2121864684589,11.76));
#6536=CARTESIAN_POINT('',(140.50008190012,-69.4750932342294,11.76));
#6537=CARTESIAN_POINT('Origin',(140.278816047668,-63.9319154151446,11.76));
#6538=CARTESIAN_POINT('',(140.278816047668,-68.3349577075723,11.76));
#6539=CARTESIAN_POINT('Origin',(136.379000369072,-62.5367095597751,11.76));
#6540=CARTESIAN_POINT('',(136.379000369072,-62.5367095597751,11.76));
#6541=CARTESIAN_POINT('',(136.379000369072,-62.5367095597751,11.76));
#6542=CARTESIAN_POINT('',(136.379000369072,-67.6373547798875,11.76));
#6543=CARTESIAN_POINT('Origin',(140.278816047668,-62.5367095597751,11.76));
#6544=CARTESIAN_POINT('',(140.278816047668,-62.5367095597751,11.76));
#6545=CARTESIAN_POINT('',(140.278816047668,-62.5367095597751,11.76));
#6546=CARTESIAN_POINT('',(139.578908023834,-62.5367095597751,11.76));
#6547=CARTESIAN_POINT('Origin',(140.278816047668,-61.7868634589679,11.76));
#6548=CARTESIAN_POINT('',(140.278816047668,-61.7868634589679,11.76));
#6549=CARTESIAN_POINT('',(140.278816047668,-67.2624317294839,11.76));
#6550=CARTESIAN_POINT('',(140.278816047668,-61.7868634589679,11.76));
#6551=CARTESIAN_POINT('Origin',(141.379000369072,-61.7868634589679,11.76));
#6552=CARTESIAN_POINT('',(141.379000369072,-61.7868634589679,11.76));
#6553=CARTESIAN_POINT('',(141.379000369072,-61.7868634589679,11.76));
#6554=CARTESIAN_POINT('',(140.129000184536,-61.7868634589679,11.76));
#6555=CARTESIAN_POINT('Origin',(141.379000369072,-64.6848353274829,11.76));
#6556=CARTESIAN_POINT('',(141.379000369072,-68.7114176637414,11.76));
#6557=CARTESIAN_POINT('Ctrl Pts',(139.687452438831,-68.6410232909686,11.76));
#6558=CARTESIAN_POINT('Ctrl Pts',(139.687452438831,-68.6410232909686,12.16));
#6559=CARTESIAN_POINT('Ctrl Pts',(139.630815509319,-68.6645528205402,11.76));
#6560=CARTESIAN_POINT('Ctrl Pts',(139.630815509319,-68.6645528205402,12.16));
#6561=CARTESIAN_POINT('Ctrl Pts',(139.33761847353,-68.6645528205402,11.76));
#6562=CARTESIAN_POINT('Ctrl Pts',(139.33761847353,-68.6645528205402,12.16));
#6563=CARTESIAN_POINT('',(139.33761847353,-68.6645528205402,11.76));
#6564=CARTESIAN_POINT('',(139.687452438831,-68.6410232909686,11.76));
#6565=CARTESIAN_POINT('Ctrl Pts',(139.33761847353,-68.6645528205402,11.76));
#6566=CARTESIAN_POINT('Ctrl Pts',(139.630815509319,-68.6645528205402,11.76));
#6567=CARTESIAN_POINT('Ctrl Pts',(139.687452438831,-68.6410232909686,11.76));
#6568=CARTESIAN_POINT('',(139.33761847353,-68.6645528205402,12.16));
#6569=CARTESIAN_POINT('',(139.33761847353,-68.6645528205402,11.76));
#6570=CARTESIAN_POINT('',(139.687452438831,-68.6410232909686,12.16));
#6571=CARTESIAN_POINT('Ctrl Pts',(139.687452438831,-68.6410232909686,12.16));
#6572=CARTESIAN_POINT('Ctrl Pts',(139.630815509319,-68.6645528205402,12.16));
#6573=CARTESIAN_POINT('Ctrl Pts',(139.33761847353,-68.6645528205402,12.16));
#6574=CARTESIAN_POINT('',(139.687452438831,-68.6410232909686,11.76));
#6575=CARTESIAN_POINT('Ctrl Pts',(139.744089368343,-68.5507985480792,11.76));
#6576=CARTESIAN_POINT('Ctrl Pts',(139.744089368343,-68.5507985480792,12.16));
#6577=CARTESIAN_POINT('Ctrl Pts',(139.744089368343,-68.61749495349,11.76));
#6578=CARTESIAN_POINT('Ctrl Pts',(139.744089368343,-68.61749495349,12.16));
#6579=CARTESIAN_POINT('Ctrl Pts',(139.687452438831,-68.6410232909686,11.76));
#6580=CARTESIAN_POINT('Ctrl Pts',(139.687452438831,-68.6410232909686,12.16));
#6581=CARTESIAN_POINT('',(139.744089368343,-68.5507985480792,11.76));
#6582=CARTESIAN_POINT('Ctrl Pts',(139.687452438831,-68.6410232909686,11.76));
#6583=CARTESIAN_POINT('Ctrl Pts',(139.744089368343,-68.61749495349,11.76));
#6584=CARTESIAN_POINT('Ctrl Pts',(139.744089368343,-68.5507985480792,11.76));
#6585=CARTESIAN_POINT('',(139.744089368343,-68.5507985480792,12.16));
#6586=CARTESIAN_POINT('Ctrl Pts',(139.744089368343,-68.5507985480792,12.16));
#6587=CARTESIAN_POINT('Ctrl Pts',(139.744089368343,-68.61749495349,12.16));
#6588=CARTESIAN_POINT('Ctrl Pts',(139.687452438831,-68.6410232909686,12.16));
#6589=CARTESIAN_POINT('',(139.744089368343,-68.5507985480792,11.76));
#6590=CARTESIAN_POINT('Ctrl Pts',(139.68850893116,-68.4592529662616,11.76));
#6591=CARTESIAN_POINT('Ctrl Pts',(139.68850893116,-68.4592529662616,12.16));
#6592=CARTESIAN_POINT('Ctrl Pts',(139.744089368343,-68.484438312865,11.76));
#6593=CARTESIAN_POINT('Ctrl Pts',(139.744089368343,-68.484438312865,12.16));
#6594=CARTESIAN_POINT('Ctrl Pts',(139.744089368343,-68.5507985480792,11.76));
#6595=CARTESIAN_POINT('Ctrl Pts',(139.744089368343,-68.5507985480792,12.16));
#6596=CARTESIAN_POINT('',(139.68850893116,-68.4592529662616,11.76));
#6597=CARTESIAN_POINT('Ctrl Pts',(139.744089368343,-68.5507985480792,11.76));
#6598=CARTESIAN_POINT('Ctrl Pts',(139.744089368343,-68.484438312865,11.76));
#6599=CARTESIAN_POINT('Ctrl Pts',(139.68850893116,-68.4592529662616,11.76));
#6600=CARTESIAN_POINT('',(139.68850893116,-68.4592529662616,12.16));
#6601=CARTESIAN_POINT('Ctrl Pts',(139.68850893116,-68.4592529662616,12.16));
#6602=CARTESIAN_POINT('Ctrl Pts',(139.744089368343,-68.484438312865,12.16));
#6603=CARTESIAN_POINT('Ctrl Pts',(139.744089368343,-68.5507985480792,12.16));
#6604=CARTESIAN_POINT('',(139.68850893116,-68.4592529662616,11.76));
#6605=CARTESIAN_POINT('Ctrl Pts',(139.33761847353,-68.4340676196582,11.76));
#6606=CARTESIAN_POINT('Ctrl Pts',(139.33761847353,-68.4340676196582,12.16));
#6607=CARTESIAN_POINT('Ctrl Pts',(139.632928195953,-68.4340676196582,11.76));
#6608=CARTESIAN_POINT('Ctrl Pts',(139.632928195953,-68.4340676196582,12.16));
#6609=CARTESIAN_POINT('Ctrl Pts',(139.68850893116,-68.4592529662616,11.76));
#6610=CARTESIAN_POINT('Ctrl Pts',(139.68850893116,-68.4592529662616,12.16));
#6611=CARTESIAN_POINT('',(139.33761847353,-68.4340676196582,11.76));
#6612=CARTESIAN_POINT('Ctrl Pts',(139.68850893116,-68.4592529662616,11.76));
#6613=CARTESIAN_POINT('Ctrl Pts',(139.632928195953,-68.4340676196582,11.76));
#6614=CARTESIAN_POINT('Ctrl Pts',(139.33761847353,-68.4340676196582,11.76));
#6615=CARTESIAN_POINT('',(139.33761847353,-68.4340676196582,12.16));
#6616=CARTESIAN_POINT('Ctrl Pts',(139.33761847353,-68.4340676196582,12.16));
#6617=CARTESIAN_POINT('Ctrl Pts',(139.632928195953,-68.4340676196582,12.16));
#6618=CARTESIAN_POINT('Ctrl Pts',(139.68850893116,-68.4592529662616,12.16));
#6619=CARTESIAN_POINT('',(139.33761847353,-68.4340676196582,11.76));
#6620=CARTESIAN_POINT('Origin',(137.529363456726,-68.4340676196582,11.76));
#6621=CARTESIAN_POINT('',(137.529363456726,-68.4340676196582,11.76));
#6622=CARTESIAN_POINT('',(138.204181728363,-68.4340676196582,11.76));
#6623=CARTESIAN_POINT('',(137.529363456726,-68.4340676196582,12.16));
#6624=CARTESIAN_POINT('',(139.33761847353,-68.4340676196582,12.16));
#6625=CARTESIAN_POINT('',(137.529363456726,-68.4340676196582,11.76));
#6626=CARTESIAN_POINT('Ctrl Pts',(137.194655362129,-68.4592040904529,11.76));
#6627=CARTESIAN_POINT('Ctrl Pts',(137.194655362129,-68.4592040904529,12.16));
#6628=CARTESIAN_POINT('Ctrl Pts',(137.254317227364,-68.4340676196582,11.76));
#6629=CARTESIAN_POINT('Ctrl Pts',(137.254317227364,-68.4340676196582,12.16));
#6630=CARTESIAN_POINT('Ctrl Pts',(137.529363456726,-68.4340676196582,11.76));
#6631=CARTESIAN_POINT('Ctrl Pts',(137.529363456726,-68.4340676196582,12.16));
#6632=CARTESIAN_POINT('',(137.194655362129,-68.4592040904529,11.76));
#6633=CARTESIAN_POINT('Ctrl Pts',(137.529363456726,-68.4340676196582,11.76));
#6634=CARTESIAN_POINT('Ctrl Pts',(137.254317227364,-68.4340676196582,11.76));
#6635=CARTESIAN_POINT('Ctrl Pts',(137.194655362129,-68.4592040904529,11.76));
#6636=CARTESIAN_POINT('',(137.194655362129,-68.4592040904529,12.16));
#6637=CARTESIAN_POINT('Ctrl Pts',(137.194655362129,-68.4592040904529,12.16));
#6638=CARTESIAN_POINT('Ctrl Pts',(137.254317227364,-68.4340676196582,12.16));
#6639=CARTESIAN_POINT('Ctrl Pts',(137.529363456726,-68.4340676196582,12.16));
#6640=CARTESIAN_POINT('',(137.194655362129,-68.4592040904529,11.76));
#6641=CARTESIAN_POINT('Ctrl Pts',(137.134992900848,-68.5477730163104,11.76));
#6642=CARTESIAN_POINT('Ctrl Pts',(137.134992900848,-68.5477730163104,12.16));
#6643=CARTESIAN_POINT('Ctrl Pts',(137.134992900848,-68.4843417533404,11.76));
#6644=CARTESIAN_POINT('Ctrl Pts',(137.134992900848,-68.4843417533404,12.16));
#6645=CARTESIAN_POINT('Ctrl Pts',(137.194655362129,-68.4592040904529,11.76));
#6646=CARTESIAN_POINT('Ctrl Pts',(137.194655362129,-68.4592040904529,12.16));
#6647=CARTESIAN_POINT('',(137.134992900848,-68.5477730163104,11.76));
#6648=CARTESIAN_POINT('Ctrl Pts',(137.194655362129,-68.4592040904529,11.76));
#6649=CARTESIAN_POINT('Ctrl Pts',(137.134992900848,-68.4843417533404,11.76));
#6650=CARTESIAN_POINT('Ctrl Pts',(137.134992900848,-68.5477730163104,11.76));
#6651=CARTESIAN_POINT('',(137.134992900848,-68.5477730163104,12.16));
#6652=CARTESIAN_POINT('Ctrl Pts',(137.134992900848,-68.5477730163104,12.16));
#6653=CARTESIAN_POINT('Ctrl Pts',(137.134992900848,-68.4843417533404,12.16));
#6654=CARTESIAN_POINT('Ctrl Pts',(137.194655362129,-68.4592040904529,12.16));
#6655=CARTESIAN_POINT('',(137.134992900848,-68.5477730163104,11.76));
#6656=CARTESIAN_POINT('Ctrl Pts',(137.189301076889,-68.6404963859088,11.76));
#6657=CARTESIAN_POINT('Ctrl Pts',(137.189301076889,-68.6404963859088,12.16));
#6658=CARTESIAN_POINT('Ctrl Pts',(137.134992900848,-68.6164387591846,11.76));
#6659=CARTESIAN_POINT('Ctrl Pts',(137.134992900848,-68.6164387591846,12.16));
#6660=CARTESIAN_POINT('Ctrl Pts',(137.134992900848,-68.5477730163104,11.76));
#6661=CARTESIAN_POINT('Ctrl Pts',(137.134992900848,-68.5477730163104,12.16));
#6662=CARTESIAN_POINT('',(137.189301076889,-68.6404963859088,11.76));
#6663=CARTESIAN_POINT('Ctrl Pts',(137.134992900848,-68.5477730163104,11.76));
#6664=CARTESIAN_POINT('Ctrl Pts',(137.134992900848,-68.6164387591846,11.76));
#6665=CARTESIAN_POINT('Ctrl Pts',(137.189301076889,-68.6404963859088,11.76));
#6666=CARTESIAN_POINT('',(137.189301076889,-68.6404963859088,12.16));
#6667=CARTESIAN_POINT('Ctrl Pts',(137.189301076889,-68.6404963859088,12.16));
#6668=CARTESIAN_POINT('Ctrl Pts',(137.134992900848,-68.6164387591846,12.16));
#6669=CARTESIAN_POINT('Ctrl Pts',(137.134992900848,-68.5477730163104,12.16));
#6670=CARTESIAN_POINT('',(137.189301076889,-68.6404963859088,11.76));
#6671=CARTESIAN_POINT('Ctrl Pts',(137.490132871628,-68.6645528205402,11.76));
#6672=CARTESIAN_POINT('Ctrl Pts',(137.490132871628,-68.6645528205402,12.16));
#6673=CARTESIAN_POINT('Ctrl Pts',(137.24360925293,-68.6645528205402,11.76));
#6674=CARTESIAN_POINT('Ctrl Pts',(137.24360925293,-68.6645528205402,12.16));
#6675=CARTESIAN_POINT('Ctrl Pts',(137.189301076889,-68.6404963859088,11.76));
#6676=CARTESIAN_POINT('Ctrl Pts',(137.189301076889,-68.6404963859088,12.16));
#6677=CARTESIAN_POINT('',(137.490132871628,-68.6645528205402,11.76));
#6678=CARTESIAN_POINT('Ctrl Pts',(137.189301076889,-68.6404963859088,11.76));
#6679=CARTESIAN_POINT('Ctrl Pts',(137.24360925293,-68.6645528205402,11.76));
#6680=CARTESIAN_POINT('Ctrl Pts',(137.490132871628,-68.6645528205402,11.76));
#6681=CARTESIAN_POINT('',(137.490132871628,-68.6645528205402,12.16));
#6682=CARTESIAN_POINT('Ctrl Pts',(137.490132871628,-68.6645528205402,12.16));
#6683=CARTESIAN_POINT('Ctrl Pts',(137.24360925293,-68.6645528205402,12.16));
#6684=CARTESIAN_POINT('Ctrl Pts',(137.189301076889,-68.6404963859088,12.16));
#6685=CARTESIAN_POINT('',(137.490132871628,-68.6645528205402,11.76));
#6686=CARTESIAN_POINT('Origin',(139.33761847353,-68.6645528205402,11.76));
#6687=CARTESIAN_POINT('',(139.108309236765,-68.6645528205401,11.76));
#6688=CARTESIAN_POINT('',(137.490132871628,-68.6645528205402,12.16));
#6689=CARTESIAN_POINT('Origin',(138.055110398293,-70.0075146087176,11.76));
#6690=CARTESIAN_POINT('',(139.035010162354,-70.0075146087176,11.76));
#6691=CARTESIAN_POINT('',(138.055110398293,-70.0075146087176,11.76));
#6692=CARTESIAN_POINT('',(138.467055199146,-70.0075146087176,11.76));
#6693=CARTESIAN_POINT('',(139.035010162354,-70.0075146087176,12.16));
#6694=CARTESIAN_POINT('',(139.035010162354,-70.0075146087176,11.76));
#6695=CARTESIAN_POINT('',(138.055110398293,-70.0075146087176,12.16));
#6696=CARTESIAN_POINT('',(139.035010162354,-70.0075146087176,12.16));
#6697=CARTESIAN_POINT('',(138.055110398293,-70.0075146087176,11.76));
#6698=CARTESIAN_POINT('Ctrl Pts',(137.248266759872,-69.9508544333942,11.76));
#6699=CARTESIAN_POINT('Ctrl Pts',(137.248266759872,-69.9508544333942,12.16));
#6700=CARTESIAN_POINT('Ctrl Pts',(137.511356893539,-70.0075146087176,11.76));
#6701=CARTESIAN_POINT('Ctrl Pts',(137.511356893539,-70.0075146087176,12.16));
#6702=CARTESIAN_POINT('Ctrl Pts',(138.055110398293,-70.0075146087176,11.76));
#6703=CARTESIAN_POINT('Ctrl Pts',(138.055110398293,-70.0075146087176,12.16));
#6704=CARTESIAN_POINT('',(137.248266759872,-69.9508544333942,11.76));
#6705=CARTESIAN_POINT('Ctrl Pts',(138.055110398293,-70.0075146087176,11.76));
#6706=CARTESIAN_POINT('Ctrl Pts',(137.511356893539,-70.0075146087176,11.76));
#6707=CARTESIAN_POINT('Ctrl Pts',(137.248266759872,-69.9508544333942,11.76));
#6708=CARTESIAN_POINT('',(137.248266759872,-69.9508544333942,12.16));
#6709=CARTESIAN_POINT('Ctrl Pts',(137.248266759872,-69.9508544333942,12.16));
#6710=CARTESIAN_POINT('Ctrl Pts',(137.511356893539,-70.0075146087176,12.16));
#6711=CARTESIAN_POINT('Ctrl Pts',(138.055110398293,-70.0075146087176,12.16));
#6712=CARTESIAN_POINT('',(137.248266759872,-69.9508544333942,11.76));
#6713=CARTESIAN_POINT('Ctrl Pts',(136.754451814651,-69.7065397628314,11.76));
#6714=CARTESIAN_POINT('Ctrl Pts',(136.754451814651,-69.7065397628314,12.16));
#6715=CARTESIAN_POINT('Ctrl Pts',(136.985177222252,-69.8941930659778,11.76));
#6716=CARTESIAN_POINT('Ctrl Pts',(136.985177222252,-69.8941930659778,12.16));
#6717=CARTESIAN_POINT('Ctrl Pts',(137.248266759872,-69.9508544333942,11.76));
#6718=CARTESIAN_POINT('Ctrl Pts',(137.248266759872,-69.9508544333942,12.16));
#6719=CARTESIAN_POINT('',(136.754451814651,-69.7065397628314,11.76));
#6720=CARTESIAN_POINT('Ctrl Pts',(137.248266759872,-69.9508544333942,11.76));
#6721=CARTESIAN_POINT('Ctrl Pts',(136.985177222252,-69.8941930659778,11.76));
#6722=CARTESIAN_POINT('Ctrl Pts',(136.754451814651,-69.7065397628314,11.76));
#6723=CARTESIAN_POINT('',(136.754451814651,-69.7065397628314,12.16));
#6724=CARTESIAN_POINT('Ctrl Pts',(136.754451814651,-69.7065397628314,12.16));
#6725=CARTESIAN_POINT('Ctrl Pts',(136.985177222252,-69.8941930659778,12.16));
#6726=CARTESIAN_POINT('Ctrl Pts',(137.248266759872,-69.9508544333942,12.16));
#6727=CARTESIAN_POINT('',(136.754451814651,-69.7065397628314,11.76));
#6728=CARTESIAN_POINT('Ctrl Pts',(136.414485398293,-69.2260977157123,11.76));
#6729=CARTESIAN_POINT('Ctrl Pts',(136.414485398293,-69.2260977157123,12.16));
#6730=CARTESIAN_POINT('Ctrl Pts',(136.523725811005,-69.5188852675922,11.76));
#6731=CARTESIAN_POINT('Ctrl Pts',(136.523725811005,-69.5188852675922,12.16));
#6732=CARTESIAN_POINT('Ctrl Pts',(136.754451814651,-69.7065397628314,11.76));
#6733=CARTESIAN_POINT('Ctrl Pts',(136.754451814651,-69.7065397628314,12.16));
#6734=CARTESIAN_POINT('',(136.414485398293,-69.2260977157123,11.76));
#6735=CARTESIAN_POINT('Ctrl Pts',(136.754451814651,-69.7065397628314,11.76));
#6736=CARTESIAN_POINT('Ctrl Pts',(136.523725811005,-69.5188852675922,11.76));
#6737=CARTESIAN_POINT('Ctrl Pts',(136.414485398293,-69.2260977157123,11.76));
#6738=CARTESIAN_POINT('',(136.414485398293,-69.2260977157123,12.16));
#6739=CARTESIAN_POINT('Ctrl Pts',(136.414485398293,-69.2260977157123,12.16));
#6740=CARTESIAN_POINT('Ctrl Pts',(136.523725811005,-69.5188852675922,12.16));
#6741=CARTESIAN_POINT('Ctrl Pts',(136.754451814651,-69.7065397628314,12.16));
#6742=CARTESIAN_POINT('',(136.414485398293,-69.2260977157123,11.76));
#6743=CARTESIAN_POINT('Ctrl Pts',(136.30524498558,-68.5598262675769,11.76));
#6744=CARTESIAN_POINT('Ctrl Pts',(136.30524498558,-68.5598262675769,12.16));
#6745=CARTESIAN_POINT('Ctrl Pts',(136.30524498558,-68.9333077796466,11.76));
#6746=CARTESIAN_POINT('Ctrl Pts',(136.30524498558,-68.9333077796466,12.16));
#6747=CARTESIAN_POINT('Ctrl Pts',(136.414485398293,-69.2260977157123,11.76));
#6748=CARTESIAN_POINT('Ctrl Pts',(136.414485398293,-69.2260977157123,12.16));
#6749=CARTESIAN_POINT('',(136.30524498558,-68.5598262675769,11.76));
#6750=CARTESIAN_POINT('Ctrl Pts',(136.414485398293,-69.2260977157123,11.76));
#6751=CARTESIAN_POINT('Ctrl Pts',(136.30524498558,-68.9333077796466,11.76));
#6752=CARTESIAN_POINT('Ctrl Pts',(136.30524498558,-68.5598262675769,11.76));
#6753=CARTESIAN_POINT('',(136.30524498558,-68.5598262675769,12.16));
#6754=CARTESIAN_POINT('Ctrl Pts',(136.30524498558,-68.5598262675769,12.16));
#6755=CARTESIAN_POINT('Ctrl Pts',(136.30524498558,-68.9333077796466,12.16));
#6756=CARTESIAN_POINT('Ctrl Pts',(136.414485398293,-69.2260977157123,12.16));
#6757=CARTESIAN_POINT('',(136.30524498558,-68.5598262675769,11.76));
#6758=CARTESIAN_POINT('Ctrl Pts',(136.398279491425,-67.8528114684589,11.76));
#6759=CARTESIAN_POINT('Ctrl Pts',(136.398279491425,-67.8528114684589,12.16));
#6760=CARTESIAN_POINT('Ctrl Pts',(136.30524498558,-68.1459125407703,11.76));
#6761=CARTESIAN_POINT('Ctrl Pts',(136.30524498558,-68.1459125407703,12.16));
#6762=CARTESIAN_POINT('Ctrl Pts',(136.30524498558,-68.5598262675769,11.76));
#6763=CARTESIAN_POINT('Ctrl Pts',(136.30524498558,-68.5598262675769,12.16));
#6764=CARTESIAN_POINT('',(136.398279491425,-67.8528114684589,11.76));
#6765=CARTESIAN_POINT('Ctrl Pts',(136.30524498558,-68.5598262675769,11.76));
#6766=CARTESIAN_POINT('Ctrl Pts',(136.30524498558,-68.1459125407703,11.76));
#6767=CARTESIAN_POINT('Ctrl Pts',(136.398279491425,-67.8528114684589,11.76));
#6768=CARTESIAN_POINT('',(136.398279491425,-67.8528114684589,12.16));
#6769=CARTESIAN_POINT('Ctrl Pts',(136.398279491425,-67.8528114684589,12.16));
#6770=CARTESIAN_POINT('Ctrl Pts',(136.30524498558,-68.1459125407703,12.16));
#6771=CARTESIAN_POINT('Ctrl Pts',(136.30524498558,-68.5598262675769,12.16));
#6772=CARTESIAN_POINT('',(136.398279491425,-67.8528114684589,11.76));
#6773=CARTESIAN_POINT('Ctrl Pts',(136.68232900238,-67.3944326766498,11.76));
#6774=CARTESIAN_POINT('Ctrl Pts',(136.68232900238,-67.3944326766498,12.16));
#6775=CARTESIAN_POINT('Ctrl Pts',(136.491313997269,-67.5597103961475,11.76));
#6776=CARTESIAN_POINT('Ctrl Pts',(136.491313997269,-67.5597103961475,12.16));
#6777=CARTESIAN_POINT('Ctrl Pts',(136.398279491425,-67.8528114684589,11.76));
#6778=CARTESIAN_POINT('Ctrl Pts',(136.398279491425,-67.8528114684589,12.16));
#6779=CARTESIAN_POINT('',(136.68232900238,-67.3944326766498,11.76));
#6780=CARTESIAN_POINT('Ctrl Pts',(136.398279491425,-67.8528114684589,11.76));
#6781=CARTESIAN_POINT('Ctrl Pts',(136.491313997269,-67.5597103961475,11.76));
#6782=CARTESIAN_POINT('Ctrl Pts',(136.68232900238,-67.3944326766498,11.76));
#6783=CARTESIAN_POINT('',(136.68232900238,-67.3944326766498,12.16));
#6784=CARTESIAN_POINT('Ctrl Pts',(136.68232900238,-67.3944326766498,12.16));
#6785=CARTESIAN_POINT('Ctrl Pts',(136.491313997269,-67.5597103961475,12.16));
#6786=CARTESIAN_POINT('Ctrl Pts',(136.398279491425,-67.8528114684589,12.16));
#6787=CARTESIAN_POINT('',(136.68232900238,-67.3944326766498,11.76));
#6788=CARTESIAN_POINT('Ctrl Pts',(137.138714018822,-67.1601303943164,11.76));
#6789=CARTESIAN_POINT('Ctrl Pts',(137.138714018822,-67.1601303943164,12.16));
#6790=CARTESIAN_POINT('Ctrl Pts',(136.873344007492,-67.229156149245,11.76));
#6791=CARTESIAN_POINT('Ctrl Pts',(136.873344007492,-67.229156149245,12.16));
#6792=CARTESIAN_POINT('Ctrl Pts',(136.68232900238,-67.3944326766498,11.76));
#6793=CARTESIAN_POINT('Ctrl Pts',(136.68232900238,-67.3944326766498,12.16));
#6794=CARTESIAN_POINT('',(137.138714018822,-67.1601303943164,11.76));
#6795=CARTESIAN_POINT('Ctrl Pts',(136.68232900238,-67.3944326766498,11.76));
#6796=CARTESIAN_POINT('Ctrl Pts',(136.873344007492,-67.229156149245,11.76));
#6797=CARTESIAN_POINT('Ctrl Pts',(137.138714018822,-67.1601303943164,11.76));
#6798=CARTESIAN_POINT('',(137.138714018822,-67.1601303943164,12.16));
#6799=CARTESIAN_POINT('Ctrl Pts',(137.138714018822,-67.1601303943164,12.16));
#6800=CARTESIAN_POINT('Ctrl Pts',(136.873344007492,-67.229156149245,12.16));
#6801=CARTESIAN_POINT('Ctrl Pts',(136.68232900238,-67.3944326766498,12.16));
#6802=CARTESIAN_POINT('',(137.138714018822,-67.1601303943164,11.76));
#6803=CARTESIAN_POINT('Ctrl Pts',(137.922485295296,-67.0911046393878,11.76));
#6804=CARTESIAN_POINT('Ctrl Pts',(137.922485295296,-67.0911046393878,12.16));
#6805=CARTESIAN_POINT('Ctrl Pts',(137.404084626198,-67.0911046393878,11.76));
#6806=CARTESIAN_POINT('Ctrl Pts',(137.404084626198,-67.0911046393878,12.16));
#6807=CARTESIAN_POINT('Ctrl Pts',(137.138714018822,-67.1601303943164,11.76));
#6808=CARTESIAN_POINT('Ctrl Pts',(137.138714018822,-67.1601303943164,12.16));
#6809=CARTESIAN_POINT('',(137.922485295296,-67.0911046393878,11.76));
#6810=CARTESIAN_POINT('Ctrl Pts',(137.138714018822,-67.1601303943164,11.76));
#6811=CARTESIAN_POINT('Ctrl Pts',(137.404084626198,-67.0911046393878,11.76));
#6812=CARTESIAN_POINT('Ctrl Pts',(137.922485295296,-67.0911046393878,11.76));
#6813=CARTESIAN_POINT('',(137.922485295296,-67.0911046393878,12.16));
#6814=CARTESIAN_POINT('Ctrl Pts',(137.922485295296,-67.0911046393878,12.16));
#6815=CARTESIAN_POINT('Ctrl Pts',(137.404084626198,-67.0911046393878,12.16));
#6816=CARTESIAN_POINT('Ctrl Pts',(137.138714018822,-67.1601303943164,12.16));
#6817=CARTESIAN_POINT('',(137.922485295296,-67.0911046393878,11.76));
#6818=CARTESIAN_POINT('Origin',(138.947569552422,-67.0911046393878,11.76));
#6819=CARTESIAN_POINT('',(138.947569552422,-67.0911046393878,11.76));
#6820=CARTESIAN_POINT('',(138.913284776211,-67.0911046393878,11.76));
#6821=CARTESIAN_POINT('',(138.947569552422,-67.0911046393878,12.16));
#6822=CARTESIAN_POINT('',(137.922485295296,-67.0911046393878,12.16));
#6823=CARTESIAN_POINT('',(138.947569552422,-67.0911046393878,11.76));
#6824=CARTESIAN_POINT('Ctrl Pts',(139.845191064835,-67.2174641021258,11.76));
#6825=CARTESIAN_POINT('Ctrl Pts',(139.845191064835,-67.2174641021258,12.16));
#6826=CARTESIAN_POINT('Ctrl Pts',(139.516484859943,-67.0911046393878,11.76));
#6827=CARTESIAN_POINT('Ctrl Pts',(139.516484859943,-67.0911046393878,12.16));
#6828=CARTESIAN_POINT('Ctrl Pts',(138.947569552422,-67.0911046393878,11.76));
#6829=CARTESIAN_POINT('Ctrl Pts',(138.947569552422,-67.0911046393878,12.16));
#6830=CARTESIAN_POINT('',(139.845191064835,-67.2174641021258,11.76));
#6831=CARTESIAN_POINT('Ctrl Pts',(138.947569552422,-67.0911046393878,11.76));
#6832=CARTESIAN_POINT('Ctrl Pts',(139.516484859943,-67.0911046393878,11.76));
#6833=CARTESIAN_POINT('Ctrl Pts',(139.845191064835,-67.2174641021258,11.76));
#6834=CARTESIAN_POINT('',(139.845191064835,-67.2174641021258,12.16));
#6835=CARTESIAN_POINT('Ctrl Pts',(139.845191064835,-67.2174641021258,12.16));
#6836=CARTESIAN_POINT('Ctrl Pts',(139.516484859943,-67.0911046393878,12.16));
#6837=CARTESIAN_POINT('Ctrl Pts',(138.947569552422,-67.0911046393878,12.16));
#6838=CARTESIAN_POINT('',(139.845191064835,-67.2174641021258,11.76));
#6839=CARTESIAN_POINT('Ctrl Pts',(140.373867276669,-67.6737293132312,11.76));
#6840=CARTESIAN_POINT('Ctrl Pts',(140.373867276669,-67.6737293132312,12.16));
#6841=CARTESIAN_POINT('Ctrl Pts',(140.173896971703,-67.343822372771,11.76));
#6842=CARTESIAN_POINT('Ctrl Pts',(140.173896971703,-67.343822372771,12.16));
#6843=CARTESIAN_POINT('Ctrl Pts',(139.845191064835,-67.2174641021258,11.76));
#6844=CARTESIAN_POINT('Ctrl Pts',(139.845191064835,-67.2174641021258,12.16));
#6845=CARTESIAN_POINT('',(140.373867276669,-67.6737293132312,11.76));
#6846=CARTESIAN_POINT('Ctrl Pts',(139.845191064835,-67.2174641021258,11.76));
#6847=CARTESIAN_POINT('Ctrl Pts',(140.173896971703,-67.343822372771,11.76));
#6848=CARTESIAN_POINT('Ctrl Pts',(140.373867276669,-67.6737293132312,11.76));
#6849=CARTESIAN_POINT('',(140.373867276669,-67.6737293132312,12.16));
#6850=CARTESIAN_POINT('Ctrl Pts',(140.373867276669,-67.6737293132312,12.16));
#6851=CARTESIAN_POINT('Ctrl Pts',(140.173896971703,-67.343822372771,12.16));
#6852=CARTESIAN_POINT('Ctrl Pts',(139.845191064835,-67.2174641021258,12.16));
#6853=CARTESIAN_POINT('',(140.373867276669,-67.6737293132312,11.76));
#6854=CARTESIAN_POINT('Ctrl Pts',(140.573837283611,-68.5085913070209,11.76));
#6855=CARTESIAN_POINT('Ctrl Pts',(140.573837283611,-68.5085913070209,12.16));
#6856=CARTESIAN_POINT('Ctrl Pts',(140.573837283611,-68.0036350615985,11.76));
#6857=CARTESIAN_POINT('Ctrl Pts',(140.573837283611,-68.0036350615985,12.16));
#6858=CARTESIAN_POINT('Ctrl Pts',(140.373867276669,-67.6737293132312,11.76));
#6859=CARTESIAN_POINT('Ctrl Pts',(140.373867276669,-67.6737293132312,12.16));
#6860=CARTESIAN_POINT('',(140.573837283611,-68.5085913070209,11.76));
#6861=CARTESIAN_POINT('Ctrl Pts',(140.373867276669,-67.6737293132312,11.76));
#6862=CARTESIAN_POINT('Ctrl Pts',(140.573837283611,-68.0036350615985,11.76));
#6863=CARTESIAN_POINT('Ctrl Pts',(140.573837283611,-68.5085913070209,11.76));
#6864=CARTESIAN_POINT('',(140.573837283611,-68.5085913070209,12.16));
#6865=CARTESIAN_POINT('Ctrl Pts',(140.573837283611,-68.5085913070209,12.16));
#6866=CARTESIAN_POINT('Ctrl Pts',(140.573837283611,-68.0036350615985,12.16));
#6867=CARTESIAN_POINT('Ctrl Pts',(140.373867276669,-67.6737293132312,12.16));
#6868=CARTESIAN_POINT('',(140.573837283611,-68.5085913070209,11.76));
#6869=CARTESIAN_POINT('Ctrl Pts',(140.446086052418,-69.2384382613666,11.76));
#6870=CARTESIAN_POINT('Ctrl Pts',(140.446086052418,-69.2384382613666,12.16));
#6871=CARTESIAN_POINT('Ctrl Pts',(140.573837283611,-68.9310511477954,11.76));
#6872=CARTESIAN_POINT('Ctrl Pts',(140.573837283611,-68.9310511477954,12.16));
#6873=CARTESIAN_POINT('Ctrl Pts',(140.573837283611,-68.5085913070209,11.76));
#6874=CARTESIAN_POINT('Ctrl Pts',(140.573837283611,-68.5085913070209,12.16));
#6875=CARTESIAN_POINT('',(140.446086052418,-69.2384382613666,11.76));
#6876=CARTESIAN_POINT('Ctrl Pts',(140.573837283611,-68.5085913070209,11.76));
#6877=CARTESIAN_POINT('Ctrl Pts',(140.573837283611,-68.9310511477954,11.76));
#6878=CARTESIAN_POINT('Ctrl Pts',(140.446086052418,-69.2384382613666,11.76));
#6879=CARTESIAN_POINT('',(140.446086052418,-69.2384382613666,12.16));
#6880=CARTESIAN_POINT('Ctrl Pts',(140.446086052418,-69.2384382613666,12.16));
#6881=CARTESIAN_POINT('Ctrl Pts',(140.573837283611,-68.9310511477954,12.16));
#6882=CARTESIAN_POINT('Ctrl Pts',(140.573837283611,-68.5085913070209,12.16));
#6883=CARTESIAN_POINT('',(140.446086052418,-69.2384382613666,11.76));
#6884=CARTESIAN_POINT('Ctrl Pts',(140.110969666004,-69.7148462661273,11.76));
#6885=CARTESIAN_POINT('Ctrl Pts',(140.110969666004,-69.7148462661273,12.16));
#6886=CARTESIAN_POINT('Ctrl Pts',(140.318334523201,-69.5458241828448,11.76));
#6887=CARTESIAN_POINT('Ctrl Pts',(140.318334523201,-69.5458241828448,12.16));
#6888=CARTESIAN_POINT('Ctrl Pts',(140.446086052418,-69.2384382613666,11.76));
#6889=CARTESIAN_POINT('Ctrl Pts',(140.446086052418,-69.2384382613666,12.16));
#6890=CARTESIAN_POINT('',(140.110969666004,-69.7148462661273,11.76));
#6891=CARTESIAN_POINT('Ctrl Pts',(140.446086052418,-69.2384382613666,11.76));
#6892=CARTESIAN_POINT('Ctrl Pts',(140.318334523201,-69.5458241828448,11.76));
#6893=CARTESIAN_POINT('Ctrl Pts',(140.110969666004,-69.7148462661273,11.76));
#6894=CARTESIAN_POINT('',(140.110969666004,-69.7148462661273,12.16));
#6895=CARTESIAN_POINT('Ctrl Pts',(140.110969666004,-69.7148462661273,12.16));
#6896=CARTESIAN_POINT('Ctrl Pts',(140.318334523201,-69.5458241828448,12.16));
#6897=CARTESIAN_POINT('Ctrl Pts',(140.446086052418,-69.2384382613666,12.16));
#6898=CARTESIAN_POINT('',(140.110969666004,-69.7148462661273,11.76));
#6899=CARTESIAN_POINT('Ctrl Pts',(139.684667411804,-69.9456926711566,11.76));
#6900=CARTESIAN_POINT('Ctrl Pts',(139.684667411804,-69.9456926711566,12.16));
#6901=CARTESIAN_POINT('Ctrl Pts',(139.903604510784,-69.8838695415027,11.76));
#6902=CARTESIAN_POINT('Ctrl Pts',(139.903604510784,-69.8838695415027,12.16));
#6903=CARTESIAN_POINT('Ctrl Pts',(140.110969666004,-69.7148462661273,11.76));
#6904=CARTESIAN_POINT('Ctrl Pts',(140.110969666004,-69.7148462661273,12.16));
#6905=CARTESIAN_POINT('',(139.684667411804,-69.9456926711566,11.76));
#6906=CARTESIAN_POINT('Ctrl Pts',(140.110969666004,-69.7148462661273,11.76));
#6907=CARTESIAN_POINT('Ctrl Pts',(139.903604510784,-69.8838695415027,11.76));
#6908=CARTESIAN_POINT('Ctrl Pts',(139.684667411804,-69.9456926711566,11.76));
#6909=CARTESIAN_POINT('',(139.684667411804,-69.9456926711566,12.16));
#6910=CARTESIAN_POINT('Ctrl Pts',(139.684667411804,-69.9456926711566,12.16));
#6911=CARTESIAN_POINT('Ctrl Pts',(139.903604510784,-69.8838695415027,12.16));
#6912=CARTESIAN_POINT('Ctrl Pts',(140.110969666004,-69.7148462661273,12.16));
#6913=CARTESIAN_POINT('',(139.684667411804,-69.9456926711566,11.76));
#6914=CARTESIAN_POINT('Ctrl Pts',(139.035010162354,-70.0075146087176,11.76));
#6915=CARTESIAN_POINT('Ctrl Pts',(139.035010162354,-70.0075146087176,12.16));
#6916=CARTESIAN_POINT('Ctrl Pts',(139.465730014801,-70.0075146087176,11.76));
#6917=CARTESIAN_POINT('Ctrl Pts',(139.465730014801,-70.0075146087176,12.16));
#6918=CARTESIAN_POINT('Ctrl Pts',(139.684667411804,-69.9456926711566,11.76));
#6919=CARTESIAN_POINT('Ctrl Pts',(139.684667411804,-69.9456926711566,12.16));
#6920=CARTESIAN_POINT('Ctrl Pts',(139.684667411804,-69.9456926711566,11.76));
#6921=CARTESIAN_POINT('Ctrl Pts',(139.465730014801,-70.0075146087176,11.76));
#6922=CARTESIAN_POINT('Ctrl Pts',(139.035010162354,-70.0075146087176,11.76));
#6923=CARTESIAN_POINT('Ctrl Pts',(139.035010162354,-70.0075146087176,12.16));
#6924=CARTESIAN_POINT('Ctrl Pts',(139.465730014801,-70.0075146087176,12.16));
#6925=CARTESIAN_POINT('Ctrl Pts',(139.684667411804,-69.9456926711566,12.16));
#6926=CARTESIAN_POINT('Origin',(138.842122677326,-67.6181485780246,12.16));
#6927=CARTESIAN_POINT('Origin',(138.879,-72.738,11.76));
#6928=CARTESIAN_POINT('',(128.452,-90.244,11.76));
#6929=CARTESIAN_POINT('',(128.452,-55.232,11.76));
#6930=CARTESIAN_POINT('',(128.452,-63.735,11.76));
#6931=CARTESIAN_POINT('',(149.306,-90.244,11.76));
#6932=CARTESIAN_POINT('',(133.4155,-90.244,11.76));
#6933=CARTESIAN_POINT('',(149.306,-55.232,11.76));
#6934=CARTESIAN_POINT('',(149.306,-81.741,11.76));
#6935=CARTESIAN_POINT('',(144.3425,-55.232,11.76));
#6936=CARTESIAN_POINT('',(138.305859390259,-76.6854497321612,11.76));
#6937=CARTESIAN_POINT('',(138.305859390259,-75.1089283355243,11.76));
#6938=CARTESIAN_POINT('',(138.305859390259,-73.9234641677621,11.76));
#6939=CARTESIAN_POINT('',(137.501801076889,-75.1089283355243,11.76));
#6940=CARTESIAN_POINT('',(138.190400538445,-75.1089283355243,11.76));
#6941=CARTESIAN_POINT('',(137.189037028313,-75.1358660586841,11.76));
#6942=CARTESIAN_POINT('Ctrl Pts',(137.501801076889,-75.1089283355243,11.76));
#6943=CARTESIAN_POINT('Ctrl Pts',(137.243081155777,-75.1089283355243,11.76));
#6944=CARTESIAN_POINT('Ctrl Pts',(137.189037028313,-75.1358660586841,11.76));
#6945=CARTESIAN_POINT('',(137.134992900848,-75.2338703998096,11.76));
#6946=CARTESIAN_POINT('Ctrl Pts',(137.189037028313,-75.1358660586841,11.76));
#6947=CARTESIAN_POINT('Ctrl Pts',(137.134992900848,-75.1628037818439,11.76));
#6948=CARTESIAN_POINT('Ctrl Pts',(137.134992900848,-75.2338703998096,11.76));
#6949=CARTESIAN_POINT('',(137.215567055702,-75.3679117091663,11.76));
#6950=CARTESIAN_POINT('Ctrl Pts',(137.134992900848,-75.2338703998096,11.76));
#6951=CARTESIAN_POINT('Ctrl Pts',(137.134992900848,-75.331874740935,11.76));
#6952=CARTESIAN_POINT('Ctrl Pts',(137.215567055702,-75.3679117091663,11.76));
#6953=CARTESIAN_POINT('Ctrl Pts',(137.215567055702,-75.3679117091663,11.76));
#6954=CARTESIAN_POINT('Ctrl Pts',(137.29614061451,-75.4039498694903,11.76));
#6955=CARTESIAN_POINT('Ctrl Pts',(137.580790344238,-75.4039498694903,11.76));
#6956=CARTESIAN_POINT('',(138.170641485214,-76.6854497321612,11.76));
#6957=CARTESIAN_POINT('',(138.170641485214,-74.7117248660806,11.76));
#6958=CARTESIAN_POINT('',(137.813724699974,-76.6854497321612,11.76));
#6959=CARTESIAN_POINT('',(138.346362349987,-76.6854497321612,11.76));
#6960=CARTESIAN_POINT('',(137.228699747086,-76.6365190871722,11.76));
#6961=CARTESIAN_POINT('Ctrl Pts',(137.813724699974,-76.6854497321612,11.76));
#6962=CARTESIAN_POINT('Ctrl Pts',(137.437121096611,-76.6854497321612,11.76));
#6963=CARTESIAN_POINT('Ctrl Pts',(137.228699747086,-76.6365190871722,11.76));
#6964=CARTESIAN_POINT('',(136.781605902672,-76.4062496551044,11.76));
#6965=CARTESIAN_POINT('Ctrl Pts',(137.228699747086,-76.6365190871722,11.76));
#6966=CARTESIAN_POINT('Ctrl Pts',(137.02027839756,-76.5875884421832,11.76));
#6967=CARTESIAN_POINT('Ctrl Pts',(136.781605902672,-76.4062496551044,11.76));
#6968=CARTESIAN_POINT('',(136.424088898659,-75.9477754958636,11.76));
#6969=CARTESIAN_POINT('Ctrl Pts',(136.781605902672,-76.4062496551044,11.76));
#6970=CARTESIAN_POINT('Ctrl Pts',(136.542933407783,-76.2249108680255,11.76));
#6971=CARTESIAN_POINT('Ctrl Pts',(136.424088898659,-75.9477754958636,11.76));
#6972=CARTESIAN_POINT('',(136.30524498558,-75.2588399775989,11.76));
#6973=CARTESIAN_POINT('Ctrl Pts',(136.424088898659,-75.9477754958636,11.76));
#6974=CARTESIAN_POINT('Ctrl Pts',(136.30524498558,-75.6706401237018,11.76));
#6975=CARTESIAN_POINT('Ctrl Pts',(136.30524498558,-75.2588399775989,11.76));
#6976=CARTESIAN_POINT('',(136.421568218231,-74.553169859267,11.76));
#6977=CARTESIAN_POINT('Ctrl Pts',(136.30524498558,-75.2588399775989,11.76));
#6978=CARTESIAN_POINT('Ctrl Pts',(136.30524498558,-74.8612042792804,11.76));
#6979=CARTESIAN_POINT('Ctrl Pts',(136.421568218231,-74.553169859267,11.76));
#6980=CARTESIAN_POINT('',(136.743383828163,-74.0716227420337,11.76));
#6981=CARTESIAN_POINT('Ctrl Pts',(136.421568218231,-74.553169859267,11.76));
#6982=CARTESIAN_POINT('Ctrl Pts',(136.537891450882,-74.2451354392535,11.76));
#6983=CARTESIAN_POINT('Ctrl Pts',(136.743383828163,-74.0716227420337,11.76));
#6984=CARTESIAN_POINT('',(137.192878547668,-73.8320382960803,11.76));
#6985=CARTESIAN_POINT('Ctrl Pts',(136.743383828163,-74.0716227420337,11.76));
#6986=CARTESIAN_POINT('Ctrl Pts',(136.948875609398,-73.8981100448138,11.76));
#6987=CARTESIAN_POINT('Ctrl Pts',(137.192878547668,-73.8320382960803,11.76));
#6988=CARTESIAN_POINT('',(137.892330113411,-73.7659653552539,11.76));
#6989=CARTESIAN_POINT('Ctrl Pts',(137.192878547668,-73.8320382960803,11.76));
#6990=CARTESIAN_POINT('Ctrl Pts',(137.436880889893,-73.7659653552539,11.76));
#6991=CARTESIAN_POINT('Ctrl Pts',(137.892330113411,-73.7659653552539,11.76));
#6992=CARTESIAN_POINT('',(139.05911517477,-73.7659653552539,11.76));
#6993=CARTESIAN_POINT('',(138.969057587385,-73.7659653552539,11.76));
#6994=CARTESIAN_POINT('',(139.916209403038,-73.9149888881213,11.76));
#6995=CARTESIAN_POINT('Ctrl Pts',(139.05911517477,-73.7659653552539,11.76));
#6996=CARTESIAN_POINT('Ctrl Pts',(139.597346905231,-73.7659653552539,11.76));
#6997=CARTESIAN_POINT('Ctrl Pts',(139.916209403038,-73.9149888881213,11.76));
#6998=CARTESIAN_POINT('',(140.404454592228,-74.4025858767993,11.76));
#6999=CARTESIAN_POINT('Ctrl Pts',(139.916209403038,-73.9149888881213,11.76));
#7000=CARTESIAN_POINT('Ctrl Pts',(140.235071602821,-74.0640124209888,11.76));
#7001=CARTESIAN_POINT('Ctrl Pts',(140.404454592228,-74.4025858767993,11.76));
#7002=CARTESIAN_POINT('',(140.573837283611,-75.1744719871051,11.76));
#7003=CARTESIAN_POINT('Ctrl Pts',(140.404454592228,-74.4025858767993,11.76));
#7004=CARTESIAN_POINT('Ctrl Pts',(140.573837283611,-74.7411593326099,11.76));
#7005=CARTESIAN_POINT('Ctrl Pts',(140.573837283611,-75.1744719871051,11.76));
#7006=CARTESIAN_POINT('',(140.369209471703,-76.0543748267657,11.76));
#7007=CARTESIAN_POINT('Ctrl Pts',(140.573837283611,-75.1744719871051,11.76));
#7008=CARTESIAN_POINT('Ctrl Pts',(140.573837283611,-75.7042046912677,11.76));
#7009=CARTESIAN_POINT('Ctrl Pts',(140.369209471703,-76.0543748267657,11.76));
#7010=CARTESIAN_POINT('',(139.828048470974,-76.5449973472125,11.76));
#7011=CARTESIAN_POINT('Ctrl Pts',(140.369209471703,-76.0543748267657,11.76));
#7012=CARTESIAN_POINT('Ctrl Pts',(140.164581361771,-76.4045449622638,11.76));
#7013=CARTESIAN_POINT('Ctrl Pts',(139.828048470974,-76.5449973472125,11.76));
#7014=CARTESIAN_POINT('',(138.898303333282,-76.6854497321612,11.76));
#7015=CARTESIAN_POINT('Ctrl Pts',(139.828048470974,-76.5449973472125,11.76));
#7016=CARTESIAN_POINT('Ctrl Pts',(139.491515580177,-76.6854497321612,11.76));
#7017=CARTESIAN_POINT('Ctrl Pts',(138.898303333282,-76.6854497321612,11.76));
#7018=CARTESIAN_POINT('',(138.592429695129,-76.6854497321612,11.76));
#7019=CARTESIAN_POINT('',(147.416426605998,-85.1835733939991,11.76));
#7020=CARTESIAN_POINT('',(146.916426605998,-84.6835733939991,11.76));
#7021=CARTESIAN_POINT('Origin',(147.416426605998,-84.6835733939991,11.76));
#7022=CARTESIAN_POINT('',(148.306,-85.1835733939991,11.76));
#7023=CARTESIAN_POINT('',(143.768426605998,-85.1835733939991,11.76));
#7024=CARTESIAN_POINT('Origin',(148.306,-85.6835733939991,11.76));
#7025=CARTESIAN_POINT('',(129.452,-85.1835733939964,11.76));
#7026=CARTESIAN_POINT('Origin',(129.452,-85.6835733939964,11.76));
#7027=CARTESIAN_POINT('',(139.031573394006,-85.1835733939964,11.76));
#7028=CARTESIAN_POINT('',(133.303573393997,-85.1835733939964,11.76));
#7029=CARTESIAN_POINT('',(139.531573394006,-84.6835733939964,11.76));
#7030=CARTESIAN_POINT('Origin',(139.031573394006,-84.6835733939964,11.76));
#7031=CARTESIAN_POINT('',(139.531573394006,-80.9855733939991,11.76));
#7032=CARTESIAN_POINT('',(139.531573394006,-80.4855733939991,11.76));
#7033=CARTESIAN_POINT('',(140.031573394006,-80.4855733939991,11.76));
#7034=CARTESIAN_POINT('Origin',(140.031573394006,-80.9855733939991,11.76));
#7035=CARTESIAN_POINT('',(146.416426605998,-80.4855733939991,11.76));
#7036=CARTESIAN_POINT('',(146.916426605998,-80.4855733939991,11.76));
#7037=CARTESIAN_POINT('',(146.916426605998,-80.9855733939991,11.76));
#7038=CARTESIAN_POINT('Origin',(146.416426605998,-80.9855733939991,11.76));
#7039=CARTESIAN_POINT('',(146.916426605998,-85.3304266059909,11.76));
#7040=CARTESIAN_POINT('',(136.379000369072,-70.348634374953,11.76));
#7041=CARTESIAN_POINT('',(136.379000369072,-71.5433171874765,11.76));
#7042=CARTESIAN_POINT('',(141.379000369072,-70.348634374953,11.76));
#7043=CARTESIAN_POINT('',(140.129000184536,-70.348634374953,11.76));
#7044=CARTESIAN_POINT('',(141.379000369072,-72.2332373744729,11.76));
#7045=CARTESIAN_POINT('Origin',(136.379000369072,-70.348634374953,11.76));
#7046=CARTESIAN_POINT('',(136.379000369072,-70.348634374953,11.76));
#7047=CARTESIAN_POINT('Origin',(141.379000369072,-70.348634374953,11.76));
#7048=CARTESIAN_POINT('',(141.379000369072,-70.348634374953,11.76));
#7049=CARTESIAN_POINT('Origin',(141.379000369072,-71.7284747489459,11.76));
#7050=CARTESIAN_POINT('Origin',(139.312313023567,-75.3394135364062,11.76));
#7051=CARTESIAN_POINT('',(139.08029091692,-75.3394135364062,11.76));
#7052=CARTESIAN_POINT('',(139.312313023567,-75.3394135364062,11.76));
#7053=CARTESIAN_POINT('',(139.095656511784,-75.3394135364062,11.76));
#7054=CARTESIAN_POINT('',(139.08029091692,-75.3394135364062,11.76));
#7055=CARTESIAN_POINT('',(139.312313023567,-75.3394135364062,11.76));
#7056=CARTESIAN_POINT('Ctrl Pts',(139.67741680479,-75.3149958976276,11.76));
#7057=CARTESIAN_POINT('Ctrl Pts',(139.67741680479,-75.3149958976276,12.16));
#7058=CARTESIAN_POINT('Ctrl Pts',(139.610743943214,-75.3394135364062,11.76));
#7059=CARTESIAN_POINT('Ctrl Pts',(139.610743943214,-75.3394135364062,12.16));
#7060=CARTESIAN_POINT('Ctrl Pts',(139.312313023567,-75.3394135364062,11.76));
#7061=CARTESIAN_POINT('Ctrl Pts',(139.312313023567,-75.3394135364062,12.16));
#7062=CARTESIAN_POINT('',(139.67741680479,-75.3149958976276,11.76));
#7063=CARTESIAN_POINT('Ctrl Pts',(139.312313023567,-75.3394135364062,11.76));
#7064=CARTESIAN_POINT('Ctrl Pts',(139.610743943214,-75.3394135364062,11.76));
#7065=CARTESIAN_POINT('Ctrl Pts',(139.67741680479,-75.3149958976276,11.76));
#7066=CARTESIAN_POINT('',(139.67741680479,-75.3149958976276,11.76));
#7067=CARTESIAN_POINT('Ctrl Pts',(139.744089368343,-75.23170913539,11.76));
#7068=CARTESIAN_POINT('Ctrl Pts',(139.744089368343,-75.23170913539,12.16));
#7069=CARTESIAN_POINT('Ctrl Pts',(139.744089368343,-75.2905794509418,11.76));
#7070=CARTESIAN_POINT('Ctrl Pts',(139.744089368343,-75.2905794509418,12.16));
#7071=CARTESIAN_POINT('Ctrl Pts',(139.67741680479,-75.3149958976276,11.76));
#7072=CARTESIAN_POINT('Ctrl Pts',(139.67741680479,-75.3149958976276,12.16));
#7073=CARTESIAN_POINT('',(139.744089368343,-75.23170913539,11.76));
#7074=CARTESIAN_POINT('Ctrl Pts',(139.67741680479,-75.3149958976276,11.76));
#7075=CARTESIAN_POINT('Ctrl Pts',(139.744089368343,-75.2905794509418,11.76));
#7076=CARTESIAN_POINT('Ctrl Pts',(139.744089368343,-75.23170913539,11.76));
#7077=CARTESIAN_POINT('',(139.744089368343,-75.23170913539,11.76));
#7078=CARTESIAN_POINT('Ctrl Pts',(139.69256621933,-75.1290949710376,11.76));
#7079=CARTESIAN_POINT('Ctrl Pts',(139.69256621933,-75.1290949710376,12.16));
#7080=CARTESIAN_POINT('Ctrl Pts',(139.744089368343,-75.1492627986438,11.76));
#7081=CARTESIAN_POINT('Ctrl Pts',(139.744089368343,-75.1492627986438,12.16));
#7082=CARTESIAN_POINT('Ctrl Pts',(139.744089368343,-75.23170913539,11.76));
#7083=CARTESIAN_POINT('Ctrl Pts',(139.744089368343,-75.23170913539,12.16));
#7084=CARTESIAN_POINT('',(139.69256621933,-75.1290949710376,11.76));
#7085=CARTESIAN_POINT('Ctrl Pts',(139.744089368343,-75.23170913539,11.76));
#7086=CARTESIAN_POINT('Ctrl Pts',(139.744089368343,-75.1492627986438,11.76));
#7087=CARTESIAN_POINT('Ctrl Pts',(139.69256621933,-75.1290949710376,11.76));
#7088=CARTESIAN_POINT('',(139.69256621933,-75.1290949710376,11.76));
#7089=CARTESIAN_POINT('Ctrl Pts',(139.312313023567,-75.1089283355243,11.76));
#7090=CARTESIAN_POINT('Ctrl Pts',(139.312313023567,-75.1089283355243,12.16));
#7091=CARTESIAN_POINT('Ctrl Pts',(139.641043070316,-75.1089283355243,11.76));
#7092=CARTESIAN_POINT('Ctrl Pts',(139.641043070316,-75.1089283355243,12.16));
#7093=CARTESIAN_POINT('Ctrl Pts',(139.69256621933,-75.1290949710376,11.76));
#7094=CARTESIAN_POINT('Ctrl Pts',(139.69256621933,-75.1290949710376,12.16));
#7095=CARTESIAN_POINT('',(139.312313023567,-75.1089283355243,11.76));
#7096=CARTESIAN_POINT('Ctrl Pts',(139.69256621933,-75.1290949710376,11.76));
#7097=CARTESIAN_POINT('Ctrl Pts',(139.641043070316,-75.1089283355243,11.76));
#7098=CARTESIAN_POINT('Ctrl Pts',(139.312313023567,-75.1089283355243,11.76));
#7099=CARTESIAN_POINT('',(139.312313023567,-75.1089283355243,11.76));
#7100=CARTESIAN_POINT('Origin',(139.08029091692,-75.1089283355243,11.76));
#7101=CARTESIAN_POINT('',(139.08029091692,-75.1089283355243,11.76));
#7102=CARTESIAN_POINT('',(138.97964545846,-75.1089283355243,11.76));
#7103=CARTESIAN_POINT('',(139.08029091692,-75.1089283355243,11.76));
#7104=CARTESIAN_POINT('Origin',(139.08029091692,-75.3394135364062,11.76));
#7105=CARTESIAN_POINT('',(139.08029091692,-74.0387067682031,11.76));
#7106=CARTESIAN_POINT('Origin',(138.305859390259,-75.1089283355243,11.76));
#7107=CARTESIAN_POINT('',(138.305859390259,-76.6854497321612,11.76));
#7108=CARTESIAN_POINT('',(138.305859390259,-75.1089283355243,11.76));
#7109=CARTESIAN_POINT('Origin',(137.501801076889,-75.1089283355243,11.76));
#7110=CARTESIAN_POINT('',(137.501801076889,-75.1089283355243,11.76));
#7111=CARTESIAN_POINT('Ctrl Pts',(137.189037028313,-75.1358660586841,11.76));
#7112=CARTESIAN_POINT('Ctrl Pts',(137.189037028313,-75.1358660586841,12.16));
#7113=CARTESIAN_POINT('Ctrl Pts',(137.243081155777,-75.1089283355243,11.76));
#7114=CARTESIAN_POINT('Ctrl Pts',(137.243081155777,-75.1089283355243,12.16));
#7115=CARTESIAN_POINT('Ctrl Pts',(137.501801076889,-75.1089283355243,11.76));
#7116=CARTESIAN_POINT('Ctrl Pts',(137.501801076889,-75.1089283355243,12.16));
#7117=CARTESIAN_POINT('',(137.189037028313,-75.1358660586841,11.76));
#7118=CARTESIAN_POINT('Ctrl Pts',(137.134992900848,-75.2338703998096,11.76));
#7119=CARTESIAN_POINT('Ctrl Pts',(137.134992900848,-75.2338703998096,12.16));
#7120=CARTESIAN_POINT('Ctrl Pts',(137.134992900848,-75.1628037818439,11.76));
#7121=CARTESIAN_POINT('Ctrl Pts',(137.134992900848,-75.1628037818439,12.16));
#7122=CARTESIAN_POINT('Ctrl Pts',(137.189037028313,-75.1358660586841,11.76));
#7123=CARTESIAN_POINT('Ctrl Pts',(137.189037028313,-75.1358660586841,12.16));
#7124=CARTESIAN_POINT('',(137.134992900848,-75.2338703998096,11.76));
#7125=CARTESIAN_POINT('Ctrl Pts',(137.215567055702,-75.3679117091663,11.76));
#7126=CARTESIAN_POINT('Ctrl Pts',(137.215567055702,-75.3679117091663,12.16));
#7127=CARTESIAN_POINT('Ctrl Pts',(137.134992900848,-75.331874740935,11.76));
#7128=CARTESIAN_POINT('Ctrl Pts',(137.134992900848,-75.331874740935,12.16));
#7129=CARTESIAN_POINT('Ctrl Pts',(137.134992900848,-75.2338703998096,11.76));
#7130=CARTESIAN_POINT('Ctrl Pts',(137.134992900848,-75.2338703998096,12.16));
#7131=CARTESIAN_POINT('',(137.215567055702,-75.3679117091663,11.76));
#7132=CARTESIAN_POINT('Ctrl Pts',(137.580790344238,-75.4039498694903,11.76));
#7133=CARTESIAN_POINT('Ctrl Pts',(137.580790344238,-75.4039498694903,12.16));
#7134=CARTESIAN_POINT('Ctrl Pts',(137.29614061451,-75.4039498694903,11.76));
#7135=CARTESIAN_POINT('Ctrl Pts',(137.29614061451,-75.4039498694903,12.16));
#7136=CARTESIAN_POINT('Ctrl Pts',(137.215567055702,-75.3679117091663,11.76));
#7137=CARTESIAN_POINT('Ctrl Pts',(137.215567055702,-75.3679117091663,12.16));
#7138=CARTESIAN_POINT('Origin',(138.170641485214,-76.6854497321612,11.76));
#7139=CARTESIAN_POINT('',(138.170641485214,-76.6854497321612,11.76));
#7140=CARTESIAN_POINT('Origin',(137.813724699974,-76.6854497321612,11.76));
#7141=CARTESIAN_POINT('',(137.813724699974,-76.6854497321612,11.76));
#7142=CARTESIAN_POINT('Ctrl Pts',(137.228699747086,-76.6365190871722,11.76));
#7143=CARTESIAN_POINT('Ctrl Pts',(137.228699747086,-76.6365190871722,12.16));
#7144=CARTESIAN_POINT('Ctrl Pts',(137.437121096611,-76.6854497321612,11.76));
#7145=CARTESIAN_POINT('Ctrl Pts',(137.437121096611,-76.6854497321612,12.16));
#7146=CARTESIAN_POINT('Ctrl Pts',(137.813724699974,-76.6854497321612,11.76));
#7147=CARTESIAN_POINT('Ctrl Pts',(137.813724699974,-76.6854497321612,12.16));
#7148=CARTESIAN_POINT('',(137.228699747086,-76.6365190871722,11.76));
#7149=CARTESIAN_POINT('Ctrl Pts',(136.781605902672,-76.4062496551044,11.76));
#7150=CARTESIAN_POINT('Ctrl Pts',(136.781605902672,-76.4062496551044,12.16));
#7151=CARTESIAN_POINT('Ctrl Pts',(137.02027839756,-76.5875884421832,11.76));
#7152=CARTESIAN_POINT('Ctrl Pts',(137.02027839756,-76.5875884421832,12.16));
#7153=CARTESIAN_POINT('Ctrl Pts',(137.228699747086,-76.6365190871722,11.76));
#7154=CARTESIAN_POINT('Ctrl Pts',(137.228699747086,-76.6365190871722,12.16));
#7155=CARTESIAN_POINT('',(136.781605902672,-76.4062496551044,11.76));
#7156=CARTESIAN_POINT('Ctrl Pts',(136.424088898659,-75.9477754958636,11.76));
#7157=CARTESIAN_POINT('Ctrl Pts',(136.424088898659,-75.9477754958636,12.16));
#7158=CARTESIAN_POINT('Ctrl Pts',(136.542933407783,-76.2249108680255,11.76));
#7159=CARTESIAN_POINT('Ctrl Pts',(136.542933407783,-76.2249108680255,12.16));
#7160=CARTESIAN_POINT('Ctrl Pts',(136.781605902672,-76.4062496551044,11.76));
#7161=CARTESIAN_POINT('Ctrl Pts',(136.781605902672,-76.4062496551044,12.16));
#7162=CARTESIAN_POINT('',(136.424088898659,-75.9477754958636,11.76));
#7163=CARTESIAN_POINT('Ctrl Pts',(136.30524498558,-75.2588399775989,11.76));
#7164=CARTESIAN_POINT('Ctrl Pts',(136.30524498558,-75.2588399775989,12.16));
#7165=CARTESIAN_POINT('Ctrl Pts',(136.30524498558,-75.6706401237018,11.76));
#7166=CARTESIAN_POINT('Ctrl Pts',(136.30524498558,-75.6706401237018,12.16));
#7167=CARTESIAN_POINT('Ctrl Pts',(136.424088898659,-75.9477754958636,11.76));
#7168=CARTESIAN_POINT('Ctrl Pts',(136.424088898659,-75.9477754958636,12.16));
#7169=CARTESIAN_POINT('',(136.30524498558,-75.2588399775989,11.76));
#7170=CARTESIAN_POINT('Ctrl Pts',(136.421568218231,-74.553169859267,11.76));
#7171=CARTESIAN_POINT('Ctrl Pts',(136.421568218231,-74.553169859267,12.16));
#7172=CARTESIAN_POINT('Ctrl Pts',(136.30524498558,-74.8612042792804,11.76));
#7173=CARTESIAN_POINT('Ctrl Pts',(136.30524498558,-74.8612042792804,12.16));
#7174=CARTESIAN_POINT('Ctrl Pts',(136.30524498558,-75.2588399775989,11.76));
#7175=CARTESIAN_POINT('Ctrl Pts',(136.30524498558,-75.2588399775989,12.16));
#7176=CARTESIAN_POINT('',(136.421568218231,-74.553169859267,11.76));
#7177=CARTESIAN_POINT('Ctrl Pts',(136.743383828163,-74.0716227420337,11.76));
#7178=CARTESIAN_POINT('Ctrl Pts',(136.743383828163,-74.0716227420337,12.16));
#7179=CARTESIAN_POINT('Ctrl Pts',(136.537891450882,-74.2451354392535,11.76));
#7180=CARTESIAN_POINT('Ctrl Pts',(136.537891450882,-74.2451354392535,12.16));
#7181=CARTESIAN_POINT('Ctrl Pts',(136.421568218231,-74.553169859267,11.76));
#7182=CARTESIAN_POINT('Ctrl Pts',(136.421568218231,-74.553169859267,12.16));
#7183=CARTESIAN_POINT('',(136.743383828163,-74.0716227420337,11.76));
#7184=CARTESIAN_POINT('Ctrl Pts',(137.192878547668,-73.8320382960803,11.76));
#7185=CARTESIAN_POINT('Ctrl Pts',(137.192878547668,-73.8320382960803,12.16));
#7186=CARTESIAN_POINT('Ctrl Pts',(136.948875609398,-73.8981100448138,11.76));
#7187=CARTESIAN_POINT('Ctrl Pts',(136.948875609398,-73.8981100448138,12.16));
#7188=CARTESIAN_POINT('Ctrl Pts',(136.743383828163,-74.0716227420337,11.76));
#7189=CARTESIAN_POINT('Ctrl Pts',(136.743383828163,-74.0716227420337,12.16));
#7190=CARTESIAN_POINT('',(137.192878547668,-73.8320382960803,11.76));
#7191=CARTESIAN_POINT('Ctrl Pts',(137.892330113411,-73.7659653552539,11.76));
#7192=CARTESIAN_POINT('Ctrl Pts',(137.892330113411,-73.7659653552539,12.16));
#7193=CARTESIAN_POINT('Ctrl Pts',(137.436880889893,-73.7659653552539,11.76));
#7194=CARTESIAN_POINT('Ctrl Pts',(137.436880889893,-73.7659653552539,12.16));
#7195=CARTESIAN_POINT('Ctrl Pts',(137.192878547668,-73.8320382960803,11.76));
#7196=CARTESIAN_POINT('Ctrl Pts',(137.192878547668,-73.8320382960803,12.16));
#7197=CARTESIAN_POINT('',(137.892330113411,-73.7659653552539,11.76));
#7198=CARTESIAN_POINT('Origin',(139.05911517477,-73.7659653552539,11.76));
#7199=CARTESIAN_POINT('',(139.05911517477,-73.7659653552539,11.76));
#7200=CARTESIAN_POINT('Ctrl Pts',(139.916209403038,-73.9149888881213,11.76));
#7201=CARTESIAN_POINT('Ctrl Pts',(139.916209403038,-73.9149888881213,12.16));
#7202=CARTESIAN_POINT('Ctrl Pts',(139.597346905231,-73.7659653552539,11.76));
#7203=CARTESIAN_POINT('Ctrl Pts',(139.597346905231,-73.7659653552539,12.16));
#7204=CARTESIAN_POINT('Ctrl Pts',(139.05911517477,-73.7659653552539,11.76));
#7205=CARTESIAN_POINT('Ctrl Pts',(139.05911517477,-73.7659653552539,12.16));
#7206=CARTESIAN_POINT('',(139.916209403038,-73.9149888881213,11.76));
#7207=CARTESIAN_POINT('Ctrl Pts',(140.404454592228,-74.4025858767993,11.76));
#7208=CARTESIAN_POINT('Ctrl Pts',(140.404454592228,-74.4025858767993,12.16));
#7209=CARTESIAN_POINT('Ctrl Pts',(140.235071602821,-74.0640124209888,11.76));
#7210=CARTESIAN_POINT('Ctrl Pts',(140.235071602821,-74.0640124209888,12.16));
#7211=CARTESIAN_POINT('Ctrl Pts',(139.916209403038,-73.9149888881213,11.76));
#7212=CARTESIAN_POINT('Ctrl Pts',(139.916209403038,-73.9149888881213,12.16));
#7213=CARTESIAN_POINT('',(140.404454592228,-74.4025858767993,11.76));
#7214=CARTESIAN_POINT('Ctrl Pts',(140.573837283611,-75.1744719871051,11.76));
#7215=CARTESIAN_POINT('Ctrl Pts',(140.573837283611,-75.1744719871051,12.16));
#7216=CARTESIAN_POINT('Ctrl Pts',(140.573837283611,-74.7411593326099,11.76));
#7217=CARTESIAN_POINT('Ctrl Pts',(140.573837283611,-74.7411593326099,12.16));
#7218=CARTESIAN_POINT('Ctrl Pts',(140.404454592228,-74.4025858767993,11.76));
#7219=CARTESIAN_POINT('Ctrl Pts',(140.404454592228,-74.4025858767993,12.16));
#7220=CARTESIAN_POINT('',(140.573837283611,-75.1744719871051,11.76));
#7221=CARTESIAN_POINT('Ctrl Pts',(140.369209471703,-76.0543748267657,11.76));
#7222=CARTESIAN_POINT('Ctrl Pts',(140.369209471703,-76.0543748267657,12.16));
#7223=CARTESIAN_POINT('Ctrl Pts',(140.573837283611,-75.7042046912677,11.76));
#7224=CARTESIAN_POINT('Ctrl Pts',(140.573837283611,-75.7042046912677,12.16));
#7225=CARTESIAN_POINT('Ctrl Pts',(140.573837283611,-75.1744719871051,11.76));
#7226=CARTESIAN_POINT('Ctrl Pts',(140.573837283611,-75.1744719871051,12.16));
#7227=CARTESIAN_POINT('',(140.369209471703,-76.0543748267657,11.76));
#7228=CARTESIAN_POINT('Ctrl Pts',(139.828048470974,-76.5449973472125,11.76));
#7229=CARTESIAN_POINT('Ctrl Pts',(139.828048470974,-76.5449973472125,12.16));
#7230=CARTESIAN_POINT('Ctrl Pts',(140.164581361771,-76.4045449622638,11.76));
#7231=CARTESIAN_POINT('Ctrl Pts',(140.164581361771,-76.4045449622638,12.16));
#7232=CARTESIAN_POINT('Ctrl Pts',(140.369209471703,-76.0543748267657,11.76));
#7233=CARTESIAN_POINT('Ctrl Pts',(140.369209471703,-76.0543748267657,12.16));
#7234=CARTESIAN_POINT('',(139.828048470974,-76.5449973472125,11.76));
#7235=CARTESIAN_POINT('Ctrl Pts',(138.898303333282,-76.6854497321612,11.76));
#7236=CARTESIAN_POINT('Ctrl Pts',(138.898303333282,-76.6854497321612,12.16));
#7237=CARTESIAN_POINT('Ctrl Pts',(139.491515580177,-76.6854497321612,11.76));
#7238=CARTESIAN_POINT('Ctrl Pts',(139.491515580177,-76.6854497321612,12.16));
#7239=CARTESIAN_POINT('Ctrl Pts',(139.828048470974,-76.5449973472125,11.76));
#7240=CARTESIAN_POINT('Ctrl Pts',(139.828048470974,-76.5449973472125,12.16));
#7241=CARTESIAN_POINT('',(138.898303333282,-76.6854497321612,11.76));
#7242=CARTESIAN_POINT('Origin',(138.305859390259,-76.6854497321612,11.76));
#7243=CARTESIAN_POINT('Origin',(138.879,-72.738,11.76));
#7244=CARTESIAN_POINT('Origin',(131.75,-63.235,10.06));
#7245=CARTESIAN_POINT('',(131.75,-55.732,10.56));
#7246=CARTESIAN_POINT('Origin',(131.75,-55.732,10.06));
#7247=CARTESIAN_POINT('',(131.75,-63.235,10.56));
#7248=CARTESIAN_POINT('Origin',(145.75,-64.235,10.06));
#7249=CARTESIAN_POINT('',(145.75,-64.235,10.56));
#7250=CARTESIAN_POINT('',(146.25,-64.235,10.06));
#7251=CARTESIAN_POINT('Origin',(138.879,-72.738,10.56));
#7252=CARTESIAN_POINT('',(148.306,-85.1835733939991,10.56));
#7253=CARTESIAN_POINT('Origin',(148.306,-85.6835733939991,10.56));
#7254=CARTESIAN_POINT('',(147.416426605998,-85.1835733939991,10.56));
#7255=CARTESIAN_POINT('',(143.768426605998,-85.1835733939991,10.56));
#7256=CARTESIAN_POINT('',(146.916426605998,-84.6835733939991,10.56));
#7257=CARTESIAN_POINT('Origin',(147.416426605998,-84.6835733939991,10.56));
#7258=CARTESIAN_POINT('',(146.916426605998,-80.9855733939991,10.56));
#7259=CARTESIAN_POINT('',(146.916426605998,-85.3304266059909,10.56));
#7260=CARTESIAN_POINT('',(146.416426605998,-80.4855733939991,10.56));
#7261=CARTESIAN_POINT('Origin',(146.416426605998,-80.9855733939991,10.56));
#7262=CARTESIAN_POINT('',(140.031573394006,-80.4855733939991,10.56));
#7263=CARTESIAN_POINT('',(146.916426605998,-80.4855733939991,10.56));
#7264=CARTESIAN_POINT('',(139.531573394006,-80.9855733939991,10.56));
#7265=CARTESIAN_POINT('Origin',(140.031573394006,-80.9855733939991,10.56));
#7266=CARTESIAN_POINT('',(139.531573394006,-84.6835733939964,10.56));
#7267=CARTESIAN_POINT('',(139.531573394006,-80.4855733939991,10.56));
#7268=CARTESIAN_POINT('',(139.031573394006,-85.1835733939964,10.56));
#7269=CARTESIAN_POINT('Origin',(139.031573394006,-84.6835733939964,10.56));
#7270=CARTESIAN_POINT('',(129.452,-85.1835733939964,10.56));
#7271=CARTESIAN_POINT('',(133.303573393997,-85.1835733939964,10.56));
#7272=CARTESIAN_POINT('Origin',(129.452,-85.6835733939964,10.56));
#7273=CARTESIAN_POINT('',(134.28,-55.732,10.56));
#7274=CARTESIAN_POINT('Origin',(146.25,-55.732,1.56));
#7275=CARTESIAN_POINT('Origin',(144.25,-55.732,1.56));
#7276=CARTESIAN_POINT('Origin',(148.306,-85.6835733939991,6.06));
#7277=CARTESIAN_POINT('',(148.306,-85.1835733939991,6.06));
#7278=CARTESIAN_POINT('Origin',(129.452,-85.6835733939964,6.06));
#7279=CARTESIAN_POINT('',(129.452,-85.1835733939964,6.06));
#7280=CARTESIAN_POINT('Origin',(128.952,-85.1835733939964,10.56));
#7281=CARTESIAN_POINT('',(139.031573394006,-85.1835733939964,10.56));
#7282=CARTESIAN_POINT('Origin',(146.416426605998,-80.9855733939991,10.56));
#7283=CARTESIAN_POINT('',(146.916426605998,-80.9855733939991,10.56));
#7284=CARTESIAN_POINT('',(146.416426605998,-80.4855733939991,10.56));
#7285=CARTESIAN_POINT('Origin',(146.916426605998,-80.4855733939991,10.56));
#7286=CARTESIAN_POINT('',(146.916426605998,-84.6835733939991,10.56));
#7287=CARTESIAN_POINT('Origin',(147.416426605998,-84.6835733939991,10.56));
#7288=CARTESIAN_POINT('',(147.416426605998,-85.1835733939991,10.56));
#7289=CARTESIAN_POINT('Origin',(138.879,-72.738,11.76));
#7290=CARTESIAN_POINT('Origin',(139.031573394006,-84.6835733939964,10.56));
#7291=CARTESIAN_POINT('',(139.531573394006,-84.6835733939964,10.56));
#7292=CARTESIAN_POINT('Origin',(139.531573394006,-85.183573393998,10.56));
#7293=CARTESIAN_POINT('',(139.531573394006,-80.9855733939991,10.56));
#7294=CARTESIAN_POINT('Origin',(140.031573394006,-80.9855733939991,10.56));
#7295=CARTESIAN_POINT('',(140.031573394006,-80.4855733939991,10.56));
#7296=CARTESIAN_POINT('Origin',(139.531573394006,-80.4855733939991,10.56));
#7297=CARTESIAN_POINT('Origin',(128.452,-90.244,11.26));
#7298=CARTESIAN_POINT('Origin',(128.452,-90.244,11.26));
#7299=CARTESIAN_POINT('Origin',(128.452,-90.244,11.26));
#7300=CARTESIAN_POINT('Origin',(149.306,-90.244,11.26));
#7301=CARTESIAN_POINT('Origin',(149.306,-90.244,11.26));
#7302=CARTESIAN_POINT('Origin',(149.306,-90.244,11.26));
#7303=CARTESIAN_POINT('Origin',(128.452,-55.232,11.26));
#7304=CARTESIAN_POINT('Origin',(128.452,-55.232,11.26));
#7305=CARTESIAN_POINT('Origin',(128.452,-55.232,11.26));
#7306=CARTESIAN_POINT('Origin',(128.452,-63.735,11.26));
#7307=CARTESIAN_POINT('Origin',(149.306,-55.232,11.26));
#7308=CARTESIAN_POINT('Origin',(149.306,-55.232,11.26));
#7309=CARTESIAN_POINT('Origin',(149.306,-55.232,11.26));
#7310=CARTESIAN_POINT('Origin',(149.306,-55.232,11.26));
#7311=CARTESIAN_POINT('Origin',(149.306,-55.232,1.56));
#7312=CARTESIAN_POINT('Origin',(144.3425,-55.232,11.26));
#7313=CARTESIAN_POINT('Origin',(149.306,-81.741,11.26));
#7314=CARTESIAN_POINT('Origin',(133.4155,-90.244,11.26));
#7315=CARTESIAN_POINT('Origin',(146.916426605998,-85.1835733939991,10.56));
#7316=CARTESIAN_POINT('',(0.,0.,0.));
#7317=UNCERTAINTY_MEASURE_WITH_UNIT(LENGTH_MEASURE(0.01),#7323,
'DISTANCE_ACCURACY_VALUE',
'Maximum model space distance between geometric entities at asserted c
onnectivities');
#7318=UNCERTAINTY_MEASURE_WITH_UNIT(LENGTH_MEASURE(0.01),#7323,
'DISTANCE_ACCURACY_VALUE',
'Maximum model space distance between geometric entities at asserted c
onnectivities');
#7319=UNCERTAINTY_MEASURE_WITH_UNIT(LENGTH_MEASURE(0.01),#7323,
'DISTANCE_ACCURACY_VALUE',
'Maximum model space distance between geometric entities at asserted c
onnectivities');
#7320=(
GEOMETRIC_REPRESENTATION_CONTEXT(3)
GLOBAL_UNCERTAINTY_ASSIGNED_CONTEXT((#7317))
GLOBAL_UNIT_ASSIGNED_CONTEXT((#7323,#7325,#7326))
REPRESENTATION_CONTEXT('','3D')
);
#7321=(
GEOMETRIC_REPRESENTATION_CONTEXT(3)
GLOBAL_UNCERTAINTY_ASSIGNED_CONTEXT((#7318))
GLOBAL_UNIT_ASSIGNED_CONTEXT((#7323,#7325,#7326))
REPRESENTATION_CONTEXT('','3D')
);
#7322=(
GEOMETRIC_REPRESENTATION_CONTEXT(3)
GLOBAL_UNCERTAINTY_ASSIGNED_CONTEXT((#7319))
GLOBAL_UNIT_ASSIGNED_CONTEXT((#7323,#7325,#7326))
REPRESENTATION_CONTEXT('','3D')
);
#7323=(
LENGTH_UNIT()
NAMED_UNIT(*)
SI_UNIT(.MILLI.,.METRE.)
);
#7324=(
LENGTH_UNIT()
NAMED_UNIT(*)
SI_UNIT($,.METRE.)
);
#7325=(
NAMED_UNIT(*)
PLANE_ANGLE_UNIT()
SI_UNIT($,.RADIAN.)
);
#7326=(
NAMED_UNIT(*)
SI_UNIT($,.STERADIAN.)
SOLID_ANGLE_UNIT()
);
#7327=SHAPE_DEFINITION_REPRESENTATION(#7329,#7332);
#7328=SHAPE_DEFINITION_REPRESENTATION(#7330,#7333);
#7329=PRODUCT_DEFINITION_SHAPE('',$,#7335);
#7330=PRODUCT_DEFINITION_SHAPE('',$,#7336);
#7331=PRODUCT_DEFINITION_SHAPE($,$,#14);
#7332=SHAPE_REPRESENTATION('',(#4194,#4450),#7320);
#7333=SHAPE_REPRESENTATION('',(#4195),#7321);
#7334=PRODUCT_DEFINITION_CONTEXT('part definition',#7342,'design');
#7335=PRODUCT_DEFINITION('TxTroller_PCB 1','TxTroller',#7337,#7334);
#7336=PRODUCT_DEFINITION('2026-09-17-13-58-33-571','Case',#7338,#7334);
#7337=PRODUCT_DEFINITION_FORMATION('',$,#7344);
#7338=PRODUCT_DEFINITION_FORMATION('',$,#7345);
#7339=PRODUCT_RELATED_PRODUCT_CATEGORY('TxTroller','TxTroller',(#7344));
#7340=PRODUCT_RELATED_PRODUCT_CATEGORY('Case','Case',(#7345));
#7341=APPLICATION_PROTOCOL_DEFINITION('international standard',
'automotive_design',2009,#7342);
#7342=APPLICATION_CONTEXT(
'Core Data for Automotive Mechanical Design Process');
#7343=PRODUCT_CONTEXT('part definition',#7342,'mechanical');
#7344=PRODUCT('TxTroller_PCB 1','TxTroller','KiCad electronic assembly',
(#7343));
#7345=PRODUCT('2026-09-17-13-58-33-571','Case',$,(#7343));
#7346=PRESENTATION_STYLE_ASSIGNMENT((#7347));
#7347=SURFACE_STYLE_USAGE(.BOTH.,#7348);
#7348=SURFACE_SIDE_STYLE('',(#7349));
#7349=SURFACE_STYLE_FILL_AREA(#7350);
#7350=FILL_AREA_STYLE('Steel - Satin',(#7351));
#7351=FILL_AREA_STYLE_COLOUR('Steel - Satin',#7352);
#7352=COLOUR_RGB('Steel - Satin',0.627450980392157,0.627450980392157,0.627450980392157);
ENDSEC;
END-ISO-10303-21;
