ISO-10303-21;
HEADER;
FILE_DESCRIPTION(('KiCad electronic assembly'),'2;1');
FILE_NAME('TxTroller_PCB.step','2026-09-17T13:49:07',('Pcbnew'),('Kicad'
    ),'Open CASCADE STEP processor 7.9','KiCad to STEP converter',
  'Unknown');
FILE_SCHEMA(('AUTOMOTIVE_DESIGN { 1 0 10303 214 1 1 1 1 }'));
ENDSEC;
DATA;
#1 = APPLICATION_PROTOCOL_DEFINITION('international standard',
  'automotive_design',2000,#2);
#2 = APPLICATION_CONTEXT(
  'core data for automotive mechanical design processes');
#3 = SHAPE_DEFINITION_REPRESENTATION(#4,#10);
#4 = PRODUCT_DEFINITION_SHAPE('','',#5);
#5 = PRODUCT_DEFINITION('design','',#6,#9);
#6 = PRODUCT_DEFINITION_FORMATION('','',#7);
#7 = PRODUCT('TxTroller_PCB 1','TxTroller_PCB 1','',(#8));
#8 = PRODUCT_CONTEXT('',#2,'mechanical');
#9 = PRODUCT_DEFINITION_CONTEXT('part definition',#2,'design');
#10 = SHAPE_REPRESENTATION('',(#11,#15,#19,#23,#27,#31,#35,#39),#43);
#11 = AXIS2_PLACEMENT_3D('',#12,#13,#14);
#12 = CARTESIAN_POINT('',(0.,0.,0.));
#13 = DIRECTION('',(0.,0.,1.));
#14 = DIRECTION('',(1.,0.,-0.));
#15 = AXIS2_PLACEMENT_3D('',#16,#17,#18);
#16 = CARTESIAN_POINT('',(0.,0.,0.));
#17 = DIRECTION('',(0.,0.,1.));
#18 = DIRECTION('',(1.,0.,-0.));
#19 = AXIS2_PLACEMENT_3D('',#20,#21,#22);
#20 = CARTESIAN_POINT('',(0.,0.,0.));
#21 = DIRECTION('',(0.,0.,1.));
#22 = DIRECTION('',(1.,0.,-0.));
#23 = AXIS2_PLACEMENT_3D('',#24,#25,#26);
#24 = CARTESIAN_POINT('',(0.,0.,0.));
#25 = DIRECTION('',(0.,0.,1.));
#26 = DIRECTION('',(1.,0.,-0.));
#27 = AXIS2_PLACEMENT_3D('',#28,#29,#30);
#28 = CARTESIAN_POINT('',(0.,0.,0.));
#29 = DIRECTION('',(0.,0.,1.));
#30 = DIRECTION('',(1.,0.,-0.));
#31 = AXIS2_PLACEMENT_3D('',#32,#33,#34);
#32 = CARTESIAN_POINT('',(0.,0.,0.));
#33 = DIRECTION('',(0.,0.,1.));
#34 = DIRECTION('',(1.,0.,-0.));
#35 = AXIS2_PLACEMENT_3D('',#36,#37,#38);
#36 = CARTESIAN_POINT('',(0.,0.,0.));
#37 = DIRECTION('',(0.,0.,1.));
#38 = DIRECTION('',(1.,0.,-0.));
#39 = AXIS2_PLACEMENT_3D('',#40,#41,#42);
#40 = CARTESIAN_POINT('',(0.,0.,0.));
#41 = DIRECTION('',(0.,0.,1.));
#42 = DIRECTION('',(1.,0.,-0.));
#43 = ( GEOMETRIC_REPRESENTATION_CONTEXT(3) 
GLOBAL_UNCERTAINTY_ASSIGNED_CONTEXT((#47)) GLOBAL_UNIT_ASSIGNED_CONTEXT(
(#44,#45,#46)) REPRESENTATION_CONTEXT('Context #1',
  '3D Context with UNIT and UNCERTAINTY') );
#44 = ( LENGTH_UNIT() NAMED_UNIT(*) SI_UNIT(.MILLI.,.METRE.) );
#45 = ( NAMED_UNIT(*) PLANE_ANGLE_UNIT() SI_UNIT($,.RADIAN.) );
#46 = ( NAMED_UNIT(*) SI_UNIT($,.STERADIAN.) SOLID_ANGLE_UNIT() );
#47 = UNCERTAINTY_MEASURE_WITH_UNIT(LENGTH_MEASURE(1.E-07),#44,
  'distance_accuracy_value','confusion accuracy');
#48 = PRODUCT_RELATED_PRODUCT_CATEGORY('part',$,(#7));
#49 = SHAPE_DEFINITION_REPRESENTATION(#50,#56);
#50 = PRODUCT_DEFINITION_SHAPE('','',#51);
#51 = PRODUCT_DEFINITION('design','',#52,#55);
#52 = PRODUCT_DEFINITION_FORMATION('','',#53);
#53 = PRODUCT('TxTroller_copper','TxTroller_copper','',(#54));
#54 = PRODUCT_CONTEXT('',#2,'mechanical');
#55 = PRODUCT_DEFINITION_CONTEXT('part definition',#2,'design');
#56 = SHAPE_REPRESENTATION('',(#11,#57,#456,#1387,#1854,#2455,#2788,
    #3288,#3380,#3472,#3564,#3656,#3748,#3840,#3932,#4265,#4357,#4449,
    #4541,#4633,#4725,#4817,#4909,#5001,#5093,#5185,#5277,#5610,#6044),
  #6645);
#57 = MANIFOLD_SOLID_BREP('',#58);
#58 = CLOSED_SHELL('',(#59,#101,#132,#163,#196,#227,#260,#291,#322,#344,
    #377,#410,#433));
#59 = ADVANCED_FACE('',(#60),#96,.T.);
#60 = FACE_BOUND('',#61,.T.);
#61 = EDGE_LOOP('',(#62,#72,#81,#89));
#62 = ORIENTED_EDGE('',*,*,#63,.T.);
#63 = EDGE_CURVE('',#64,#66,#68,.T.);
#64 = VERTEX_POINT('',#65);
#65 = CARTESIAN_POINT('',(146.274659,-63.60406,1.51));
#66 = VERTEX_POINT('',#67);
#67 = CARTESIAN_POINT('',(146.274659,-63.60406,1.545));
#68 = LINE('',#69,#70);
#69 = CARTESIAN_POINT('',(146.274659,-63.60406,1.51));
#70 = VECTOR('',#71,1.);
#71 = DIRECTION('',(0.,0.,1.));
#72 = ORIENTED_EDGE('',*,*,#73,.T.);
#73 = EDGE_CURVE('',#66,#74,#76,.T.);
#74 = VERTEX_POINT('',#75);
#75 = CARTESIAN_POINT('',(146.819554,-64.419553,1.545));
#76 = CIRCLE('',#77,0.499999952483);
#77 = AXIS2_PLACEMENT_3D('',#78,#79,#80);
#78 = CARTESIAN_POINT('',(146.46600046866,-64.06599981734,1.545));
#79 = DIRECTION('',(0.,0.,-1.));
#80 = DIRECTION('',(-0.382682973696,0.923879722498,-0.));
#81 = ORIENTED_EDGE('',*,*,#82,.F.);
#82 = EDGE_CURVE('',#83,#74,#85,.T.);
#83 = VERTEX_POINT('',#84);
#84 = CARTESIAN_POINT('',(146.819554,-64.419553,1.51));
#85 = LINE('',#86,#87);
#86 = CARTESIAN_POINT('',(146.819554,-64.419553,1.51));
#87 = VECTOR('',#88,1.);
#88 = DIRECTION('',(0.,0.,1.));
#89 = ORIENTED_EDGE('',*,*,#90,.F.);
#90 = EDGE_CURVE('',#64,#83,#91,.T.);
#91 = CIRCLE('',#92,0.499999952483);
#92 = AXIS2_PLACEMENT_3D('',#93,#94,#95);
#93 = CARTESIAN_POINT('',(146.46600046866,-64.06599981734,1.51));
#94 = DIRECTION('',(0.,0.,-1.));
#95 = DIRECTION('',(-0.382682973696,0.923879722498,-0.));
#96 = CYLINDRICAL_SURFACE('',#97,0.499999952483);
#97 = AXIS2_PLACEMENT_3D('',#98,#99,#100);
#98 = CARTESIAN_POINT('',(146.46600046866,-64.06599981734,1.51));
#99 = DIRECTION('',(0.,0.,-1.));
#100 = DIRECTION('',(-0.382682973696,0.923879722498,-0.));
#101 = ADVANCED_FACE('',(#102),#127,.T.);
#102 = FACE_BOUND('',#103,.T.);
#103 = EDGE_LOOP('',(#104,#105,#113,#121));
#104 = ORIENTED_EDGE('',*,*,#82,.T.);
#105 = ORIENTED_EDGE('',*,*,#106,.T.);
#106 = EDGE_CURVE('',#74,#107,#109,.T.);
#107 = VERTEX_POINT('',#108);
#108 = CARTESIAN_POINT('',(134.4,-76.839106,1.545));
#109 = LINE('',#110,#111);
#110 = CARTESIAN_POINT('',(146.819554,-64.419553,1.545));
#111 = VECTOR('',#112,1.);
#112 = DIRECTION('',(-0.707106809654,-0.707106752719,0.));
#113 = ORIENTED_EDGE('',*,*,#114,.F.);
#114 = EDGE_CURVE('',#115,#107,#117,.T.);
#115 = VERTEX_POINT('',#116);
#116 = CARTESIAN_POINT('',(134.4,-76.839106,1.51));
#117 = LINE('',#118,#119);
#118 = CARTESIAN_POINT('',(134.4,-76.839106,1.51));
#119 = VECTOR('',#120,1.);
#120 = DIRECTION('',(0.,0.,1.));
#121 = ORIENTED_EDGE('',*,*,#122,.F.);
#122 = EDGE_CURVE('',#83,#115,#123,.T.);
#123 = LINE('',#124,#125);
#124 = CARTESIAN_POINT('',(146.819554,-64.419553,1.51));
#125 = VECTOR('',#126,1.);
#126 = DIRECTION('',(-0.707106809654,-0.707106752719,0.));
#127 = PLANE('',#128);
#128 = AXIS2_PLACEMENT_3D('',#129,#130,#131);
#129 = CARTESIAN_POINT('',(146.819554,-64.419553,1.51));
#130 = DIRECTION('',(0.707106752719,-0.707106809654,0.));
#131 = DIRECTION('',(-0.707106809654,-0.707106752719,0.));
#132 = ADVANCED_FACE('',(#133),#158,.T.);
#133 = FACE_BOUND('',#134,.T.);
#134 = EDGE_LOOP('',(#135,#136,#144,#152));
#135 = ORIENTED_EDGE('',*,*,#114,.T.);
#136 = ORIENTED_EDGE('',*,*,#137,.T.);
#137 = EDGE_CURVE('',#107,#138,#140,.T.);
#138 = VERTEX_POINT('',#139);
#139 = CARTESIAN_POINT('',(134.4,-79.106,1.545));
#140 = LINE('',#141,#142);
#141 = CARTESIAN_POINT('',(134.4,-76.839106,1.545));
#142 = VECTOR('',#143,1.);
#143 = DIRECTION('',(0.,-1.,0.));
#144 = ORIENTED_EDGE('',*,*,#145,.F.);
#145 = EDGE_CURVE('',#146,#138,#148,.T.);
#146 = VERTEX_POINT('',#147);
#147 = CARTESIAN_POINT('',(134.4,-79.106,1.51));
#148 = LINE('',#149,#150);
#149 = CARTESIAN_POINT('',(134.4,-79.106,1.51));
#150 = VECTOR('',#151,1.);
#151 = DIRECTION('',(0.,0.,1.));
#152 = ORIENTED_EDGE('',*,*,#153,.F.);
#153 = EDGE_CURVE('',#115,#146,#154,.T.);
#154 = LINE('',#155,#156);
#155 = CARTESIAN_POINT('',(134.4,-76.839106,1.51));
#156 = VECTOR('',#157,1.);
#157 = DIRECTION('',(0.,-1.,0.));
#158 = PLANE('',#159);
#159 = AXIS2_PLACEMENT_3D('',#160,#161,#162);
#160 = CARTESIAN_POINT('',(134.4,-76.839106,1.51));
#161 = DIRECTION('',(1.,0.,-0.));
#162 = DIRECTION('',(0.,-1.,0.));
#163 = ADVANCED_FACE('',(#164),#191,.T.);
#164 = FACE_BOUND('',#165,.T.);
#165 = EDGE_LOOP('',(#166,#167,#176,#184));
#166 = ORIENTED_EDGE('',*,*,#145,.T.);
#167 = ORIENTED_EDGE('',*,*,#168,.T.);
#168 = EDGE_CURVE('',#138,#169,#171,.T.);
#169 = VERTEX_POINT('',#170);
#170 = CARTESIAN_POINT('',(133.4,-79.106,1.545));
#171 = CIRCLE('',#172,0.5);
#172 = AXIS2_PLACEMENT_3D('',#173,#174,#175);
#173 = CARTESIAN_POINT('',(133.9,-79.10599955666,1.545));
#174 = DIRECTION('',(-0.,0.,-1.));
#175 = DIRECTION('',(1.,-8.866804535042E-07,-0.));
#176 = ORIENTED_EDGE('',*,*,#177,.F.);
#177 = EDGE_CURVE('',#178,#169,#180,.T.);
#178 = VERTEX_POINT('',#179);
#179 = CARTESIAN_POINT('',(133.4,-79.106,1.51));
#180 = LINE('',#181,#182);
#181 = CARTESIAN_POINT('',(133.4,-79.106,1.51));
#182 = VECTOR('',#183,1.);
#183 = DIRECTION('',(0.,0.,1.));
#184 = ORIENTED_EDGE('',*,*,#185,.F.);
#185 = EDGE_CURVE('',#146,#178,#186,.T.);
#186 = CIRCLE('',#187,0.5);
#187 = AXIS2_PLACEMENT_3D('',#188,#189,#190);
#188 = CARTESIAN_POINT('',(133.9,-79.10599955666,1.51));
#189 = DIRECTION('',(-0.,0.,-1.));
#190 = DIRECTION('',(1.,-8.866804535042E-07,-0.));
#191 = CYLINDRICAL_SURFACE('',#192,0.5);
#192 = AXIS2_PLACEMENT_3D('',#193,#194,#195);
#193 = CARTESIAN_POINT('',(133.9,-79.10599955666,1.51));
#194 = DIRECTION('',(-0.,0.,-1.));
#195 = DIRECTION('',(1.,-8.866804535042E-07,-0.));
#196 = ADVANCED_FACE('',(#197),#222,.T.);
#197 = FACE_BOUND('',#198,.T.);
#198 = EDGE_LOOP('',(#199,#200,#208,#216));
#199 = ORIENTED_EDGE('',*,*,#177,.T.);
#200 = ORIENTED_EDGE('',*,*,#201,.T.);
#201 = EDGE_CURVE('',#169,#202,#204,.T.);
#202 = VERTEX_POINT('',#203);
#203 = CARTESIAN_POINT('',(133.4,-76.632,1.545));
#204 = LINE('',#205,#206);
#205 = CARTESIAN_POINT('',(133.4,-79.106,1.545));
#206 = VECTOR('',#207,1.);
#207 = DIRECTION('',(0.,1.,0.));
#208 = ORIENTED_EDGE('',*,*,#209,.F.);
#209 = EDGE_CURVE('',#210,#202,#212,.T.);
#210 = VERTEX_POINT('',#211);
#211 = CARTESIAN_POINT('',(133.4,-76.632,1.51));
#212 = LINE('',#213,#214);
#213 = CARTESIAN_POINT('',(133.4,-76.632,1.51));
#214 = VECTOR('',#215,1.);
#215 = DIRECTION('',(0.,0.,1.));
#216 = ORIENTED_EDGE('',*,*,#217,.F.);
#217 = EDGE_CURVE('',#178,#210,#218,.T.);
#218 = LINE('',#219,#220);
#219 = CARTESIAN_POINT('',(133.4,-79.106,1.51));
#220 = VECTOR('',#221,1.);
#221 = DIRECTION('',(0.,1.,0.));
#222 = PLANE('',#223);
#223 = AXIS2_PLACEMENT_3D('',#224,#225,#226);
#224 = CARTESIAN_POINT('',(133.4,-79.106,1.51));
#225 = DIRECTION('',(-1.,0.,0.));
#226 = DIRECTION('',(0.,1.,0.));
#227 = ADVANCED_FACE('',(#228),#255,.T.);
#228 = FACE_BOUND('',#229,.T.);
#229 = EDGE_LOOP('',(#230,#231,#240,#248));
#230 = ORIENTED_EDGE('',*,*,#209,.T.);
#231 = ORIENTED_EDGE('',*,*,#232,.T.);
#232 = EDGE_CURVE('',#202,#233,#235,.T.);
#233 = VERTEX_POINT('',#234);
#234 = CARTESIAN_POINT('',(133.546447,-76.278447,1.545));
#235 = CIRCLE('',#236,0.499992432518);
#236 = AXIS2_PLACEMENT_3D('',#237,#238,#239);
#237 = CARTESIAN_POINT('',(133.89999243251,-76.63199764661,1.545));
#238 = DIRECTION('',(0.,0.,-1.));
#239 = DIRECTION('',(-0.999999999989,-4.706832568646E-06,-0.));
#240 = ORIENTED_EDGE('',*,*,#241,.F.);
#241 = EDGE_CURVE('',#242,#233,#244,.T.);
#242 = VERTEX_POINT('',#243);
#243 = CARTESIAN_POINT('',(133.546447,-76.278447,1.51));
#244 = LINE('',#245,#246);
#245 = CARTESIAN_POINT('',(133.546447,-76.278447,1.51));
#246 = VECTOR('',#247,1.);
#247 = DIRECTION('',(0.,0.,1.));
#248 = ORIENTED_EDGE('',*,*,#249,.F.);
#249 = EDGE_CURVE('',#210,#242,#250,.T.);
#250 = CIRCLE('',#251,0.499992432518);
#251 = AXIS2_PLACEMENT_3D('',#252,#253,#254);
#252 = CARTESIAN_POINT('',(133.89999243251,-76.63199764661,1.51));
#253 = DIRECTION('',(0.,0.,-1.));
#254 = DIRECTION('',(-0.999999999989,-4.706832568646E-06,-0.));
#255 = CYLINDRICAL_SURFACE('',#256,0.499992432518);
#256 = AXIS2_PLACEMENT_3D('',#257,#258,#259);
#257 = CARTESIAN_POINT('',(133.89999243251,-76.63199764661,1.51));
#258 = DIRECTION('',(0.,0.,-1.));
#259 = DIRECTION('',(-0.999999999989,-4.706832568646E-06,-0.));
#260 = ADVANCED_FACE('',(#261),#286,.T.);
#261 = FACE_BOUND('',#262,.T.);
#262 = EDGE_LOOP('',(#263,#264,#272,#280));
#263 = ORIENTED_EDGE('',*,*,#241,.T.);
#264 = ORIENTED_EDGE('',*,*,#265,.T.);
#265 = EDGE_CURVE('',#233,#266,#268,.T.);
#266 = VERTEX_POINT('',#267);
#267 = CARTESIAN_POINT('',(146.112447,-63.712446,1.545));
#268 = LINE('',#269,#270);
#269 = CARTESIAN_POINT('',(133.546447,-76.278447,1.545));
#270 = VECTOR('',#271,1.);
#271 = DIRECTION('',(0.707106753051,0.707106809322,0.));
#272 = ORIENTED_EDGE('',*,*,#273,.F.);
#273 = EDGE_CURVE('',#274,#266,#276,.T.);
#274 = VERTEX_POINT('',#275);
#275 = CARTESIAN_POINT('',(146.112447,-63.712446,1.51));
#276 = LINE('',#277,#278);
#277 = CARTESIAN_POINT('',(146.112447,-63.712446,1.51));
#278 = VECTOR('',#279,1.);
#279 = DIRECTION('',(0.,0.,1.));
#280 = ORIENTED_EDGE('',*,*,#281,.F.);
#281 = EDGE_CURVE('',#242,#274,#282,.T.);
#282 = LINE('',#283,#284);
#283 = CARTESIAN_POINT('',(133.546447,-76.278447,1.51));
#284 = VECTOR('',#285,1.);
#285 = DIRECTION('',(0.707106753051,0.707106809322,0.));
#286 = PLANE('',#287);
#287 = AXIS2_PLACEMENT_3D('',#288,#289,#290);
#288 = CARTESIAN_POINT('',(133.546447,-76.278447,1.51));
#289 = DIRECTION('',(-0.707106809322,0.707106753051,0.));
#290 = DIRECTION('',(0.707106753051,0.707106809322,0.));
#291 = ADVANCED_FACE('',(#292),#317,.T.);
#292 = FACE_BOUND('',#293,.T.);
#293 = EDGE_LOOP('',(#294,#295,#303,#311));
#294 = ORIENTED_EDGE('',*,*,#273,.T.);
#295 = ORIENTED_EDGE('',*,*,#296,.T.);
#296 = EDGE_CURVE('',#266,#297,#299,.T.);
#297 = VERTEX_POINT('',#298);
#298 = CARTESIAN_POINT('',(146.16162,-63.669323,1.545));
#299 = LINE('',#300,#301);
#300 = CARTESIAN_POINT('',(146.112447,-63.712446,1.545));
#301 = VECTOR('',#302,1.);
#302 = DIRECTION('',(0.751844079372,0.659340943908,0.));
#303 = ORIENTED_EDGE('',*,*,#304,.F.);
#304 = EDGE_CURVE('',#305,#297,#307,.T.);
#305 = VERTEX_POINT('',#306);
#306 = CARTESIAN_POINT('',(146.16162,-63.669323,1.51));
#307 = LINE('',#308,#309);
#308 = CARTESIAN_POINT('',(146.16162,-63.669323,1.51));
#309 = VECTOR('',#310,1.);
#310 = DIRECTION('',(0.,0.,1.));
#311 = ORIENTED_EDGE('',*,*,#312,.F.);
#312 = EDGE_CURVE('',#274,#305,#313,.T.);
#313 = LINE('',#314,#315);
#314 = CARTESIAN_POINT('',(146.112447,-63.712446,1.51));
#315 = VECTOR('',#316,1.);
#316 = DIRECTION('',(0.751844079372,0.659340943908,0.));
#317 = PLANE('',#318);
#318 = AXIS2_PLACEMENT_3D('',#319,#320,#321);
#319 = CARTESIAN_POINT('',(146.112447,-63.712446,1.51));
#320 = DIRECTION('',(-0.659340943908,0.751844079372,0.));
#321 = DIRECTION('',(0.751844079372,0.659340943908,0.));
#322 = ADVANCED_FACE('',(#323),#339,.T.);
#323 = FACE_BOUND('',#324,.T.);
#324 = EDGE_LOOP('',(#325,#326,#332,#333));
#325 = ORIENTED_EDGE('',*,*,#304,.T.);
#326 = ORIENTED_EDGE('',*,*,#327,.T.);
#327 = EDGE_CURVE('',#297,#66,#328,.T.);
#328 = LINE('',#329,#330);
#329 = CARTESIAN_POINT('',(146.16162,-63.669323,1.545));
#330 = VECTOR('',#331,1.);
#331 = DIRECTION('',(0.866025725838,0.499999442187,0.));
#332 = ORIENTED_EDGE('',*,*,#63,.F.);
#333 = ORIENTED_EDGE('',*,*,#334,.F.);
#334 = EDGE_CURVE('',#305,#64,#335,.T.);
#335 = LINE('',#336,#337);
#336 = CARTESIAN_POINT('',(146.16162,-63.669323,1.51));
#337 = VECTOR('',#338,1.);
#338 = DIRECTION('',(0.866025725838,0.499999442187,0.));
#339 = PLANE('',#340);
#340 = AXIS2_PLACEMENT_3D('',#341,#342,#343);
#341 = CARTESIAN_POINT('',(146.16162,-63.669323,1.51));
#342 = DIRECTION('',(-0.499999442187,0.866025725838,0.));
#343 = DIRECTION('',(0.866025725838,0.499999442187,0.));
#344 = ADVANCED_FACE('',(#345),#372,.F.);
#345 = FACE_BOUND('',#346,.T.);
#346 = EDGE_LOOP('',(#347,#357,#364,#365));
#347 = ORIENTED_EDGE('',*,*,#348,.T.);
#348 = EDGE_CURVE('',#349,#351,#353,.T.);
#349 = VERTEX_POINT('',#350);
#350 = CARTESIAN_POINT('',(134.387392,-79.106,1.51));
#351 = VERTEX_POINT('',#352);
#352 = CARTESIAN_POINT('',(134.387392,-79.106,1.545));
#353 = LINE('',#354,#355);
#354 = CARTESIAN_POINT('',(134.387392,-79.106,1.51));
#355 = VECTOR('',#356,1.);
#356 = DIRECTION('',(0.,0.,1.));
#357 = ORIENTED_EDGE('',*,*,#358,.T.);
#358 = EDGE_CURVE('',#351,#351,#359,.T.);
#359 = CIRCLE('',#360,0.487392);
#360 = AXIS2_PLACEMENT_3D('',#361,#362,#363);
#361 = CARTESIAN_POINT('',(133.9,-79.106,1.545));
#362 = DIRECTION('',(0.,0.,1.));
#363 = DIRECTION('',(1.,0.,-0.));
#364 = ORIENTED_EDGE('',*,*,#348,.F.);
#365 = ORIENTED_EDGE('',*,*,#366,.F.);
#366 = EDGE_CURVE('',#349,#349,#367,.T.);
#367 = CIRCLE('',#368,0.487392);
#368 = AXIS2_PLACEMENT_3D('',#369,#370,#371);
#369 = CARTESIAN_POINT('',(133.9,-79.106,1.51));
#370 = DIRECTION('',(0.,0.,1.));
#371 = DIRECTION('',(1.,0.,-0.));
#372 = CYLINDRICAL_SURFACE('',#373,0.487392);
#373 = AXIS2_PLACEMENT_3D('',#374,#375,#376);
#374 = CARTESIAN_POINT('',(133.9,-79.106,1.51));
#375 = DIRECTION('',(-0.,-0.,-1.));
#376 = DIRECTION('',(1.,0.,-0.));
#377 = ADVANCED_FACE('',(#378),#405,.F.);
#378 = FACE_BOUND('',#379,.T.);
#379 = EDGE_LOOP('',(#380,#390,#397,#398));
#380 = ORIENTED_EDGE('',*,*,#381,.T.);
#381 = EDGE_CURVE('',#382,#384,#386,.T.);
#382 = VERTEX_POINT('',#383);
#383 = CARTESIAN_POINT('',(146.897891,-64.066,1.51));
#384 = VERTEX_POINT('',#385);
#385 = CARTESIAN_POINT('',(146.897891,-64.066,1.545));
#386 = LINE('',#387,#388);
#387 = CARTESIAN_POINT('',(146.897891,-64.066,1.51));
#388 = VECTOR('',#389,1.);
#389 = DIRECTION('',(0.,0.,1.));
#390 = ORIENTED_EDGE('',*,*,#391,.T.);
#391 = EDGE_CURVE('',#384,#384,#392,.T.);
#392 = CIRCLE('',#393,0.431891);
#393 = AXIS2_PLACEMENT_3D('',#394,#395,#396);
#394 = CARTESIAN_POINT('',(146.466,-64.066,1.545));
#395 = DIRECTION('',(0.,0.,1.));
#396 = DIRECTION('',(1.,0.,-0.));
#397 = ORIENTED_EDGE('',*,*,#381,.F.);
#398 = ORIENTED_EDGE('',*,*,#399,.F.);
#399 = EDGE_CURVE('',#382,#382,#400,.T.);
#400 = CIRCLE('',#401,0.431891);
#401 = AXIS2_PLACEMENT_3D('',#402,#403,#404);
#402 = CARTESIAN_POINT('',(146.466,-64.066,1.51));
#403 = DIRECTION('',(0.,0.,1.));
#404 = DIRECTION('',(1.,0.,-0.));
#405 = CYLINDRICAL_SURFACE('',#406,0.431891);
#406 = AXIS2_PLACEMENT_3D('',#407,#408,#409);
#407 = CARTESIAN_POINT('',(146.466,-64.066,1.51));
#408 = DIRECTION('',(-0.,-0.,-1.));
#409 = DIRECTION('',(1.,0.,-0.));
#410 = ADVANCED_FACE('',(#411,#422,#425),#428,.F.);
#411 = FACE_BOUND('',#412,.T.);
#412 = EDGE_LOOP('',(#413,#414,#415,#416,#417,#418,#419,#420,#421));
#413 = ORIENTED_EDGE('',*,*,#90,.T.);
#414 = ORIENTED_EDGE('',*,*,#122,.T.);
#415 = ORIENTED_EDGE('',*,*,#153,.T.);
#416 = ORIENTED_EDGE('',*,*,#185,.T.);
#417 = ORIENTED_EDGE('',*,*,#217,.T.);
#418 = ORIENTED_EDGE('',*,*,#249,.T.);
#419 = ORIENTED_EDGE('',*,*,#281,.T.);
#420 = ORIENTED_EDGE('',*,*,#312,.T.);
#421 = ORIENTED_EDGE('',*,*,#334,.T.);
#422 = FACE_BOUND('',#423,.T.);
#423 = EDGE_LOOP('',(#424));
#424 = ORIENTED_EDGE('',*,*,#366,.T.);
#425 = FACE_BOUND('',#426,.T.);
#426 = EDGE_LOOP('',(#427));
#427 = ORIENTED_EDGE('',*,*,#399,.T.);
#428 = PLANE('',#429);
#429 = AXIS2_PLACEMENT_3D('',#430,#431,#432);
#430 = CARTESIAN_POINT('',(0.,0.,1.51));
#431 = DIRECTION('',(0.,0.,1.));
#432 = DIRECTION('',(1.,0.,-0.));
#433 = ADVANCED_FACE('',(#434,#445,#448),#451,.T.);
#434 = FACE_BOUND('',#435,.F.);
#435 = EDGE_LOOP('',(#436,#437,#438,#439,#440,#441,#442,#443,#444));
#436 = ORIENTED_EDGE('',*,*,#73,.T.);
#437 = ORIENTED_EDGE('',*,*,#106,.T.);
#438 = ORIENTED_EDGE('',*,*,#137,.T.);
#439 = ORIENTED_EDGE('',*,*,#168,.T.);
#440 = ORIENTED_EDGE('',*,*,#201,.T.);
#441 = ORIENTED_EDGE('',*,*,#232,.T.);
#442 = ORIENTED_EDGE('',*,*,#265,.T.);
#443 = ORIENTED_EDGE('',*,*,#296,.T.);
#444 = ORIENTED_EDGE('',*,*,#327,.T.);
#445 = FACE_BOUND('',#446,.F.);
#446 = EDGE_LOOP('',(#447));
#447 = ORIENTED_EDGE('',*,*,#358,.T.);
#448 = FACE_BOUND('',#449,.F.);
#449 = EDGE_LOOP('',(#450));
#450 = ORIENTED_EDGE('',*,*,#391,.T.);
#451 = PLANE('',#452);
#452 = AXIS2_PLACEMENT_3D('',#453,#454,#455);
#453 = CARTESIAN_POINT('',(0.,0.,1.545));
#454 = DIRECTION('',(0.,0.,1.));
#455 = DIRECTION('',(1.,0.,-0.));
#456 = MANIFOLD_SOLID_BREP('',#457);
#457 = CLOSED_SHELL('',(#458,#498,#531,#562,#595,#626,#659,#690,#721,
    #752,#783,#816,#847,#878,#909,#940,#971,#1002,#1033,#1064,#1095,
    #1126,#1157,#1188,#1221,#1243,#1276,#1309,#1348));
#458 = ADVANCED_FACE('',(#459),#493,.F.);
#459 = FACE_BOUND('',#460,.F.);
#460 = EDGE_LOOP('',(#461,#471,#479,#487));
#461 = ORIENTED_EDGE('',*,*,#462,.T.);
#462 = EDGE_CURVE('',#463,#465,#467,.T.);
#463 = VERTEX_POINT('',#464);
#464 = CARTESIAN_POINT('',(135.887106,-80.386,0.));
#465 = VERTEX_POINT('',#466);
#466 = CARTESIAN_POINT('',(135.887106,-80.386,-3.5E-02));
#467 = LINE('',#468,#469);
#468 = CARTESIAN_POINT('',(135.887106,-80.386,0.));
#469 = VECTOR('',#470,1.);
#470 = DIRECTION('',(0.,0.,-1.));
#471 = ORIENTED_EDGE('',*,*,#472,.T.);
#472 = EDGE_CURVE('',#465,#473,#475,.T.);
#473 = VERTEX_POINT('',#474);
#474 = CARTESIAN_POINT('',(137.73,-80.386,-3.5E-02));
#475 = LINE('',#476,#477);
#476 = CARTESIAN_POINT('',(135.887106,-80.386,-3.5E-02));
#477 = VECTOR('',#478,1.);
#478 = DIRECTION('',(1.,0.,0.));
#479 = ORIENTED_EDGE('',*,*,#480,.F.);
#480 = EDGE_CURVE('',#481,#473,#483,.T.);
#481 = VERTEX_POINT('',#482);
#482 = CARTESIAN_POINT('',(137.73,-80.386,0.));
#483 = LINE('',#484,#485);
#484 = CARTESIAN_POINT('',(137.73,-80.386,0.));
#485 = VECTOR('',#486,1.);
#486 = DIRECTION('',(0.,0.,-1.));
#487 = ORIENTED_EDGE('',*,*,#488,.F.);
#488 = EDGE_CURVE('',#463,#481,#489,.T.);
#489 = LINE('',#490,#491);
#490 = CARTESIAN_POINT('',(135.887106,-80.386,0.));
#491 = VECTOR('',#492,1.);
#492 = DIRECTION('',(1.,0.,0.));
#493 = PLANE('',#494);
#494 = AXIS2_PLACEMENT_3D('',#495,#496,#497);
#495 = CARTESIAN_POINT('',(135.887106,-80.386,0.));
#496 = DIRECTION('',(0.,-1.,0.));
#497 = DIRECTION('',(1.,0.,0.));
#498 = ADVANCED_FACE('',(#499),#526,.T.);
#499 = FACE_BOUND('',#500,.F.);
#500 = EDGE_LOOP('',(#501,#502,#511,#519));
#501 = ORIENTED_EDGE('',*,*,#480,.T.);
#502 = ORIENTED_EDGE('',*,*,#503,.T.);
#503 = EDGE_CURVE('',#473,#504,#506,.T.);
#504 = VERTEX_POINT('',#505);
#505 = CARTESIAN_POINT('',(138.083553,-80.532447,-3.5E-02));
#506 = CIRCLE('',#507,0.499992432518);
#507 = AXIS2_PLACEMENT_3D('',#508,#509,#510);
#508 = CARTESIAN_POINT('',(137.73000235338,-80.88599243251,-3.5E-02));
#509 = DIRECTION('',(0.,0.,-1.));
#510 = DIRECTION('',(-4.706832625491E-06,0.999999999989,0.));
#511 = ORIENTED_EDGE('',*,*,#512,.F.);
#512 = EDGE_CURVE('',#513,#504,#515,.T.);
#513 = VERTEX_POINT('',#514);
#514 = CARTESIAN_POINT('',(138.083553,-80.532447,0.));
#515 = LINE('',#516,#517);
#516 = CARTESIAN_POINT('',(138.083553,-80.532447,0.));
#517 = VECTOR('',#518,1.);
#518 = DIRECTION('',(0.,0.,-1.));
#519 = ORIENTED_EDGE('',*,*,#520,.F.);
#520 = EDGE_CURVE('',#481,#513,#521,.T.);
#521 = CIRCLE('',#522,0.499992432518);
#522 = AXIS2_PLACEMENT_3D('',#523,#524,#525);
#523 = CARTESIAN_POINT('',(137.73000235338,-80.88599243251,0.));
#524 = DIRECTION('',(0.,0.,-1.));
#525 = DIRECTION('',(-4.706832625491E-06,0.999999999989,0.));
#526 = CYLINDRICAL_SURFACE('',#527,0.499992432518);
#527 = AXIS2_PLACEMENT_3D('',#528,#529,#530);
#528 = CARTESIAN_POINT('',(137.73000235338,-80.88599243251,0.));
#529 = DIRECTION('',(-0.,-0.,1.));
#530 = DIRECTION('',(-4.706832625491E-06,0.999999999989,0.));
#531 = ADVANCED_FACE('',(#532),#557,.F.);
#532 = FACE_BOUND('',#533,.F.);
#533 = EDGE_LOOP('',(#534,#535,#543,#551));
#534 = ORIENTED_EDGE('',*,*,#512,.T.);
#535 = ORIENTED_EDGE('',*,*,#536,.T.);
#536 = EDGE_CURVE('',#504,#537,#539,.T.);
#537 = VERTEX_POINT('',#538);
#538 = CARTESIAN_POINT('',(138.845554,-81.294447,-3.5E-02));
#539 = LINE('',#540,#541);
#540 = CARTESIAN_POINT('',(138.083553,-80.532447,-3.5E-02));
#541 = VECTOR('',#542,1.);
#542 = DIRECTION('',(0.707107245167,-0.707106317206,0.));
#543 = ORIENTED_EDGE('',*,*,#544,.F.);
#544 = EDGE_CURVE('',#545,#537,#547,.T.);
#545 = VERTEX_POINT('',#546);
#546 = CARTESIAN_POINT('',(138.845554,-81.294447,0.));
#547 = LINE('',#548,#549);
#548 = CARTESIAN_POINT('',(138.845554,-81.294447,0.));
#549 = VECTOR('',#550,1.);
#550 = DIRECTION('',(0.,0.,-1.));
#551 = ORIENTED_EDGE('',*,*,#552,.F.);
#552 = EDGE_CURVE('',#513,#545,#553,.T.);
#553 = LINE('',#554,#555);
#554 = CARTESIAN_POINT('',(138.083553,-80.532447,0.));
#555 = VECTOR('',#556,1.);
#556 = DIRECTION('',(0.707107245167,-0.707106317206,0.));
#557 = PLANE('',#558);
#558 = AXIS2_PLACEMENT_3D('',#559,#560,#561);
#559 = CARTESIAN_POINT('',(138.083553,-80.532447,0.));
#560 = DIRECTION('',(-0.707106317206,-0.707107245167,-0.));
#561 = DIRECTION('',(0.707107245167,-0.707106317206,0.));
#562 = ADVANCED_FACE('',(#563),#590,.T.);
#563 = FACE_BOUND('',#564,.F.);
#564 = EDGE_LOOP('',(#565,#566,#575,#583));
#565 = ORIENTED_EDGE('',*,*,#544,.T.);
#566 = ORIENTED_EDGE('',*,*,#567,.T.);
#567 = EDGE_CURVE('',#537,#568,#570,.T.);
#568 = VERTEX_POINT('',#569);
#569 = CARTESIAN_POINT('',(138.992,-81.648,-3.5E-02));
#570 = CIRCLE('',#571,0.500001721721);
#571 = AXIS2_PLACEMENT_3D('',#572,#573,#574);
#572 = CARTESIAN_POINT('',(138.49199827827,-81.64800049434,-3.5E-02));
#573 = DIRECTION('',(0.,0.,-1.));
#574 = DIRECTION('',(0.707109008553,0.707104553813,0.));
#575 = ORIENTED_EDGE('',*,*,#576,.F.);
#576 = EDGE_CURVE('',#577,#568,#579,.T.);
#577 = VERTEX_POINT('',#578);
#578 = CARTESIAN_POINT('',(138.992,-81.648,0.));
#579 = LINE('',#580,#581);
#580 = CARTESIAN_POINT('',(138.992,-81.648,0.));
#581 = VECTOR('',#582,1.);
#582 = DIRECTION('',(0.,0.,-1.));
#583 = ORIENTED_EDGE('',*,*,#584,.F.);
#584 = EDGE_CURVE('',#545,#577,#585,.T.);
#585 = CIRCLE('',#586,0.500001721721);
#586 = AXIS2_PLACEMENT_3D('',#587,#588,#589);
#587 = CARTESIAN_POINT('',(138.49199827827,-81.64800049434,0.));
#588 = DIRECTION('',(0.,0.,-1.));
#589 = DIRECTION('',(0.707109008553,0.707104553813,0.));
#590 = CYLINDRICAL_SURFACE('',#591,0.500001721721);
#591 = AXIS2_PLACEMENT_3D('',#592,#593,#594);
#592 = CARTESIAN_POINT('',(138.49199827827,-81.64800049434,0.));
#593 = DIRECTION('',(-0.,-0.,1.));
#594 = DIRECTION('',(0.707109008553,0.707104553813,0.));
#595 = ADVANCED_FACE('',(#596),#621,.F.);
#596 = FACE_BOUND('',#597,.F.);
#597 = EDGE_LOOP('',(#598,#599,#607,#615));
#598 = ORIENTED_EDGE('',*,*,#576,.T.);
#599 = ORIENTED_EDGE('',*,*,#600,.T.);
#600 = EDGE_CURVE('',#568,#601,#603,.T.);
#601 = VERTEX_POINT('',#602);
#602 = CARTESIAN_POINT('',(138.992,-83.826,-3.5E-02));
#603 = LINE('',#604,#605);
#604 = CARTESIAN_POINT('',(138.992,-81.648,-3.5E-02));
#605 = VECTOR('',#606,1.);
#606 = DIRECTION('',(0.,-1.,0.));
#607 = ORIENTED_EDGE('',*,*,#608,.F.);
#608 = EDGE_CURVE('',#609,#601,#611,.T.);
#609 = VERTEX_POINT('',#610);
#610 = CARTESIAN_POINT('',(138.992,-83.826,0.));
#611 = LINE('',#612,#613);
#612 = CARTESIAN_POINT('',(138.992,-83.826,0.));
#613 = VECTOR('',#614,1.);
#614 = DIRECTION('',(0.,0.,-1.));
#615 = ORIENTED_EDGE('',*,*,#616,.F.);
#616 = EDGE_CURVE('',#577,#609,#617,.T.);
#617 = LINE('',#618,#619);
#618 = CARTESIAN_POINT('',(138.992,-81.648,0.));
#619 = VECTOR('',#620,1.);
#620 = DIRECTION('',(0.,-1.,0.));
#621 = PLANE('',#622);
#622 = AXIS2_PLACEMENT_3D('',#623,#624,#625);
#623 = CARTESIAN_POINT('',(138.992,-81.648,0.));
#624 = DIRECTION('',(-1.,-0.,-0.));
#625 = DIRECTION('',(0.,-1.,0.));
#626 = ADVANCED_FACE('',(#627),#654,.T.);
#627 = FACE_BOUND('',#628,.F.);
#628 = EDGE_LOOP('',(#629,#630,#639,#647));
#629 = ORIENTED_EDGE('',*,*,#608,.T.);
#630 = ORIENTED_EDGE('',*,*,#631,.T.);
#631 = EDGE_CURVE('',#601,#632,#634,.T.);
#632 = VERTEX_POINT('',#633);
#633 = CARTESIAN_POINT('',(138.845553,-84.179553,-3.5E-02));
#634 = CIRCLE('',#635,0.499992432518);
#635 = AXIS2_PLACEMENT_3D('',#636,#637,#638);
#636 = CARTESIAN_POINT('',(138.49200756748,-83.82600235338,-3.5E-02));
#637 = DIRECTION('',(0.,0.,-1.));
#638 = DIRECTION('',(0.999999999989,4.706832568646E-06,0.));
#639 = ORIENTED_EDGE('',*,*,#640,.F.);
#640 = EDGE_CURVE('',#641,#632,#643,.T.);
#641 = VERTEX_POINT('',#642);
#642 = CARTESIAN_POINT('',(138.845553,-84.179553,0.));
#643 = LINE('',#644,#645);
#644 = CARTESIAN_POINT('',(138.845553,-84.179553,0.));
#645 = VECTOR('',#646,1.);
#646 = DIRECTION('',(0.,0.,-1.));
#647 = ORIENTED_EDGE('',*,*,#648,.F.);
#648 = EDGE_CURVE('',#609,#641,#649,.T.);
#649 = CIRCLE('',#650,0.499992432518);
#650 = AXIS2_PLACEMENT_3D('',#651,#652,#653);
#651 = CARTESIAN_POINT('',(138.49200756748,-83.82600235338,0.));
#652 = DIRECTION('',(0.,0.,-1.));
#653 = DIRECTION('',(0.999999999989,4.706832568646E-06,0.));
#654 = CYLINDRICAL_SURFACE('',#655,0.499992432518);
#655 = AXIS2_PLACEMENT_3D('',#656,#657,#658);
#656 = CARTESIAN_POINT('',(138.49200756748,-83.82600235338,0.));
#657 = DIRECTION('',(-0.,-0.,1.));
#658 = DIRECTION('',(0.999999999989,4.706832568646E-06,0.));
#659 = ADVANCED_FACE('',(#660),#685,.F.);
#660 = FACE_BOUND('',#661,.F.);
#661 = EDGE_LOOP('',(#662,#663,#671,#679));
#662 = ORIENTED_EDGE('',*,*,#640,.T.);
#663 = ORIENTED_EDGE('',*,*,#664,.T.);
#664 = EDGE_CURVE('',#632,#665,#667,.T.);
#665 = VERTEX_POINT('',#666);
#666 = CARTESIAN_POINT('',(138.394539,-84.630566,-3.5E-02));
#667 = LINE('',#668,#669);
#668 = CARTESIAN_POINT('',(138.845553,-84.179553,-3.5E-02));
#669 = VECTOR('',#670,1.);
#670 = DIRECTION('',(-0.707107565095,-0.707105997277,0.));
#671 = ORIENTED_EDGE('',*,*,#672,.F.);
#672 = EDGE_CURVE('',#673,#665,#675,.T.);
#673 = VERTEX_POINT('',#674);
#674 = CARTESIAN_POINT('',(138.394539,-84.630566,0.));
#675 = LINE('',#676,#677);
#676 = CARTESIAN_POINT('',(138.394539,-84.630566,0.));
#677 = VECTOR('',#678,1.);
#678 = DIRECTION('',(0.,0.,-1.));
#679 = ORIENTED_EDGE('',*,*,#680,.F.);
#680 = EDGE_CURVE('',#641,#673,#681,.T.);
#681 = LINE('',#682,#683);
#682 = CARTESIAN_POINT('',(138.845553,-84.179553,0.));
#683 = VECTOR('',#684,1.);
#684 = DIRECTION('',(-0.707107565095,-0.707105997277,0.));
#685 = PLANE('',#686);
#686 = AXIS2_PLACEMENT_3D('',#687,#688,#689);
#687 = CARTESIAN_POINT('',(138.845553,-84.179553,0.));
#688 = DIRECTION('',(-0.707105997277,0.707107565095,0.));
#689 = DIRECTION('',(-0.707107565095,-0.707105997277,0.));
#690 = ADVANCED_FACE('',(#691),#716,.F.);
#691 = FACE_BOUND('',#692,.F.);
#692 = EDGE_LOOP('',(#693,#694,#702,#710));
#693 = ORIENTED_EDGE('',*,*,#672,.T.);
#694 = ORIENTED_EDGE('',*,*,#695,.T.);
#695 = EDGE_CURVE('',#665,#696,#698,.T.);
#696 = VERTEX_POINT('',#697);
#697 = CARTESIAN_POINT('',(138.383668,-84.649389,-3.5E-02));
#698 = LINE('',#699,#700);
#699 = CARTESIAN_POINT('',(138.394539,-84.630566,-3.5E-02));
#700 = VECTOR('',#701,1.);
#701 = DIRECTION('',(-0.500121996664,-0.86595495752,0.));
#702 = ORIENTED_EDGE('',*,*,#703,.F.);
#703 = EDGE_CURVE('',#704,#696,#706,.T.);
#704 = VERTEX_POINT('',#705);
#705 = CARTESIAN_POINT('',(138.383668,-84.649389,0.));
#706 = LINE('',#707,#708);
#707 = CARTESIAN_POINT('',(138.383668,-84.649389,0.));
#708 = VECTOR('',#709,1.);
#709 = DIRECTION('',(0.,0.,-1.));
#710 = ORIENTED_EDGE('',*,*,#711,.F.);
#711 = EDGE_CURVE('',#673,#704,#712,.T.);
#712 = LINE('',#713,#714);
#713 = CARTESIAN_POINT('',(138.394539,-84.630566,0.));
#714 = VECTOR('',#715,1.);
#715 = DIRECTION('',(-0.500121996664,-0.86595495752,0.));
#716 = PLANE('',#717);
#717 = AXIS2_PLACEMENT_3D('',#718,#719,#720);
#718 = CARTESIAN_POINT('',(138.394539,-84.630566,0.));
#719 = DIRECTION('',(-0.86595495752,0.500121996664,0.));
#720 = DIRECTION('',(-0.500121996664,-0.86595495752,0.));
#721 = ADVANCED_FACE('',(#722),#747,.F.);
#722 = FACE_BOUND('',#723,.F.);
#723 = EDGE_LOOP('',(#724,#725,#733,#741));
#724 = ORIENTED_EDGE('',*,*,#703,.T.);
#725 = ORIENTED_EDGE('',*,*,#726,.T.);
#726 = EDGE_CURVE('',#696,#727,#729,.T.);
#727 = VERTEX_POINT('',#728);
#728 = CARTESIAN_POINT('',(138.340553,-84.698554,-3.5E-02));
#729 = LINE('',#730,#731);
#730 = CARTESIAN_POINT('',(138.383668,-84.649389,-3.5E-02));
#731 = VECTOR('',#732,1.);
#732 = DIRECTION('',(-0.659332435419,-0.751851540934,0.));
#733 = ORIENTED_EDGE('',*,*,#734,.F.);
#734 = EDGE_CURVE('',#735,#727,#737,.T.);
#735 = VERTEX_POINT('',#736);
#736 = CARTESIAN_POINT('',(138.340553,-84.698554,0.));
#737 = LINE('',#738,#739);
#738 = CARTESIAN_POINT('',(138.340553,-84.698554,0.));
#739 = VECTOR('',#740,1.);
#740 = DIRECTION('',(0.,0.,-1.));
#741 = ORIENTED_EDGE('',*,*,#742,.F.);
#742 = EDGE_CURVE('',#704,#735,#743,.T.);
#743 = LINE('',#744,#745);
#744 = CARTESIAN_POINT('',(138.383668,-84.649389,0.));
#745 = VECTOR('',#746,1.);
#746 = DIRECTION('',(-0.659332435419,-0.751851540934,0.));
#747 = PLANE('',#748);
#748 = AXIS2_PLACEMENT_3D('',#749,#750,#751);
#749 = CARTESIAN_POINT('',(138.383668,-84.649389,0.));
#750 = DIRECTION('',(-0.751851540934,0.659332435419,0.));
#751 = DIRECTION('',(-0.659332435419,-0.751851540934,0.));
#752 = ADVANCED_FACE('',(#753),#778,.F.);
#753 = FACE_BOUND('',#754,.F.);
#754 = EDGE_LOOP('',(#755,#756,#764,#772));
#755 = ORIENTED_EDGE('',*,*,#734,.T.);
#756 = ORIENTED_EDGE('',*,*,#757,.T.);
#757 = EDGE_CURVE('',#727,#758,#760,.T.);
#758 = VERTEX_POINT('',#759);
#759 = CARTESIAN_POINT('',(135.079553,-87.959553,-3.5E-02));
#760 = LINE('',#761,#762);
#761 = CARTESIAN_POINT('',(138.340553,-84.698554,-3.5E-02));
#762 = VECTOR('',#763,1.);
#763 = DIRECTION('',(-0.707106889605,-0.707106672768,0.));
#764 = ORIENTED_EDGE('',*,*,#765,.F.);
#765 = EDGE_CURVE('',#766,#758,#768,.T.);
#766 = VERTEX_POINT('',#767);
#767 = CARTESIAN_POINT('',(135.079553,-87.959553,0.));
#768 = LINE('',#769,#770);
#769 = CARTESIAN_POINT('',(135.079553,-87.959553,0.));
#770 = VECTOR('',#771,1.);
#771 = DIRECTION('',(0.,0.,-1.));
#772 = ORIENTED_EDGE('',*,*,#773,.F.);
#773 = EDGE_CURVE('',#735,#766,#774,.T.);
#774 = LINE('',#775,#776);
#775 = CARTESIAN_POINT('',(138.340553,-84.698554,0.));
#776 = VECTOR('',#777,1.);
#777 = DIRECTION('',(-0.707106889605,-0.707106672768,0.));
#778 = PLANE('',#779);
#779 = AXIS2_PLACEMENT_3D('',#780,#781,#782);
#780 = CARTESIAN_POINT('',(138.340553,-84.698554,0.));
#781 = DIRECTION('',(-0.707106672768,0.707106889605,0.));
#782 = DIRECTION('',(-0.707106889605,-0.707106672768,0.));
#783 = ADVANCED_FACE('',(#784),#811,.T.);
#784 = FACE_BOUND('',#785,.F.);
#785 = EDGE_LOOP('',(#786,#787,#796,#804));
#786 = ORIENTED_EDGE('',*,*,#765,.T.);
#787 = ORIENTED_EDGE('',*,*,#788,.T.);
#788 = EDGE_CURVE('',#758,#789,#791,.T.);
#789 = VERTEX_POINT('',#790);
#790 = CARTESIAN_POINT('',(134.372447,-87.252447,-3.5E-02));
#791 = CIRCLE('',#792,0.499999447618);
#792 = AXIS2_PLACEMENT_3D('',#793,#794,#795);
#793 = CARTESIAN_POINT('',(134.72600029544,-87.60599970455,-3.5E-02));
#794 = DIRECTION('',(-0.,0.,-1.));
#795 = DIRECTION('',(0.707106190303,-0.70710737207,-0.));
#796 = ORIENTED_EDGE('',*,*,#797,.F.);
#797 = EDGE_CURVE('',#798,#789,#800,.T.);
#798 = VERTEX_POINT('',#799);
#799 = CARTESIAN_POINT('',(134.372447,-87.252447,0.));
#800 = LINE('',#801,#802);
#801 = CARTESIAN_POINT('',(134.372447,-87.252447,0.));
#802 = VECTOR('',#803,1.);
#803 = DIRECTION('',(0.,0.,-1.));
#804 = ORIENTED_EDGE('',*,*,#805,.F.);
#805 = EDGE_CURVE('',#766,#798,#806,.T.);
#806 = CIRCLE('',#807,0.499999447618);
#807 = AXIS2_PLACEMENT_3D('',#808,#809,#810);
#808 = CARTESIAN_POINT('',(134.72600029544,-87.60599970455,0.));
#809 = DIRECTION('',(-0.,0.,-1.));
#810 = DIRECTION('',(0.707106190303,-0.70710737207,-0.));
#811 = CYLINDRICAL_SURFACE('',#812,0.499999447618);
#812 = AXIS2_PLACEMENT_3D('',#813,#814,#815);
#813 = CARTESIAN_POINT('',(134.72600029544,-87.60599970455,0.));
#814 = DIRECTION('',(0.,-0.,1.));
#815 = DIRECTION('',(0.707106190303,-0.70710737207,-0.));
#816 = ADVANCED_FACE('',(#817),#842,.F.);
#817 = FACE_BOUND('',#818,.F.);
#818 = EDGE_LOOP('',(#819,#820,#828,#836));
#819 = ORIENTED_EDGE('',*,*,#797,.T.);
#820 = ORIENTED_EDGE('',*,*,#821,.T.);
#821 = EDGE_CURVE('',#789,#822,#824,.T.);
#822 = VERTEX_POINT('',#823);
#823 = CARTESIAN_POINT('',(137.579461,-84.045431,-3.5E-02));
#824 = LINE('',#825,#826);
#825 = CARTESIAN_POINT('',(134.372447,-87.252447,-3.5E-02));
#826 = VECTOR('',#827,1.);
#827 = DIRECTION('',(0.707106560699,0.707107001674,0.));
#828 = ORIENTED_EDGE('',*,*,#829,.F.);
#829 = EDGE_CURVE('',#830,#822,#832,.T.);
#830 = VERTEX_POINT('',#831);
#831 = CARTESIAN_POINT('',(137.579461,-84.045431,0.));
#832 = LINE('',#833,#834);
#833 = CARTESIAN_POINT('',(137.579461,-84.045431,0.));
#834 = VECTOR('',#835,1.);
#835 = DIRECTION('',(0.,0.,-1.));
#836 = ORIENTED_EDGE('',*,*,#837,.F.);
#837 = EDGE_CURVE('',#798,#830,#838,.T.);
#838 = LINE('',#839,#840);
#839 = CARTESIAN_POINT('',(134.372447,-87.252447,0.));
#840 = VECTOR('',#841,1.);
#841 = DIRECTION('',(0.707106560699,0.707107001674,0.));
#842 = PLANE('',#843);
#843 = AXIS2_PLACEMENT_3D('',#844,#845,#846);
#844 = CARTESIAN_POINT('',(134.372447,-87.252447,0.));
#845 = DIRECTION('',(0.707107001674,-0.707106560699,0.));
#846 = DIRECTION('',(0.707106560699,0.707107001674,0.));
#847 = ADVANCED_FACE('',(#848),#873,.F.);
#848 = FACE_BOUND('',#849,.F.);
#849 = EDGE_LOOP('',(#850,#851,#859,#867));
#850 = ORIENTED_EDGE('',*,*,#829,.T.);
#851 = ORIENTED_EDGE('',*,*,#852,.T.);
#852 = EDGE_CURVE('',#822,#853,#855,.T.);
#853 = VERTEX_POINT('',#854);
#854 = CARTESIAN_POINT('',(137.590338,-84.026603,-3.5E-02));
#855 = LINE('',#856,#857);
#856 = CARTESIAN_POINT('',(137.579461,-84.045431,-3.5E-02));
#857 = VECTOR('',#858,1.);
#858 = DIRECTION('',(0.500229325852,0.865892961952,0.));
#859 = ORIENTED_EDGE('',*,*,#860,.F.);
#860 = EDGE_CURVE('',#861,#853,#863,.T.);
#861 = VERTEX_POINT('',#862);
#862 = CARTESIAN_POINT('',(137.590338,-84.026603,0.));
#863 = LINE('',#864,#865);
#864 = CARTESIAN_POINT('',(137.590338,-84.026603,0.));
#865 = VECTOR('',#866,1.);
#866 = DIRECTION('',(0.,0.,-1.));
#867 = ORIENTED_EDGE('',*,*,#868,.F.);
#868 = EDGE_CURVE('',#830,#861,#869,.T.);
#869 = LINE('',#870,#871);
#870 = CARTESIAN_POINT('',(137.579461,-84.045431,0.));
#871 = VECTOR('',#872,1.);
#872 = DIRECTION('',(0.500229325852,0.865892961952,0.));
#873 = PLANE('',#874);
#874 = AXIS2_PLACEMENT_3D('',#875,#876,#877);
#875 = CARTESIAN_POINT('',(137.579461,-84.045431,0.));
#876 = DIRECTION('',(0.865892961952,-0.500229325852,0.));
#877 = DIRECTION('',(0.500229325852,0.865892961952,0.));
#878 = ADVANCED_FACE('',(#879),#904,.F.);
#879 = FACE_BOUND('',#880,.F.);
#880 = EDGE_LOOP('',(#881,#882,#890,#898));
#881 = ORIENTED_EDGE('',*,*,#860,.T.);
#882 = ORIENTED_EDGE('',*,*,#883,.T.);
#883 = EDGE_CURVE('',#853,#884,#886,.T.);
#884 = VERTEX_POINT('',#885);
#885 = CARTESIAN_POINT('',(137.633447,-83.977447,-3.5E-02));
#886 = LINE('',#887,#888);
#887 = CARTESIAN_POINT('',(137.590338,-84.026603,-3.5E-02));
#888 = VECTOR('',#889,1.);
#889 = DIRECTION('',(0.659348797717,0.751837191783,0.));
#890 = ORIENTED_EDGE('',*,*,#891,.F.);
#891 = EDGE_CURVE('',#892,#884,#894,.T.);
#892 = VERTEX_POINT('',#893);
#893 = CARTESIAN_POINT('',(137.633447,-83.977447,0.));
#894 = LINE('',#895,#896);
#895 = CARTESIAN_POINT('',(137.633447,-83.977447,0.));
#896 = VECTOR('',#897,1.);
#897 = DIRECTION('',(0.,0.,-1.));
#898 = ORIENTED_EDGE('',*,*,#899,.F.);
#899 = EDGE_CURVE('',#861,#892,#900,.T.);
#900 = LINE('',#901,#902);
#901 = CARTESIAN_POINT('',(137.590338,-84.026603,0.));
#902 = VECTOR('',#903,1.);
#903 = DIRECTION('',(0.659348797717,0.751837191783,0.));
#904 = PLANE('',#905);
#905 = AXIS2_PLACEMENT_3D('',#906,#907,#908);
#906 = CARTESIAN_POINT('',(137.590338,-84.026603,0.));
#907 = DIRECTION('',(0.751837191783,-0.659348797717,0.));
#908 = DIRECTION('',(0.659348797717,0.751837191783,0.));
#909 = ADVANCED_FACE('',(#910),#935,.F.);
#910 = FACE_BOUND('',#911,.F.);
#911 = EDGE_LOOP('',(#912,#913,#921,#929));
#912 = ORIENTED_EDGE('',*,*,#891,.T.);
#913 = ORIENTED_EDGE('',*,*,#914,.T.);
#914 = EDGE_CURVE('',#884,#915,#917,.T.);
#915 = VERTEX_POINT('',#916);
#916 = CARTESIAN_POINT('',(137.992,-83.618894,-3.5E-02));
#917 = LINE('',#918,#919);
#918 = CARTESIAN_POINT('',(137.633447,-83.977447,-3.5E-02));
#919 = VECTOR('',#920,1.);
#920 = DIRECTION('',(0.707106781187,0.707106781187,0.));
#921 = ORIENTED_EDGE('',*,*,#922,.F.);
#922 = EDGE_CURVE('',#923,#915,#925,.T.);
#923 = VERTEX_POINT('',#924);
#924 = CARTESIAN_POINT('',(137.992,-83.618894,0.));
#925 = LINE('',#926,#927);
#926 = CARTESIAN_POINT('',(137.992,-83.618894,0.));
#927 = VECTOR('',#928,1.);
#928 = DIRECTION('',(0.,0.,-1.));
#929 = ORIENTED_EDGE('',*,*,#930,.F.);
#930 = EDGE_CURVE('',#892,#923,#931,.T.);
#931 = LINE('',#932,#933);
#932 = CARTESIAN_POINT('',(137.633447,-83.977447,0.));
#933 = VECTOR('',#934,1.);
#934 = DIRECTION('',(0.707106781187,0.707106781187,0.));
#935 = PLANE('',#936);
#936 = AXIS2_PLACEMENT_3D('',#937,#938,#939);
#937 = CARTESIAN_POINT('',(137.633447,-83.977447,0.));
#938 = DIRECTION('',(0.707106781187,-0.707106781187,0.));
#939 = DIRECTION('',(0.707106781187,0.707106781187,0.));
#940 = ADVANCED_FACE('',(#941),#966,.F.);
#941 = FACE_BOUND('',#942,.F.);
#942 = EDGE_LOOP('',(#943,#944,#952,#960));
#943 = ORIENTED_EDGE('',*,*,#922,.T.);
#944 = ORIENTED_EDGE('',*,*,#945,.T.);
#945 = EDGE_CURVE('',#915,#946,#948,.T.);
#946 = VERTEX_POINT('',#947);
#947 = CARTESIAN_POINT('',(137.992,-81.855106,-3.5E-02));
#948 = LINE('',#949,#950);
#949 = CARTESIAN_POINT('',(137.992,-83.618894,-3.5E-02));
#950 = VECTOR('',#951,1.);
#951 = DIRECTION('',(0.,1.,0.));
#952 = ORIENTED_EDGE('',*,*,#953,.F.);
#953 = EDGE_CURVE('',#954,#946,#956,.T.);
#954 = VERTEX_POINT('',#955);
#955 = CARTESIAN_POINT('',(137.992,-81.855106,0.));
#956 = LINE('',#957,#958);
#957 = CARTESIAN_POINT('',(137.992,-81.855106,0.));
#958 = VECTOR('',#959,1.);
#959 = DIRECTION('',(0.,0.,-1.));
#960 = ORIENTED_EDGE('',*,*,#961,.F.);
#961 = EDGE_CURVE('',#923,#954,#962,.T.);
#962 = LINE('',#963,#964);
#963 = CARTESIAN_POINT('',(137.992,-83.618894,0.));
#964 = VECTOR('',#965,1.);
#965 = DIRECTION('',(0.,1.,0.));
#966 = PLANE('',#967);
#967 = AXIS2_PLACEMENT_3D('',#968,#969,#970);
#968 = CARTESIAN_POINT('',(137.992,-83.618894,0.));
#969 = DIRECTION('',(1.,-0.,0.));
#970 = DIRECTION('',(0.,1.,0.));
#971 = ADVANCED_FACE('',(#972),#997,.F.);
#972 = FACE_BOUND('',#973,.F.);
#973 = EDGE_LOOP('',(#974,#975,#983,#991));
#974 = ORIENTED_EDGE('',*,*,#953,.T.);
#975 = ORIENTED_EDGE('',*,*,#976,.T.);
#976 = EDGE_CURVE('',#946,#977,#979,.T.);
#977 = VERTEX_POINT('',#978);
#978 = CARTESIAN_POINT('',(137.522894,-81.386,-3.5E-02));
#979 = LINE('',#980,#981);
#980 = CARTESIAN_POINT('',(137.992,-81.855106,-3.5E-02));
#981 = VECTOR('',#982,1.);
#982 = DIRECTION('',(-0.707106781187,0.707106781187,0.));
#983 = ORIENTED_EDGE('',*,*,#984,.F.);
#984 = EDGE_CURVE('',#985,#977,#987,.T.);
#985 = VERTEX_POINT('',#986);
#986 = CARTESIAN_POINT('',(137.522894,-81.386,0.));
#987 = LINE('',#988,#989);
#988 = CARTESIAN_POINT('',(137.522894,-81.386,0.));
#989 = VECTOR('',#990,1.);
#990 = DIRECTION('',(0.,0.,-1.));
#991 = ORIENTED_EDGE('',*,*,#992,.F.);
#992 = EDGE_CURVE('',#954,#985,#993,.T.);
#993 = LINE('',#994,#995);
#994 = CARTESIAN_POINT('',(137.992,-81.855106,0.));
#995 = VECTOR('',#996,1.);
#996 = DIRECTION('',(-0.707106781187,0.707106781187,0.));
#997 = PLANE('',#998);
#998 = AXIS2_PLACEMENT_3D('',#999,#1000,#1001);
#999 = CARTESIAN_POINT('',(137.992,-81.855106,0.));
#1000 = DIRECTION('',(0.707106781187,0.707106781187,0.));
#1001 = DIRECTION('',(-0.707106781187,0.707106781187,0.));
#1002 = ADVANCED_FACE('',(#1003),#1028,.F.);
#1003 = FACE_BOUND('',#1004,.F.);
#1004 = EDGE_LOOP('',(#1005,#1006,#1014,#1022));
#1005 = ORIENTED_EDGE('',*,*,#984,.T.);
#1006 = ORIENTED_EDGE('',*,*,#1007,.T.);
#1007 = EDGE_CURVE('',#977,#1008,#1010,.T.);
#1008 = VERTEX_POINT('',#1009);
#1009 = CARTESIAN_POINT('',(135.68,-81.386,-3.5E-02));
#1010 = LINE('',#1011,#1012);
#1011 = CARTESIAN_POINT('',(137.522894,-81.386,-3.5E-02));
#1012 = VECTOR('',#1013,1.);
#1013 = DIRECTION('',(-1.,0.,0.));
#1014 = ORIENTED_EDGE('',*,*,#1015,.F.);
#1015 = EDGE_CURVE('',#1016,#1008,#1018,.T.);
#1016 = VERTEX_POINT('',#1017);
#1017 = CARTESIAN_POINT('',(135.68,-81.386,0.));
#1018 = LINE('',#1019,#1020);
#1019 = CARTESIAN_POINT('',(135.68,-81.386,0.));
#1020 = VECTOR('',#1021,1.);
#1021 = DIRECTION('',(0.,0.,-1.));
#1022 = ORIENTED_EDGE('',*,*,#1023,.F.);
#1023 = EDGE_CURVE('',#985,#1016,#1024,.T.);
#1024 = LINE('',#1025,#1026);
#1025 = CARTESIAN_POINT('',(137.522894,-81.386,0.));
#1026 = VECTOR('',#1027,1.);
#1027 = DIRECTION('',(-1.,0.,0.));
#1028 = PLANE('',#1029);
#1029 = AXIS2_PLACEMENT_3D('',#1030,#1031,#1032);
#1030 = CARTESIAN_POINT('',(137.522894,-81.386,0.));
#1031 = DIRECTION('',(0.,1.,0.));
#1032 = DIRECTION('',(-1.,0.,0.));
#1033 = ADVANCED_FACE('',(#1034),#1059,.F.);
#1034 = FACE_BOUND('',#1035,.F.);
#1035 = EDGE_LOOP('',(#1036,#1037,#1045,#1053));
#1036 = ORIENTED_EDGE('',*,*,#1015,.T.);
#1037 = ORIENTED_EDGE('',*,*,#1038,.T.);
#1038 = EDGE_CURVE('',#1008,#1039,#1041,.T.);
#1039 = VERTEX_POINT('',#1040);
#1040 = CARTESIAN_POINT('',(135.614737,-81.381723,-3.5E-02));
#1041 = LINE('',#1042,#1043);
#1042 = CARTESIAN_POINT('',(135.68,-81.386,-3.5E-02));
#1043 = VECTOR('',#1044,1.);
#1044 = DIRECTION('',(-0.997859485011,6.53945576727E-02,0.));
#1045 = ORIENTED_EDGE('',*,*,#1046,.F.);
#1046 = EDGE_CURVE('',#1047,#1039,#1049,.T.);
#1047 = VERTEX_POINT('',#1048);
#1048 = CARTESIAN_POINT('',(135.614737,-81.381723,0.));
#1049 = LINE('',#1050,#1051);
#1050 = CARTESIAN_POINT('',(135.614737,-81.381723,0.));
#1051 = VECTOR('',#1052,1.);
#1052 = DIRECTION('',(0.,0.,-1.));
#1053 = ORIENTED_EDGE('',*,*,#1054,.F.);
#1054 = EDGE_CURVE('',#1016,#1047,#1055,.T.);
#1055 = LINE('',#1056,#1057);
#1056 = CARTESIAN_POINT('',(135.68,-81.386,0.));
#1057 = VECTOR('',#1058,1.);
#1058 = DIRECTION('',(-0.997859485011,6.53945576727E-02,0.));
#1059 = PLANE('',#1060);
#1060 = AXIS2_PLACEMENT_3D('',#1061,#1062,#1063);
#1061 = CARTESIAN_POINT('',(135.68,-81.386,0.));
#1062 = DIRECTION('',(6.53945576727E-02,0.997859485011,0.));
#1063 = DIRECTION('',(-0.997859485011,6.53945576727E-02,0.));
#1064 = ADVANCED_FACE('',(#1065),#1090,.F.);
#1065 = FACE_BOUND('',#1066,.F.);
#1066 = EDGE_LOOP('',(#1067,#1068,#1076,#1084));
#1067 = ORIENTED_EDGE('',*,*,#1046,.T.);
#1068 = ORIENTED_EDGE('',*,*,#1069,.T.);
#1069 = EDGE_CURVE('',#1039,#1070,#1072,.T.);
#1070 = VERTEX_POINT('',#1071);
#1071 = CARTESIAN_POINT('',(135.481174,-81.343619,-3.5E-02));
#1072 = LINE('',#1073,#1074);
#1073 = CARTESIAN_POINT('',(135.614737,-81.381723,-3.5E-02));
#1074 = VECTOR('',#1075,1.);
#1075 = DIRECTION('',(-0.961632006577,0.274342639643,0.));
#1076 = ORIENTED_EDGE('',*,*,#1077,.F.);
#1077 = EDGE_CURVE('',#1078,#1070,#1080,.T.);
#1078 = VERTEX_POINT('',#1079);
#1079 = CARTESIAN_POINT('',(135.481174,-81.343619,0.));
#1080 = LINE('',#1081,#1082);
#1081 = CARTESIAN_POINT('',(135.481174,-81.343619,0.));
#1082 = VECTOR('',#1083,1.);
#1083 = DIRECTION('',(0.,0.,-1.));
#1084 = ORIENTED_EDGE('',*,*,#1085,.F.);
#1085 = EDGE_CURVE('',#1047,#1078,#1086,.T.);
#1086 = LINE('',#1087,#1088);
#1087 = CARTESIAN_POINT('',(135.614737,-81.381723,0.));
#1088 = VECTOR('',#1089,1.);
#1089 = DIRECTION('',(-0.961632006577,0.274342639643,0.));
#1090 = PLANE('',#1091);
#1091 = AXIS2_PLACEMENT_3D('',#1092,#1093,#1094);
#1092 = CARTESIAN_POINT('',(135.614737,-81.381723,0.));
#1093 = DIRECTION('',(0.274342639643,0.961632006577,0.));
#1094 = DIRECTION('',(-0.961632006577,0.274342639643,0.));
#1095 = ADVANCED_FACE('',(#1096),#1121,.F.);
#1096 = FACE_BOUND('',#1097,.F.);
#1097 = EDGE_LOOP('',(#1098,#1099,#1107,#1115));
#1098 = ORIENTED_EDGE('',*,*,#1077,.T.);
#1099 = ORIENTED_EDGE('',*,*,#1100,.T.);
#1100 = EDGE_CURVE('',#1070,#1101,#1103,.T.);
#1101 = VERTEX_POINT('',#1102);
#1102 = CARTESIAN_POINT('',(135.37561,-81.282668,-3.5E-02));
#1103 = LINE('',#1104,#1105);
#1104 = CARTESIAN_POINT('',(135.481174,-81.343619,-3.5E-02));
#1105 = VECTOR('',#1106,1.);
#1106 = DIRECTION('',(-0.866012628798,0.500022126273,0.));
#1107 = ORIENTED_EDGE('',*,*,#1108,.F.);
#1108 = EDGE_CURVE('',#1109,#1101,#1111,.T.);
#1109 = VERTEX_POINT('',#1110);
#1110 = CARTESIAN_POINT('',(135.37561,-81.282668,0.));
#1111 = LINE('',#1112,#1113);
#1112 = CARTESIAN_POINT('',(135.37561,-81.282668,0.));
#1113 = VECTOR('',#1114,1.);
#1114 = DIRECTION('',(0.,0.,-1.));
#1115 = ORIENTED_EDGE('',*,*,#1116,.F.);
#1116 = EDGE_CURVE('',#1078,#1109,#1117,.T.);
#1117 = LINE('',#1118,#1119);
#1118 = CARTESIAN_POINT('',(135.481174,-81.343619,0.));
#1119 = VECTOR('',#1120,1.);
#1120 = DIRECTION('',(-0.866012628798,0.500022126273,0.));
#1121 = PLANE('',#1122);
#1122 = AXIS2_PLACEMENT_3D('',#1123,#1124,#1125);
#1123 = CARTESIAN_POINT('',(135.481174,-81.343619,0.));
#1124 = DIRECTION('',(0.500022126273,0.866012628798,0.));
#1125 = DIRECTION('',(-0.866012628798,0.500022126273,0.));
#1126 = ADVANCED_FACE('',(#1127),#1152,.F.);
#1127 = FACE_BOUND('',#1128,.F.);
#1128 = EDGE_LOOP('',(#1129,#1130,#1138,#1146));
#1129 = ORIENTED_EDGE('',*,*,#1108,.T.);
#1130 = ORIENTED_EDGE('',*,*,#1131,.T.);
#1131 = EDGE_CURVE('',#1101,#1132,#1134,.T.);
#1132 = VERTEX_POINT('',#1133);
#1133 = CARTESIAN_POINT('',(135.326447,-81.239553,-3.5E-02));
#1134 = LINE('',#1135,#1136);
#1135 = CARTESIAN_POINT('',(135.37561,-81.282668,-3.5E-02));
#1136 = VECTOR('',#1137,1.);
#1137 = DIRECTION('',(-0.751838244661,0.659347597148,0.));
#1138 = ORIENTED_EDGE('',*,*,#1139,.F.);
#1139 = EDGE_CURVE('',#1140,#1132,#1142,.T.);
#1140 = VERTEX_POINT('',#1141);
#1141 = CARTESIAN_POINT('',(135.326447,-81.239553,0.));
#1142 = LINE('',#1143,#1144);
#1143 = CARTESIAN_POINT('',(135.326447,-81.239553,0.));
#1144 = VECTOR('',#1145,1.);
#1145 = DIRECTION('',(0.,0.,-1.));
#1146 = ORIENTED_EDGE('',*,*,#1147,.F.);
#1147 = EDGE_CURVE('',#1109,#1140,#1148,.T.);
#1148 = LINE('',#1149,#1150);
#1149 = CARTESIAN_POINT('',(135.37561,-81.282668,0.));
#1150 = VECTOR('',#1151,1.);
#1151 = DIRECTION('',(-0.751838244661,0.659347597148,0.));
#1152 = PLANE('',#1153);
#1153 = AXIS2_PLACEMENT_3D('',#1154,#1155,#1156);
#1154 = CARTESIAN_POINT('',(135.37561,-81.282668,0.));
#1155 = DIRECTION('',(0.659347597148,0.751838244661,0.));
#1156 = DIRECTION('',(-0.751838244661,0.659347597148,0.));
#1157 = ADVANCED_FACE('',(#1158),#1183,.F.);
#1158 = FACE_BOUND('',#1159,.F.);
#1159 = EDGE_LOOP('',(#1160,#1161,#1169,#1177));
#1160 = ORIENTED_EDGE('',*,*,#1139,.T.);
#1161 = ORIENTED_EDGE('',*,*,#1162,.T.);
#1162 = EDGE_CURVE('',#1132,#1163,#1165,.T.);
#1163 = VERTEX_POINT('',#1164);
#1164 = CARTESIAN_POINT('',(133.546447,-79.459553,-3.5E-02));
#1165 = LINE('',#1166,#1167);
#1166 = CARTESIAN_POINT('',(135.326447,-81.239553,-3.5E-02));
#1167 = VECTOR('',#1168,1.);
#1168 = DIRECTION('',(-0.707106781187,0.707106781187,0.));
#1169 = ORIENTED_EDGE('',*,*,#1170,.F.);
#1170 = EDGE_CURVE('',#1171,#1163,#1173,.T.);
#1171 = VERTEX_POINT('',#1172);
#1172 = CARTESIAN_POINT('',(133.546447,-79.459553,0.));
#1173 = LINE('',#1174,#1175);
#1174 = CARTESIAN_POINT('',(133.546447,-79.459553,0.));
#1175 = VECTOR('',#1176,1.);
#1176 = DIRECTION('',(0.,0.,-1.));
#1177 = ORIENTED_EDGE('',*,*,#1178,.F.);
#1178 = EDGE_CURVE('',#1140,#1171,#1179,.T.);
#1179 = LINE('',#1180,#1181);
#1180 = CARTESIAN_POINT('',(135.326447,-81.239553,0.));
#1181 = VECTOR('',#1182,1.);
#1182 = DIRECTION('',(-0.707106781187,0.707106781187,0.));
#1183 = PLANE('',#1184);
#1184 = AXIS2_PLACEMENT_3D('',#1185,#1186,#1187);
#1185 = CARTESIAN_POINT('',(135.326447,-81.239553,0.));
#1186 = DIRECTION('',(0.707106781187,0.707106781187,0.));
#1187 = DIRECTION('',(-0.707106781187,0.707106781187,0.));
#1188 = ADVANCED_FACE('',(#1189),#1216,.T.);
#1189 = FACE_BOUND('',#1190,.F.);
#1190 = EDGE_LOOP('',(#1191,#1192,#1201,#1209));
#1191 = ORIENTED_EDGE('',*,*,#1170,.T.);
#1192 = ORIENTED_EDGE('',*,*,#1193,.T.);
#1193 = EDGE_CURVE('',#1163,#1194,#1196,.T.);
#1194 = VERTEX_POINT('',#1195);
#1195 = CARTESIAN_POINT('',(134.253553,-78.752447,-3.5E-02));
#1196 = CIRCLE('',#1197,0.49999944762);
#1197 = AXIS2_PLACEMENT_3D('',#1198,#1199,#1200);
#1198 = CARTESIAN_POINT('',(133.89999901576,-79.10599901576,-3.5E-02));
#1199 = DIRECTION('',(0.,0.,-1.));
#1200 = DIRECTION('',(-0.707104812719,-0.707108749649,-0.));
#1201 = ORIENTED_EDGE('',*,*,#1202,.F.);
#1202 = EDGE_CURVE('',#1203,#1194,#1205,.T.);
#1203 = VERTEX_POINT('',#1204);
#1204 = CARTESIAN_POINT('',(134.253553,-78.752447,0.));
#1205 = LINE('',#1206,#1207);
#1206 = CARTESIAN_POINT('',(134.253553,-78.752447,0.));
#1207 = VECTOR('',#1208,1.);
#1208 = DIRECTION('',(0.,0.,-1.));
#1209 = ORIENTED_EDGE('',*,*,#1210,.F.);
#1210 = EDGE_CURVE('',#1171,#1203,#1211,.T.);
#1211 = CIRCLE('',#1212,0.49999944762);
#1212 = AXIS2_PLACEMENT_3D('',#1213,#1214,#1215);
#1213 = CARTESIAN_POINT('',(133.89999901576,-79.10599901576,0.));
#1214 = DIRECTION('',(0.,0.,-1.));
#1215 = DIRECTION('',(-0.707104812719,-0.707108749649,-0.));
#1216 = CYLINDRICAL_SURFACE('',#1217,0.49999944762);
#1217 = AXIS2_PLACEMENT_3D('',#1218,#1219,#1220);
#1218 = CARTESIAN_POINT('',(133.89999901576,-79.10599901576,0.));
#1219 = DIRECTION('',(-0.,-0.,1.));
#1220 = DIRECTION('',(-0.707104812719,-0.707108749649,-0.));
#1221 = ADVANCED_FACE('',(#1222),#1238,.F.);
#1222 = FACE_BOUND('',#1223,.F.);
#1223 = EDGE_LOOP('',(#1224,#1225,#1231,#1232));
#1224 = ORIENTED_EDGE('',*,*,#1202,.T.);
#1225 = ORIENTED_EDGE('',*,*,#1226,.T.);
#1226 = EDGE_CURVE('',#1194,#465,#1227,.T.);
#1227 = LINE('',#1228,#1229);
#1228 = CARTESIAN_POINT('',(134.253553,-78.752447,-3.5E-02));
#1229 = VECTOR('',#1230,1.);
#1230 = DIRECTION('',(0.707106781187,-0.707106781187,0.));
#1231 = ORIENTED_EDGE('',*,*,#462,.F.);
#1232 = ORIENTED_EDGE('',*,*,#1233,.F.);
#1233 = EDGE_CURVE('',#1203,#463,#1234,.T.);
#1234 = LINE('',#1235,#1236);
#1235 = CARTESIAN_POINT('',(134.253553,-78.752447,0.));
#1236 = VECTOR('',#1237,1.);
#1237 = DIRECTION('',(0.707106781187,-0.707106781187,0.));
#1238 = PLANE('',#1239);
#1239 = AXIS2_PLACEMENT_3D('',#1240,#1241,#1242);
#1240 = CARTESIAN_POINT('',(134.253553,-78.752447,0.));
#1241 = DIRECTION('',(-0.707106781187,-0.707106781187,-0.));
#1242 = DIRECTION('',(0.707106781187,-0.707106781187,0.));
#1243 = ADVANCED_FACE('',(#1244),#1271,.F.);
#1244 = FACE_BOUND('',#1245,.F.);
#1245 = EDGE_LOOP('',(#1246,#1256,#1263,#1264));
#1246 = ORIENTED_EDGE('',*,*,#1247,.T.);
#1247 = EDGE_CURVE('',#1248,#1250,#1252,.T.);
#1248 = VERTEX_POINT('',#1249);
#1249 = CARTESIAN_POINT('',(135.213392,-87.606,0.));
#1250 = VERTEX_POINT('',#1251);
#1251 = CARTESIAN_POINT('',(135.213392,-87.606,-3.5E-02));
#1252 = LINE('',#1253,#1254);
#1253 = CARTESIAN_POINT('',(135.213392,-87.606,0.));
#1254 = VECTOR('',#1255,1.);
#1255 = DIRECTION('',(0.,0.,-1.));
#1256 = ORIENTED_EDGE('',*,*,#1257,.T.);
#1257 = EDGE_CURVE('',#1250,#1250,#1258,.T.);
#1258 = CIRCLE('',#1259,0.487392);
#1259 = AXIS2_PLACEMENT_3D('',#1260,#1261,#1262);
#1260 = CARTESIAN_POINT('',(134.726,-87.606,-3.5E-02));
#1261 = DIRECTION('',(0.,0.,1.));
#1262 = DIRECTION('',(1.,0.,-0.));
#1263 = ORIENTED_EDGE('',*,*,#1247,.F.);
#1264 = ORIENTED_EDGE('',*,*,#1265,.F.);
#1265 = EDGE_CURVE('',#1248,#1248,#1266,.T.);
#1266 = CIRCLE('',#1267,0.487392);
#1267 = AXIS2_PLACEMENT_3D('',#1268,#1269,#1270);
#1268 = CARTESIAN_POINT('',(134.726,-87.606,0.));
#1269 = DIRECTION('',(0.,0.,1.));
#1270 = DIRECTION('',(1.,0.,-0.));
#1271 = CYLINDRICAL_SURFACE('',#1272,0.487392);
#1272 = AXIS2_PLACEMENT_3D('',#1273,#1274,#1275);
#1273 = CARTESIAN_POINT('',(134.726,-87.606,0.));
#1274 = DIRECTION('',(0.,0.,1.));
#1275 = DIRECTION('',(1.,0.,-0.));
#1276 = ADVANCED_FACE('',(#1277),#1304,.F.);
#1277 = FACE_BOUND('',#1278,.F.);
#1278 = EDGE_LOOP('',(#1279,#1289,#1296,#1297));
#1279 = ORIENTED_EDGE('',*,*,#1280,.T.);
#1280 = EDGE_CURVE('',#1281,#1283,#1285,.T.);
#1281 = VERTEX_POINT('',#1282);
#1282 = CARTESIAN_POINT('',(134.387392,-79.106,0.));
#1283 = VERTEX_POINT('',#1284);
#1284 = CARTESIAN_POINT('',(134.387392,-79.106,-3.5E-02));
#1285 = LINE('',#1286,#1287);
#1286 = CARTESIAN_POINT('',(134.387392,-79.106,0.));
#1287 = VECTOR('',#1288,1.);
#1288 = DIRECTION('',(0.,0.,-1.));
#1289 = ORIENTED_EDGE('',*,*,#1290,.T.);
#1290 = EDGE_CURVE('',#1283,#1283,#1291,.T.);
#1291 = CIRCLE('',#1292,0.487392);
#1292 = AXIS2_PLACEMENT_3D('',#1293,#1294,#1295);
#1293 = CARTESIAN_POINT('',(133.9,-79.106,-3.5E-02));
#1294 = DIRECTION('',(0.,0.,1.));
#1295 = DIRECTION('',(1.,0.,-0.));
#1296 = ORIENTED_EDGE('',*,*,#1280,.F.);
#1297 = ORIENTED_EDGE('',*,*,#1298,.F.);
#1298 = EDGE_CURVE('',#1281,#1281,#1299,.T.);
#1299 = CIRCLE('',#1300,0.487392);
#1300 = AXIS2_PLACEMENT_3D('',#1301,#1302,#1303);
#1301 = CARTESIAN_POINT('',(133.9,-79.106,0.));
#1302 = DIRECTION('',(0.,0.,1.));
#1303 = DIRECTION('',(1.,0.,-0.));
#1304 = CYLINDRICAL_SURFACE('',#1305,0.487392);
#1305 = AXIS2_PLACEMENT_3D('',#1306,#1307,#1308);
#1306 = CARTESIAN_POINT('',(133.9,-79.106,0.));
#1307 = DIRECTION('',(0.,0.,1.));
#1308 = DIRECTION('',(1.,0.,-0.));
#1309 = ADVANCED_FACE('',(#1310,#1337,#1340),#1343,.F.);
#1310 = FACE_BOUND('',#1311,.F.);
#1311 = EDGE_LOOP('',(#1312,#1313,#1314,#1315,#1316,#1317,#1318,#1319,
    #1320,#1321,#1322,#1323,#1324,#1325,#1326,#1327,#1328,#1329,#1330,
    #1331,#1332,#1333,#1334,#1335,#1336));
#1312 = ORIENTED_EDGE('',*,*,#488,.T.);
#1313 = ORIENTED_EDGE('',*,*,#520,.T.);
#1314 = ORIENTED_EDGE('',*,*,#552,.T.);
#1315 = ORIENTED_EDGE('',*,*,#584,.T.);
#1316 = ORIENTED_EDGE('',*,*,#616,.T.);
#1317 = ORIENTED_EDGE('',*,*,#648,.T.);
#1318 = ORIENTED_EDGE('',*,*,#680,.T.);
#1319 = ORIENTED_EDGE('',*,*,#711,.T.);
#1320 = ORIENTED_EDGE('',*,*,#742,.T.);
#1321 = ORIENTED_EDGE('',*,*,#773,.T.);
#1322 = ORIENTED_EDGE('',*,*,#805,.T.);
#1323 = ORIENTED_EDGE('',*,*,#837,.T.);
#1324 = ORIENTED_EDGE('',*,*,#868,.T.);
#1325 = ORIENTED_EDGE('',*,*,#899,.T.);
#1326 = ORIENTED_EDGE('',*,*,#930,.T.);
#1327 = ORIENTED_EDGE('',*,*,#961,.T.);
#1328 = ORIENTED_EDGE('',*,*,#992,.T.);
#1329 = ORIENTED_EDGE('',*,*,#1023,.T.);
#1330 = ORIENTED_EDGE('',*,*,#1054,.T.);
#1331 = ORIENTED_EDGE('',*,*,#1085,.T.);
#1332 = ORIENTED_EDGE('',*,*,#1116,.T.);
#1333 = ORIENTED_EDGE('',*,*,#1147,.T.);
#1334 = ORIENTED_EDGE('',*,*,#1178,.T.);
#1335 = ORIENTED_EDGE('',*,*,#1210,.T.);
#1336 = ORIENTED_EDGE('',*,*,#1233,.T.);
#1337 = FACE_BOUND('',#1338,.F.);
#1338 = EDGE_LOOP('',(#1339));
#1339 = ORIENTED_EDGE('',*,*,#1265,.T.);
#1340 = FACE_BOUND('',#1341,.F.);
#1341 = EDGE_LOOP('',(#1342));
#1342 = ORIENTED_EDGE('',*,*,#1298,.T.);
#1343 = PLANE('',#1344);
#1344 = AXIS2_PLACEMENT_3D('',#1345,#1346,#1347);
#1345 = CARTESIAN_POINT('',(0.,0.,0.));
#1346 = DIRECTION('',(-0.,-0.,-1.));
#1347 = DIRECTION('',(-1.,0.,0.));
#1348 = ADVANCED_FACE('',(#1349,#1376,#1379),#1382,.T.);
#1349 = FACE_BOUND('',#1350,.T.);
#1350 = EDGE_LOOP('',(#1351,#1352,#1353,#1354,#1355,#1356,#1357,#1358,
    #1359,#1360,#1361,#1362,#1363,#1364,#1365,#1366,#1367,#1368,#1369,
    #1370,#1371,#1372,#1373,#1374,#1375));
#1351 = ORIENTED_EDGE('',*,*,#472,.T.);
#1352 = ORIENTED_EDGE('',*,*,#503,.T.);
#1353 = ORIENTED_EDGE('',*,*,#536,.T.);
#1354 = ORIENTED_EDGE('',*,*,#567,.T.);
#1355 = ORIENTED_EDGE('',*,*,#600,.T.);
#1356 = ORIENTED_EDGE('',*,*,#631,.T.);
#1357 = ORIENTED_EDGE('',*,*,#664,.T.);
#1358 = ORIENTED_EDGE('',*,*,#695,.T.);
#1359 = ORIENTED_EDGE('',*,*,#726,.T.);
#1360 = ORIENTED_EDGE('',*,*,#757,.T.);
#1361 = ORIENTED_EDGE('',*,*,#788,.T.);
#1362 = ORIENTED_EDGE('',*,*,#821,.T.);
#1363 = ORIENTED_EDGE('',*,*,#852,.T.);
#1364 = ORIENTED_EDGE('',*,*,#883,.T.);
#1365 = ORIENTED_EDGE('',*,*,#914,.T.);
#1366 = ORIENTED_EDGE('',*,*,#945,.T.);
#1367 = ORIENTED_EDGE('',*,*,#976,.T.);
#1368 = ORIENTED_EDGE('',*,*,#1007,.T.);
#1369 = ORIENTED_EDGE('',*,*,#1038,.T.);
#1370 = ORIENTED_EDGE('',*,*,#1069,.T.);
#1371 = ORIENTED_EDGE('',*,*,#1100,.T.);
#1372 = ORIENTED_EDGE('',*,*,#1131,.T.);
#1373 = ORIENTED_EDGE('',*,*,#1162,.T.);
#1374 = ORIENTED_EDGE('',*,*,#1193,.T.);
#1375 = ORIENTED_EDGE('',*,*,#1226,.T.);
#1376 = FACE_BOUND('',#1377,.T.);
#1377 = EDGE_LOOP('',(#1378));
#1378 = ORIENTED_EDGE('',*,*,#1257,.T.);
#1379 = FACE_BOUND('',#1380,.T.);
#1380 = EDGE_LOOP('',(#1381));
#1381 = ORIENTED_EDGE('',*,*,#1290,.T.);
#1382 = PLANE('',#1383);
#1383 = AXIS2_PLACEMENT_3D('',#1384,#1385,#1386);
#1384 = CARTESIAN_POINT('',(0.,0.,-3.5E-02));
#1385 = DIRECTION('',(-0.,-0.,-1.));
#1386 = DIRECTION('',(-1.,0.,0.));
#1387 = MANIFOLD_SOLID_BREP('',#1388);
#1388 = CLOSED_SHELL('',(#1389,#1429,#1462,#1493,#1524,#1557,#1588,#1621
    ,#1652,#1683,#1716,#1738,#1771,#1804,#1829));
#1389 = ADVANCED_FACE('',(#1390),#1424,.T.);
#1390 = FACE_BOUND('',#1391,.T.);
#1391 = EDGE_LOOP('',(#1392,#1402,#1410,#1418));
#1392 = ORIENTED_EDGE('',*,*,#1393,.T.);
#1393 = EDGE_CURVE('',#1394,#1396,#1398,.T.);
#1394 = VERTEX_POINT('',#1395);
#1395 = CARTESIAN_POINT('',(130.865724,-73.993618,1.51));
#1396 = VERTEX_POINT('',#1397);
#1397 = CARTESIAN_POINT('',(130.865724,-73.993618,1.545));
#1398 = LINE('',#1399,#1400);
#1399 = CARTESIAN_POINT('',(130.865724,-73.993618,1.51));
#1400 = VECTOR('',#1401,1.);
#1401 = DIRECTION('',(0.,0.,1.));
#1402 = ORIENTED_EDGE('',*,*,#1403,.T.);
#1403 = EDGE_CURVE('',#1396,#1404,#1406,.T.);
#1404 = VERTEX_POINT('',#1405);
#1405 = CARTESIAN_POINT('',(130.826984,-74.060721,1.545));
#1406 = LINE('',#1407,#1408);
#1407 = CARTESIAN_POINT('',(130.865724,-73.993618,1.545));
#1408 = VECTOR('',#1409,1.);
#1409 = DIRECTION('',(-0.499981268846,-0.866036217951,0.));
#1410 = ORIENTED_EDGE('',*,*,#1411,.F.);
#1411 = EDGE_CURVE('',#1412,#1404,#1414,.T.);
#1412 = VERTEX_POINT('',#1413);
#1413 = CARTESIAN_POINT('',(130.826984,-74.060721,1.51));
#1414 = LINE('',#1415,#1416);
#1415 = CARTESIAN_POINT('',(130.826984,-74.060721,1.51));
#1416 = VECTOR('',#1417,1.);
#1417 = DIRECTION('',(0.,0.,1.));
#1418 = ORIENTED_EDGE('',*,*,#1419,.F.);
#1419 = EDGE_CURVE('',#1394,#1412,#1420,.T.);
#1420 = LINE('',#1421,#1422);
#1421 = CARTESIAN_POINT('',(130.865724,-73.993618,1.51));
#1422 = VECTOR('',#1423,1.);
#1423 = DIRECTION('',(-0.499981268846,-0.866036217951,0.));
#1424 = PLANE('',#1425);
#1425 = AXIS2_PLACEMENT_3D('',#1426,#1427,#1428);
#1426 = CARTESIAN_POINT('',(130.865724,-73.993618,1.51));
#1427 = DIRECTION('',(0.866036217951,-0.499981268846,0.));
#1428 = DIRECTION('',(-0.499981268846,-0.866036217951,0.));
#1429 = ADVANCED_FACE('',(#1430),#1457,.F.);
#1430 = FACE_BOUND('',#1431,.T.);
#1431 = EDGE_LOOP('',(#1432,#1433,#1442,#1450));
#1432 = ORIENTED_EDGE('',*,*,#1411,.T.);
#1433 = ORIENTED_EDGE('',*,*,#1434,.T.);
#1434 = EDGE_CURVE('',#1404,#1435,#1437,.T.);
#1435 = VERTEX_POINT('',#1436);
#1436 = CARTESIAN_POINT('',(131.391278,-74.625015,1.545));
#1437 = CIRCLE('',#1438,0.431891223666);
#1438 = AXIS2_PLACEMENT_3D('',#1439,#1440,#1441);
#1439 = CARTESIAN_POINT('',(131.22599880964,-74.22600019035,1.545));
#1440 = DIRECTION('',(0.,0.,1.));
#1441 = DIRECTION('',(-0.923878022471,0.382687077904,0.));
#1442 = ORIENTED_EDGE('',*,*,#1443,.F.);
#1443 = EDGE_CURVE('',#1444,#1435,#1446,.T.);
#1444 = VERTEX_POINT('',#1445);
#1445 = CARTESIAN_POINT('',(131.391278,-74.625015,1.51));
#1446 = LINE('',#1447,#1448);
#1447 = CARTESIAN_POINT('',(131.391278,-74.625015,1.51));
#1448 = VECTOR('',#1449,1.);
#1449 = DIRECTION('',(0.,0.,1.));
#1450 = ORIENTED_EDGE('',*,*,#1451,.F.);
#1451 = EDGE_CURVE('',#1412,#1444,#1452,.T.);
#1452 = CIRCLE('',#1453,0.431891223666);
#1453 = AXIS2_PLACEMENT_3D('',#1454,#1455,#1456);
#1454 = CARTESIAN_POINT('',(131.22599880964,-74.22600019035,1.51));
#1455 = DIRECTION('',(0.,0.,1.));
#1456 = DIRECTION('',(-0.923878022471,0.382687077904,0.));
#1457 = CYLINDRICAL_SURFACE('',#1458,0.431891223666);
#1458 = AXIS2_PLACEMENT_3D('',#1459,#1460,#1461);
#1459 = CARTESIAN_POINT('',(131.22599880964,-74.22600019035,1.51));
#1460 = DIRECTION('',(-0.,-0.,-1.));
#1461 = DIRECTION('',(-0.923878022471,0.382687077904,0.));
#1462 = ADVANCED_FACE('',(#1463),#1488,.T.);
#1463 = FACE_BOUND('',#1464,.T.);
#1464 = EDGE_LOOP('',(#1465,#1466,#1474,#1482));
#1465 = ORIENTED_EDGE('',*,*,#1443,.T.);
#1466 = ORIENTED_EDGE('',*,*,#1467,.T.);
#1467 = EDGE_CURVE('',#1435,#1468,#1470,.T.);
#1468 = VERTEX_POINT('',#1469);
#1469 = CARTESIAN_POINT('',(131.45838,-74.586274,1.545));
#1470 = LINE('',#1471,#1472);
#1471 = CARTESIAN_POINT('',(131.391278,-74.625015,1.545));
#1472 = VECTOR('',#1473,1.);
#1473 = DIRECTION('',(0.866027403144,0.499996536992,0.));
#1474 = ORIENTED_EDGE('',*,*,#1475,.F.);
#1475 = EDGE_CURVE('',#1476,#1468,#1478,.T.);
#1476 = VERTEX_POINT('',#1477);
#1477 = CARTESIAN_POINT('',(131.45838,-74.586274,1.51));
#1478 = LINE('',#1479,#1480);
#1479 = CARTESIAN_POINT('',(131.45838,-74.586274,1.51));
#1480 = VECTOR('',#1481,1.);
#1481 = DIRECTION('',(0.,0.,1.));
#1482 = ORIENTED_EDGE('',*,*,#1483,.F.);
#1483 = EDGE_CURVE('',#1444,#1476,#1484,.T.);
#1484 = LINE('',#1485,#1486);
#1485 = CARTESIAN_POINT('',(131.391278,-74.625015,1.51));
#1486 = VECTOR('',#1487,1.);
#1487 = DIRECTION('',(0.866027403144,0.499996536992,0.));
#1488 = PLANE('',#1489);
#1489 = AXIS2_PLACEMENT_3D('',#1490,#1491,#1492);
#1490 = CARTESIAN_POINT('',(131.391278,-74.625015,1.51));
#1491 = DIRECTION('',(-0.499996536992,0.866027403144,0.));
#1492 = DIRECTION('',(0.866027403144,0.499996536992,0.));
#1493 = ADVANCED_FACE('',(#1494),#1519,.T.);
#1494 = FACE_BOUND('',#1495,.T.);
#1495 = EDGE_LOOP('',(#1496,#1497,#1505,#1513));
#1496 = ORIENTED_EDGE('',*,*,#1475,.T.);
#1497 = ORIENTED_EDGE('',*,*,#1498,.T.);
#1498 = EDGE_CURVE('',#1468,#1499,#1501,.T.);
#1499 = VERTEX_POINT('',#1500);
#1500 = CARTESIAN_POINT('',(131.709553,-74.837447,1.545));
#1501 = LINE('',#1502,#1503);
#1502 = CARTESIAN_POINT('',(131.45838,-74.586274,1.545));
#1503 = VECTOR('',#1504,1.);
#1504 = DIRECTION('',(0.707106781187,-0.707106781187,0.));
#1505 = ORIENTED_EDGE('',*,*,#1506,.F.);
#1506 = EDGE_CURVE('',#1507,#1499,#1509,.T.);
#1507 = VERTEX_POINT('',#1508);
#1508 = CARTESIAN_POINT('',(131.709553,-74.837447,1.51));
#1509 = LINE('',#1510,#1511);
#1510 = CARTESIAN_POINT('',(131.709553,-74.837447,1.51));
#1511 = VECTOR('',#1512,1.);
#1512 = DIRECTION('',(0.,0.,1.));
#1513 = ORIENTED_EDGE('',*,*,#1514,.F.);
#1514 = EDGE_CURVE('',#1476,#1507,#1515,.T.);
#1515 = LINE('',#1516,#1517);
#1516 = CARTESIAN_POINT('',(131.45838,-74.586274,1.51));
#1517 = VECTOR('',#1518,1.);
#1518 = DIRECTION('',(0.707106781187,-0.707106781187,0.));
#1519 = PLANE('',#1520);
#1520 = AXIS2_PLACEMENT_3D('',#1521,#1522,#1523);
#1521 = CARTESIAN_POINT('',(131.45838,-74.586274,1.51));
#1522 = DIRECTION('',(0.707106781187,0.707106781187,-0.));
#1523 = DIRECTION('',(0.707106781187,-0.707106781187,0.));
#1524 = ADVANCED_FACE('',(#1525),#1552,.T.);
#1525 = FACE_BOUND('',#1526,.T.);
#1526 = EDGE_LOOP('',(#1527,#1528,#1537,#1545));
#1527 = ORIENTED_EDGE('',*,*,#1506,.T.);
#1528 = ORIENTED_EDGE('',*,*,#1529,.T.);
#1529 = EDGE_CURVE('',#1499,#1530,#1532,.T.);
#1530 = VERTEX_POINT('',#1531);
#1531 = CARTESIAN_POINT('',(131.856,-75.191,1.545));
#1532 = CIRCLE('',#1533,0.499992432518);
#1533 = AXIS2_PLACEMENT_3D('',#1534,#1535,#1536);
#1534 = CARTESIAN_POINT('',(131.35600756748,-75.19099764661,1.545));
#1535 = DIRECTION('',(0.,0.,-1.));
#1536 = DIRECTION('',(0.707101566982,0.707111995353,0.));
#1537 = ORIENTED_EDGE('',*,*,#1538,.F.);
#1538 = EDGE_CURVE('',#1539,#1530,#1541,.T.);
#1539 = VERTEX_POINT('',#1540);
#1540 = CARTESIAN_POINT('',(131.856,-75.191,1.51));
#1541 = LINE('',#1542,#1543);
#1542 = CARTESIAN_POINT('',(131.856,-75.191,1.51));
#1543 = VECTOR('',#1544,1.);
#1544 = DIRECTION('',(0.,0.,1.));
#1545 = ORIENTED_EDGE('',*,*,#1546,.F.);
#1546 = EDGE_CURVE('',#1507,#1539,#1547,.T.);
#1547 = CIRCLE('',#1548,0.499992432518);
#1548 = AXIS2_PLACEMENT_3D('',#1549,#1550,#1551);
#1549 = CARTESIAN_POINT('',(131.35600756748,-75.19099764661,1.51));
#1550 = DIRECTION('',(0.,0.,-1.));
#1551 = DIRECTION('',(0.707101566982,0.707111995353,0.));
#1552 = CYLINDRICAL_SURFACE('',#1553,0.499992432518);
#1553 = AXIS2_PLACEMENT_3D('',#1554,#1555,#1556);
#1554 = CARTESIAN_POINT('',(131.35600756748,-75.19099764661,1.51));
#1555 = DIRECTION('',(0.,0.,-1.));
#1556 = DIRECTION('',(0.707101566982,0.707111995353,0.));
#1557 = ADVANCED_FACE('',(#1558),#1583,.T.);
#1558 = FACE_BOUND('',#1559,.T.);
#1559 = EDGE_LOOP('',(#1560,#1561,#1569,#1577));
#1560 = ORIENTED_EDGE('',*,*,#1538,.T.);
#1561 = ORIENTED_EDGE('',*,*,#1562,.T.);
#1562 = EDGE_CURVE('',#1530,#1563,#1565,.T.);
#1563 = VERTEX_POINT('',#1564);
#1564 = CARTESIAN_POINT('',(131.856,-82.818,1.545));
#1565 = LINE('',#1566,#1567);
#1566 = CARTESIAN_POINT('',(131.856,-75.191,1.545));
#1567 = VECTOR('',#1568,1.);
#1568 = DIRECTION('',(0.,-1.,0.));
#1569 = ORIENTED_EDGE('',*,*,#1570,.F.);
#1570 = EDGE_CURVE('',#1571,#1563,#1573,.T.);
#1571 = VERTEX_POINT('',#1572);
#1572 = CARTESIAN_POINT('',(131.856,-82.818,1.51));
#1573 = LINE('',#1574,#1575);
#1574 = CARTESIAN_POINT('',(131.856,-82.818,1.51));
#1575 = VECTOR('',#1576,1.);
#1576 = DIRECTION('',(0.,0.,1.));
#1577 = ORIENTED_EDGE('',*,*,#1578,.F.);
#1578 = EDGE_CURVE('',#1539,#1571,#1579,.T.);
#1579 = LINE('',#1580,#1581);
#1580 = CARTESIAN_POINT('',(131.856,-75.191,1.51));
#1581 = VECTOR('',#1582,1.);
#1582 = DIRECTION('',(0.,-1.,0.));
#1583 = PLANE('',#1584);
#1584 = AXIS2_PLACEMENT_3D('',#1585,#1586,#1587);
#1585 = CARTESIAN_POINT('',(131.856,-75.191,1.51));
#1586 = DIRECTION('',(1.,0.,-0.));
#1587 = DIRECTION('',(0.,-1.,0.));
#1588 = ADVANCED_FACE('',(#1589),#1616,.T.);
#1589 = FACE_BOUND('',#1590,.T.);
#1590 = EDGE_LOOP('',(#1591,#1592,#1601,#1609));
#1591 = ORIENTED_EDGE('',*,*,#1570,.T.);
#1592 = ORIENTED_EDGE('',*,*,#1593,.T.);
#1593 = EDGE_CURVE('',#1563,#1594,#1596,.T.);
#1594 = VERTEX_POINT('',#1595);
#1595 = CARTESIAN_POINT('',(130.856,-82.818,1.545));
#1596 = CIRCLE('',#1597,0.5);
#1597 = AXIS2_PLACEMENT_3D('',#1598,#1599,#1600);
#1598 = CARTESIAN_POINT('',(131.356,-82.81799955666,1.545));
#1599 = DIRECTION('',(-0.,0.,-1.));
#1600 = DIRECTION('',(1.,-8.866804250825E-07,-0.));
#1601 = ORIENTED_EDGE('',*,*,#1602,.F.);
#1602 = EDGE_CURVE('',#1603,#1594,#1605,.T.);
#1603 = VERTEX_POINT('',#1604);
#1604 = CARTESIAN_POINT('',(130.856,-82.818,1.51));
#1605 = LINE('',#1606,#1607);
#1606 = CARTESIAN_POINT('',(130.856,-82.818,1.51));
#1607 = VECTOR('',#1608,1.);
#1608 = DIRECTION('',(0.,0.,1.));
#1609 = ORIENTED_EDGE('',*,*,#1610,.F.);
#1610 = EDGE_CURVE('',#1571,#1603,#1611,.T.);
#1611 = CIRCLE('',#1612,0.5);
#1612 = AXIS2_PLACEMENT_3D('',#1613,#1614,#1615);
#1613 = CARTESIAN_POINT('',(131.356,-82.81799955666,1.51));
#1614 = DIRECTION('',(-0.,0.,-1.));
#1615 = DIRECTION('',(1.,-8.866804250825E-07,-0.));
#1616 = CYLINDRICAL_SURFACE('',#1617,0.5);
#1617 = AXIS2_PLACEMENT_3D('',#1618,#1619,#1620);
#1618 = CARTESIAN_POINT('',(131.356,-82.81799955666,1.51));
#1619 = DIRECTION('',(-0.,0.,-1.));
#1620 = DIRECTION('',(1.,-8.866804250825E-07,-0.));
#1621 = ADVANCED_FACE('',(#1622),#1647,.T.);
#1622 = FACE_BOUND('',#1623,.T.);
#1623 = EDGE_LOOP('',(#1624,#1625,#1633,#1641));
#1624 = ORIENTED_EDGE('',*,*,#1602,.T.);
#1625 = ORIENTED_EDGE('',*,*,#1626,.T.);
#1626 = EDGE_CURVE('',#1594,#1627,#1629,.T.);
#1627 = VERTEX_POINT('',#1628);
#1628 = CARTESIAN_POINT('',(130.856,-75.398106,1.545));
#1629 = LINE('',#1630,#1631);
#1630 = CARTESIAN_POINT('',(130.856,-82.818,1.545));
#1631 = VECTOR('',#1632,1.);
#1632 = DIRECTION('',(0.,1.,0.));
#1633 = ORIENTED_EDGE('',*,*,#1634,.F.);
#1634 = EDGE_CURVE('',#1635,#1627,#1637,.T.);
#1635 = VERTEX_POINT('',#1636);
#1636 = CARTESIAN_POINT('',(130.856,-75.398106,1.51));
#1637 = LINE('',#1638,#1639);
#1638 = CARTESIAN_POINT('',(130.856,-75.398106,1.51));
#1639 = VECTOR('',#1640,1.);
#1640 = DIRECTION('',(0.,0.,1.));
#1641 = ORIENTED_EDGE('',*,*,#1642,.F.);
#1642 = EDGE_CURVE('',#1603,#1635,#1643,.T.);
#1643 = LINE('',#1644,#1645);
#1644 = CARTESIAN_POINT('',(130.856,-82.818,1.51));
#1645 = VECTOR('',#1646,1.);
#1646 = DIRECTION('',(0.,1.,0.));
#1647 = PLANE('',#1648);
#1648 = AXIS2_PLACEMENT_3D('',#1649,#1650,#1651);
#1649 = CARTESIAN_POINT('',(130.856,-82.818,1.51));
#1650 = DIRECTION('',(-1.,0.,0.));
#1651 = DIRECTION('',(0.,1.,0.));
#1652 = ADVANCED_FACE('',(#1653),#1678,.T.);
#1653 = FACE_BOUND('',#1654,.T.);
#1654 = EDGE_LOOP('',(#1655,#1656,#1664,#1672));
#1655 = ORIENTED_EDGE('',*,*,#1634,.T.);
#1656 = ORIENTED_EDGE('',*,*,#1657,.T.);
#1657 = EDGE_CURVE('',#1627,#1658,#1660,.T.);
#1658 = VERTEX_POINT('',#1659);
#1659 = CARTESIAN_POINT('',(130.037447,-74.579553,1.545));
#1660 = LINE('',#1661,#1662);
#1661 = CARTESIAN_POINT('',(130.856,-75.398106,1.545));
#1662 = VECTOR('',#1663,1.);
#1663 = DIRECTION('',(-0.707106781187,0.707106781187,0.));
#1664 = ORIENTED_EDGE('',*,*,#1665,.F.);
#1665 = EDGE_CURVE('',#1666,#1658,#1668,.T.);
#1666 = VERTEX_POINT('',#1667);
#1667 = CARTESIAN_POINT('',(130.037447,-74.579553,1.51));
#1668 = LINE('',#1669,#1670);
#1669 = CARTESIAN_POINT('',(130.037447,-74.579553,1.51));
#1670 = VECTOR('',#1671,1.);
#1671 = DIRECTION('',(0.,0.,1.));
#1672 = ORIENTED_EDGE('',*,*,#1673,.F.);
#1673 = EDGE_CURVE('',#1635,#1666,#1674,.T.);
#1674 = LINE('',#1675,#1676);
#1675 = CARTESIAN_POINT('',(130.856,-75.398106,1.51));
#1676 = VECTOR('',#1677,1.);
#1677 = DIRECTION('',(-0.707106781187,0.707106781187,0.));
#1678 = PLANE('',#1679);
#1679 = AXIS2_PLACEMENT_3D('',#1680,#1681,#1682);
#1680 = CARTESIAN_POINT('',(130.856,-75.398106,1.51));
#1681 = DIRECTION('',(-0.707106781187,-0.707106781187,0.));
#1682 = DIRECTION('',(-0.707106781187,0.707106781187,0.));
#1683 = ADVANCED_FACE('',(#1684),#1711,.T.);
#1684 = FACE_BOUND('',#1685,.T.);
#1685 = EDGE_LOOP('',(#1686,#1687,#1696,#1704));
#1686 = ORIENTED_EDGE('',*,*,#1665,.T.);
#1687 = ORIENTED_EDGE('',*,*,#1688,.T.);
#1688 = EDGE_CURVE('',#1658,#1689,#1691,.T.);
#1689 = VERTEX_POINT('',#1690);
#1690 = CARTESIAN_POINT('',(130.744553,-73.872447,1.545));
#1691 = CIRCLE('',#1692,0.49999944762);
#1692 = AXIS2_PLACEMENT_3D('',#1693,#1694,#1695);
#1693 = CARTESIAN_POINT('',(130.39099901576,-74.22599901576,1.545));
#1694 = DIRECTION('',(0.,0.,-1.));
#1695 = DIRECTION('',(-0.707104812719,-0.707108749649,-0.));
#1696 = ORIENTED_EDGE('',*,*,#1697,.F.);
#1697 = EDGE_CURVE('',#1698,#1689,#1700,.T.);
#1698 = VERTEX_POINT('',#1699);
#1699 = CARTESIAN_POINT('',(130.744553,-73.872447,1.51));
#1700 = LINE('',#1701,#1702);
#1701 = CARTESIAN_POINT('',(130.744553,-73.872447,1.51));
#1702 = VECTOR('',#1703,1.);
#1703 = DIRECTION('',(0.,0.,1.));
#1704 = ORIENTED_EDGE('',*,*,#1705,.F.);
#1705 = EDGE_CURVE('',#1666,#1698,#1706,.T.);
#1706 = CIRCLE('',#1707,0.49999944762);
#1707 = AXIS2_PLACEMENT_3D('',#1708,#1709,#1710);
#1708 = CARTESIAN_POINT('',(130.39099901576,-74.22599901576,1.51));
#1709 = DIRECTION('',(0.,0.,-1.));
#1710 = DIRECTION('',(-0.707104812719,-0.707108749649,-0.));
#1711 = CYLINDRICAL_SURFACE('',#1712,0.49999944762);
#1712 = AXIS2_PLACEMENT_3D('',#1713,#1714,#1715);
#1713 = CARTESIAN_POINT('',(130.39099901576,-74.22599901576,1.51));
#1714 = DIRECTION('',(0.,0.,-1.));
#1715 = DIRECTION('',(-0.707104812719,-0.707108749649,-0.));
#1716 = ADVANCED_FACE('',(#1717),#1733,.T.);
#1717 = FACE_BOUND('',#1718,.T.);
#1718 = EDGE_LOOP('',(#1719,#1720,#1726,#1727));
#1719 = ORIENTED_EDGE('',*,*,#1697,.T.);
#1720 = ORIENTED_EDGE('',*,*,#1721,.T.);
#1721 = EDGE_CURVE('',#1689,#1396,#1722,.T.);
#1722 = LINE('',#1723,#1724);
#1723 = CARTESIAN_POINT('',(130.744553,-73.872447,1.545));
#1724 = VECTOR('',#1725,1.);
#1725 = DIRECTION('',(0.707106781187,-0.707106781187,0.));
#1726 = ORIENTED_EDGE('',*,*,#1393,.F.);
#1727 = ORIENTED_EDGE('',*,*,#1728,.F.);
#1728 = EDGE_CURVE('',#1698,#1394,#1729,.T.);
#1729 = LINE('',#1730,#1731);
#1730 = CARTESIAN_POINT('',(130.744553,-73.872447,1.51));
#1731 = VECTOR('',#1732,1.);
#1732 = DIRECTION('',(0.707106781187,-0.707106781187,0.));
#1733 = PLANE('',#1734);
#1734 = AXIS2_PLACEMENT_3D('',#1735,#1736,#1737);
#1735 = CARTESIAN_POINT('',(130.744553,-73.872447,1.51));
#1736 = DIRECTION('',(0.707106781187,0.707106781187,-0.));
#1737 = DIRECTION('',(0.707106781187,-0.707106781187,0.));
#1738 = ADVANCED_FACE('',(#1739),#1766,.F.);
#1739 = FACE_BOUND('',#1740,.T.);
#1740 = EDGE_LOOP('',(#1741,#1751,#1758,#1759));
#1741 = ORIENTED_EDGE('',*,*,#1742,.T.);
#1742 = EDGE_CURVE('',#1743,#1745,#1747,.T.);
#1743 = VERTEX_POINT('',#1744);
#1744 = CARTESIAN_POINT('',(131.843392,-82.818,1.51));
#1745 = VERTEX_POINT('',#1746);
#1746 = CARTESIAN_POINT('',(131.843392,-82.818,1.545));
#1747 = LINE('',#1748,#1749);
#1748 = CARTESIAN_POINT('',(131.843392,-82.818,1.51));
#1749 = VECTOR('',#1750,1.);
#1750 = DIRECTION('',(0.,0.,1.));
#1751 = ORIENTED_EDGE('',*,*,#1752,.T.);
#1752 = EDGE_CURVE('',#1745,#1745,#1753,.T.);
#1753 = CIRCLE('',#1754,0.487392);
#1754 = AXIS2_PLACEMENT_3D('',#1755,#1756,#1757);
#1755 = CARTESIAN_POINT('',(131.356,-82.818,1.545));
#1756 = DIRECTION('',(0.,0.,1.));
#1757 = DIRECTION('',(1.,0.,-0.));
#1758 = ORIENTED_EDGE('',*,*,#1742,.F.);
#1759 = ORIENTED_EDGE('',*,*,#1760,.F.);
#1760 = EDGE_CURVE('',#1743,#1743,#1761,.T.);
#1761 = CIRCLE('',#1762,0.487392);
#1762 = AXIS2_PLACEMENT_3D('',#1763,#1764,#1765);
#1763 = CARTESIAN_POINT('',(131.356,-82.818,1.51));
#1764 = DIRECTION('',(0.,0.,1.));
#1765 = DIRECTION('',(1.,0.,-0.));
#1766 = CYLINDRICAL_SURFACE('',#1767,0.487392);
#1767 = AXIS2_PLACEMENT_3D('',#1768,#1769,#1770);
#1768 = CARTESIAN_POINT('',(131.356,-82.818,1.51));
#1769 = DIRECTION('',(-0.,-0.,-1.));
#1770 = DIRECTION('',(1.,0.,-0.));
#1771 = ADVANCED_FACE('',(#1772),#1799,.F.);
#1772 = FACE_BOUND('',#1773,.T.);
#1773 = EDGE_LOOP('',(#1774,#1784,#1791,#1792));
#1774 = ORIENTED_EDGE('',*,*,#1775,.T.);
#1775 = EDGE_CURVE('',#1776,#1778,#1780,.T.);
#1776 = VERTEX_POINT('',#1777);
#1777 = CARTESIAN_POINT('',(131.847392,-79.106,1.51));
#1778 = VERTEX_POINT('',#1779);
#1779 = CARTESIAN_POINT('',(131.847392,-79.106,1.545));
#1780 = LINE('',#1781,#1782);
#1781 = CARTESIAN_POINT('',(131.847392,-79.106,1.51));
#1782 = VECTOR('',#1783,1.);
#1783 = DIRECTION('',(0.,0.,1.));
#1784 = ORIENTED_EDGE('',*,*,#1785,.T.);
#1785 = EDGE_CURVE('',#1778,#1778,#1786,.T.);
#1786 = CIRCLE('',#1787,0.487392);
#1787 = AXIS2_PLACEMENT_3D('',#1788,#1789,#1790);
#1788 = CARTESIAN_POINT('',(131.36,-79.106,1.545));
#1789 = DIRECTION('',(0.,0.,1.));
#1790 = DIRECTION('',(1.,0.,-0.));
#1791 = ORIENTED_EDGE('',*,*,#1775,.F.);
#1792 = ORIENTED_EDGE('',*,*,#1793,.F.);
#1793 = EDGE_CURVE('',#1776,#1776,#1794,.T.);
#1794 = CIRCLE('',#1795,0.487392);
#1795 = AXIS2_PLACEMENT_3D('',#1796,#1797,#1798);
#1796 = CARTESIAN_POINT('',(131.36,-79.106,1.51));
#1797 = DIRECTION('',(0.,0.,1.));
#1798 = DIRECTION('',(1.,0.,-0.));
#1799 = CYLINDRICAL_SURFACE('',#1800,0.487392);
#1800 = AXIS2_PLACEMENT_3D('',#1801,#1802,#1803);
#1801 = CARTESIAN_POINT('',(131.36,-79.106,1.51));
#1802 = DIRECTION('',(-0.,-0.,-1.));
#1803 = DIRECTION('',(1.,0.,-0.));
#1804 = ADVANCED_FACE('',(#1805,#1818,#1821),#1824,.F.);
#1805 = FACE_BOUND('',#1806,.T.);
#1806 = EDGE_LOOP('',(#1807,#1808,#1809,#1810,#1811,#1812,#1813,#1814,
    #1815,#1816,#1817));
#1807 = ORIENTED_EDGE('',*,*,#1419,.T.);
#1808 = ORIENTED_EDGE('',*,*,#1451,.T.);
#1809 = ORIENTED_EDGE('',*,*,#1483,.T.);
#1810 = ORIENTED_EDGE('',*,*,#1514,.T.);
#1811 = ORIENTED_EDGE('',*,*,#1546,.T.);
#1812 = ORIENTED_EDGE('',*,*,#1578,.T.);
#1813 = ORIENTED_EDGE('',*,*,#1610,.T.);
#1814 = ORIENTED_EDGE('',*,*,#1642,.T.);
#1815 = ORIENTED_EDGE('',*,*,#1673,.T.);
#1816 = ORIENTED_EDGE('',*,*,#1705,.T.);
#1817 = ORIENTED_EDGE('',*,*,#1728,.T.);
#1818 = FACE_BOUND('',#1819,.T.);
#1819 = EDGE_LOOP('',(#1820));
#1820 = ORIENTED_EDGE('',*,*,#1760,.T.);
#1821 = FACE_BOUND('',#1822,.T.);
#1822 = EDGE_LOOP('',(#1823));
#1823 = ORIENTED_EDGE('',*,*,#1793,.T.);
#1824 = PLANE('',#1825);
#1825 = AXIS2_PLACEMENT_3D('',#1826,#1827,#1828);
#1826 = CARTESIAN_POINT('',(0.,0.,1.51));
#1827 = DIRECTION('',(0.,0.,1.));
#1828 = DIRECTION('',(1.,0.,-0.));
#1829 = ADVANCED_FACE('',(#1830,#1843,#1846),#1849,.T.);
#1830 = FACE_BOUND('',#1831,.F.);
#1831 = EDGE_LOOP('',(#1832,#1833,#1834,#1835,#1836,#1837,#1838,#1839,
    #1840,#1841,#1842));
#1832 = ORIENTED_EDGE('',*,*,#1403,.T.);
#1833 = ORIENTED_EDGE('',*,*,#1434,.T.);
#1834 = ORIENTED_EDGE('',*,*,#1467,.T.);
#1835 = ORIENTED_EDGE('',*,*,#1498,.T.);
#1836 = ORIENTED_EDGE('',*,*,#1529,.T.);
#1837 = ORIENTED_EDGE('',*,*,#1562,.T.);
#1838 = ORIENTED_EDGE('',*,*,#1593,.T.);
#1839 = ORIENTED_EDGE('',*,*,#1626,.T.);
#1840 = ORIENTED_EDGE('',*,*,#1657,.T.);
#1841 = ORIENTED_EDGE('',*,*,#1688,.T.);
#1842 = ORIENTED_EDGE('',*,*,#1721,.T.);
#1843 = FACE_BOUND('',#1844,.F.);
#1844 = EDGE_LOOP('',(#1845));
#1845 = ORIENTED_EDGE('',*,*,#1752,.T.);
#1846 = FACE_BOUND('',#1847,.F.);
#1847 = EDGE_LOOP('',(#1848));
#1848 = ORIENTED_EDGE('',*,*,#1785,.T.);
#1849 = PLANE('',#1850);
#1850 = AXIS2_PLACEMENT_3D('',#1851,#1852,#1853);
#1851 = CARTESIAN_POINT('',(0.,0.,1.545));
#1852 = DIRECTION('',(0.,0.,1.));
#1853 = DIRECTION('',(1.,0.,-0.));
#1854 = MANIFOLD_SOLID_BREP('',#1855);
#1855 = CLOSED_SHELL('',(#1856,#1898,#1929,#1962,#1993,#2024,#2057,#2088
    ,#2121,#2152,#2183,#2216,#2247,#2278,#2309,#2331,#2364,#2397,#2426)
  );
#1856 = ADVANCED_FACE('',(#1857),#1893,.T.);
#1857 = FACE_BOUND('',#1858,.T.);
#1858 = EDGE_LOOP('',(#1859,#1869,#1878,#1886));
#1859 = ORIENTED_EDGE('',*,*,#1860,.T.);
#1860 = EDGE_CURVE('',#1861,#1863,#1865,.T.);
#1861 = VERTEX_POINT('',#1862);
#1862 = CARTESIAN_POINT('',(139.998658,-78.64406,1.51));
#1863 = VERTEX_POINT('',#1864);
#1864 = CARTESIAN_POINT('',(139.998658,-78.64406,1.545));
#1865 = LINE('',#1866,#1867);
#1866 = CARTESIAN_POINT('',(139.998658,-78.64406,1.51));
#1867 = VECTOR('',#1868,1.);
#1868 = DIRECTION('',(0.,0.,1.));
#1869 = ORIENTED_EDGE('',*,*,#1870,.T.);
#1870 = EDGE_CURVE('',#1863,#1871,#1873,.T.);
#1871 = VERTEX_POINT('',#1872);
#1872 = CARTESIAN_POINT('',(140.69,-79.128,1.545));
#1873 = CIRCLE('',#1874,0.500537915059);
#1874 = AXIS2_PLACEMENT_3D('',#1875,#1876,#1877);
#1875 = CARTESIAN_POINT('',(140.18991910811,-79.10661528635,1.545));
#1876 = DIRECTION('',(0.,0.,-1.));
#1877 = DIRECTION('',(-0.382111129558,0.924116380478,0.));
#1878 = ORIENTED_EDGE('',*,*,#1879,.F.);
#1879 = EDGE_CURVE('',#1880,#1871,#1882,.T.);
#1880 = VERTEX_POINT('',#1881);
#1881 = CARTESIAN_POINT('',(140.69,-79.128,1.51));
#1882 = LINE('',#1883,#1884);
#1883 = CARTESIAN_POINT('',(140.69,-79.128,1.51));
#1884 = VECTOR('',#1885,1.);
#1885 = DIRECTION('',(0.,0.,1.));
#1886 = ORIENTED_EDGE('',*,*,#1887,.F.);
#1887 = EDGE_CURVE('',#1861,#1880,#1888,.T.);
#1888 = CIRCLE('',#1889,0.500537915059);
#1889 = AXIS2_PLACEMENT_3D('',#1890,#1891,#1892);
#1890 = CARTESIAN_POINT('',(140.18991910811,-79.10661528635,1.51));
#1891 = DIRECTION('',(0.,0.,-1.));
#1892 = DIRECTION('',(-0.382111129558,0.924116380478,0.));
#1893 = CYLINDRICAL_SURFACE('',#1894,0.500537915059);
#1894 = AXIS2_PLACEMENT_3D('',#1895,#1896,#1897);
#1895 = CARTESIAN_POINT('',(140.18991910811,-79.10661528635,1.51));
#1896 = DIRECTION('',(0.,0.,-1.));
#1897 = DIRECTION('',(-0.382111129558,0.924116380478,0.));
#1898 = ADVANCED_FACE('',(#1899),#1924,.T.);
#1899 = FACE_BOUND('',#1900,.T.);
#1900 = EDGE_LOOP('',(#1901,#1902,#1910,#1918));
#1901 = ORIENTED_EDGE('',*,*,#1879,.T.);
#1902 = ORIENTED_EDGE('',*,*,#1903,.T.);
#1903 = EDGE_CURVE('',#1871,#1904,#1906,.T.);
#1904 = VERTEX_POINT('',#1905);
#1905 = CARTESIAN_POINT('',(140.685723,-79.193263,1.545));
#1906 = LINE('',#1907,#1908);
#1907 = CARTESIAN_POINT('',(140.69,-79.128,1.545));
#1908 = VECTOR('',#1909,1.);
#1909 = DIRECTION('',(-6.539455767272E-02,-0.997859485011,0.));
#1910 = ORIENTED_EDGE('',*,*,#1911,.F.);
#1911 = EDGE_CURVE('',#1912,#1904,#1914,.T.);
#1912 = VERTEX_POINT('',#1913);
#1913 = CARTESIAN_POINT('',(140.685723,-79.193263,1.51));
#1914 = LINE('',#1915,#1916);
#1915 = CARTESIAN_POINT('',(140.685723,-79.193263,1.51));
#1916 = VECTOR('',#1917,1.);
#1917 = DIRECTION('',(0.,0.,1.));
#1918 = ORIENTED_EDGE('',*,*,#1919,.F.);
#1919 = EDGE_CURVE('',#1880,#1912,#1920,.T.);
#1920 = LINE('',#1921,#1922);
#1921 = CARTESIAN_POINT('',(140.69,-79.128,1.51));
#1922 = VECTOR('',#1923,1.);
#1923 = DIRECTION('',(-6.539455767272E-02,-0.997859485011,0.));
#1924 = PLANE('',#1925);
#1925 = AXIS2_PLACEMENT_3D('',#1926,#1927,#1928);
#1926 = CARTESIAN_POINT('',(140.69,-79.128,1.51));
#1927 = DIRECTION('',(0.997859485011,-6.539455767272E-02,0.));
#1928 = DIRECTION('',(-6.539455767272E-02,-0.997859485011,0.));
#1929 = ADVANCED_FACE('',(#1930),#1957,.T.);
#1930 = FACE_BOUND('',#1931,.T.);
#1931 = EDGE_LOOP('',(#1932,#1933,#1942,#1950));
#1932 = ORIENTED_EDGE('',*,*,#1911,.T.);
#1933 = ORIENTED_EDGE('',*,*,#1934,.T.);
#1934 = EDGE_CURVE('',#1904,#1935,#1937,.T.);
#1935 = VERTEX_POINT('',#1936);
#1936 = CARTESIAN_POINT('',(140.543553,-79.481553,1.545));
#1937 = CIRCLE('',#1938,0.499996049417);
#1938 = AXIS2_PLACEMENT_3D('',#1939,#1940,#1941);
#1939 = CARTESIAN_POINT('',(140.19000450123,-79.12800030455,1.545));
#1940 = DIRECTION('',(0.,0.,-1.));
#1941 = DIRECTION('',(0.991444831097,-0.130526422196,0.));
#1942 = ORIENTED_EDGE('',*,*,#1943,.F.);
#1943 = EDGE_CURVE('',#1944,#1935,#1946,.T.);
#1944 = VERTEX_POINT('',#1945);
#1945 = CARTESIAN_POINT('',(140.543553,-79.481553,1.51));
#1946 = LINE('',#1947,#1948);
#1947 = CARTESIAN_POINT('',(140.543553,-79.481553,1.51));
#1948 = VECTOR('',#1949,1.);
#1949 = DIRECTION('',(0.,0.,1.));
#1950 = ORIENTED_EDGE('',*,*,#1951,.F.);
#1951 = EDGE_CURVE('',#1912,#1944,#1952,.T.);
#1952 = CIRCLE('',#1953,0.499996049417);
#1953 = AXIS2_PLACEMENT_3D('',#1954,#1955,#1956);
#1954 = CARTESIAN_POINT('',(140.19000450123,-79.12800030455,1.51));
#1955 = DIRECTION('',(0.,0.,-1.));
#1956 = DIRECTION('',(0.991444831097,-0.130526422196,0.));
#1957 = CYLINDRICAL_SURFACE('',#1958,0.499996049417);
#1958 = AXIS2_PLACEMENT_3D('',#1959,#1960,#1961);
#1959 = CARTESIAN_POINT('',(140.19000450123,-79.12800030455,1.51));
#1960 = DIRECTION('',(0.,0.,-1.));
#1961 = DIRECTION('',(0.991444831097,-0.130526422196,0.));
#1962 = ADVANCED_FACE('',(#1963),#1988,.T.);
#1963 = FACE_BOUND('',#1964,.T.);
#1964 = EDGE_LOOP('',(#1965,#1966,#1974,#1982));
#1965 = ORIENTED_EDGE('',*,*,#1943,.T.);
#1966 = ORIENTED_EDGE('',*,*,#1967,.T.);
#1967 = EDGE_CURVE('',#1935,#1968,#1970,.T.);
#1968 = VERTEX_POINT('',#1969);
#1969 = CARTESIAN_POINT('',(139.88,-80.145106,1.545));
#1970 = LINE('',#1971,#1972);
#1971 = CARTESIAN_POINT('',(140.543553,-79.481553,1.545));
#1972 = VECTOR('',#1973,1.);
#1973 = DIRECTION('',(-0.707106781187,-0.707106781187,0.));
#1974 = ORIENTED_EDGE('',*,*,#1975,.F.);
#1975 = EDGE_CURVE('',#1976,#1968,#1978,.T.);
#1976 = VERTEX_POINT('',#1977);
#1977 = CARTESIAN_POINT('',(139.88,-80.145106,1.51));
#1978 = LINE('',#1979,#1980);
#1979 = CARTESIAN_POINT('',(139.88,-80.145106,1.51));
#1980 = VECTOR('',#1981,1.);
#1981 = DIRECTION('',(0.,0.,1.));
#1982 = ORIENTED_EDGE('',*,*,#1983,.F.);
#1983 = EDGE_CURVE('',#1944,#1976,#1984,.T.);
#1984 = LINE('',#1985,#1986);
#1985 = CARTESIAN_POINT('',(140.543553,-79.481553,1.51));
#1986 = VECTOR('',#1987,1.);
#1987 = DIRECTION('',(-0.707106781187,-0.707106781187,0.));
#1988 = PLANE('',#1989);
#1989 = AXIS2_PLACEMENT_3D('',#1990,#1991,#1992);
#1990 = CARTESIAN_POINT('',(140.543553,-79.481553,1.51));
#1991 = DIRECTION('',(0.707106781187,-0.707106781187,0.));
#1992 = DIRECTION('',(-0.707106781187,-0.707106781187,0.));
#1993 = ADVANCED_FACE('',(#1994),#2019,.T.);
#1994 = FACE_BOUND('',#1995,.T.);
#1995 = EDGE_LOOP('',(#1996,#1997,#2005,#2013));
#1996 = ORIENTED_EDGE('',*,*,#1975,.T.);
#1997 = ORIENTED_EDGE('',*,*,#1998,.T.);
#1998 = EDGE_CURVE('',#1968,#1999,#2001,.T.);
#1999 = VERTEX_POINT('',#2000);
#2000 = CARTESIAN_POINT('',(139.88,-85.492,1.545));
#2001 = LINE('',#2002,#2003);
#2002 = CARTESIAN_POINT('',(139.88,-80.145106,1.545));
#2003 = VECTOR('',#2004,1.);
#2004 = DIRECTION('',(0.,-1.,0.));
#2005 = ORIENTED_EDGE('',*,*,#2006,.F.);
#2006 = EDGE_CURVE('',#2007,#1999,#2009,.T.);
#2007 = VERTEX_POINT('',#2008);
#2008 = CARTESIAN_POINT('',(139.88,-85.492,1.51));
#2009 = LINE('',#2010,#2011);
#2010 = CARTESIAN_POINT('',(139.88,-85.492,1.51));
#2011 = VECTOR('',#2012,1.);
#2012 = DIRECTION('',(0.,0.,1.));
#2013 = ORIENTED_EDGE('',*,*,#2014,.F.);
#2014 = EDGE_CURVE('',#1976,#2007,#2015,.T.);
#2015 = LINE('',#2016,#2017);
#2016 = CARTESIAN_POINT('',(139.88,-80.145106,1.51));
#2017 = VECTOR('',#2018,1.);
#2018 = DIRECTION('',(0.,-1.,0.));
#2019 = PLANE('',#2020);
#2020 = AXIS2_PLACEMENT_3D('',#2021,#2022,#2023);
#2021 = CARTESIAN_POINT('',(139.88,-80.145106,1.51));
#2022 = DIRECTION('',(1.,0.,-0.));
#2023 = DIRECTION('',(0.,-1.,0.));
#2024 = ADVANCED_FACE('',(#2025),#2052,.T.);
#2025 = FACE_BOUND('',#2026,.T.);
#2026 = EDGE_LOOP('',(#2027,#2028,#2037,#2045));
#2027 = ORIENTED_EDGE('',*,*,#2006,.T.);
#2028 = ORIENTED_EDGE('',*,*,#2029,.T.);
#2029 = EDGE_CURVE('',#1999,#2030,#2032,.T.);
#2030 = VERTEX_POINT('',#2031);
#2031 = CARTESIAN_POINT('',(139.733553,-85.845554,1.545));
#2032 = CIRCLE('',#2033,0.499997077092);
#2033 = AXIS2_PLACEMENT_3D('',#2034,#2035,#2036);
#2034 = CARTESIAN_POINT('',(139.38000292291,-85.49200142952,1.545));
#2035 = DIRECTION('',(0.,0.,-1.));
#2036 = DIRECTION('',(0.999999999996,2.859064240288E-06,0.));
#2037 = ORIENTED_EDGE('',*,*,#2038,.F.);
#2038 = EDGE_CURVE('',#2039,#2030,#2041,.T.);
#2039 = VERTEX_POINT('',#2040);
#2040 = CARTESIAN_POINT('',(139.733553,-85.845554,1.51));
#2041 = LINE('',#2042,#2043);
#2042 = CARTESIAN_POINT('',(139.733553,-85.845554,1.51));
#2043 = VECTOR('',#2044,1.);
#2044 = DIRECTION('',(0.,0.,1.));
#2045 = ORIENTED_EDGE('',*,*,#2046,.F.);
#2046 = EDGE_CURVE('',#2007,#2039,#2047,.T.);
#2047 = CIRCLE('',#2048,0.499997077092);
#2048 = AXIS2_PLACEMENT_3D('',#2049,#2050,#2051);
#2049 = CARTESIAN_POINT('',(139.38000292291,-85.49200142952,1.51));
#2050 = DIRECTION('',(0.,0.,-1.));
#2051 = DIRECTION('',(0.999999999996,2.859064240288E-06,0.));
#2052 = CYLINDRICAL_SURFACE('',#2053,0.499997077092);
#2053 = AXIS2_PLACEMENT_3D('',#2054,#2055,#2056);
#2054 = CARTESIAN_POINT('',(139.38000292291,-85.49200142952,1.51));
#2055 = DIRECTION('',(0.,0.,-1.));
#2056 = DIRECTION('',(0.999999999996,2.859064240288E-06,0.));
#2057 = ADVANCED_FACE('',(#2058),#2083,.T.);
#2058 = FACE_BOUND('',#2059,.T.);
#2059 = EDGE_LOOP('',(#2060,#2061,#2069,#2077));
#2060 = ORIENTED_EDGE('',*,*,#2038,.T.);
#2061 = ORIENTED_EDGE('',*,*,#2062,.T.);
#2062 = EDGE_CURVE('',#2030,#2063,#2065,.T.);
#2063 = VERTEX_POINT('',#2064);
#2064 = CARTESIAN_POINT('',(137.619553,-87.959553,1.545));
#2065 = LINE('',#2066,#2067);
#2066 = CARTESIAN_POINT('',(139.733553,-85.845554,1.545));
#2067 = VECTOR('',#2068,1.);
#2068 = DIRECTION('',(-0.70710694843,-0.707106613943,0.));
#2069 = ORIENTED_EDGE('',*,*,#2070,.F.);
#2070 = EDGE_CURVE('',#2071,#2063,#2073,.T.);
#2071 = VERTEX_POINT('',#2072);
#2072 = CARTESIAN_POINT('',(137.619553,-87.959553,1.51));
#2073 = LINE('',#2074,#2075);
#2074 = CARTESIAN_POINT('',(137.619553,-87.959553,1.51));
#2075 = VECTOR('',#2076,1.);
#2076 = DIRECTION('',(0.,0.,1.));
#2077 = ORIENTED_EDGE('',*,*,#2078,.F.);
#2078 = EDGE_CURVE('',#2039,#2071,#2079,.T.);
#2079 = LINE('',#2080,#2081);
#2080 = CARTESIAN_POINT('',(139.733553,-85.845554,1.51));
#2081 = VECTOR('',#2082,1.);
#2082 = DIRECTION('',(-0.70710694843,-0.707106613943,0.));
#2083 = PLANE('',#2084);
#2084 = AXIS2_PLACEMENT_3D('',#2085,#2086,#2087);
#2085 = CARTESIAN_POINT('',(139.733553,-85.845554,1.51));
#2086 = DIRECTION('',(0.707106613943,-0.70710694843,0.));
#2087 = DIRECTION('',(-0.70710694843,-0.707106613943,0.));
#2088 = ADVANCED_FACE('',(#2089),#2116,.T.);
#2089 = FACE_BOUND('',#2090,.T.);
#2090 = EDGE_LOOP('',(#2091,#2092,#2101,#2109));
#2091 = ORIENTED_EDGE('',*,*,#2070,.T.);
#2092 = ORIENTED_EDGE('',*,*,#2093,.T.);
#2093 = EDGE_CURVE('',#2063,#2094,#2096,.T.);
#2094 = VERTEX_POINT('',#2095);
#2095 = CARTESIAN_POINT('',(136.912447,-87.252447,1.545));
#2096 = CIRCLE('',#2097,0.499999447618);
#2097 = AXIS2_PLACEMENT_3D('',#2098,#2099,#2100);
#2098 = CARTESIAN_POINT('',(137.26600029544,-87.60599970455,1.545));
#2099 = DIRECTION('',(-0.,0.,-1.));
#2100 = DIRECTION('',(0.707106190303,-0.70710737207,-0.));
#2101 = ORIENTED_EDGE('',*,*,#2102,.F.);
#2102 = EDGE_CURVE('',#2103,#2094,#2105,.T.);
#2103 = VERTEX_POINT('',#2104);
#2104 = CARTESIAN_POINT('',(136.912447,-87.252447,1.51));
#2105 = LINE('',#2106,#2107);
#2106 = CARTESIAN_POINT('',(136.912447,-87.252447,1.51));
#2107 = VECTOR('',#2108,1.);
#2108 = DIRECTION('',(0.,0.,1.));
#2109 = ORIENTED_EDGE('',*,*,#2110,.F.);
#2110 = EDGE_CURVE('',#2071,#2103,#2111,.T.);
#2111 = CIRCLE('',#2112,0.499999447618);
#2112 = AXIS2_PLACEMENT_3D('',#2113,#2114,#2115);
#2113 = CARTESIAN_POINT('',(137.26600029544,-87.60599970455,1.51));
#2114 = DIRECTION('',(-0.,0.,-1.));
#2115 = DIRECTION('',(0.707106190303,-0.70710737207,-0.));
#2116 = CYLINDRICAL_SURFACE('',#2117,0.499999447618);
#2117 = AXIS2_PLACEMENT_3D('',#2118,#2119,#2120);
#2118 = CARTESIAN_POINT('',(137.26600029544,-87.60599970455,1.51));
#2119 = DIRECTION('',(-0.,0.,-1.));
#2120 = DIRECTION('',(0.707106190303,-0.70710737207,-0.));
#2121 = ADVANCED_FACE('',(#2122),#2147,.T.);
#2122 = FACE_BOUND('',#2123,.T.);
#2123 = EDGE_LOOP('',(#2124,#2125,#2133,#2141));
#2124 = ORIENTED_EDGE('',*,*,#2102,.T.);
#2125 = ORIENTED_EDGE('',*,*,#2126,.T.);
#2126 = EDGE_CURVE('',#2094,#2127,#2129,.T.);
#2127 = VERTEX_POINT('',#2128);
#2128 = CARTESIAN_POINT('',(138.88,-85.284893,1.545));
#2129 = LINE('',#2130,#2131);
#2130 = CARTESIAN_POINT('',(136.912447,-87.252447,1.545));
#2131 = VECTOR('',#2132,1.);
#2132 = DIRECTION('',(0.707106601495,0.707106960878,0.));
#2133 = ORIENTED_EDGE('',*,*,#2134,.F.);
#2134 = EDGE_CURVE('',#2135,#2127,#2137,.T.);
#2135 = VERTEX_POINT('',#2136);
#2136 = CARTESIAN_POINT('',(138.88,-85.284893,1.51));
#2137 = LINE('',#2138,#2139);
#2138 = CARTESIAN_POINT('',(138.88,-85.284893,1.51));
#2139 = VECTOR('',#2140,1.);
#2140 = DIRECTION('',(0.,0.,1.));
#2141 = ORIENTED_EDGE('',*,*,#2142,.F.);
#2142 = EDGE_CURVE('',#2103,#2135,#2143,.T.);
#2143 = LINE('',#2144,#2145);
#2144 = CARTESIAN_POINT('',(136.912447,-87.252447,1.51));
#2145 = VECTOR('',#2146,1.);
#2146 = DIRECTION('',(0.707106601495,0.707106960878,0.));
#2147 = PLANE('',#2148);
#2148 = AXIS2_PLACEMENT_3D('',#2149,#2150,#2151);
#2149 = CARTESIAN_POINT('',(136.912447,-87.252447,1.51));
#2150 = DIRECTION('',(-0.707106960878,0.707106601495,0.));
#2151 = DIRECTION('',(0.707106601495,0.707106960878,0.));
#2152 = ADVANCED_FACE('',(#2153),#2178,.T.);
#2153 = FACE_BOUND('',#2154,.T.);
#2154 = EDGE_LOOP('',(#2155,#2156,#2164,#2172));
#2155 = ORIENTED_EDGE('',*,*,#2134,.T.);
#2156 = ORIENTED_EDGE('',*,*,#2157,.T.);
#2157 = EDGE_CURVE('',#2127,#2158,#2160,.T.);
#2158 = VERTEX_POINT('',#2159);
#2159 = CARTESIAN_POINT('',(138.88,-79.938,1.545));
#2160 = LINE('',#2161,#2162);
#2161 = CARTESIAN_POINT('',(138.88,-85.284893,1.545));
#2162 = VECTOR('',#2163,1.);
#2163 = DIRECTION('',(0.,1.,0.));
#2164 = ORIENTED_EDGE('',*,*,#2165,.F.);
#2165 = EDGE_CURVE('',#2166,#2158,#2168,.T.);
#2166 = VERTEX_POINT('',#2167);
#2167 = CARTESIAN_POINT('',(138.88,-79.938,1.51));
#2168 = LINE('',#2169,#2170);
#2169 = CARTESIAN_POINT('',(138.88,-79.938,1.51));
#2170 = VECTOR('',#2171,1.);
#2171 = DIRECTION('',(0.,0.,1.));
#2172 = ORIENTED_EDGE('',*,*,#2173,.F.);
#2173 = EDGE_CURVE('',#2135,#2166,#2174,.T.);
#2174 = LINE('',#2175,#2176);
#2175 = CARTESIAN_POINT('',(138.88,-85.284893,1.51));
#2176 = VECTOR('',#2177,1.);
#2177 = DIRECTION('',(0.,1.,0.));
#2178 = PLANE('',#2179);
#2179 = AXIS2_PLACEMENT_3D('',#2180,#2181,#2182);
#2180 = CARTESIAN_POINT('',(138.88,-85.284893,1.51));
#2181 = DIRECTION('',(-1.,0.,0.));
#2182 = DIRECTION('',(0.,1.,0.));
#2183 = ADVANCED_FACE('',(#2184),#2211,.T.);
#2184 = FACE_BOUND('',#2185,.T.);
#2185 = EDGE_LOOP('',(#2186,#2187,#2196,#2204));
#2186 = ORIENTED_EDGE('',*,*,#2165,.T.);
#2187 = ORIENTED_EDGE('',*,*,#2188,.T.);
#2188 = EDGE_CURVE('',#2158,#2189,#2191,.T.);
#2189 = VERTEX_POINT('',#2190);
#2190 = CARTESIAN_POINT('',(139.026447,-79.584447,1.545));
#2191 = CIRCLE('',#2192,0.499992432518);
#2192 = AXIS2_PLACEMENT_3D('',#2193,#2194,#2195);
#2193 = CARTESIAN_POINT('',(139.37999243251,-79.93799764661,1.545));
#2194 = DIRECTION('',(0.,0.,-1.));
#2195 = DIRECTION('',(-0.999999999989,-4.706832483379E-06,-0.));
#2196 = ORIENTED_EDGE('',*,*,#2197,.F.);
#2197 = EDGE_CURVE('',#2198,#2189,#2200,.T.);
#2198 = VERTEX_POINT('',#2199);
#2199 = CARTESIAN_POINT('',(139.026447,-79.584447,1.51));
#2200 = LINE('',#2201,#2202);
#2201 = CARTESIAN_POINT('',(139.026447,-79.584447,1.51));
#2202 = VECTOR('',#2203,1.);
#2203 = DIRECTION('',(0.,0.,1.));
#2204 = ORIENTED_EDGE('',*,*,#2205,.F.);
#2205 = EDGE_CURVE('',#2166,#2198,#2206,.T.);
#2206 = CIRCLE('',#2207,0.499992432518);
#2207 = AXIS2_PLACEMENT_3D('',#2208,#2209,#2210);
#2208 = CARTESIAN_POINT('',(139.37999243251,-79.93799764661,1.51));
#2209 = DIRECTION('',(0.,0.,-1.));
#2210 = DIRECTION('',(-0.999999999989,-4.706832483379E-06,-0.));
#2211 = CYLINDRICAL_SURFACE('',#2212,0.499992432518);
#2212 = AXIS2_PLACEMENT_3D('',#2213,#2214,#2215);
#2213 = CARTESIAN_POINT('',(139.37999243251,-79.93799764661,1.51));
#2214 = DIRECTION('',(0.,0.,-1.));
#2215 = DIRECTION('',(-0.999999999989,-4.706832483379E-06,-0.));
#2216 = ADVANCED_FACE('',(#2217),#2242,.T.);
#2217 = FACE_BOUND('',#2218,.T.);
#2218 = EDGE_LOOP('',(#2219,#2220,#2228,#2236));
#2219 = ORIENTED_EDGE('',*,*,#2197,.T.);
#2220 = ORIENTED_EDGE('',*,*,#2221,.T.);
#2221 = EDGE_CURVE('',#2189,#2222,#2224,.T.);
#2222 = VERTEX_POINT('',#2223);
#2223 = CARTESIAN_POINT('',(139.771532,-78.839361,1.545));
#2224 = LINE('',#2225,#2226);
#2225 = CARTESIAN_POINT('',(139.026447,-79.584447,1.545));
#2226 = VECTOR('',#2227,1.);
#2227 = DIRECTION('',(0.707106306673,0.7071072557,0.));
#2228 = ORIENTED_EDGE('',*,*,#2229,.F.);
#2229 = EDGE_CURVE('',#2230,#2222,#2232,.T.);
#2230 = VERTEX_POINT('',#2231);
#2231 = CARTESIAN_POINT('',(139.771532,-78.839361,1.51));
#2232 = LINE('',#2233,#2234);
#2233 = CARTESIAN_POINT('',(139.771532,-78.839361,1.51));
#2234 = VECTOR('',#2235,1.);
#2235 = DIRECTION('',(0.,0.,1.));
#2236 = ORIENTED_EDGE('',*,*,#2237,.F.);
#2237 = EDGE_CURVE('',#2198,#2230,#2238,.T.);
#2238 = LINE('',#2239,#2240);
#2239 = CARTESIAN_POINT('',(139.026447,-79.584447,1.51));
#2240 = VECTOR('',#2241,1.);
#2241 = DIRECTION('',(0.707106306673,0.7071072557,0.));
#2242 = PLANE('',#2243);
#2243 = AXIS2_PLACEMENT_3D('',#2244,#2245,#2246);
#2244 = CARTESIAN_POINT('',(139.026447,-79.584447,1.51));
#2245 = DIRECTION('',(-0.7071072557,0.707106306673,0.));
#2246 = DIRECTION('',(0.707106306673,0.7071072557,0.));
#2247 = ADVANCED_FACE('',(#2248),#2273,.T.);
#2248 = FACE_BOUND('',#2249,.T.);
#2249 = EDGE_LOOP('',(#2250,#2251,#2259,#2267));
#2250 = ORIENTED_EDGE('',*,*,#2229,.T.);
#2251 = ORIENTED_EDGE('',*,*,#2252,.T.);
#2252 = EDGE_CURVE('',#2222,#2253,#2255,.T.);
#2253 = VERTEX_POINT('',#2254);
#2254 = CARTESIAN_POINT('',(139.793323,-78.801619,1.545));
#2255 = LINE('',#2256,#2257);
#2256 = CARTESIAN_POINT('',(139.771532,-78.839361,1.545));
#2257 = VECTOR('',#2258,1.);
#2258 = DIRECTION('',(0.500011119594,0.866018983789,0.));
#2259 = ORIENTED_EDGE('',*,*,#2260,.F.);
#2260 = EDGE_CURVE('',#2261,#2253,#2263,.T.);
#2261 = VERTEX_POINT('',#2262);
#2262 = CARTESIAN_POINT('',(139.793323,-78.801619,1.51));
#2263 = LINE('',#2264,#2265);
#2264 = CARTESIAN_POINT('',(139.793323,-78.801619,1.51));
#2265 = VECTOR('',#2266,1.);
#2266 = DIRECTION('',(0.,0.,1.));
#2267 = ORIENTED_EDGE('',*,*,#2268,.F.);
#2268 = EDGE_CURVE('',#2230,#2261,#2269,.T.);
#2269 = LINE('',#2270,#2271);
#2270 = CARTESIAN_POINT('',(139.771532,-78.839361,1.51));
#2271 = VECTOR('',#2272,1.);
#2272 = DIRECTION('',(0.500011119594,0.866018983789,0.));
#2273 = PLANE('',#2274);
#2274 = AXIS2_PLACEMENT_3D('',#2275,#2276,#2277);
#2275 = CARTESIAN_POINT('',(139.771532,-78.839361,1.51));
#2276 = DIRECTION('',(-0.866018983789,0.500011119594,0.));
#2277 = DIRECTION('',(0.500011119594,0.866018983789,0.));
#2278 = ADVANCED_FACE('',(#2279),#2304,.T.);
#2279 = FACE_BOUND('',#2280,.T.);
#2280 = EDGE_LOOP('',(#2281,#2282,#2290,#2298));
#2281 = ORIENTED_EDGE('',*,*,#2260,.T.);
#2282 = ORIENTED_EDGE('',*,*,#2283,.T.);
#2283 = EDGE_CURVE('',#2253,#2284,#2286,.T.);
#2284 = VERTEX_POINT('',#2285);
#2285 = CARTESIAN_POINT('',(139.885619,-78.709323,1.545));
#2286 = LINE('',#2287,#2288);
#2287 = CARTESIAN_POINT('',(139.793323,-78.801619,1.545));
#2288 = VECTOR('',#2289,1.);
#2289 = DIRECTION('',(0.707106781187,0.707106781187,0.));
#2290 = ORIENTED_EDGE('',*,*,#2291,.F.);
#2291 = EDGE_CURVE('',#2292,#2284,#2294,.T.);
#2292 = VERTEX_POINT('',#2293);
#2293 = CARTESIAN_POINT('',(139.885619,-78.709323,1.51));
#2294 = LINE('',#2295,#2296);
#2295 = CARTESIAN_POINT('',(139.885619,-78.709323,1.51));
#2296 = VECTOR('',#2297,1.);
#2297 = DIRECTION('',(0.,0.,1.));
#2298 = ORIENTED_EDGE('',*,*,#2299,.F.);
#2299 = EDGE_CURVE('',#2261,#2292,#2300,.T.);
#2300 = LINE('',#2301,#2302);
#2301 = CARTESIAN_POINT('',(139.793323,-78.801619,1.51));
#2302 = VECTOR('',#2303,1.);
#2303 = DIRECTION('',(0.707106781187,0.707106781187,0.));
#2304 = PLANE('',#2305);
#2305 = AXIS2_PLACEMENT_3D('',#2306,#2307,#2308);
#2306 = CARTESIAN_POINT('',(139.793323,-78.801619,1.51));
#2307 = DIRECTION('',(-0.707106781187,0.707106781187,0.));
#2308 = DIRECTION('',(0.707106781187,0.707106781187,0.));
#2309 = ADVANCED_FACE('',(#2310),#2326,.T.);
#2310 = FACE_BOUND('',#2311,.T.);
#2311 = EDGE_LOOP('',(#2312,#2313,#2319,#2320));
#2312 = ORIENTED_EDGE('',*,*,#2291,.T.);
#2313 = ORIENTED_EDGE('',*,*,#2314,.T.);
#2314 = EDGE_CURVE('',#2284,#1863,#2315,.T.);
#2315 = LINE('',#2316,#2317);
#2316 = CARTESIAN_POINT('',(139.885619,-78.709323,1.545));
#2317 = VECTOR('',#2318,1.);
#2318 = DIRECTION('',(0.866025725838,0.499999442187,0.));
#2319 = ORIENTED_EDGE('',*,*,#1860,.F.);
#2320 = ORIENTED_EDGE('',*,*,#2321,.F.);
#2321 = EDGE_CURVE('',#2292,#1861,#2322,.T.);
#2322 = LINE('',#2323,#2324);
#2323 = CARTESIAN_POINT('',(139.885619,-78.709323,1.51));
#2324 = VECTOR('',#2325,1.);
#2325 = DIRECTION('',(0.866025725838,0.499999442187,0.));
#2326 = PLANE('',#2327);
#2327 = AXIS2_PLACEMENT_3D('',#2328,#2329,#2330);
#2328 = CARTESIAN_POINT('',(139.885619,-78.709323,1.51));
#2329 = DIRECTION('',(-0.499999442187,0.866025725838,0.));
#2330 = DIRECTION('',(0.866025725838,0.499999442187,0.));
#2331 = ADVANCED_FACE('',(#2332),#2359,.F.);
#2332 = FACE_BOUND('',#2333,.T.);
#2333 = EDGE_LOOP('',(#2334,#2344,#2351,#2352));
#2334 = ORIENTED_EDGE('',*,*,#2335,.T.);
#2335 = EDGE_CURVE('',#2336,#2338,#2340,.T.);
#2336 = VERTEX_POINT('',#2337);
#2337 = CARTESIAN_POINT('',(137.753392,-87.606,1.51));
#2338 = VERTEX_POINT('',#2339);
#2339 = CARTESIAN_POINT('',(137.753392,-87.606,1.545));
#2340 = LINE('',#2341,#2342);
#2341 = CARTESIAN_POINT('',(137.753392,-87.606,1.51));
#2342 = VECTOR('',#2343,1.);
#2343 = DIRECTION('',(0.,0.,1.));
#2344 = ORIENTED_EDGE('',*,*,#2345,.T.);
#2345 = EDGE_CURVE('',#2338,#2338,#2346,.T.);
#2346 = CIRCLE('',#2347,0.487392);
#2347 = AXIS2_PLACEMENT_3D('',#2348,#2349,#2350);
#2348 = CARTESIAN_POINT('',(137.266,-87.606,1.545));
#2349 = DIRECTION('',(0.,0.,1.));
#2350 = DIRECTION('',(1.,0.,-0.));
#2351 = ORIENTED_EDGE('',*,*,#2335,.F.);
#2352 = ORIENTED_EDGE('',*,*,#2353,.F.);
#2353 = EDGE_CURVE('',#2336,#2336,#2354,.T.);
#2354 = CIRCLE('',#2355,0.487392);
#2355 = AXIS2_PLACEMENT_3D('',#2356,#2357,#2358);
#2356 = CARTESIAN_POINT('',(137.266,-87.606,1.51));
#2357 = DIRECTION('',(0.,0.,1.));
#2358 = DIRECTION('',(1.,0.,-0.));
#2359 = CYLINDRICAL_SURFACE('',#2360,0.487392);
#2360 = AXIS2_PLACEMENT_3D('',#2361,#2362,#2363);
#2361 = CARTESIAN_POINT('',(137.266,-87.606,1.51));
#2362 = DIRECTION('',(-0.,-0.,-1.));
#2363 = DIRECTION('',(1.,0.,-0.));
#2364 = ADVANCED_FACE('',(#2365),#2392,.F.);
#2365 = FACE_BOUND('',#2366,.T.);
#2366 = EDGE_LOOP('',(#2367,#2377,#2384,#2385));
#2367 = ORIENTED_EDGE('',*,*,#2368,.T.);
#2368 = EDGE_CURVE('',#2369,#2371,#2373,.T.);
#2369 = VERTEX_POINT('',#2370);
#2370 = CARTESIAN_POINT('',(140.677392,-79.106,1.51));
#2371 = VERTEX_POINT('',#2372);
#2372 = CARTESIAN_POINT('',(140.677392,-79.106,1.545));
#2373 = LINE('',#2374,#2375);
#2374 = CARTESIAN_POINT('',(140.677392,-79.106,1.51));
#2375 = VECTOR('',#2376,1.);
#2376 = DIRECTION('',(0.,0.,1.));
#2377 = ORIENTED_EDGE('',*,*,#2378,.T.);
#2378 = EDGE_CURVE('',#2371,#2371,#2379,.T.);
#2379 = CIRCLE('',#2380,0.487392);
#2380 = AXIS2_PLACEMENT_3D('',#2381,#2382,#2383);
#2381 = CARTESIAN_POINT('',(140.19,-79.106,1.545));
#2382 = DIRECTION('',(0.,0.,1.));
#2383 = DIRECTION('',(1.,0.,-0.));
#2384 = ORIENTED_EDGE('',*,*,#2368,.F.);
#2385 = ORIENTED_EDGE('',*,*,#2386,.F.);
#2386 = EDGE_CURVE('',#2369,#2369,#2387,.T.);
#2387 = CIRCLE('',#2388,0.487392);
#2388 = AXIS2_PLACEMENT_3D('',#2389,#2390,#2391);
#2389 = CARTESIAN_POINT('',(140.19,-79.106,1.51));
#2390 = DIRECTION('',(0.,0.,1.));
#2391 = DIRECTION('',(1.,0.,-0.));
#2392 = CYLINDRICAL_SURFACE('',#2393,0.487392);
#2393 = AXIS2_PLACEMENT_3D('',#2394,#2395,#2396);
#2394 = CARTESIAN_POINT('',(140.19,-79.106,1.51));
#2395 = DIRECTION('',(-0.,-0.,-1.));
#2396 = DIRECTION('',(1.,0.,-0.));
#2397 = ADVANCED_FACE('',(#2398,#2415,#2418),#2421,.F.);
#2398 = FACE_BOUND('',#2399,.T.);
#2399 = EDGE_LOOP('',(#2400,#2401,#2402,#2403,#2404,#2405,#2406,#2407,
    #2408,#2409,#2410,#2411,#2412,#2413,#2414));
#2400 = ORIENTED_EDGE('',*,*,#1887,.T.);
#2401 = ORIENTED_EDGE('',*,*,#1919,.T.);
#2402 = ORIENTED_EDGE('',*,*,#1951,.T.);
#2403 = ORIENTED_EDGE('',*,*,#1983,.T.);
#2404 = ORIENTED_EDGE('',*,*,#2014,.T.);
#2405 = ORIENTED_EDGE('',*,*,#2046,.T.);
#2406 = ORIENTED_EDGE('',*,*,#2078,.T.);
#2407 = ORIENTED_EDGE('',*,*,#2110,.T.);
#2408 = ORIENTED_EDGE('',*,*,#2142,.T.);
#2409 = ORIENTED_EDGE('',*,*,#2173,.T.);
#2410 = ORIENTED_EDGE('',*,*,#2205,.T.);
#2411 = ORIENTED_EDGE('',*,*,#2237,.T.);
#2412 = ORIENTED_EDGE('',*,*,#2268,.T.);
#2413 = ORIENTED_EDGE('',*,*,#2299,.T.);
#2414 = ORIENTED_EDGE('',*,*,#2321,.T.);
#2415 = FACE_BOUND('',#2416,.T.);
#2416 = EDGE_LOOP('',(#2417));
#2417 = ORIENTED_EDGE('',*,*,#2353,.T.);
#2418 = FACE_BOUND('',#2419,.T.);
#2419 = EDGE_LOOP('',(#2420));
#2420 = ORIENTED_EDGE('',*,*,#2386,.T.);
#2421 = PLANE('',#2422);
#2422 = AXIS2_PLACEMENT_3D('',#2423,#2424,#2425);
#2423 = CARTESIAN_POINT('',(0.,0.,1.51));
#2424 = DIRECTION('',(0.,0.,1.));
#2425 = DIRECTION('',(1.,0.,-0.));
#2426 = ADVANCED_FACE('',(#2427,#2444,#2447),#2450,.T.);
#2427 = FACE_BOUND('',#2428,.F.);
#2428 = EDGE_LOOP('',(#2429,#2430,#2431,#2432,#2433,#2434,#2435,#2436,
    #2437,#2438,#2439,#2440,#2441,#2442,#2443));
#2429 = ORIENTED_EDGE('',*,*,#1870,.T.);
#2430 = ORIENTED_EDGE('',*,*,#1903,.T.);
#2431 = ORIENTED_EDGE('',*,*,#1934,.T.);
#2432 = ORIENTED_EDGE('',*,*,#1967,.T.);
#2433 = ORIENTED_EDGE('',*,*,#1998,.T.);
#2434 = ORIENTED_EDGE('',*,*,#2029,.T.);
#2435 = ORIENTED_EDGE('',*,*,#2062,.T.);
#2436 = ORIENTED_EDGE('',*,*,#2093,.T.);
#2437 = ORIENTED_EDGE('',*,*,#2126,.T.);
#2438 = ORIENTED_EDGE('',*,*,#2157,.T.);
#2439 = ORIENTED_EDGE('',*,*,#2188,.T.);
#2440 = ORIENTED_EDGE('',*,*,#2221,.T.);
#2441 = ORIENTED_EDGE('',*,*,#2252,.T.);
#2442 = ORIENTED_EDGE('',*,*,#2283,.T.);
#2443 = ORIENTED_EDGE('',*,*,#2314,.T.);
#2444 = FACE_BOUND('',#2445,.F.);
#2445 = EDGE_LOOP('',(#2446));
#2446 = ORIENTED_EDGE('',*,*,#2345,.T.);
#2447 = FACE_BOUND('',#2448,.F.);
#2448 = EDGE_LOOP('',(#2449));
#2449 = ORIENTED_EDGE('',*,*,#2378,.T.);
#2450 = PLANE('',#2451);
#2451 = AXIS2_PLACEMENT_3D('',#2452,#2453,#2454);
#2452 = CARTESIAN_POINT('',(0.,0.,1.545));
#2453 = DIRECTION('',(0.,0.,1.));
#2454 = DIRECTION('',(1.,0.,-0.));
#2455 = MANIFOLD_SOLID_BREP('',#2456);
#2456 = CLOSED_SHELL('',(#2457,#2499,#2530,#2563,#2594,#2625,#2658,#2680
    ,#2713,#2746,#2767));
#2457 = ADVANCED_FACE('',(#2458),#2494,.T.);
#2458 = FACE_BOUND('',#2459,.T.);
#2459 = EDGE_LOOP('',(#2460,#2470,#2479,#2487));
#2460 = ORIENTED_EDGE('',*,*,#2461,.T.);
#2461 = EDGE_CURVE('',#2462,#2464,#2466,.T.);
#2462 = VERTEX_POINT('',#2463);
#2463 = CARTESIAN_POINT('',(146.843553,-73.896447,1.51));
#2464 = VERTEX_POINT('',#2465);
#2465 = CARTESIAN_POINT('',(146.843553,-73.896447,1.545));
#2466 = LINE('',#2467,#2468);
#2467 = CARTESIAN_POINT('',(146.843553,-73.896447,1.51));
#2468 = VECTOR('',#2469,1.);
#2469 = DIRECTION('',(0.,0.,1.));
#2470 = ORIENTED_EDGE('',*,*,#2471,.T.);
#2471 = EDGE_CURVE('',#2464,#2472,#2474,.T.);
#2472 = VERTEX_POINT('',#2473);
#2473 = CARTESIAN_POINT('',(146.99,-74.25,1.545));
#2474 = CIRCLE('',#2475,0.499992432518);
#2475 = AXIS2_PLACEMENT_3D('',#2476,#2477,#2478);
#2476 = CARTESIAN_POINT('',(146.49000756748,-74.24999764661,1.545));
#2477 = DIRECTION('',(0.,0.,-1.));
#2478 = DIRECTION('',(0.707101566982,0.707111995353,0.));
#2479 = ORIENTED_EDGE('',*,*,#2480,.F.);
#2480 = EDGE_CURVE('',#2481,#2472,#2483,.T.);
#2481 = VERTEX_POINT('',#2482);
#2482 = CARTESIAN_POINT('',(146.99,-74.25,1.51));
#2483 = LINE('',#2484,#2485);
#2484 = CARTESIAN_POINT('',(146.99,-74.25,1.51));
#2485 = VECTOR('',#2486,1.);
#2486 = DIRECTION('',(0.,0.,1.));
#2487 = ORIENTED_EDGE('',*,*,#2488,.F.);
#2488 = EDGE_CURVE('',#2462,#2481,#2489,.T.);
#2489 = CIRCLE('',#2490,0.499992432518);
#2490 = AXIS2_PLACEMENT_3D('',#2491,#2492,#2493);
#2491 = CARTESIAN_POINT('',(146.49000756748,-74.24999764661,1.51));
#2492 = DIRECTION('',(0.,0.,-1.));
#2493 = DIRECTION('',(0.707101566982,0.707111995353,0.));
#2494 = CYLINDRICAL_SURFACE('',#2495,0.499992432518);
#2495 = AXIS2_PLACEMENT_3D('',#2496,#2497,#2498);
#2496 = CARTESIAN_POINT('',(146.49000756748,-74.24999764661,1.51));
#2497 = DIRECTION('',(0.,0.,-1.));
#2498 = DIRECTION('',(0.707101566982,0.707111995353,0.));
#2499 = ADVANCED_FACE('',(#2500),#2525,.T.);
#2500 = FACE_BOUND('',#2501,.T.);
#2501 = EDGE_LOOP('',(#2502,#2503,#2511,#2519));
#2502 = ORIENTED_EDGE('',*,*,#2480,.T.);
#2503 = ORIENTED_EDGE('',*,*,#2504,.T.);
#2504 = EDGE_CURVE('',#2472,#2505,#2507,.T.);
#2505 = VERTEX_POINT('',#2506);
#2506 = CARTESIAN_POINT('',(146.99,-79.106,1.545));
#2507 = LINE('',#2508,#2509);
#2508 = CARTESIAN_POINT('',(146.99,-74.25,1.545));
#2509 = VECTOR('',#2510,1.);
#2510 = DIRECTION('',(0.,-1.,0.));
#2511 = ORIENTED_EDGE('',*,*,#2512,.F.);
#2512 = EDGE_CURVE('',#2513,#2505,#2515,.T.);
#2513 = VERTEX_POINT('',#2514);
#2514 = CARTESIAN_POINT('',(146.99,-79.106,1.51));
#2515 = LINE('',#2516,#2517);
#2516 = CARTESIAN_POINT('',(146.99,-79.106,1.51));
#2517 = VECTOR('',#2518,1.);
#2518 = DIRECTION('',(0.,0.,1.));
#2519 = ORIENTED_EDGE('',*,*,#2520,.F.);
#2520 = EDGE_CURVE('',#2481,#2513,#2521,.T.);
#2521 = LINE('',#2522,#2523);
#2522 = CARTESIAN_POINT('',(146.99,-74.25,1.51));
#2523 = VECTOR('',#2524,1.);
#2524 = DIRECTION('',(0.,-1.,0.));
#2525 = PLANE('',#2526);
#2526 = AXIS2_PLACEMENT_3D('',#2527,#2528,#2529);
#2527 = CARTESIAN_POINT('',(146.99,-74.25,1.51));
#2528 = DIRECTION('',(1.,0.,-0.));
#2529 = DIRECTION('',(0.,-1.,0.));
#2530 = ADVANCED_FACE('',(#2531),#2558,.T.);
#2531 = FACE_BOUND('',#2532,.T.);
#2532 = EDGE_LOOP('',(#2533,#2534,#2543,#2551));
#2533 = ORIENTED_EDGE('',*,*,#2512,.T.);
#2534 = ORIENTED_EDGE('',*,*,#2535,.T.);
#2535 = EDGE_CURVE('',#2505,#2536,#2538,.T.);
#2536 = VERTEX_POINT('',#2537);
#2537 = CARTESIAN_POINT('',(145.99,-79.106,1.545));
#2538 = CIRCLE('',#2539,0.5);
#2539 = AXIS2_PLACEMENT_3D('',#2540,#2541,#2542);
#2540 = CARTESIAN_POINT('',(146.49,-79.10599955666,1.545));
#2541 = DIRECTION('',(-0.,0.,-1.));
#2542 = DIRECTION('',(1.,-8.866804535042E-07,-0.));
#2543 = ORIENTED_EDGE('',*,*,#2544,.F.);
#2544 = EDGE_CURVE('',#2545,#2536,#2547,.T.);
#2545 = VERTEX_POINT('',#2546);
#2546 = CARTESIAN_POINT('',(145.99,-79.106,1.51));
#2547 = LINE('',#2548,#2549);
#2548 = CARTESIAN_POINT('',(145.99,-79.106,1.51));
#2549 = VECTOR('',#2550,1.);
#2550 = DIRECTION('',(0.,0.,1.));
#2551 = ORIENTED_EDGE('',*,*,#2552,.F.);
#2552 = EDGE_CURVE('',#2513,#2545,#2553,.T.);
#2553 = CIRCLE('',#2554,0.5);
#2554 = AXIS2_PLACEMENT_3D('',#2555,#2556,#2557);
#2555 = CARTESIAN_POINT('',(146.49,-79.10599955666,1.51));
#2556 = DIRECTION('',(-0.,0.,-1.));
#2557 = DIRECTION('',(1.,-8.866804535042E-07,-0.));
#2558 = CYLINDRICAL_SURFACE('',#2559,0.5);
#2559 = AXIS2_PLACEMENT_3D('',#2560,#2561,#2562);
#2560 = CARTESIAN_POINT('',(146.49,-79.10599955666,1.51));
#2561 = DIRECTION('',(-0.,0.,-1.));
#2562 = DIRECTION('',(1.,-8.866804535042E-07,-0.));
#2563 = ADVANCED_FACE('',(#2564),#2589,.T.);
#2564 = FACE_BOUND('',#2565,.T.);
#2565 = EDGE_LOOP('',(#2566,#2567,#2575,#2583));
#2566 = ORIENTED_EDGE('',*,*,#2544,.T.);
#2567 = ORIENTED_EDGE('',*,*,#2568,.T.);
#2568 = EDGE_CURVE('',#2536,#2569,#2571,.T.);
#2569 = VERTEX_POINT('',#2570);
#2570 = CARTESIAN_POINT('',(145.99,-74.364869,1.545));
#2571 = LINE('',#2572,#2573);
#2572 = CARTESIAN_POINT('',(145.99,-79.106,1.545));
#2573 = VECTOR('',#2574,1.);
#2574 = DIRECTION('',(0.,1.,0.));
#2575 = ORIENTED_EDGE('',*,*,#2576,.F.);
#2576 = EDGE_CURVE('',#2577,#2569,#2579,.T.);
#2577 = VERTEX_POINT('',#2578);
#2578 = CARTESIAN_POINT('',(145.99,-74.364869,1.51));
#2579 = LINE('',#2580,#2581);
#2580 = CARTESIAN_POINT('',(145.99,-74.364869,1.51));
#2581 = VECTOR('',#2582,1.);
#2582 = DIRECTION('',(0.,0.,1.));
#2583 = ORIENTED_EDGE('',*,*,#2584,.F.);
#2584 = EDGE_CURVE('',#2545,#2577,#2585,.T.);
#2585 = LINE('',#2586,#2587);
#2586 = CARTESIAN_POINT('',(145.99,-79.106,1.51));
#2587 = VECTOR('',#2588,1.);
#2588 = DIRECTION('',(0.,1.,0.));
#2589 = PLANE('',#2590);
#2590 = AXIS2_PLACEMENT_3D('',#2591,#2592,#2593);
#2591 = CARTESIAN_POINT('',(145.99,-79.106,1.51));
#2592 = DIRECTION('',(-1.,0.,0.));
#2593 = DIRECTION('',(0.,1.,0.));
#2594 = ADVANCED_FACE('',(#2595),#2620,.T.);
#2595 = FACE_BOUND('',#2596,.T.);
#2596 = EDGE_LOOP('',(#2597,#2598,#2606,#2614));
#2597 = ORIENTED_EDGE('',*,*,#2576,.T.);
#2598 = ORIENTED_EDGE('',*,*,#2599,.T.);
#2599 = EDGE_CURVE('',#2569,#2600,#2602,.T.);
#2600 = VERTEX_POINT('',#2601);
#2601 = CARTESIAN_POINT('',(145.970277,-74.291263,1.545));
#2602 = LINE('',#2603,#2604);
#2603 = CARTESIAN_POINT('',(145.99,-74.364869,1.545));
#2604 = VECTOR('',#2605,1.);
#2605 = DIRECTION('',(-0.258823106895,0.965924737926,0.));
#2606 = ORIENTED_EDGE('',*,*,#2607,.F.);
#2607 = EDGE_CURVE('',#2608,#2600,#2610,.T.);
#2608 = VERTEX_POINT('',#2609);
#2609 = CARTESIAN_POINT('',(145.970277,-74.291263,1.51));
#2610 = LINE('',#2611,#2612);
#2611 = CARTESIAN_POINT('',(145.970277,-74.291263,1.51));
#2612 = VECTOR('',#2613,1.);
#2613 = DIRECTION('',(0.,0.,1.));
#2614 = ORIENTED_EDGE('',*,*,#2615,.F.);
#2615 = EDGE_CURVE('',#2577,#2608,#2616,.T.);
#2616 = LINE('',#2617,#2618);
#2617 = CARTESIAN_POINT('',(145.99,-74.364869,1.51));
#2618 = VECTOR('',#2619,1.);
#2619 = DIRECTION('',(-0.258823106895,0.965924737926,0.));
#2620 = PLANE('',#2621);
#2621 = AXIS2_PLACEMENT_3D('',#2622,#2623,#2624);
#2622 = CARTESIAN_POINT('',(145.99,-74.364869,1.51));
#2623 = DIRECTION('',(-0.965924737926,-0.258823106895,0.));
#2624 = DIRECTION('',(-0.258823106895,0.965924737926,0.));
#2625 = ADVANCED_FACE('',(#2626),#2653,.T.);
#2626 = FACE_BOUND('',#2627,.T.);
#2627 = EDGE_LOOP('',(#2628,#2629,#2638,#2646));
#2628 = ORIENTED_EDGE('',*,*,#2607,.T.);
#2629 = ORIENTED_EDGE('',*,*,#2630,.T.);
#2630 = EDGE_CURVE('',#2600,#2631,#2633,.T.);
#2631 = VERTEX_POINT('',#2632);
#2632 = CARTESIAN_POINT('',(146.77038,-73.829324,1.545));
#2633 = CIRCLE('',#2634,0.499999763156);
#2634 = AXIS2_PLACEMENT_3D('',#2635,#2636,#2637);
#2635 = CARTESIAN_POINT('',(146.46599924976,-74.22600034419,1.545));
#2636 = DIRECTION('',(0.,0.,-1.));
#2637 = DIRECTION('',(-0.991444969168,-0.130525373441,-0.));
#2638 = ORIENTED_EDGE('',*,*,#2639,.F.);
#2639 = EDGE_CURVE('',#2640,#2631,#2642,.T.);
#2640 = VERTEX_POINT('',#2641);
#2641 = CARTESIAN_POINT('',(146.77038,-73.829324,1.51));
#2642 = LINE('',#2643,#2644);
#2643 = CARTESIAN_POINT('',(146.77038,-73.829324,1.51));
#2644 = VECTOR('',#2645,1.);
#2645 = DIRECTION('',(0.,0.,1.));
#2646 = ORIENTED_EDGE('',*,*,#2647,.F.);
#2647 = EDGE_CURVE('',#2608,#2640,#2648,.T.);
#2648 = CIRCLE('',#2649,0.499999763156);
#2649 = AXIS2_PLACEMENT_3D('',#2650,#2651,#2652);
#2650 = CARTESIAN_POINT('',(146.46599924976,-74.22600034419,1.51));
#2651 = DIRECTION('',(0.,0.,-1.));
#2652 = DIRECTION('',(-0.991444969168,-0.130525373441,-0.));
#2653 = CYLINDRICAL_SURFACE('',#2654,0.499999763156);
#2654 = AXIS2_PLACEMENT_3D('',#2655,#2656,#2657);
#2655 = CARTESIAN_POINT('',(146.46599924976,-74.22600034419,1.51));
#2656 = DIRECTION('',(0.,0.,-1.));
#2657 = DIRECTION('',(-0.991444969168,-0.130525373441,-0.));
#2658 = ADVANCED_FACE('',(#2659),#2675,.T.);
#2659 = FACE_BOUND('',#2660,.T.);
#2660 = EDGE_LOOP('',(#2661,#2662,#2668,#2669));
#2661 = ORIENTED_EDGE('',*,*,#2639,.T.);
#2662 = ORIENTED_EDGE('',*,*,#2663,.T.);
#2663 = EDGE_CURVE('',#2631,#2464,#2664,.T.);
#2664 = LINE('',#2665,#2666);
#2665 = CARTESIAN_POINT('',(146.77038,-73.829324,1.545));
#2666 = VECTOR('',#2667,1.);
#2667 = DIRECTION('',(0.736914559586,-0.675985896206,0.));
#2668 = ORIENTED_EDGE('',*,*,#2461,.F.);
#2669 = ORIENTED_EDGE('',*,*,#2670,.F.);
#2670 = EDGE_CURVE('',#2640,#2462,#2671,.T.);
#2671 = LINE('',#2672,#2673);
#2672 = CARTESIAN_POINT('',(146.77038,-73.829324,1.51));
#2673 = VECTOR('',#2674,1.);
#2674 = DIRECTION('',(0.736914559586,-0.675985896206,0.));
#2675 = PLANE('',#2676);
#2676 = AXIS2_PLACEMENT_3D('',#2677,#2678,#2679);
#2677 = CARTESIAN_POINT('',(146.77038,-73.829324,1.51));
#2678 = DIRECTION('',(0.675985896206,0.736914559586,-0.));
#2679 = DIRECTION('',(0.736914559586,-0.675985896206,0.));
#2680 = ADVANCED_FACE('',(#2681),#2708,.F.);
#2681 = FACE_BOUND('',#2682,.T.);
#2682 = EDGE_LOOP('',(#2683,#2693,#2700,#2701));
#2683 = ORIENTED_EDGE('',*,*,#2684,.T.);
#2684 = EDGE_CURVE('',#2685,#2687,#2689,.T.);
#2685 = VERTEX_POINT('',#2686);
#2686 = CARTESIAN_POINT('',(146.977392,-79.106,1.51));
#2687 = VERTEX_POINT('',#2688);
#2688 = CARTESIAN_POINT('',(146.977392,-79.106,1.545));
#2689 = LINE('',#2690,#2691);
#2690 = CARTESIAN_POINT('',(146.977392,-79.106,1.51));
#2691 = VECTOR('',#2692,1.);
#2692 = DIRECTION('',(0.,0.,1.));
#2693 = ORIENTED_EDGE('',*,*,#2694,.T.);
#2694 = EDGE_CURVE('',#2687,#2687,#2695,.T.);
#2695 = CIRCLE('',#2696,0.487392);
#2696 = AXIS2_PLACEMENT_3D('',#2697,#2698,#2699);
#2697 = CARTESIAN_POINT('',(146.49,-79.106,1.545));
#2698 = DIRECTION('',(0.,0.,1.));
#2699 = DIRECTION('',(1.,0.,-0.));
#2700 = ORIENTED_EDGE('',*,*,#2684,.F.);
#2701 = ORIENTED_EDGE('',*,*,#2702,.F.);
#2702 = EDGE_CURVE('',#2685,#2685,#2703,.T.);
#2703 = CIRCLE('',#2704,0.487392);
#2704 = AXIS2_PLACEMENT_3D('',#2705,#2706,#2707);
#2705 = CARTESIAN_POINT('',(146.49,-79.106,1.51));
#2706 = DIRECTION('',(0.,0.,1.));
#2707 = DIRECTION('',(1.,0.,-0.));
#2708 = CYLINDRICAL_SURFACE('',#2709,0.487392);
#2709 = AXIS2_PLACEMENT_3D('',#2710,#2711,#2712);
#2710 = CARTESIAN_POINT('',(146.49,-79.106,1.51));
#2711 = DIRECTION('',(-0.,-0.,-1.));
#2712 = DIRECTION('',(1.,0.,-0.));
#2713 = ADVANCED_FACE('',(#2714),#2741,.F.);
#2714 = FACE_BOUND('',#2715,.T.);
#2715 = EDGE_LOOP('',(#2716,#2726,#2733,#2734));
#2716 = ORIENTED_EDGE('',*,*,#2717,.T.);
#2717 = EDGE_CURVE('',#2718,#2720,#2722,.T.);
#2718 = VERTEX_POINT('',#2719);
#2719 = CARTESIAN_POINT('',(146.897891,-74.226,1.51));
#2720 = VERTEX_POINT('',#2721);
#2721 = CARTESIAN_POINT('',(146.897891,-74.226,1.545));
#2722 = LINE('',#2723,#2724);
#2723 = CARTESIAN_POINT('',(146.897891,-74.226,1.51));
#2724 = VECTOR('',#2725,1.);
#2725 = DIRECTION('',(0.,0.,1.));
#2726 = ORIENTED_EDGE('',*,*,#2727,.T.);
#2727 = EDGE_CURVE('',#2720,#2720,#2728,.T.);
#2728 = CIRCLE('',#2729,0.431891);
#2729 = AXIS2_PLACEMENT_3D('',#2730,#2731,#2732);
#2730 = CARTESIAN_POINT('',(146.466,-74.226,1.545));
#2731 = DIRECTION('',(0.,0.,1.));
#2732 = DIRECTION('',(1.,0.,-0.));
#2733 = ORIENTED_EDGE('',*,*,#2717,.F.);
#2734 = ORIENTED_EDGE('',*,*,#2735,.F.);
#2735 = EDGE_CURVE('',#2718,#2718,#2736,.T.);
#2736 = CIRCLE('',#2737,0.431891);
#2737 = AXIS2_PLACEMENT_3D('',#2738,#2739,#2740);
#2738 = CARTESIAN_POINT('',(146.466,-74.226,1.51));
#2739 = DIRECTION('',(0.,0.,1.));
#2740 = DIRECTION('',(1.,0.,-0.));
#2741 = CYLINDRICAL_SURFACE('',#2742,0.431891);
#2742 = AXIS2_PLACEMENT_3D('',#2743,#2744,#2745);
#2743 = CARTESIAN_POINT('',(146.466,-74.226,1.51));
#2744 = DIRECTION('',(-0.,-0.,-1.));
#2745 = DIRECTION('',(1.,0.,-0.));
#2746 = ADVANCED_FACE('',(#2747,#2756,#2759),#2762,.F.);
#2747 = FACE_BOUND('',#2748,.T.);
#2748 = EDGE_LOOP('',(#2749,#2750,#2751,#2752,#2753,#2754,#2755));
#2749 = ORIENTED_EDGE('',*,*,#2488,.T.);
#2750 = ORIENTED_EDGE('',*,*,#2520,.T.);
#2751 = ORIENTED_EDGE('',*,*,#2552,.T.);
#2752 = ORIENTED_EDGE('',*,*,#2584,.T.);
#2753 = ORIENTED_EDGE('',*,*,#2615,.T.);
#2754 = ORIENTED_EDGE('',*,*,#2647,.T.);
#2755 = ORIENTED_EDGE('',*,*,#2670,.T.);
#2756 = FACE_BOUND('',#2757,.T.);
#2757 = EDGE_LOOP('',(#2758));
#2758 = ORIENTED_EDGE('',*,*,#2702,.T.);
#2759 = FACE_BOUND('',#2760,.T.);
#2760 = EDGE_LOOP('',(#2761));
#2761 = ORIENTED_EDGE('',*,*,#2735,.T.);
#2762 = PLANE('',#2763);
#2763 = AXIS2_PLACEMENT_3D('',#2764,#2765,#2766);
#2764 = CARTESIAN_POINT('',(0.,0.,1.51));
#2765 = DIRECTION('',(0.,0.,1.));
#2766 = DIRECTION('',(1.,0.,-0.));
#2767 = ADVANCED_FACE('',(#2768,#2777,#2780),#2783,.T.);
#2768 = FACE_BOUND('',#2769,.F.);
#2769 = EDGE_LOOP('',(#2770,#2771,#2772,#2773,#2774,#2775,#2776));
#2770 = ORIENTED_EDGE('',*,*,#2471,.T.);
#2771 = ORIENTED_EDGE('',*,*,#2504,.T.);
#2772 = ORIENTED_EDGE('',*,*,#2535,.T.);
#2773 = ORIENTED_EDGE('',*,*,#2568,.T.);
#2774 = ORIENTED_EDGE('',*,*,#2599,.T.);
#2775 = ORIENTED_EDGE('',*,*,#2630,.T.);
#2776 = ORIENTED_EDGE('',*,*,#2663,.T.);
#2777 = FACE_BOUND('',#2778,.F.);
#2778 = EDGE_LOOP('',(#2779));
#2779 = ORIENTED_EDGE('',*,*,#2694,.T.);
#2780 = FACE_BOUND('',#2781,.F.);
#2781 = EDGE_LOOP('',(#2782));
#2782 = ORIENTED_EDGE('',*,*,#2727,.T.);
#2783 = PLANE('',#2784);
#2784 = AXIS2_PLACEMENT_3D('',#2785,#2786,#2787);
#2785 = CARTESIAN_POINT('',(0.,0.,1.545));
#2786 = DIRECTION('',(0.,0.,1.));
#2787 = DIRECTION('',(1.,0.,-0.));
#2788 = MANIFOLD_SOLID_BREP('',#2789);
#2789 = CLOSED_SHELL('',(#2790,#2832,#2863,#2896,#2927,#2960,#2991,#3024
    ,#3055,#3086,#3117,#3148,#3170,#3203,#3236,#3262));
#2790 = ADVANCED_FACE('',(#2791),#2827,.T.);
#2791 = FACE_BOUND('',#2792,.T.);
#2792 = EDGE_LOOP('',(#2793,#2803,#2812,#2820));
#2793 = ORIENTED_EDGE('',*,*,#2794,.T.);
#2794 = EDGE_CURVE('',#2795,#2797,#2799,.T.);
#2795 = VERTEX_POINT('',#2796);
#2796 = CARTESIAN_POINT('',(136.244658,-82.35606,1.51));
#2797 = VERTEX_POINT('',#2798);
#2798 = CARTESIAN_POINT('',(136.244658,-82.35606,1.545));
#2799 = LINE('',#2800,#2801);
#2800 = CARTESIAN_POINT('',(136.244658,-82.35606,1.51));
#2801 = VECTOR('',#2802,1.);
#2802 = DIRECTION('',(0.,0.,1.));
#2803 = ORIENTED_EDGE('',*,*,#2804,.T.);
#2804 = EDGE_CURVE('',#2797,#2805,#2807,.T.);
#2805 = VERTEX_POINT('',#2806);
#2806 = CARTESIAN_POINT('',(136.936,-82.834,1.545));
#2807 = CIRCLE('',#2808,0.500288820307);
#2808 = AXIS2_PLACEMENT_3D('',#2809,#2810,#2811);
#2809 = CARTESIAN_POINT('',(136.43595664092,-82.81833019556,1.545));
#2810 = DIRECTION('',(0.,0.,-1.));
#2811 = DIRECTION('',(-0.382376405711,0.924006647354,0.));
#2812 = ORIENTED_EDGE('',*,*,#2813,.F.);
#2813 = EDGE_CURVE('',#2814,#2805,#2816,.T.);
#2814 = VERTEX_POINT('',#2815);
#2815 = CARTESIAN_POINT('',(136.936,-82.834,1.51));
#2816 = LINE('',#2817,#2818);
#2817 = CARTESIAN_POINT('',(136.936,-82.834,1.51));
#2818 = VECTOR('',#2819,1.);
#2819 = DIRECTION('',(0.,0.,1.));
#2820 = ORIENTED_EDGE('',*,*,#2821,.F.);
#2821 = EDGE_CURVE('',#2795,#2814,#2822,.T.);
#2822 = CIRCLE('',#2823,0.500288820307);
#2823 = AXIS2_PLACEMENT_3D('',#2824,#2825,#2826);
#2824 = CARTESIAN_POINT('',(136.43595664092,-82.81833019556,1.51));
#2825 = DIRECTION('',(0.,0.,-1.));
#2826 = DIRECTION('',(-0.382376405711,0.924006647354,0.));
#2827 = CYLINDRICAL_SURFACE('',#2828,0.500288820307);
#2828 = AXIS2_PLACEMENT_3D('',#2829,#2830,#2831);
#2829 = CARTESIAN_POINT('',(136.43595664092,-82.81833019556,1.51));
#2830 = DIRECTION('',(0.,0.,-1.));
#2831 = DIRECTION('',(-0.382376405711,0.924006647354,0.));
#2832 = ADVANCED_FACE('',(#2833),#2858,.T.);
#2833 = FACE_BOUND('',#2834,.T.);
#2834 = EDGE_LOOP('',(#2835,#2836,#2844,#2852));
#2835 = ORIENTED_EDGE('',*,*,#2813,.T.);
#2836 = ORIENTED_EDGE('',*,*,#2837,.T.);
#2837 = EDGE_CURVE('',#2805,#2838,#2840,.T.);
#2838 = VERTEX_POINT('',#2839);
#2839 = CARTESIAN_POINT('',(136.931723,-82.899263,1.545));
#2840 = LINE('',#2841,#2842);
#2841 = CARTESIAN_POINT('',(136.936,-82.834,1.545));
#2842 = VECTOR('',#2843,1.);
#2843 = DIRECTION('',(-6.539455767272E-02,-0.997859485011,0.));
#2844 = ORIENTED_EDGE('',*,*,#2845,.F.);
#2845 = EDGE_CURVE('',#2846,#2838,#2848,.T.);
#2846 = VERTEX_POINT('',#2847);
#2847 = CARTESIAN_POINT('',(136.931723,-82.899263,1.51));
#2848 = LINE('',#2849,#2850);
#2849 = CARTESIAN_POINT('',(136.931723,-82.899263,1.51));
#2850 = VECTOR('',#2851,1.);
#2851 = DIRECTION('',(0.,0.,1.));
#2852 = ORIENTED_EDGE('',*,*,#2853,.F.);
#2853 = EDGE_CURVE('',#2814,#2846,#2854,.T.);
#2854 = LINE('',#2855,#2856);
#2855 = CARTESIAN_POINT('',(136.936,-82.834,1.51));
#2856 = VECTOR('',#2857,1.);
#2857 = DIRECTION('',(-6.539455767272E-02,-0.997859485011,0.));
#2858 = PLANE('',#2859);
#2859 = AXIS2_PLACEMENT_3D('',#2860,#2861,#2862);
#2860 = CARTESIAN_POINT('',(136.936,-82.834,1.51));
#2861 = DIRECTION('',(0.997859485011,-6.539455767272E-02,0.));
#2862 = DIRECTION('',(-6.539455767272E-02,-0.997859485011,0.));
#2863 = ADVANCED_FACE('',(#2864),#2891,.T.);
#2864 = FACE_BOUND('',#2865,.T.);
#2865 = EDGE_LOOP('',(#2866,#2867,#2876,#2884));
#2866 = ORIENTED_EDGE('',*,*,#2845,.T.);
#2867 = ORIENTED_EDGE('',*,*,#2868,.T.);
#2868 = EDGE_CURVE('',#2838,#2869,#2871,.T.);
#2869 = VERTEX_POINT('',#2870);
#2870 = CARTESIAN_POINT('',(136.789554,-83.187553,1.545));
#2871 = CIRCLE('',#2872,0.500001639094);
#2872 = AXIS2_PLACEMENT_3D('',#2873,#2874,#2875);
#2873 = CARTESIAN_POINT('',(136.43599905543,-82.83399884534,1.545));
#2874 = DIRECTION('',(0.,0.,-1.));
#2875 = DIRECTION('',(0.991444638987,-0.130527881407,0.));
#2876 = ORIENTED_EDGE('',*,*,#2877,.F.);
#2877 = EDGE_CURVE('',#2878,#2869,#2880,.T.);
#2878 = VERTEX_POINT('',#2879);
#2879 = CARTESIAN_POINT('',(136.789554,-83.187553,1.51));
#2880 = LINE('',#2881,#2882);
#2881 = CARTESIAN_POINT('',(136.789554,-83.187553,1.51));
#2882 = VECTOR('',#2883,1.);
#2883 = DIRECTION('',(0.,0.,1.));
#2884 = ORIENTED_EDGE('',*,*,#2885,.F.);
#2885 = EDGE_CURVE('',#2846,#2878,#2886,.T.);
#2886 = CIRCLE('',#2887,0.500001639094);
#2887 = AXIS2_PLACEMENT_3D('',#2888,#2889,#2890);
#2888 = CARTESIAN_POINT('',(136.43599905543,-82.83399884534,1.51));
#2889 = DIRECTION('',(0.,0.,-1.));
#2890 = DIRECTION('',(0.991444638987,-0.130527881407,0.));
#2891 = CYLINDRICAL_SURFACE('',#2892,0.500001639094);
#2892 = AXIS2_PLACEMENT_3D('',#2893,#2894,#2895);
#2893 = CARTESIAN_POINT('',(136.43599905543,-82.83399884534,1.51));
#2894 = DIRECTION('',(0.,0.,-1.));
#2895 = DIRECTION('',(0.991444638987,-0.130527881407,0.));
#2896 = ADVANCED_FACE('',(#2897),#2922,.T.);
#2897 = FACE_BOUND('',#2898,.T.);
#2898 = EDGE_LOOP('',(#2899,#2900,#2908,#2916));
#2899 = ORIENTED_EDGE('',*,*,#2877,.T.);
#2900 = ORIENTED_EDGE('',*,*,#2901,.T.);
#2901 = EDGE_CURVE('',#2869,#2902,#2904,.T.);
#2902 = VERTEX_POINT('',#2903);
#2903 = CARTESIAN_POINT('',(132.029553,-87.947553,1.545));
#2904 = LINE('',#2905,#2906);
#2905 = CARTESIAN_POINT('',(136.789554,-83.187553,1.545));
#2906 = VECTOR('',#2907,1.);
#2907 = DIRECTION('',(-0.707106855462,-0.707106706911,0.));
#2908 = ORIENTED_EDGE('',*,*,#2909,.F.);
#2909 = EDGE_CURVE('',#2910,#2902,#2912,.T.);
#2910 = VERTEX_POINT('',#2911);
#2911 = CARTESIAN_POINT('',(132.029553,-87.947553,1.51));
#2912 = LINE('',#2913,#2914);
#2913 = CARTESIAN_POINT('',(132.029553,-87.947553,1.51));
#2914 = VECTOR('',#2915,1.);
#2915 = DIRECTION('',(0.,0.,1.));
#2916 = ORIENTED_EDGE('',*,*,#2917,.F.);
#2917 = EDGE_CURVE('',#2878,#2910,#2918,.T.);
#2918 = LINE('',#2919,#2920);
#2919 = CARTESIAN_POINT('',(136.789554,-83.187553,1.51));
#2920 = VECTOR('',#2921,1.);
#2921 = DIRECTION('',(-0.707106855462,-0.707106706911,0.));
#2922 = PLANE('',#2923);
#2923 = AXIS2_PLACEMENT_3D('',#2924,#2925,#2926);
#2924 = CARTESIAN_POINT('',(136.789554,-83.187553,1.51));
#2925 = DIRECTION('',(0.707106706911,-0.707106855462,0.));
#2926 = DIRECTION('',(-0.707106855462,-0.707106706911,0.));
#2927 = ADVANCED_FACE('',(#2928),#2955,.T.);
#2928 = FACE_BOUND('',#2929,.T.);
#2929 = EDGE_LOOP('',(#2930,#2931,#2940,#2948));
#2930 = ORIENTED_EDGE('',*,*,#2909,.T.);
#2931 = ORIENTED_EDGE('',*,*,#2932,.T.);
#2932 = EDGE_CURVE('',#2902,#2933,#2935,.T.);
#2933 = VERTEX_POINT('',#2934);
#2934 = CARTESIAN_POINT('',(131.676,-88.094,1.545));
#2935 = CIRCLE('',#2936,0.499992432518);
#2936 = AXIS2_PLACEMENT_3D('',#2937,#2938,#2939);
#2937 = CARTESIAN_POINT('',(131.67600235338,-87.59400756748,1.545));
#2938 = DIRECTION('',(0.,0.,-1.));
#2939 = DIRECTION('',(0.707111995353,-0.707101566982,0.));
#2940 = ORIENTED_EDGE('',*,*,#2941,.F.);
#2941 = EDGE_CURVE('',#2942,#2933,#2944,.T.);
#2942 = VERTEX_POINT('',#2943);
#2943 = CARTESIAN_POINT('',(131.676,-88.094,1.51));
#2944 = LINE('',#2945,#2946);
#2945 = CARTESIAN_POINT('',(131.676,-88.094,1.51));
#2946 = VECTOR('',#2947,1.);
#2947 = DIRECTION('',(0.,0.,1.));
#2948 = ORIENTED_EDGE('',*,*,#2949,.F.);
#2949 = EDGE_CURVE('',#2910,#2942,#2950,.T.);
#2950 = CIRCLE('',#2951,0.499992432518);
#2951 = AXIS2_PLACEMENT_3D('',#2952,#2953,#2954);
#2952 = CARTESIAN_POINT('',(131.67600235338,-87.59400756748,1.51));
#2953 = DIRECTION('',(0.,0.,-1.));
#2954 = DIRECTION('',(0.707111995353,-0.707101566982,0.));
#2955 = CYLINDRICAL_SURFACE('',#2956,0.499992432518);
#2956 = AXIS2_PLACEMENT_3D('',#2957,#2958,#2959);
#2957 = CARTESIAN_POINT('',(131.67600235338,-87.59400756748,1.51));
#2958 = DIRECTION('',(0.,0.,-1.));
#2959 = DIRECTION('',(0.707111995353,-0.707101566982,0.));
#2960 = ADVANCED_FACE('',(#2961),#2986,.T.);
#2961 = FACE_BOUND('',#2962,.T.);
#2962 = EDGE_LOOP('',(#2963,#2964,#2972,#2980));
#2963 = ORIENTED_EDGE('',*,*,#2941,.T.);
#2964 = ORIENTED_EDGE('',*,*,#2965,.T.);
#2965 = EDGE_CURVE('',#2933,#2966,#2968,.T.);
#2966 = VERTEX_POINT('',#2967);
#2967 = CARTESIAN_POINT('',(131.334,-88.094,1.545));
#2968 = LINE('',#2969,#2970);
#2969 = CARTESIAN_POINT('',(131.676,-88.094,1.545));
#2970 = VECTOR('',#2971,1.);
#2971 = DIRECTION('',(-1.,0.,0.));
#2972 = ORIENTED_EDGE('',*,*,#2973,.F.);
#2973 = EDGE_CURVE('',#2974,#2966,#2976,.T.);
#2974 = VERTEX_POINT('',#2975);
#2975 = CARTESIAN_POINT('',(131.334,-88.094,1.51));
#2976 = LINE('',#2977,#2978);
#2977 = CARTESIAN_POINT('',(131.334,-88.094,1.51));
#2978 = VECTOR('',#2979,1.);
#2979 = DIRECTION('',(0.,0.,1.));
#2980 = ORIENTED_EDGE('',*,*,#2981,.F.);
#2981 = EDGE_CURVE('',#2942,#2974,#2982,.T.);
#2982 = LINE('',#2983,#2984);
#2983 = CARTESIAN_POINT('',(131.676,-88.094,1.51));
#2984 = VECTOR('',#2985,1.);
#2985 = DIRECTION('',(-1.,0.,0.));
#2986 = PLANE('',#2987);
#2987 = AXIS2_PLACEMENT_3D('',#2988,#2989,#2990);
#2988 = CARTESIAN_POINT('',(131.676,-88.094,1.51));
#2989 = DIRECTION('',(0.,-1.,0.));
#2990 = DIRECTION('',(-1.,0.,0.));
#2991 = ADVANCED_FACE('',(#2992),#3019,.T.);
#2992 = FACE_BOUND('',#2993,.T.);
#2993 = EDGE_LOOP('',(#2994,#2995,#3004,#3012));
#2994 = ORIENTED_EDGE('',*,*,#2973,.T.);
#2995 = ORIENTED_EDGE('',*,*,#2996,.T.);
#2996 = EDGE_CURVE('',#2966,#2997,#2999,.T.);
#2997 = VERTEX_POINT('',#2998);
#2998 = CARTESIAN_POINT('',(131.268737,-87.098278,1.545));
#2999 = CIRCLE('',#3000,0.499999796652);
#3000 = AXIS2_PLACEMENT_3D('',#3001,#3002,#3003);
#3001 = CARTESIAN_POINT('',(131.334000265,-87.59400020334,1.545));
#3002 = DIRECTION('',(0.,0.,-1.));
#3003 = DIRECTION('',(-5.300171205875E-07,-1.,-0.));
#3004 = ORIENTED_EDGE('',*,*,#3005,.F.);
#3005 = EDGE_CURVE('',#3006,#2997,#3008,.T.);
#3006 = VERTEX_POINT('',#3007);
#3007 = CARTESIAN_POINT('',(131.268737,-87.098278,1.51));
#3008 = LINE('',#3009,#3010);
#3009 = CARTESIAN_POINT('',(131.268737,-87.098278,1.51));
#3010 = VECTOR('',#3011,1.);
#3011 = DIRECTION('',(0.,0.,1.));
#3012 = ORIENTED_EDGE('',*,*,#3013,.F.);
#3013 = EDGE_CURVE('',#2974,#3006,#3014,.T.);
#3014 = CIRCLE('',#3015,0.499999796652);
#3015 = AXIS2_PLACEMENT_3D('',#3016,#3017,#3018);
#3016 = CARTESIAN_POINT('',(131.334000265,-87.59400020334,1.51));
#3017 = DIRECTION('',(0.,0.,-1.));
#3018 = DIRECTION('',(-5.300171205875E-07,-1.,-0.));
#3019 = CYLINDRICAL_SURFACE('',#3020,0.499999796652);
#3020 = AXIS2_PLACEMENT_3D('',#3021,#3022,#3023);
#3021 = CARTESIAN_POINT('',(131.334000265,-87.59400020334,1.51));
#3022 = DIRECTION('',(0.,0.,-1.));
#3023 = DIRECTION('',(-5.300171205875E-07,-1.,-0.));
#3024 = ADVANCED_FACE('',(#3025),#3050,.T.);
#3025 = FACE_BOUND('',#3026,.T.);
#3026 = EDGE_LOOP('',(#3027,#3028,#3036,#3044));
#3027 = ORIENTED_EDGE('',*,*,#3005,.T.);
#3028 = ORIENTED_EDGE('',*,*,#3029,.T.);
#3029 = EDGE_CURVE('',#2997,#3030,#3032,.T.);
#3030 = VERTEX_POINT('',#3031);
#3031 = CARTESIAN_POINT('',(131.468894,-87.094,1.545));
#3032 = LINE('',#3033,#3034);
#3033 = CARTESIAN_POINT('',(131.268737,-87.098278,1.545));
#3034 = VECTOR('',#3035,1.);
#3035 = DIRECTION('',(0.999771670915,2.136834189249E-02,0.));
#3036 = ORIENTED_EDGE('',*,*,#3037,.F.);
#3037 = EDGE_CURVE('',#3038,#3030,#3040,.T.);
#3038 = VERTEX_POINT('',#3039);
#3039 = CARTESIAN_POINT('',(131.468894,-87.094,1.51));
#3040 = LINE('',#3041,#3042);
#3041 = CARTESIAN_POINT('',(131.468894,-87.094,1.51));
#3042 = VECTOR('',#3043,1.);
#3043 = DIRECTION('',(0.,0.,1.));
#3044 = ORIENTED_EDGE('',*,*,#3045,.F.);
#3045 = EDGE_CURVE('',#3006,#3038,#3046,.T.);
#3046 = LINE('',#3047,#3048);
#3047 = CARTESIAN_POINT('',(131.268737,-87.098278,1.51));
#3048 = VECTOR('',#3049,1.);
#3049 = DIRECTION('',(0.999771670915,2.136834189249E-02,0.));
#3050 = PLANE('',#3051);
#3051 = AXIS2_PLACEMENT_3D('',#3052,#3053,#3054);
#3052 = CARTESIAN_POINT('',(131.268737,-87.098278,1.51));
#3053 = DIRECTION('',(-2.136834189249E-02,0.999771670915,0.));
#3054 = DIRECTION('',(0.999771670915,2.136834189249E-02,0.));
#3055 = ADVANCED_FACE('',(#3056),#3081,.T.);
#3056 = FACE_BOUND('',#3057,.T.);
#3057 = EDGE_LOOP('',(#3058,#3059,#3067,#3075));
#3058 = ORIENTED_EDGE('',*,*,#3037,.T.);
#3059 = ORIENTED_EDGE('',*,*,#3060,.T.);
#3060 = EDGE_CURVE('',#3030,#3061,#3063,.T.);
#3061 = VERTEX_POINT('',#3062);
#3062 = CARTESIAN_POINT('',(136.025729,-82.537163,1.545));
#3063 = LINE('',#3064,#3065);
#3064 = CARTESIAN_POINT('',(131.468894,-87.094,1.545));
#3065 = VECTOR('',#3066,1.);
#3066 = DIRECTION('',(0.707106626012,0.707106936361,0.));
#3067 = ORIENTED_EDGE('',*,*,#3068,.F.);
#3068 = EDGE_CURVE('',#3069,#3061,#3071,.T.);
#3069 = VERTEX_POINT('',#3070);
#3070 = CARTESIAN_POINT('',(136.025729,-82.537163,1.51));
#3071 = LINE('',#3072,#3073);
#3072 = CARTESIAN_POINT('',(136.025729,-82.537163,1.51));
#3073 = VECTOR('',#3074,1.);
#3074 = DIRECTION('',(0.,0.,1.));
#3075 = ORIENTED_EDGE('',*,*,#3076,.F.);
#3076 = EDGE_CURVE('',#3038,#3069,#3077,.T.);
#3077 = LINE('',#3078,#3079);
#3078 = CARTESIAN_POINT('',(131.468894,-87.094,1.51));
#3079 = VECTOR('',#3080,1.);
#3080 = DIRECTION('',(0.707106626012,0.707106936361,0.));
#3081 = PLANE('',#3082);
#3082 = AXIS2_PLACEMENT_3D('',#3083,#3084,#3085);
#3083 = CARTESIAN_POINT('',(131.468894,-87.094,1.51));
#3084 = DIRECTION('',(-0.707106936361,0.707106626012,0.));
#3085 = DIRECTION('',(0.707106626012,0.707106936361,0.));
#3086 = ADVANCED_FACE('',(#3087),#3112,.T.);
#3087 = FACE_BOUND('',#3088,.T.);
#3088 = EDGE_LOOP('',(#3089,#3090,#3098,#3106));
#3089 = ORIENTED_EDGE('',*,*,#3068,.T.);
#3090 = ORIENTED_EDGE('',*,*,#3091,.T.);
#3091 = EDGE_CURVE('',#3061,#3092,#3094,.T.);
#3092 = VERTEX_POINT('',#3093);
#3093 = CARTESIAN_POINT('',(136.039323,-82.513619,1.545));
#3094 = LINE('',#3095,#3096);
#3095 = CARTESIAN_POINT('',(136.025729,-82.537163,1.545));
#3096 = VECTOR('',#3097,1.);
#3097 = DIRECTION('',(0.500023869812,0.866011622103,0.));
#3098 = ORIENTED_EDGE('',*,*,#3099,.F.);
#3099 = EDGE_CURVE('',#3100,#3092,#3102,.T.);
#3100 = VERTEX_POINT('',#3101);
#3101 = CARTESIAN_POINT('',(136.039323,-82.513619,1.51));
#3102 = LINE('',#3103,#3104);
#3103 = CARTESIAN_POINT('',(136.039323,-82.513619,1.51));
#3104 = VECTOR('',#3105,1.);
#3105 = DIRECTION('',(0.,0.,1.));
#3106 = ORIENTED_EDGE('',*,*,#3107,.F.);
#3107 = EDGE_CURVE('',#3069,#3100,#3108,.T.);
#3108 = LINE('',#3109,#3110);
#3109 = CARTESIAN_POINT('',(136.025729,-82.537163,1.51));
#3110 = VECTOR('',#3111,1.);
#3111 = DIRECTION('',(0.500023869812,0.866011622103,0.));
#3112 = PLANE('',#3113);
#3113 = AXIS2_PLACEMENT_3D('',#3114,#3115,#3116);
#3114 = CARTESIAN_POINT('',(136.025729,-82.537163,1.51));
#3115 = DIRECTION('',(-0.866011622103,0.500023869812,0.));
#3116 = DIRECTION('',(0.500023869812,0.866011622103,0.));
#3117 = ADVANCED_FACE('',(#3118),#3143,.T.);
#3118 = FACE_BOUND('',#3119,.T.);
#3119 = EDGE_LOOP('',(#3120,#3121,#3129,#3137));
#3120 = ORIENTED_EDGE('',*,*,#3099,.T.);
#3121 = ORIENTED_EDGE('',*,*,#3122,.T.);
#3122 = EDGE_CURVE('',#3092,#3123,#3125,.T.);
#3123 = VERTEX_POINT('',#3124);
#3124 = CARTESIAN_POINT('',(136.131619,-82.421323,1.545));
#3125 = LINE('',#3126,#3127);
#3126 = CARTESIAN_POINT('',(136.039323,-82.513619,1.545));
#3127 = VECTOR('',#3128,1.);
#3128 = DIRECTION('',(0.707106781187,0.707106781187,0.));
#3129 = ORIENTED_EDGE('',*,*,#3130,.F.);
#3130 = EDGE_CURVE('',#3131,#3123,#3133,.T.);
#3131 = VERTEX_POINT('',#3132);
#3132 = CARTESIAN_POINT('',(136.131619,-82.421323,1.51));
#3133 = LINE('',#3134,#3135);
#3134 = CARTESIAN_POINT('',(136.131619,-82.421323,1.51));
#3135 = VECTOR('',#3136,1.);
#3136 = DIRECTION('',(0.,0.,1.));
#3137 = ORIENTED_EDGE('',*,*,#3138,.F.);
#3138 = EDGE_CURVE('',#3100,#3131,#3139,.T.);
#3139 = LINE('',#3140,#3141);
#3140 = CARTESIAN_POINT('',(136.039323,-82.513619,1.51));
#3141 = VECTOR('',#3142,1.);
#3142 = DIRECTION('',(0.707106781187,0.707106781187,0.));
#3143 = PLANE('',#3144);
#3144 = AXIS2_PLACEMENT_3D('',#3145,#3146,#3147);
#3145 = CARTESIAN_POINT('',(136.039323,-82.513619,1.51));
#3146 = DIRECTION('',(-0.707106781187,0.707106781187,0.));
#3147 = DIRECTION('',(0.707106781187,0.707106781187,0.));
#3148 = ADVANCED_FACE('',(#3149),#3165,.T.);
#3149 = FACE_BOUND('',#3150,.T.);
#3150 = EDGE_LOOP('',(#3151,#3152,#3158,#3159));
#3151 = ORIENTED_EDGE('',*,*,#3130,.T.);
#3152 = ORIENTED_EDGE('',*,*,#3153,.T.);
#3153 = EDGE_CURVE('',#3123,#2797,#3154,.T.);
#3154 = LINE('',#3155,#3156);
#3155 = CARTESIAN_POINT('',(136.131619,-82.421323,1.545));
#3156 = VECTOR('',#3157,1.);
#3157 = DIRECTION('',(0.866025725838,0.499999442187,0.));
#3158 = ORIENTED_EDGE('',*,*,#2794,.F.);
#3159 = ORIENTED_EDGE('',*,*,#3160,.F.);
#3160 = EDGE_CURVE('',#3131,#2795,#3161,.T.);
#3161 = LINE('',#3162,#3163);
#3162 = CARTESIAN_POINT('',(136.131619,-82.421323,1.51));
#3163 = VECTOR('',#3164,1.);
#3164 = DIRECTION('',(0.866025725838,0.499999442187,0.));
#3165 = PLANE('',#3166);
#3166 = AXIS2_PLACEMENT_3D('',#3167,#3168,#3169);
#3167 = CARTESIAN_POINT('',(136.131619,-82.421323,1.51));
#3168 = DIRECTION('',(-0.499999442187,0.866025725838,0.));
#3169 = DIRECTION('',(0.866025725838,0.499999442187,0.));
#3170 = ADVANCED_FACE('',(#3171),#3198,.F.);
#3171 = FACE_BOUND('',#3172,.T.);
#3172 = EDGE_LOOP('',(#3173,#3183,#3190,#3191));
#3173 = ORIENTED_EDGE('',*,*,#3174,.T.);
#3174 = EDGE_CURVE('',#3175,#3177,#3179,.T.);
#3175 = VERTEX_POINT('',#3176);
#3176 = CARTESIAN_POINT('',(131.471255,-87.594,1.51));
#3177 = VERTEX_POINT('',#3178);
#3178 = CARTESIAN_POINT('',(131.471255,-87.594,1.545));
#3179 = LINE('',#3180,#3181);
#3180 = CARTESIAN_POINT('',(131.471255,-87.594,1.51));
#3181 = VECTOR('',#3182,1.);
#3182 = DIRECTION('',(0.,0.,1.));
#3183 = ORIENTED_EDGE('',*,*,#3184,.T.);
#3184 = EDGE_CURVE('',#3177,#3177,#3185,.T.);
#3185 = CIRCLE('',#3186,0.137255);
#3186 = AXIS2_PLACEMENT_3D('',#3187,#3188,#3189);
#3187 = CARTESIAN_POINT('',(131.334,-87.594,1.545));
#3188 = DIRECTION('',(0.,0.,1.));
#3189 = DIRECTION('',(1.,0.,-0.));
#3190 = ORIENTED_EDGE('',*,*,#3174,.F.);
#3191 = ORIENTED_EDGE('',*,*,#3192,.F.);
#3192 = EDGE_CURVE('',#3175,#3175,#3193,.T.);
#3193 = CIRCLE('',#3194,0.137255);
#3194 = AXIS2_PLACEMENT_3D('',#3195,#3196,#3197);
#3195 = CARTESIAN_POINT('',(131.334,-87.594,1.51));
#3196 = DIRECTION('',(0.,0.,1.));
#3197 = DIRECTION('',(1.,0.,-0.));
#3198 = CYLINDRICAL_SURFACE('',#3199,0.137255);
#3199 = AXIS2_PLACEMENT_3D('',#3200,#3201,#3202);
#3200 = CARTESIAN_POINT('',(131.334,-87.594,1.51));
#3201 = DIRECTION('',(-0.,-0.,-1.));
#3202 = DIRECTION('',(1.,0.,-0.));
#3203 = ADVANCED_FACE('',(#3204),#3231,.F.);
#3204 = FACE_BOUND('',#3205,.T.);
#3205 = EDGE_LOOP('',(#3206,#3216,#3223,#3224));
#3206 = ORIENTED_EDGE('',*,*,#3207,.T.);
#3207 = EDGE_CURVE('',#3208,#3210,#3212,.T.);
#3208 = VERTEX_POINT('',#3209);
#3209 = CARTESIAN_POINT('',(136.923392,-82.818,1.51));
#3210 = VERTEX_POINT('',#3211);
#3211 = CARTESIAN_POINT('',(136.923392,-82.818,1.545));
#3212 = LINE('',#3213,#3214);
#3213 = CARTESIAN_POINT('',(136.923392,-82.818,1.51));
#3214 = VECTOR('',#3215,1.);
#3215 = DIRECTION('',(0.,0.,1.));
#3216 = ORIENTED_EDGE('',*,*,#3217,.T.);
#3217 = EDGE_CURVE('',#3210,#3210,#3218,.T.);
#3218 = CIRCLE('',#3219,0.487392);
#3219 = AXIS2_PLACEMENT_3D('',#3220,#3221,#3222);
#3220 = CARTESIAN_POINT('',(136.436,-82.818,1.545));
#3221 = DIRECTION('',(0.,0.,1.));
#3222 = DIRECTION('',(1.,0.,-0.));
#3223 = ORIENTED_EDGE('',*,*,#3207,.F.);
#3224 = ORIENTED_EDGE('',*,*,#3225,.F.);
#3225 = EDGE_CURVE('',#3208,#3208,#3226,.T.);
#3226 = CIRCLE('',#3227,0.487392);
#3227 = AXIS2_PLACEMENT_3D('',#3228,#3229,#3230);
#3228 = CARTESIAN_POINT('',(136.436,-82.818,1.51));
#3229 = DIRECTION('',(0.,0.,1.));
#3230 = DIRECTION('',(1.,0.,-0.));
#3231 = CYLINDRICAL_SURFACE('',#3232,0.487392);
#3232 = AXIS2_PLACEMENT_3D('',#3233,#3234,#3235);
#3233 = CARTESIAN_POINT('',(136.436,-82.818,1.51));
#3234 = DIRECTION('',(-0.,-0.,-1.));
#3235 = DIRECTION('',(1.,0.,-0.));
#3236 = ADVANCED_FACE('',(#3237,#3251,#3254),#3257,.F.);
#3237 = FACE_BOUND('',#3238,.T.);
#3238 = EDGE_LOOP('',(#3239,#3240,#3241,#3242,#3243,#3244,#3245,#3246,
    #3247,#3248,#3249,#3250));
#3239 = ORIENTED_EDGE('',*,*,#2821,.T.);
#3240 = ORIENTED_EDGE('',*,*,#2853,.T.);
#3241 = ORIENTED_EDGE('',*,*,#2885,.T.);
#3242 = ORIENTED_EDGE('',*,*,#2917,.T.);
#3243 = ORIENTED_EDGE('',*,*,#2949,.T.);
#3244 = ORIENTED_EDGE('',*,*,#2981,.T.);
#3245 = ORIENTED_EDGE('',*,*,#3013,.T.);
#3246 = ORIENTED_EDGE('',*,*,#3045,.T.);
#3247 = ORIENTED_EDGE('',*,*,#3076,.T.);
#3248 = ORIENTED_EDGE('',*,*,#3107,.T.);
#3249 = ORIENTED_EDGE('',*,*,#3138,.T.);
#3250 = ORIENTED_EDGE('',*,*,#3160,.T.);
#3251 = FACE_BOUND('',#3252,.T.);
#3252 = EDGE_LOOP('',(#3253));
#3253 = ORIENTED_EDGE('',*,*,#3192,.T.);
#3254 = FACE_BOUND('',#3255,.T.);
#3255 = EDGE_LOOP('',(#3256));
#3256 = ORIENTED_EDGE('',*,*,#3225,.T.);
#3257 = PLANE('',#3258);
#3258 = AXIS2_PLACEMENT_3D('',#3259,#3260,#3261);
#3259 = CARTESIAN_POINT('',(0.,0.,1.51));
#3260 = DIRECTION('',(0.,0.,1.));
#3261 = DIRECTION('',(1.,0.,-0.));
#3262 = ADVANCED_FACE('',(#3263,#3277,#3280),#3283,.T.);
#3263 = FACE_BOUND('',#3264,.F.);
#3264 = EDGE_LOOP('',(#3265,#3266,#3267,#3268,#3269,#3270,#3271,#3272,
    #3273,#3274,#3275,#3276));
#3265 = ORIENTED_EDGE('',*,*,#2804,.T.);
#3266 = ORIENTED_EDGE('',*,*,#2837,.T.);
#3267 = ORIENTED_EDGE('',*,*,#2868,.T.);
#3268 = ORIENTED_EDGE('',*,*,#2901,.T.);
#3269 = ORIENTED_EDGE('',*,*,#2932,.T.);
#3270 = ORIENTED_EDGE('',*,*,#2965,.T.);
#3271 = ORIENTED_EDGE('',*,*,#2996,.T.);
#3272 = ORIENTED_EDGE('',*,*,#3029,.T.);
#3273 = ORIENTED_EDGE('',*,*,#3060,.T.);
#3274 = ORIENTED_EDGE('',*,*,#3091,.T.);
#3275 = ORIENTED_EDGE('',*,*,#3122,.T.);
#3276 = ORIENTED_EDGE('',*,*,#3153,.T.);
#3277 = FACE_BOUND('',#3278,.F.);
#3278 = EDGE_LOOP('',(#3279));
#3279 = ORIENTED_EDGE('',*,*,#3184,.T.);
#3280 = FACE_BOUND('',#3281,.F.);
#3281 = EDGE_LOOP('',(#3282));
#3282 = ORIENTED_EDGE('',*,*,#3217,.T.);
#3283 = PLANE('',#3284);
#3284 = AXIS2_PLACEMENT_3D('',#3285,#3286,#3287);
#3285 = CARTESIAN_POINT('',(0.,0.,1.545));
#3286 = DIRECTION('',(0.,0.,1.));
#3287 = DIRECTION('',(1.,0.,-0.));
#3288 = MANIFOLD_SOLID_BREP('',#3289);
#3289 = CLOSED_SHELL('',(#3290,#3323,#3356,#3368));
#3290 = ADVANCED_FACE('',(#3291),#3318,.T.);
#3291 = FACE_BOUND('',#3292,.F.);
#3292 = EDGE_LOOP('',(#3293,#3303,#3310,#3311));
#3293 = ORIENTED_EDGE('',*,*,#3294,.T.);
#3294 = EDGE_CURVE('',#3295,#3297,#3299,.T.);
#3295 = VERTEX_POINT('',#3296);
#3296 = CARTESIAN_POINT('',(146.562,-87.654,1.51));
#3297 = VERTEX_POINT('',#3298);
#3298 = CARTESIAN_POINT('',(146.562,-87.654,1.545));
#3299 = LINE('',#3300,#3301);
#3300 = CARTESIAN_POINT('',(146.562,-87.654,1.51));
#3301 = VECTOR('',#3302,1.);
#3302 = DIRECTION('',(0.,0.,1.));
#3303 = ORIENTED_EDGE('',*,*,#3304,.T.);
#3304 = EDGE_CURVE('',#3297,#3297,#3305,.T.);
#3305 = CIRCLE('',#3306,0.3);
#3306 = AXIS2_PLACEMENT_3D('',#3307,#3308,#3309);
#3307 = CARTESIAN_POINT('',(146.262,-87.654,1.545));
#3308 = DIRECTION('',(0.,0.,1.));
#3309 = DIRECTION('',(1.,0.,-0.));
#3310 = ORIENTED_EDGE('',*,*,#3294,.F.);
#3311 = ORIENTED_EDGE('',*,*,#3312,.F.);
#3312 = EDGE_CURVE('',#3295,#3295,#3313,.T.);
#3313 = CIRCLE('',#3314,0.3);
#3314 = AXIS2_PLACEMENT_3D('',#3315,#3316,#3317);
#3315 = CARTESIAN_POINT('',(146.262,-87.654,1.51));
#3316 = DIRECTION('',(0.,0.,1.));
#3317 = DIRECTION('',(1.,0.,-0.));
#3318 = CYLINDRICAL_SURFACE('',#3319,0.3);
#3319 = AXIS2_PLACEMENT_3D('',#3320,#3321,#3322);
#3320 = CARTESIAN_POINT('',(146.262,-87.654,1.51));
#3321 = DIRECTION('',(-0.,-0.,-1.));
#3322 = DIRECTION('',(1.,0.,-0.));
#3323 = ADVANCED_FACE('',(#3324),#3351,.F.);
#3324 = FACE_BOUND('',#3325,.T.);
#3325 = EDGE_LOOP('',(#3326,#3336,#3343,#3344));
#3326 = ORIENTED_EDGE('',*,*,#3327,.T.);
#3327 = EDGE_CURVE('',#3328,#3330,#3332,.T.);
#3328 = VERTEX_POINT('',#3329);
#3329 = CARTESIAN_POINT('',(146.399255,-87.654,1.51));
#3330 = VERTEX_POINT('',#3331);
#3331 = CARTESIAN_POINT('',(146.399255,-87.654,1.545));
#3332 = LINE('',#3333,#3334);
#3333 = CARTESIAN_POINT('',(146.399255,-87.654,1.51));
#3334 = VECTOR('',#3335,1.);
#3335 = DIRECTION('',(0.,0.,1.));
#3336 = ORIENTED_EDGE('',*,*,#3337,.T.);
#3337 = EDGE_CURVE('',#3330,#3330,#3338,.T.);
#3338 = CIRCLE('',#3339,0.137255);
#3339 = AXIS2_PLACEMENT_3D('',#3340,#3341,#3342);
#3340 = CARTESIAN_POINT('',(146.262,-87.654,1.545));
#3341 = DIRECTION('',(0.,0.,1.));
#3342 = DIRECTION('',(1.,0.,-0.));
#3343 = ORIENTED_EDGE('',*,*,#3327,.F.);
#3344 = ORIENTED_EDGE('',*,*,#3345,.F.);
#3345 = EDGE_CURVE('',#3328,#3328,#3346,.T.);
#3346 = CIRCLE('',#3347,0.137255);
#3347 = AXIS2_PLACEMENT_3D('',#3348,#3349,#3350);
#3348 = CARTESIAN_POINT('',(146.262,-87.654,1.51));
#3349 = DIRECTION('',(0.,0.,1.));
#3350 = DIRECTION('',(1.,0.,-0.));
#3351 = CYLINDRICAL_SURFACE('',#3352,0.137255);
#3352 = AXIS2_PLACEMENT_3D('',#3353,#3354,#3355);
#3353 = CARTESIAN_POINT('',(146.262,-87.654,1.51));
#3354 = DIRECTION('',(-0.,-0.,-1.));
#3355 = DIRECTION('',(1.,0.,-0.));
#3356 = ADVANCED_FACE('',(#3357,#3360),#3363,.F.);
#3357 = FACE_BOUND('',#3358,.F.);
#3358 = EDGE_LOOP('',(#3359));
#3359 = ORIENTED_EDGE('',*,*,#3312,.T.);
#3360 = FACE_BOUND('',#3361,.T.);
#3361 = EDGE_LOOP('',(#3362));
#3362 = ORIENTED_EDGE('',*,*,#3345,.T.);
#3363 = PLANE('',#3364);
#3364 = AXIS2_PLACEMENT_3D('',#3365,#3366,#3367);
#3365 = CARTESIAN_POINT('',(0.,0.,1.51));
#3366 = DIRECTION('',(0.,0.,1.));
#3367 = DIRECTION('',(1.,0.,-0.));
#3368 = ADVANCED_FACE('',(#3369,#3372),#3375,.T.);
#3369 = FACE_BOUND('',#3370,.T.);
#3370 = EDGE_LOOP('',(#3371));
#3371 = ORIENTED_EDGE('',*,*,#3304,.T.);
#3372 = FACE_BOUND('',#3373,.F.);
#3373 = EDGE_LOOP('',(#3374));
#3374 = ORIENTED_EDGE('',*,*,#3337,.T.);
#3375 = PLANE('',#3376);
#3376 = AXIS2_PLACEMENT_3D('',#3377,#3378,#3379);
#3377 = CARTESIAN_POINT('',(0.,0.,1.545));
#3378 = DIRECTION('',(0.,0.,1.));
#3379 = DIRECTION('',(1.,0.,-0.));
#3380 = MANIFOLD_SOLID_BREP('',#3381);
#3381 = CLOSED_SHELL('',(#3382,#3415,#3448,#3460));
#3382 = ADVANCED_FACE('',(#3383),#3410,.T.);
#3383 = FACE_BOUND('',#3384,.F.);
#3384 = EDGE_LOOP('',(#3385,#3395,#3402,#3403));
#3385 = ORIENTED_EDGE('',*,*,#3386,.T.);
#3386 = EDGE_CURVE('',#3387,#3389,#3391,.T.);
#3387 = VERTEX_POINT('',#3388);
#3388 = CARTESIAN_POINT('',(137.952,-76.008,1.51));
#3389 = VERTEX_POINT('',#3390);
#3390 = CARTESIAN_POINT('',(137.952,-76.008,1.545));
#3391 = LINE('',#3392,#3393);
#3392 = CARTESIAN_POINT('',(137.952,-76.008,1.51));
#3393 = VECTOR('',#3394,1.);
#3394 = DIRECTION('',(0.,0.,1.));
#3395 = ORIENTED_EDGE('',*,*,#3396,.T.);
#3396 = EDGE_CURVE('',#3389,#3389,#3397,.T.);
#3397 = CIRCLE('',#3398,0.3);
#3398 = AXIS2_PLACEMENT_3D('',#3399,#3400,#3401);
#3399 = CARTESIAN_POINT('',(137.652,-76.008,1.545));
#3400 = DIRECTION('',(0.,0.,1.));
#3401 = DIRECTION('',(1.,0.,-0.));
#3402 = ORIENTED_EDGE('',*,*,#3386,.F.);
#3403 = ORIENTED_EDGE('',*,*,#3404,.F.);
#3404 = EDGE_CURVE('',#3387,#3387,#3405,.T.);
#3405 = CIRCLE('',#3406,0.3);
#3406 = AXIS2_PLACEMENT_3D('',#3407,#3408,#3409);
#3407 = CARTESIAN_POINT('',(137.652,-76.008,1.51));
#3408 = DIRECTION('',(0.,0.,1.));
#3409 = DIRECTION('',(1.,0.,-0.));
#3410 = CYLINDRICAL_SURFACE('',#3411,0.3);
#3411 = AXIS2_PLACEMENT_3D('',#3412,#3413,#3414);
#3412 = CARTESIAN_POINT('',(137.652,-76.008,1.51));
#3413 = DIRECTION('',(-0.,-0.,-1.));
#3414 = DIRECTION('',(1.,0.,-0.));
#3415 = ADVANCED_FACE('',(#3416),#3443,.F.);
#3416 = FACE_BOUND('',#3417,.T.);
#3417 = EDGE_LOOP('',(#3418,#3428,#3435,#3436));
#3418 = ORIENTED_EDGE('',*,*,#3419,.T.);
#3419 = EDGE_CURVE('',#3420,#3422,#3424,.T.);
#3420 = VERTEX_POINT('',#3421);
#3421 = CARTESIAN_POINT('',(137.789255,-76.008,1.51));
#3422 = VERTEX_POINT('',#3423);
#3423 = CARTESIAN_POINT('',(137.789255,-76.008,1.545));
#3424 = LINE('',#3425,#3426);
#3425 = CARTESIAN_POINT('',(137.789255,-76.008,1.51));
#3426 = VECTOR('',#3427,1.);
#3427 = DIRECTION('',(0.,0.,1.));
#3428 = ORIENTED_EDGE('',*,*,#3429,.T.);
#3429 = EDGE_CURVE('',#3422,#3422,#3430,.T.);
#3430 = CIRCLE('',#3431,0.137255);
#3431 = AXIS2_PLACEMENT_3D('',#3432,#3433,#3434);
#3432 = CARTESIAN_POINT('',(137.652,-76.008,1.545));
#3433 = DIRECTION('',(0.,0.,1.));
#3434 = DIRECTION('',(1.,0.,-0.));
#3435 = ORIENTED_EDGE('',*,*,#3419,.F.);
#3436 = ORIENTED_EDGE('',*,*,#3437,.F.);
#3437 = EDGE_CURVE('',#3420,#3420,#3438,.T.);
#3438 = CIRCLE('',#3439,0.137255);
#3439 = AXIS2_PLACEMENT_3D('',#3440,#3441,#3442);
#3440 = CARTESIAN_POINT('',(137.652,-76.008,1.51));
#3441 = DIRECTION('',(0.,0.,1.));
#3442 = DIRECTION('',(1.,0.,-0.));
#3443 = CYLINDRICAL_SURFACE('',#3444,0.137255);
#3444 = AXIS2_PLACEMENT_3D('',#3445,#3446,#3447);
#3445 = CARTESIAN_POINT('',(137.652,-76.008,1.51));
#3446 = DIRECTION('',(-0.,-0.,-1.));
#3447 = DIRECTION('',(1.,0.,-0.));
#3448 = ADVANCED_FACE('',(#3449,#3452),#3455,.F.);
#3449 = FACE_BOUND('',#3450,.F.);
#3450 = EDGE_LOOP('',(#3451));
#3451 = ORIENTED_EDGE('',*,*,#3404,.T.);
#3452 = FACE_BOUND('',#3453,.T.);
#3453 = EDGE_LOOP('',(#3454));
#3454 = ORIENTED_EDGE('',*,*,#3437,.T.);
#3455 = PLANE('',#3456);
#3456 = AXIS2_PLACEMENT_3D('',#3457,#3458,#3459);
#3457 = CARTESIAN_POINT('',(0.,0.,1.51));
#3458 = DIRECTION('',(0.,0.,1.));
#3459 = DIRECTION('',(1.,0.,-0.));
#3460 = ADVANCED_FACE('',(#3461,#3464),#3467,.T.);
#3461 = FACE_BOUND('',#3462,.T.);
#3462 = EDGE_LOOP('',(#3463));
#3463 = ORIENTED_EDGE('',*,*,#3396,.T.);
#3464 = FACE_BOUND('',#3465,.F.);
#3465 = EDGE_LOOP('',(#3466));
#3466 = ORIENTED_EDGE('',*,*,#3429,.T.);
#3467 = PLANE('',#3468);
#3468 = AXIS2_PLACEMENT_3D('',#3469,#3470,#3471);
#3469 = CARTESIAN_POINT('',(0.,0.,1.545));
#3470 = DIRECTION('',(0.,0.,1.));
#3471 = DIRECTION('',(1.,0.,-0.));
#3472 = MANIFOLD_SOLID_BREP('',#3473);
#3473 = CLOSED_SHELL('',(#3474,#3507,#3540,#3552));
#3474 = ADVANCED_FACE('',(#3475),#3502,.T.);
#3475 = FACE_BOUND('',#3476,.F.);
#3476 = EDGE_LOOP('',(#3477,#3487,#3494,#3495));
#3477 = ORIENTED_EDGE('',*,*,#3478,.T.);
#3478 = EDGE_CURVE('',#3479,#3481,#3483,.T.);
#3479 = VERTEX_POINT('',#3480);
#3480 = CARTESIAN_POINT('',(140.514,-75.996,1.51));
#3481 = VERTEX_POINT('',#3482);
#3482 = CARTESIAN_POINT('',(140.514,-75.996,1.545));
#3483 = LINE('',#3484,#3485);
#3484 = CARTESIAN_POINT('',(140.514,-75.996,1.51));
#3485 = VECTOR('',#3486,1.);
#3486 = DIRECTION('',(0.,0.,1.));
#3487 = ORIENTED_EDGE('',*,*,#3488,.T.);
#3488 = EDGE_CURVE('',#3481,#3481,#3489,.T.);
#3489 = CIRCLE('',#3490,0.3);
#3490 = AXIS2_PLACEMENT_3D('',#3491,#3492,#3493);
#3491 = CARTESIAN_POINT('',(140.214,-75.996,1.545));
#3492 = DIRECTION('',(0.,0.,1.));
#3493 = DIRECTION('',(1.,0.,-0.));
#3494 = ORIENTED_EDGE('',*,*,#3478,.F.);
#3495 = ORIENTED_EDGE('',*,*,#3496,.F.);
#3496 = EDGE_CURVE('',#3479,#3479,#3497,.T.);
#3497 = CIRCLE('',#3498,0.3);
#3498 = AXIS2_PLACEMENT_3D('',#3499,#3500,#3501);
#3499 = CARTESIAN_POINT('',(140.214,-75.996,1.51));
#3500 = DIRECTION('',(0.,0.,1.));
#3501 = DIRECTION('',(1.,0.,-0.));
#3502 = CYLINDRICAL_SURFACE('',#3503,0.3);
#3503 = AXIS2_PLACEMENT_3D('',#3504,#3505,#3506);
#3504 = CARTESIAN_POINT('',(140.214,-75.996,1.51));
#3505 = DIRECTION('',(-0.,-0.,-1.));
#3506 = DIRECTION('',(1.,0.,-0.));
#3507 = ADVANCED_FACE('',(#3508),#3535,.F.);
#3508 = FACE_BOUND('',#3509,.T.);
#3509 = EDGE_LOOP('',(#3510,#3520,#3527,#3528));
#3510 = ORIENTED_EDGE('',*,*,#3511,.T.);
#3511 = EDGE_CURVE('',#3512,#3514,#3516,.T.);
#3512 = VERTEX_POINT('',#3513);
#3513 = CARTESIAN_POINT('',(140.351255,-75.996,1.51));
#3514 = VERTEX_POINT('',#3515);
#3515 = CARTESIAN_POINT('',(140.351255,-75.996,1.545));
#3516 = LINE('',#3517,#3518);
#3517 = CARTESIAN_POINT('',(140.351255,-75.996,1.51));
#3518 = VECTOR('',#3519,1.);
#3519 = DIRECTION('',(0.,0.,1.));
#3520 = ORIENTED_EDGE('',*,*,#3521,.T.);
#3521 = EDGE_CURVE('',#3514,#3514,#3522,.T.);
#3522 = CIRCLE('',#3523,0.137255);
#3523 = AXIS2_PLACEMENT_3D('',#3524,#3525,#3526);
#3524 = CARTESIAN_POINT('',(140.214,-75.996,1.545));
#3525 = DIRECTION('',(0.,0.,1.));
#3526 = DIRECTION('',(1.,0.,-0.));
#3527 = ORIENTED_EDGE('',*,*,#3511,.F.);
#3528 = ORIENTED_EDGE('',*,*,#3529,.F.);
#3529 = EDGE_CURVE('',#3512,#3512,#3530,.T.);
#3530 = CIRCLE('',#3531,0.137255);
#3531 = AXIS2_PLACEMENT_3D('',#3532,#3533,#3534);
#3532 = CARTESIAN_POINT('',(140.214,-75.996,1.51));
#3533 = DIRECTION('',(0.,0.,1.));
#3534 = DIRECTION('',(1.,0.,-0.));
#3535 = CYLINDRICAL_SURFACE('',#3536,0.137255);
#3536 = AXIS2_PLACEMENT_3D('',#3537,#3538,#3539);
#3537 = CARTESIAN_POINT('',(140.214,-75.996,1.51));
#3538 = DIRECTION('',(-0.,-0.,-1.));
#3539 = DIRECTION('',(1.,0.,-0.));
#3540 = ADVANCED_FACE('',(#3541,#3544),#3547,.F.);
#3541 = FACE_BOUND('',#3542,.F.);
#3542 = EDGE_LOOP('',(#3543));
#3543 = ORIENTED_EDGE('',*,*,#3496,.T.);
#3544 = FACE_BOUND('',#3545,.T.);
#3545 = EDGE_LOOP('',(#3546));
#3546 = ORIENTED_EDGE('',*,*,#3529,.T.);
#3547 = PLANE('',#3548);
#3548 = AXIS2_PLACEMENT_3D('',#3549,#3550,#3551);
#3549 = CARTESIAN_POINT('',(0.,0.,1.51));
#3550 = DIRECTION('',(0.,0.,1.));
#3551 = DIRECTION('',(1.,0.,-0.));
#3552 = ADVANCED_FACE('',(#3553,#3556),#3559,.T.);
#3553 = FACE_BOUND('',#3554,.T.);
#3554 = EDGE_LOOP('',(#3555));
#3555 = ORIENTED_EDGE('',*,*,#3488,.T.);
#3556 = FACE_BOUND('',#3557,.F.);
#3557 = EDGE_LOOP('',(#3558));
#3558 = ORIENTED_EDGE('',*,*,#3521,.T.);
#3559 = PLANE('',#3560);
#3560 = AXIS2_PLACEMENT_3D('',#3561,#3562,#3563);
#3561 = CARTESIAN_POINT('',(0.,0.,1.545));
#3562 = DIRECTION('',(0.,0.,1.));
#3563 = DIRECTION('',(1.,0.,-0.));
#3564 = MANIFOLD_SOLID_BREP('',#3565);
#3565 = CLOSED_SHELL('',(#3566,#3599,#3632,#3644));
#3566 = ADVANCED_FACE('',(#3567),#3594,.T.);
#3567 = FACE_BOUND('',#3568,.F.);
#3568 = EDGE_LOOP('',(#3569,#3579,#3586,#3587));
#3569 = ORIENTED_EDGE('',*,*,#3570,.T.);
#3570 = EDGE_CURVE('',#3571,#3573,#3575,.T.);
#3571 = VERTEX_POINT('',#3572);
#3572 = CARTESIAN_POINT('',(144.378,-74.28,1.51));
#3573 = VERTEX_POINT('',#3574);
#3574 = CARTESIAN_POINT('',(144.378,-74.28,1.545));
#3575 = LINE('',#3576,#3577);
#3576 = CARTESIAN_POINT('',(144.378,-74.28,1.51));
#3577 = VECTOR('',#3578,1.);
#3578 = DIRECTION('',(0.,0.,1.));
#3579 = ORIENTED_EDGE('',*,*,#3580,.T.);
#3580 = EDGE_CURVE('',#3573,#3573,#3581,.T.);
#3581 = CIRCLE('',#3582,0.3);
#3582 = AXIS2_PLACEMENT_3D('',#3583,#3584,#3585);
#3583 = CARTESIAN_POINT('',(144.078,-74.28,1.545));
#3584 = DIRECTION('',(0.,0.,1.));
#3585 = DIRECTION('',(1.,0.,-0.));
#3586 = ORIENTED_EDGE('',*,*,#3570,.F.);
#3587 = ORIENTED_EDGE('',*,*,#3588,.F.);
#3588 = EDGE_CURVE('',#3571,#3571,#3589,.T.);
#3589 = CIRCLE('',#3590,0.3);
#3590 = AXIS2_PLACEMENT_3D('',#3591,#3592,#3593);
#3591 = CARTESIAN_POINT('',(144.078,-74.28,1.51));
#3592 = DIRECTION('',(0.,0.,1.));
#3593 = DIRECTION('',(1.,0.,-0.));
#3594 = CYLINDRICAL_SURFACE('',#3595,0.3);
#3595 = AXIS2_PLACEMENT_3D('',#3596,#3597,#3598);
#3596 = CARTESIAN_POINT('',(144.078,-74.28,1.51));
#3597 = DIRECTION('',(-0.,-0.,-1.));
#3598 = DIRECTION('',(1.,0.,-0.));
#3599 = ADVANCED_FACE('',(#3600),#3627,.F.);
#3600 = FACE_BOUND('',#3601,.T.);
#3601 = EDGE_LOOP('',(#3602,#3612,#3619,#3620));
#3602 = ORIENTED_EDGE('',*,*,#3603,.T.);
#3603 = EDGE_CURVE('',#3604,#3606,#3608,.T.);
#3604 = VERTEX_POINT('',#3605);
#3605 = CARTESIAN_POINT('',(144.215255,-74.28,1.51));
#3606 = VERTEX_POINT('',#3607);
#3607 = CARTESIAN_POINT('',(144.215255,-74.28,1.545));
#3608 = LINE('',#3609,#3610);
#3609 = CARTESIAN_POINT('',(144.215255,-74.28,1.51));
#3610 = VECTOR('',#3611,1.);
#3611 = DIRECTION('',(0.,0.,1.));
#3612 = ORIENTED_EDGE('',*,*,#3613,.T.);
#3613 = EDGE_CURVE('',#3606,#3606,#3614,.T.);
#3614 = CIRCLE('',#3615,0.137255);
#3615 = AXIS2_PLACEMENT_3D('',#3616,#3617,#3618);
#3616 = CARTESIAN_POINT('',(144.078,-74.28,1.545));
#3617 = DIRECTION('',(0.,0.,1.));
#3618 = DIRECTION('',(1.,0.,-0.));
#3619 = ORIENTED_EDGE('',*,*,#3603,.F.);
#3620 = ORIENTED_EDGE('',*,*,#3621,.F.);
#3621 = EDGE_CURVE('',#3604,#3604,#3622,.T.);
#3622 = CIRCLE('',#3623,0.137255);
#3623 = AXIS2_PLACEMENT_3D('',#3624,#3625,#3626);
#3624 = CARTESIAN_POINT('',(144.078,-74.28,1.51));
#3625 = DIRECTION('',(0.,0.,1.));
#3626 = DIRECTION('',(1.,0.,-0.));
#3627 = CYLINDRICAL_SURFACE('',#3628,0.137255);
#3628 = AXIS2_PLACEMENT_3D('',#3629,#3630,#3631);
#3629 = CARTESIAN_POINT('',(144.078,-74.28,1.51));
#3630 = DIRECTION('',(-0.,-0.,-1.));
#3631 = DIRECTION('',(1.,0.,-0.));
#3632 = ADVANCED_FACE('',(#3633,#3636),#3639,.F.);
#3633 = FACE_BOUND('',#3634,.F.);
#3634 = EDGE_LOOP('',(#3635));
#3635 = ORIENTED_EDGE('',*,*,#3588,.T.);
#3636 = FACE_BOUND('',#3637,.T.);
#3637 = EDGE_LOOP('',(#3638));
#3638 = ORIENTED_EDGE('',*,*,#3621,.T.);
#3639 = PLANE('',#3640);
#3640 = AXIS2_PLACEMENT_3D('',#3641,#3642,#3643);
#3641 = CARTESIAN_POINT('',(0.,0.,1.51));
#3642 = DIRECTION('',(0.,0.,1.));
#3643 = DIRECTION('',(1.,0.,-0.));
#3644 = ADVANCED_FACE('',(#3645,#3648),#3651,.T.);
#3645 = FACE_BOUND('',#3646,.T.);
#3646 = EDGE_LOOP('',(#3647));
#3647 = ORIENTED_EDGE('',*,*,#3580,.T.);
#3648 = FACE_BOUND('',#3649,.F.);
#3649 = EDGE_LOOP('',(#3650));
#3650 = ORIENTED_EDGE('',*,*,#3613,.T.);
#3651 = PLANE('',#3652);
#3652 = AXIS2_PLACEMENT_3D('',#3653,#3654,#3655);
#3653 = CARTESIAN_POINT('',(0.,0.,1.545));
#3654 = DIRECTION('',(0.,0.,1.));
#3655 = DIRECTION('',(1.,0.,-0.));
#3656 = MANIFOLD_SOLID_BREP('',#3657);
#3657 = CLOSED_SHELL('',(#3658,#3691,#3724,#3736));
#3658 = ADVANCED_FACE('',(#3659),#3686,.T.);
#3659 = FACE_BOUND('',#3660,.F.);
#3660 = EDGE_LOOP('',(#3661,#3671,#3678,#3679));
#3661 = ORIENTED_EDGE('',*,*,#3662,.T.);
#3662 = EDGE_CURVE('',#3663,#3665,#3667,.T.);
#3663 = VERTEX_POINT('',#3664);
#3664 = CARTESIAN_POINT('',(144.378,-71.664,1.51));
#3665 = VERTEX_POINT('',#3666);
#3666 = CARTESIAN_POINT('',(144.378,-71.664,1.545));
#3667 = LINE('',#3668,#3669);
#3668 = CARTESIAN_POINT('',(144.378,-71.664,1.51));
#3669 = VECTOR('',#3670,1.);
#3670 = DIRECTION('',(0.,0.,1.));
#3671 = ORIENTED_EDGE('',*,*,#3672,.T.);
#3672 = EDGE_CURVE('',#3665,#3665,#3673,.T.);
#3673 = CIRCLE('',#3674,0.3);
#3674 = AXIS2_PLACEMENT_3D('',#3675,#3676,#3677);
#3675 = CARTESIAN_POINT('',(144.078,-71.664,1.545));
#3676 = DIRECTION('',(0.,0.,1.));
#3677 = DIRECTION('',(1.,0.,-0.));
#3678 = ORIENTED_EDGE('',*,*,#3662,.F.);
#3679 = ORIENTED_EDGE('',*,*,#3680,.F.);
#3680 = EDGE_CURVE('',#3663,#3663,#3681,.T.);
#3681 = CIRCLE('',#3682,0.3);
#3682 = AXIS2_PLACEMENT_3D('',#3683,#3684,#3685);
#3683 = CARTESIAN_POINT('',(144.078,-71.664,1.51));
#3684 = DIRECTION('',(0.,0.,1.));
#3685 = DIRECTION('',(1.,0.,-0.));
#3686 = CYLINDRICAL_SURFACE('',#3687,0.3);
#3687 = AXIS2_PLACEMENT_3D('',#3688,#3689,#3690);
#3688 = CARTESIAN_POINT('',(144.078,-71.664,1.51));
#3689 = DIRECTION('',(-0.,-0.,-1.));
#3690 = DIRECTION('',(1.,0.,-0.));
#3691 = ADVANCED_FACE('',(#3692),#3719,.F.);
#3692 = FACE_BOUND('',#3693,.T.);
#3693 = EDGE_LOOP('',(#3694,#3704,#3711,#3712));
#3694 = ORIENTED_EDGE('',*,*,#3695,.T.);
#3695 = EDGE_CURVE('',#3696,#3698,#3700,.T.);
#3696 = VERTEX_POINT('',#3697);
#3697 = CARTESIAN_POINT('',(144.215255,-71.664,1.51));
#3698 = VERTEX_POINT('',#3699);
#3699 = CARTESIAN_POINT('',(144.215255,-71.664,1.545));
#3700 = LINE('',#3701,#3702);
#3701 = CARTESIAN_POINT('',(144.215255,-71.664,1.51));
#3702 = VECTOR('',#3703,1.);
#3703 = DIRECTION('',(0.,0.,1.));
#3704 = ORIENTED_EDGE('',*,*,#3705,.T.);
#3705 = EDGE_CURVE('',#3698,#3698,#3706,.T.);
#3706 = CIRCLE('',#3707,0.137255);
#3707 = AXIS2_PLACEMENT_3D('',#3708,#3709,#3710);
#3708 = CARTESIAN_POINT('',(144.078,-71.664,1.545));
#3709 = DIRECTION('',(0.,0.,1.));
#3710 = DIRECTION('',(1.,0.,-0.));
#3711 = ORIENTED_EDGE('',*,*,#3695,.F.);
#3712 = ORIENTED_EDGE('',*,*,#3713,.F.);
#3713 = EDGE_CURVE('',#3696,#3696,#3714,.T.);
#3714 = CIRCLE('',#3715,0.137255);
#3715 = AXIS2_PLACEMENT_3D('',#3716,#3717,#3718);
#3716 = CARTESIAN_POINT('',(144.078,-71.664,1.51));
#3717 = DIRECTION('',(0.,0.,1.));
#3718 = DIRECTION('',(1.,0.,-0.));
#3719 = CYLINDRICAL_SURFACE('',#3720,0.137255);
#3720 = AXIS2_PLACEMENT_3D('',#3721,#3722,#3723);
#3721 = CARTESIAN_POINT('',(144.078,-71.664,1.51));
#3722 = DIRECTION('',(-0.,-0.,-1.));
#3723 = DIRECTION('',(1.,0.,-0.));
#3724 = ADVANCED_FACE('',(#3725,#3728),#3731,.F.);
#3725 = FACE_BOUND('',#3726,.F.);
#3726 = EDGE_LOOP('',(#3727));
#3727 = ORIENTED_EDGE('',*,*,#3680,.T.);
#3728 = FACE_BOUND('',#3729,.T.);
#3729 = EDGE_LOOP('',(#3730));
#3730 = ORIENTED_EDGE('',*,*,#3713,.T.);
#3731 = PLANE('',#3732);
#3732 = AXIS2_PLACEMENT_3D('',#3733,#3734,#3735);
#3733 = CARTESIAN_POINT('',(0.,0.,1.51));
#3734 = DIRECTION('',(0.,0.,1.));
#3735 = DIRECTION('',(1.,0.,-0.));
#3736 = ADVANCED_FACE('',(#3737,#3740),#3743,.T.);
#3737 = FACE_BOUND('',#3738,.T.);
#3738 = EDGE_LOOP('',(#3739));
#3739 = ORIENTED_EDGE('',*,*,#3672,.T.);
#3740 = FACE_BOUND('',#3741,.F.);
#3741 = EDGE_LOOP('',(#3742));
#3742 = ORIENTED_EDGE('',*,*,#3705,.T.);
#3743 = PLANE('',#3744);
#3744 = AXIS2_PLACEMENT_3D('',#3745,#3746,#3747);
#3745 = CARTESIAN_POINT('',(0.,0.,1.545));
#3746 = DIRECTION('',(0.,0.,1.));
#3747 = DIRECTION('',(1.,0.,-0.));
#3748 = MANIFOLD_SOLID_BREP('',#3749);
#3749 = CLOSED_SHELL('',(#3750,#3783,#3816,#3828));
#3750 = ADVANCED_FACE('',(#3751),#3778,.T.);
#3751 = FACE_BOUND('',#3752,.F.);
#3752 = EDGE_LOOP('',(#3753,#3763,#3770,#3771));
#3753 = ORIENTED_EDGE('',*,*,#3754,.T.);
#3754 = EDGE_CURVE('',#3755,#3757,#3759,.T.);
#3755 = VERTEX_POINT('',#3756);
#3756 = CARTESIAN_POINT('',(140.52,-67.278,1.51));
#3757 = VERTEX_POINT('',#3758);
#3758 = CARTESIAN_POINT('',(140.52,-67.278,1.545));
#3759 = LINE('',#3760,#3761);
#3760 = CARTESIAN_POINT('',(140.52,-67.278,1.51));
#3761 = VECTOR('',#3762,1.);
#3762 = DIRECTION('',(0.,0.,1.));
#3763 = ORIENTED_EDGE('',*,*,#3764,.T.);
#3764 = EDGE_CURVE('',#3757,#3757,#3765,.T.);
#3765 = CIRCLE('',#3766,0.3);
#3766 = AXIS2_PLACEMENT_3D('',#3767,#3768,#3769);
#3767 = CARTESIAN_POINT('',(140.22,-67.278,1.545));
#3768 = DIRECTION('',(0.,0.,1.));
#3769 = DIRECTION('',(1.,0.,-0.));
#3770 = ORIENTED_EDGE('',*,*,#3754,.F.);
#3771 = ORIENTED_EDGE('',*,*,#3772,.F.);
#3772 = EDGE_CURVE('',#3755,#3755,#3773,.T.);
#3773 = CIRCLE('',#3774,0.3);
#3774 = AXIS2_PLACEMENT_3D('',#3775,#3776,#3777);
#3775 = CARTESIAN_POINT('',(140.22,-67.278,1.51));
#3776 = DIRECTION('',(0.,0.,1.));
#3777 = DIRECTION('',(1.,0.,-0.));
#3778 = CYLINDRICAL_SURFACE('',#3779,0.3);
#3779 = AXIS2_PLACEMENT_3D('',#3780,#3781,#3782);
#3780 = CARTESIAN_POINT('',(140.22,-67.278,1.51));
#3781 = DIRECTION('',(-0.,-0.,-1.));
#3782 = DIRECTION('',(1.,0.,-0.));
#3783 = ADVANCED_FACE('',(#3784),#3811,.F.);
#3784 = FACE_BOUND('',#3785,.T.);
#3785 = EDGE_LOOP('',(#3786,#3796,#3803,#3804));
#3786 = ORIENTED_EDGE('',*,*,#3787,.T.);
#3787 = EDGE_CURVE('',#3788,#3790,#3792,.T.);
#3788 = VERTEX_POINT('',#3789);
#3789 = CARTESIAN_POINT('',(140.357255,-67.278,1.51));
#3790 = VERTEX_POINT('',#3791);
#3791 = CARTESIAN_POINT('',(140.357255,-67.278,1.545));
#3792 = LINE('',#3793,#3794);
#3793 = CARTESIAN_POINT('',(140.357255,-67.278,1.51));
#3794 = VECTOR('',#3795,1.);
#3795 = DIRECTION('',(0.,0.,1.));
#3796 = ORIENTED_EDGE('',*,*,#3797,.T.);
#3797 = EDGE_CURVE('',#3790,#3790,#3798,.T.);
#3798 = CIRCLE('',#3799,0.137255);
#3799 = AXIS2_PLACEMENT_3D('',#3800,#3801,#3802);
#3800 = CARTESIAN_POINT('',(140.22,-67.278,1.545));
#3801 = DIRECTION('',(0.,0.,1.));
#3802 = DIRECTION('',(1.,0.,-0.));
#3803 = ORIENTED_EDGE('',*,*,#3787,.F.);
#3804 = ORIENTED_EDGE('',*,*,#3805,.F.);
#3805 = EDGE_CURVE('',#3788,#3788,#3806,.T.);
#3806 = CIRCLE('',#3807,0.137255);
#3807 = AXIS2_PLACEMENT_3D('',#3808,#3809,#3810);
#3808 = CARTESIAN_POINT('',(140.22,-67.278,1.51));
#3809 = DIRECTION('',(0.,0.,1.));
#3810 = DIRECTION('',(1.,0.,-0.));
#3811 = CYLINDRICAL_SURFACE('',#3812,0.137255);
#3812 = AXIS2_PLACEMENT_3D('',#3813,#3814,#3815);
#3813 = CARTESIAN_POINT('',(140.22,-67.278,1.51));
#3814 = DIRECTION('',(-0.,-0.,-1.));
#3815 = DIRECTION('',(1.,0.,-0.));
#3816 = ADVANCED_FACE('',(#3817,#3820),#3823,.F.);
#3817 = FACE_BOUND('',#3818,.F.);
#3818 = EDGE_LOOP('',(#3819));
#3819 = ORIENTED_EDGE('',*,*,#3772,.T.);
#3820 = FACE_BOUND('',#3821,.T.);
#3821 = EDGE_LOOP('',(#3822));
#3822 = ORIENTED_EDGE('',*,*,#3805,.T.);
#3823 = PLANE('',#3824);
#3824 = AXIS2_PLACEMENT_3D('',#3825,#3826,#3827);
#3825 = CARTESIAN_POINT('',(0.,0.,1.51));
#3826 = DIRECTION('',(0.,0.,1.));
#3827 = DIRECTION('',(1.,0.,-0.));
#3828 = ADVANCED_FACE('',(#3829,#3832),#3835,.T.);
#3829 = FACE_BOUND('',#3830,.T.);
#3830 = EDGE_LOOP('',(#3831));
#3831 = ORIENTED_EDGE('',*,*,#3764,.T.);
#3832 = FACE_BOUND('',#3833,.F.);
#3833 = EDGE_LOOP('',(#3834));
#3834 = ORIENTED_EDGE('',*,*,#3797,.T.);
#3835 = PLANE('',#3836);
#3836 = AXIS2_PLACEMENT_3D('',#3837,#3838,#3839);
#3837 = CARTESIAN_POINT('',(0.,0.,1.545));
#3838 = DIRECTION('',(0.,0.,1.));
#3839 = DIRECTION('',(1.,0.,-0.));
#3840 = MANIFOLD_SOLID_BREP('',#3841);
#3841 = CLOSED_SHELL('',(#3842,#3875,#3908,#3920));
#3842 = ADVANCED_FACE('',(#3843),#3870,.T.);
#3843 = FACE_BOUND('',#3844,.F.);
#3844 = EDGE_LOOP('',(#3845,#3855,#3862,#3863));
#3845 = ORIENTED_EDGE('',*,*,#3846,.T.);
#3846 = EDGE_CURVE('',#3847,#3849,#3851,.T.);
#3847 = VERTEX_POINT('',#3848);
#3848 = CARTESIAN_POINT('',(137.976,-67.26,1.51));
#3849 = VERTEX_POINT('',#3850);
#3850 = CARTESIAN_POINT('',(137.976,-67.26,1.545));
#3851 = LINE('',#3852,#3853);
#3852 = CARTESIAN_POINT('',(137.976,-67.26,1.51));
#3853 = VECTOR('',#3854,1.);
#3854 = DIRECTION('',(0.,0.,1.));
#3855 = ORIENTED_EDGE('',*,*,#3856,.T.);
#3856 = EDGE_CURVE('',#3849,#3849,#3857,.T.);
#3857 = CIRCLE('',#3858,0.3);
#3858 = AXIS2_PLACEMENT_3D('',#3859,#3860,#3861);
#3859 = CARTESIAN_POINT('',(137.676,-67.26,1.545));
#3860 = DIRECTION('',(0.,0.,1.));
#3861 = DIRECTION('',(1.,0.,-0.));
#3862 = ORIENTED_EDGE('',*,*,#3846,.F.);
#3863 = ORIENTED_EDGE('',*,*,#3864,.F.);
#3864 = EDGE_CURVE('',#3847,#3847,#3865,.T.);
#3865 = CIRCLE('',#3866,0.3);
#3866 = AXIS2_PLACEMENT_3D('',#3867,#3868,#3869);
#3867 = CARTESIAN_POINT('',(137.676,-67.26,1.51));
#3868 = DIRECTION('',(0.,0.,1.));
#3869 = DIRECTION('',(1.,0.,-0.));
#3870 = CYLINDRICAL_SURFACE('',#3871,0.3);
#3871 = AXIS2_PLACEMENT_3D('',#3872,#3873,#3874);
#3872 = CARTESIAN_POINT('',(137.676,-67.26,1.51));
#3873 = DIRECTION('',(-0.,-0.,-1.));
#3874 = DIRECTION('',(1.,0.,-0.));
#3875 = ADVANCED_FACE('',(#3876),#3903,.F.);
#3876 = FACE_BOUND('',#3877,.T.);
#3877 = EDGE_LOOP('',(#3878,#3888,#3895,#3896));
#3878 = ORIENTED_EDGE('',*,*,#3879,.T.);
#3879 = EDGE_CURVE('',#3880,#3882,#3884,.T.);
#3880 = VERTEX_POINT('',#3881);
#3881 = CARTESIAN_POINT('',(137.813255,-67.26,1.51));
#3882 = VERTEX_POINT('',#3883);
#3883 = CARTESIAN_POINT('',(137.813255,-67.26,1.545));
#3884 = LINE('',#3885,#3886);
#3885 = CARTESIAN_POINT('',(137.813255,-67.26,1.51));
#3886 = VECTOR('',#3887,1.);
#3887 = DIRECTION('',(0.,0.,1.));
#3888 = ORIENTED_EDGE('',*,*,#3889,.T.);
#3889 = EDGE_CURVE('',#3882,#3882,#3890,.T.);
#3890 = CIRCLE('',#3891,0.137255);
#3891 = AXIS2_PLACEMENT_3D('',#3892,#3893,#3894);
#3892 = CARTESIAN_POINT('',(137.676,-67.26,1.545));
#3893 = DIRECTION('',(0.,0.,1.));
#3894 = DIRECTION('',(1.,0.,-0.));
#3895 = ORIENTED_EDGE('',*,*,#3879,.F.);
#3896 = ORIENTED_EDGE('',*,*,#3897,.F.);
#3897 = EDGE_CURVE('',#3880,#3880,#3898,.T.);
#3898 = CIRCLE('',#3899,0.137255);
#3899 = AXIS2_PLACEMENT_3D('',#3900,#3901,#3902);
#3900 = CARTESIAN_POINT('',(137.676,-67.26,1.51));
#3901 = DIRECTION('',(0.,0.,1.));
#3902 = DIRECTION('',(1.,0.,-0.));
#3903 = CYLINDRICAL_SURFACE('',#3904,0.137255);
#3904 = AXIS2_PLACEMENT_3D('',#3905,#3906,#3907);
#3905 = CARTESIAN_POINT('',(137.676,-67.26,1.51));
#3906 = DIRECTION('',(-0.,-0.,-1.));
#3907 = DIRECTION('',(1.,0.,-0.));
#3908 = ADVANCED_FACE('',(#3909,#3912),#3915,.F.);
#3909 = FACE_BOUND('',#3910,.F.);
#3910 = EDGE_LOOP('',(#3911));
#3911 = ORIENTED_EDGE('',*,*,#3864,.T.);
#3912 = FACE_BOUND('',#3913,.T.);
#3913 = EDGE_LOOP('',(#3914));
#3914 = ORIENTED_EDGE('',*,*,#3897,.T.);
#3915 = PLANE('',#3916);
#3916 = AXIS2_PLACEMENT_3D('',#3917,#3918,#3919);
#3917 = CARTESIAN_POINT('',(0.,0.,1.51));
#3918 = DIRECTION('',(0.,0.,1.));
#3919 = DIRECTION('',(1.,0.,-0.));
#3920 = ADVANCED_FACE('',(#3921,#3924),#3927,.T.);
#3921 = FACE_BOUND('',#3922,.T.);
#3922 = EDGE_LOOP('',(#3923));
#3923 = ORIENTED_EDGE('',*,*,#3856,.T.);
#3924 = FACE_BOUND('',#3925,.F.);
#3925 = EDGE_LOOP('',(#3926));
#3926 = ORIENTED_EDGE('',*,*,#3889,.T.);
#3927 = PLANE('',#3928);
#3928 = AXIS2_PLACEMENT_3D('',#3929,#3930,#3931);
#3929 = CARTESIAN_POINT('',(0.,0.,1.545));
#3930 = DIRECTION('',(0.,0.,1.));
#3931 = DIRECTION('',(1.,0.,-0.));
#3932 = MANIFOLD_SOLID_BREP('',#3933);
#3933 = CLOSED_SHELL('',(#3934,#3976,#4007,#4040,#4071,#4104,#4135,#4157
    ,#4190,#4223,#4244));
#3934 = ADVANCED_FACE('',(#3935),#3971,.T.);
#3935 = FACE_BOUND('',#3936,.T.);
#3936 = EDGE_LOOP('',(#3937,#3947,#3956,#3964));
#3937 = ORIENTED_EDGE('',*,*,#3938,.T.);
#3938 = EDGE_CURVE('',#3939,#3941,#3943,.T.);
#3939 = VERTEX_POINT('',#3940);
#3940 = CARTESIAN_POINT('',(146.274658,-61.06406,1.51));
#3941 = VERTEX_POINT('',#3942);
#3942 = CARTESIAN_POINT('',(146.274658,-61.06406,1.545));
#3943 = LINE('',#3944,#3945);
#3944 = CARTESIAN_POINT('',(146.274658,-61.06406,1.51));
#3945 = VECTOR('',#3946,1.);
#3946 = DIRECTION('',(0.,0.,1.));
#3947 = ORIENTED_EDGE('',*,*,#3948,.T.);
#3948 = EDGE_CURVE('',#3941,#3949,#3951,.T.);
#3949 = VERTEX_POINT('',#3950);
#3950 = CARTESIAN_POINT('',(146.966,-61.536,1.545));
#3951 = CIRCLE('',#3952,0.500114477592);
#3952 = AXIS2_PLACEMENT_3D('',#3953,#3954,#3955);
#3953 = CARTESIAN_POINT('',(146.46598291404,-61.52613063092,1.545));
#3954 = DIRECTION('',(0.,0.,-1.));
#3955 = DIRECTION('',(-0.382562238473,0.923929723353,0.));
#3956 = ORIENTED_EDGE('',*,*,#3957,.F.);
#3957 = EDGE_CURVE('',#3958,#3949,#3960,.T.);
#3958 = VERTEX_POINT('',#3959);
#3959 = CARTESIAN_POINT('',(146.966,-61.536,1.51));
#3960 = LINE('',#3961,#3962);
#3961 = CARTESIAN_POINT('',(146.966,-61.536,1.51));
#3962 = VECTOR('',#3963,1.);
#3963 = DIRECTION('',(0.,0.,1.));
#3964 = ORIENTED_EDGE('',*,*,#3965,.F.);
#3965 = EDGE_CURVE('',#3939,#3958,#3966,.T.);
#3966 = CIRCLE('',#3967,0.500114477592);
#3967 = AXIS2_PLACEMENT_3D('',#3968,#3969,#3970);
#3968 = CARTESIAN_POINT('',(146.46598291404,-61.52613063092,1.51));
#3969 = DIRECTION('',(0.,0.,-1.));
#3970 = DIRECTION('',(-0.382562238473,0.923929723353,0.));
#3971 = CYLINDRICAL_SURFACE('',#3972,0.500114477592);
#3972 = AXIS2_PLACEMENT_3D('',#3973,#3974,#3975);
#3973 = CARTESIAN_POINT('',(146.46598291404,-61.52613063092,1.51));
#3974 = DIRECTION('',(0.,0.,-1.));
#3975 = DIRECTION('',(-0.382562238473,0.923929723353,0.));
#3976 = ADVANCED_FACE('',(#3977),#4002,.T.);
#3977 = FACE_BOUND('',#3978,.T.);
#3978 = EDGE_LOOP('',(#3979,#3980,#3988,#3996));
#3979 = ORIENTED_EDGE('',*,*,#3957,.T.);
#3980 = ORIENTED_EDGE('',*,*,#3981,.T.);
#3981 = EDGE_CURVE('',#3949,#3982,#3984,.T.);
#3982 = VERTEX_POINT('',#3983);
#3983 = CARTESIAN_POINT('',(146.961723,-61.601263,1.545));
#3984 = LINE('',#3985,#3986);
#3985 = CARTESIAN_POINT('',(146.966,-61.536,1.545));
#3986 = VECTOR('',#3987,1.);
#3987 = DIRECTION('',(-6.539455767272E-02,-0.997859485011,0.));
#3988 = ORIENTED_EDGE('',*,*,#3989,.F.);
#3989 = EDGE_CURVE('',#3990,#3982,#3992,.T.);
#3990 = VERTEX_POINT('',#3991);
#3991 = CARTESIAN_POINT('',(146.961723,-61.601263,1.51));
#3992 = LINE('',#3993,#3994);
#3993 = CARTESIAN_POINT('',(146.961723,-61.601263,1.51));
#3994 = VECTOR('',#3995,1.);
#3995 = DIRECTION('',(0.,0.,1.));
#3996 = ORIENTED_EDGE('',*,*,#3997,.F.);
#3997 = EDGE_CURVE('',#3958,#3990,#3998,.T.);
#3998 = LINE('',#3999,#4000);
#3999 = CARTESIAN_POINT('',(146.966,-61.536,1.51));
#4000 = VECTOR('',#4001,1.);
#4001 = DIRECTION('',(-6.539455767272E-02,-0.997859485011,0.));
#4002 = PLANE('',#4003);
#4003 = AXIS2_PLACEMENT_3D('',#4004,#4005,#4006);
#4004 = CARTESIAN_POINT('',(146.966,-61.536,1.51));
#4005 = DIRECTION('',(0.997859485011,-6.539455767272E-02,0.));
#4006 = DIRECTION('',(-6.539455767272E-02,-0.997859485011,0.));
#4007 = ADVANCED_FACE('',(#4008),#4035,.T.);
#4008 = FACE_BOUND('',#4009,.T.);
#4009 = EDGE_LOOP('',(#4010,#4011,#4020,#4028));
#4010 = ORIENTED_EDGE('',*,*,#3989,.T.);
#4011 = ORIENTED_EDGE('',*,*,#4012,.T.);
#4012 = EDGE_CURVE('',#3982,#4013,#4015,.T.);
#4013 = VERTEX_POINT('',#4014);
#4014 = CARTESIAN_POINT('',(146.819554,-61.889553,1.545));
#4015 = CIRCLE('',#4016,0.500001639094);
#4016 = AXIS2_PLACEMENT_3D('',#4017,#4018,#4019);
#4017 = CARTESIAN_POINT('',(146.46599905543,-61.53599884534,1.545));
#4018 = DIRECTION('',(0.,0.,-1.));
#4019 = DIRECTION('',(0.991444638987,-0.130527881407,0.));
#4020 = ORIENTED_EDGE('',*,*,#4021,.F.);
#4021 = EDGE_CURVE('',#4022,#4013,#4024,.T.);
#4022 = VERTEX_POINT('',#4023);
#4023 = CARTESIAN_POINT('',(146.819554,-61.889553,1.51));
#4024 = LINE('',#4025,#4026);
#4025 = CARTESIAN_POINT('',(146.819554,-61.889553,1.51));
#4026 = VECTOR('',#4027,1.);
#4027 = DIRECTION('',(0.,0.,1.));
#4028 = ORIENTED_EDGE('',*,*,#4029,.F.);
#4029 = EDGE_CURVE('',#3990,#4022,#4030,.T.);
#4030 = CIRCLE('',#4031,0.500001639094);
#4031 = AXIS2_PLACEMENT_3D('',#4032,#4033,#4034);
#4032 = CARTESIAN_POINT('',(146.46599905543,-61.53599884534,1.51));
#4033 = DIRECTION('',(0.,0.,-1.));
#4034 = DIRECTION('',(0.991444638987,-0.130527881407,0.));
#4035 = CYLINDRICAL_SURFACE('',#4036,0.500001639094);
#4036 = AXIS2_PLACEMENT_3D('',#4037,#4038,#4039);
#4037 = CARTESIAN_POINT('',(146.46599905543,-61.53599884534,1.51));
#4038 = DIRECTION('',(0.,0.,-1.));
#4039 = DIRECTION('',(0.991444638987,-0.130527881407,0.));
#4040 = ADVANCED_FACE('',(#4041),#4066,.T.);
#4041 = FACE_BOUND('',#4042,.T.);
#4042 = EDGE_LOOP('',(#4043,#4044,#4052,#4060));
#4043 = ORIENTED_EDGE('',*,*,#4021,.T.);
#4044 = ORIENTED_EDGE('',*,*,#4045,.T.);
#4045 = EDGE_CURVE('',#4013,#4046,#4048,.T.);
#4046 = VERTEX_POINT('',#4047);
#4047 = CARTESIAN_POINT('',(144.611553,-64.097553,1.545));
#4048 = LINE('',#4049,#4050);
#4049 = CARTESIAN_POINT('',(146.819554,-61.889553,1.545));
#4050 = VECTOR('',#4051,1.);
#4051 = DIRECTION('',(-0.70710694131,-0.707106621063,0.));
#4052 = ORIENTED_EDGE('',*,*,#4053,.F.);
#4053 = EDGE_CURVE('',#4054,#4046,#4056,.T.);
#4054 = VERTEX_POINT('',#4055);
#4055 = CARTESIAN_POINT('',(144.611553,-64.097553,1.51));
#4056 = LINE('',#4057,#4058);
#4057 = CARTESIAN_POINT('',(144.611553,-64.097553,1.51));
#4058 = VECTOR('',#4059,1.);
#4059 = DIRECTION('',(0.,0.,1.));
#4060 = ORIENTED_EDGE('',*,*,#4061,.F.);
#4061 = EDGE_CURVE('',#4022,#4054,#4062,.T.);
#4062 = LINE('',#4063,#4064);
#4063 = CARTESIAN_POINT('',(146.819554,-61.889553,1.51));
#4064 = VECTOR('',#4065,1.);
#4065 = DIRECTION('',(-0.70710694131,-0.707106621063,0.));
#4066 = PLANE('',#4067);
#4067 = AXIS2_PLACEMENT_3D('',#4068,#4069,#4070);
#4068 = CARTESIAN_POINT('',(146.819554,-61.889553,1.51));
#4069 = DIRECTION('',(0.707106621063,-0.70710694131,0.));
#4070 = DIRECTION('',(-0.70710694131,-0.707106621063,0.));
#4071 = ADVANCED_FACE('',(#4072),#4099,.T.);
#4072 = FACE_BOUND('',#4073,.T.);
#4073 = EDGE_LOOP('',(#4074,#4075,#4084,#4092));
#4074 = ORIENTED_EDGE('',*,*,#4053,.T.);
#4075 = ORIENTED_EDGE('',*,*,#4076,.T.);
#4076 = EDGE_CURVE('',#4046,#4077,#4079,.T.);
#4077 = VERTEX_POINT('',#4078);
#4078 = CARTESIAN_POINT('',(143.904447,-63.390447,1.545));
#4079 = CIRCLE('',#4080,0.499999447618);
#4080 = AXIS2_PLACEMENT_3D('',#4081,#4082,#4083);
#4081 = CARTESIAN_POINT('',(144.25800029544,-63.74399970455,1.545));
#4082 = DIRECTION('',(-0.,0.,-1.));
#4083 = DIRECTION('',(0.707106190303,-0.70710737207,-0.));
#4084 = ORIENTED_EDGE('',*,*,#4085,.F.);
#4085 = EDGE_CURVE('',#4086,#4077,#4088,.T.);
#4086 = VERTEX_POINT('',#4087);
#4087 = CARTESIAN_POINT('',(143.904447,-63.390447,1.51));
#4088 = LINE('',#4089,#4090);
#4089 = CARTESIAN_POINT('',(143.904447,-63.390447,1.51));
#4090 = VECTOR('',#4091,1.);
#4091 = DIRECTION('',(0.,0.,1.));
#4092 = ORIENTED_EDGE('',*,*,#4093,.F.);
#4093 = EDGE_CURVE('',#4054,#4086,#4094,.T.);
#4094 = CIRCLE('',#4095,0.499999447618);
#4095 = AXIS2_PLACEMENT_3D('',#4096,#4097,#4098);
#4096 = CARTESIAN_POINT('',(144.25800029544,-63.74399970455,1.51));
#4097 = DIRECTION('',(-0.,0.,-1.));
#4098 = DIRECTION('',(0.707106190303,-0.70710737207,-0.));
#4099 = CYLINDRICAL_SURFACE('',#4100,0.499999447618);
#4100 = AXIS2_PLACEMENT_3D('',#4101,#4102,#4103);
#4101 = CARTESIAN_POINT('',(144.25800029544,-63.74399970455,1.51));
#4102 = DIRECTION('',(-0.,0.,-1.));
#4103 = DIRECTION('',(0.707106190303,-0.70710737207,-0.));
#4104 = ADVANCED_FACE('',(#4105),#4130,.T.);
#4105 = FACE_BOUND('',#4106,.T.);
#4106 = EDGE_LOOP('',(#4107,#4108,#4116,#4124));
#4107 = ORIENTED_EDGE('',*,*,#4085,.T.);
#4108 = ORIENTED_EDGE('',*,*,#4109,.T.);
#4109 = EDGE_CURVE('',#4077,#4110,#4112,.T.);
#4110 = VERTEX_POINT('',#4111);
#4111 = CARTESIAN_POINT('',(146.161619,-61.129323,1.545));
#4112 = LINE('',#4113,#4114);
#4113 = CARTESIAN_POINT('',(143.904447,-63.390447,1.545));
#4114 = VECTOR('',#4115,1.);
#4115 = DIRECTION('',(0.706488028663,0.707724992745,0.));
#4116 = ORIENTED_EDGE('',*,*,#4117,.F.);
#4117 = EDGE_CURVE('',#4118,#4110,#4120,.T.);
#4118 = VERTEX_POINT('',#4119);
#4119 = CARTESIAN_POINT('',(146.161619,-61.129323,1.51));
#4120 = LINE('',#4121,#4122);
#4121 = CARTESIAN_POINT('',(146.161619,-61.129323,1.51));
#4122 = VECTOR('',#4123,1.);
#4123 = DIRECTION('',(0.,0.,1.));
#4124 = ORIENTED_EDGE('',*,*,#4125,.F.);
#4125 = EDGE_CURVE('',#4086,#4118,#4126,.T.);
#4126 = LINE('',#4127,#4128);
#4127 = CARTESIAN_POINT('',(143.904447,-63.390447,1.51));
#4128 = VECTOR('',#4129,1.);
#4129 = DIRECTION('',(0.706488028663,0.707724992745,0.));
#4130 = PLANE('',#4131);
#4131 = AXIS2_PLACEMENT_3D('',#4132,#4133,#4134);
#4132 = CARTESIAN_POINT('',(143.904447,-63.390447,1.51));
#4133 = DIRECTION('',(-0.707724992745,0.706488028663,0.));
#4134 = DIRECTION('',(0.706488028663,0.707724992745,0.));
#4135 = ADVANCED_FACE('',(#4136),#4152,.T.);
#4136 = FACE_BOUND('',#4137,.T.);
#4137 = EDGE_LOOP('',(#4138,#4139,#4145,#4146));
#4138 = ORIENTED_EDGE('',*,*,#4117,.T.);
#4139 = ORIENTED_EDGE('',*,*,#4140,.T.);
#4140 = EDGE_CURVE('',#4110,#3941,#4141,.T.);
#4141 = LINE('',#4142,#4143);
#4142 = CARTESIAN_POINT('',(146.161619,-61.129323,1.545));
#4143 = VECTOR('',#4144,1.);
#4144 = DIRECTION('',(0.866025725838,0.499999442187,0.));
#4145 = ORIENTED_EDGE('',*,*,#3938,.F.);
#4146 = ORIENTED_EDGE('',*,*,#4147,.F.);
#4147 = EDGE_CURVE('',#4118,#3939,#4148,.T.);
#4148 = LINE('',#4149,#4150);
#4149 = CARTESIAN_POINT('',(146.161619,-61.129323,1.51));
#4150 = VECTOR('',#4151,1.);
#4151 = DIRECTION('',(0.866025725838,0.499999442187,0.));
#4152 = PLANE('',#4153);
#4153 = AXIS2_PLACEMENT_3D('',#4154,#4155,#4156);
#4154 = CARTESIAN_POINT('',(146.161619,-61.129323,1.51));
#4155 = DIRECTION('',(-0.499999442187,0.866025725838,0.));
#4156 = DIRECTION('',(0.866025725838,0.499999442187,0.));
#4157 = ADVANCED_FACE('',(#4158),#4185,.F.);
#4158 = FACE_BOUND('',#4159,.T.);
#4159 = EDGE_LOOP('',(#4160,#4170,#4177,#4178));
#4160 = ORIENTED_EDGE('',*,*,#4161,.T.);
#4161 = EDGE_CURVE('',#4162,#4164,#4166,.T.);
#4162 = VERTEX_POINT('',#4163);
#4163 = CARTESIAN_POINT('',(144.395255,-63.744,1.51));
#4164 = VERTEX_POINT('',#4165);
#4165 = CARTESIAN_POINT('',(144.395255,-63.744,1.545));
#4166 = LINE('',#4167,#4168);
#4167 = CARTESIAN_POINT('',(144.395255,-63.744,1.51));
#4168 = VECTOR('',#4169,1.);
#4169 = DIRECTION('',(0.,0.,1.));
#4170 = ORIENTED_EDGE('',*,*,#4171,.T.);
#4171 = EDGE_CURVE('',#4164,#4164,#4172,.T.);
#4172 = CIRCLE('',#4173,0.137255);
#4173 = AXIS2_PLACEMENT_3D('',#4174,#4175,#4176);
#4174 = CARTESIAN_POINT('',(144.258,-63.744,1.545));
#4175 = DIRECTION('',(0.,0.,1.));
#4176 = DIRECTION('',(1.,0.,-0.));
#4177 = ORIENTED_EDGE('',*,*,#4161,.F.);
#4178 = ORIENTED_EDGE('',*,*,#4179,.F.);
#4179 = EDGE_CURVE('',#4162,#4162,#4180,.T.);
#4180 = CIRCLE('',#4181,0.137255);
#4181 = AXIS2_PLACEMENT_3D('',#4182,#4183,#4184);
#4182 = CARTESIAN_POINT('',(144.258,-63.744,1.51));
#4183 = DIRECTION('',(0.,0.,1.));
#4184 = DIRECTION('',(1.,0.,-0.));
#4185 = CYLINDRICAL_SURFACE('',#4186,0.137255);
#4186 = AXIS2_PLACEMENT_3D('',#4187,#4188,#4189);
#4187 = CARTESIAN_POINT('',(144.258,-63.744,1.51));
#4188 = DIRECTION('',(-0.,-0.,-1.));
#4189 = DIRECTION('',(1.,0.,-0.));
#4190 = ADVANCED_FACE('',(#4191),#4218,.F.);
#4191 = FACE_BOUND('',#4192,.T.);
#4192 = EDGE_LOOP('',(#4193,#4203,#4210,#4211));
#4193 = ORIENTED_EDGE('',*,*,#4194,.T.);
#4194 = EDGE_CURVE('',#4195,#4197,#4199,.T.);
#4195 = VERTEX_POINT('',#4196);
#4196 = CARTESIAN_POINT('',(146.897891,-61.526,1.51));
#4197 = VERTEX_POINT('',#4198);
#4198 = CARTESIAN_POINT('',(146.897891,-61.526,1.545));
#4199 = LINE('',#4200,#4201);
#4200 = CARTESIAN_POINT('',(146.897891,-61.526,1.51));
#4201 = VECTOR('',#4202,1.);
#4202 = DIRECTION('',(0.,0.,1.));
#4203 = ORIENTED_EDGE('',*,*,#4204,.T.);
#4204 = EDGE_CURVE('',#4197,#4197,#4205,.T.);
#4205 = CIRCLE('',#4206,0.431891);
#4206 = AXIS2_PLACEMENT_3D('',#4207,#4208,#4209);
#4207 = CARTESIAN_POINT('',(146.466,-61.526,1.545));
#4208 = DIRECTION('',(0.,0.,1.));
#4209 = DIRECTION('',(1.,0.,-0.));
#4210 = ORIENTED_EDGE('',*,*,#4194,.F.);
#4211 = ORIENTED_EDGE('',*,*,#4212,.F.);
#4212 = EDGE_CURVE('',#4195,#4195,#4213,.T.);
#4213 = CIRCLE('',#4214,0.431891);
#4214 = AXIS2_PLACEMENT_3D('',#4215,#4216,#4217);
#4215 = CARTESIAN_POINT('',(146.466,-61.526,1.51));
#4216 = DIRECTION('',(0.,0.,1.));
#4217 = DIRECTION('',(1.,0.,-0.));
#4218 = CYLINDRICAL_SURFACE('',#4219,0.431891);
#4219 = AXIS2_PLACEMENT_3D('',#4220,#4221,#4222);
#4220 = CARTESIAN_POINT('',(146.466,-61.526,1.51));
#4221 = DIRECTION('',(-0.,-0.,-1.));
#4222 = DIRECTION('',(1.,0.,-0.));
#4223 = ADVANCED_FACE('',(#4224,#4233,#4236),#4239,.F.);
#4224 = FACE_BOUND('',#4225,.T.);
#4225 = EDGE_LOOP('',(#4226,#4227,#4228,#4229,#4230,#4231,#4232));
#4226 = ORIENTED_EDGE('',*,*,#3965,.T.);
#4227 = ORIENTED_EDGE('',*,*,#3997,.T.);
#4228 = ORIENTED_EDGE('',*,*,#4029,.T.);
#4229 = ORIENTED_EDGE('',*,*,#4061,.T.);
#4230 = ORIENTED_EDGE('',*,*,#4093,.T.);
#4231 = ORIENTED_EDGE('',*,*,#4125,.T.);
#4232 = ORIENTED_EDGE('',*,*,#4147,.T.);
#4233 = FACE_BOUND('',#4234,.T.);
#4234 = EDGE_LOOP('',(#4235));
#4235 = ORIENTED_EDGE('',*,*,#4179,.T.);
#4236 = FACE_BOUND('',#4237,.T.);
#4237 = EDGE_LOOP('',(#4238));
#4238 = ORIENTED_EDGE('',*,*,#4212,.T.);
#4239 = PLANE('',#4240);
#4240 = AXIS2_PLACEMENT_3D('',#4241,#4242,#4243);
#4241 = CARTESIAN_POINT('',(0.,0.,1.51));
#4242 = DIRECTION('',(0.,0.,1.));
#4243 = DIRECTION('',(1.,0.,-0.));
#4244 = ADVANCED_FACE('',(#4245,#4254,#4257),#4260,.T.);
#4245 = FACE_BOUND('',#4246,.F.);
#4246 = EDGE_LOOP('',(#4247,#4248,#4249,#4250,#4251,#4252,#4253));
#4247 = ORIENTED_EDGE('',*,*,#3948,.T.);
#4248 = ORIENTED_EDGE('',*,*,#3981,.T.);
#4249 = ORIENTED_EDGE('',*,*,#4012,.T.);
#4250 = ORIENTED_EDGE('',*,*,#4045,.T.);
#4251 = ORIENTED_EDGE('',*,*,#4076,.T.);
#4252 = ORIENTED_EDGE('',*,*,#4109,.T.);
#4253 = ORIENTED_EDGE('',*,*,#4140,.T.);
#4254 = FACE_BOUND('',#4255,.F.);
#4255 = EDGE_LOOP('',(#4256));
#4256 = ORIENTED_EDGE('',*,*,#4171,.T.);
#4257 = FACE_BOUND('',#4258,.F.);
#4258 = EDGE_LOOP('',(#4259));
#4259 = ORIENTED_EDGE('',*,*,#4204,.T.);
#4260 = PLANE('',#4261);
#4261 = AXIS2_PLACEMENT_3D('',#4262,#4263,#4264);
#4262 = CARTESIAN_POINT('',(0.,0.,1.545));
#4263 = DIRECTION('',(0.,0.,1.));
#4264 = DIRECTION('',(1.,0.,-0.));
#4265 = MANIFOLD_SOLID_BREP('',#4266);
#4266 = CLOSED_SHELL('',(#4267,#4300,#4333,#4345));
#4267 = ADVANCED_FACE('',(#4268),#4295,.T.);
#4268 = FACE_BOUND('',#4269,.F.);
#4269 = EDGE_LOOP('',(#4270,#4280,#4287,#4288));
#4270 = ORIENTED_EDGE('',*,*,#4271,.T.);
#4271 = EDGE_CURVE('',#4272,#4274,#4276,.T.);
#4272 = VERTEX_POINT('',#4273);
#4273 = CARTESIAN_POINT('',(140.724,-61.548,1.51));
#4274 = VERTEX_POINT('',#4275);
#4275 = CARTESIAN_POINT('',(140.724,-61.548,1.545));
#4276 = LINE('',#4277,#4278);
#4277 = CARTESIAN_POINT('',(140.724,-61.548,1.51));
#4278 = VECTOR('',#4279,1.);
#4279 = DIRECTION('',(0.,0.,1.));
#4280 = ORIENTED_EDGE('',*,*,#4281,.T.);
#4281 = EDGE_CURVE('',#4274,#4274,#4282,.T.);
#4282 = CIRCLE('',#4283,0.3);
#4283 = AXIS2_PLACEMENT_3D('',#4284,#4285,#4286);
#4284 = CARTESIAN_POINT('',(140.424,-61.548,1.545));
#4285 = DIRECTION('',(0.,0.,1.));
#4286 = DIRECTION('',(1.,0.,-0.));
#4287 = ORIENTED_EDGE('',*,*,#4271,.F.);
#4288 = ORIENTED_EDGE('',*,*,#4289,.F.);
#4289 = EDGE_CURVE('',#4272,#4272,#4290,.T.);
#4290 = CIRCLE('',#4291,0.3);
#4291 = AXIS2_PLACEMENT_3D('',#4292,#4293,#4294);
#4292 = CARTESIAN_POINT('',(140.424,-61.548,1.51));
#4293 = DIRECTION('',(0.,0.,1.));
#4294 = DIRECTION('',(1.,0.,-0.));
#4295 = CYLINDRICAL_SURFACE('',#4296,0.3);
#4296 = AXIS2_PLACEMENT_3D('',#4297,#4298,#4299);
#4297 = CARTESIAN_POINT('',(140.424,-61.548,1.51));
#4298 = DIRECTION('',(-0.,-0.,-1.));
#4299 = DIRECTION('',(1.,0.,-0.));
#4300 = ADVANCED_FACE('',(#4301),#4328,.F.);
#4301 = FACE_BOUND('',#4302,.T.);
#4302 = EDGE_LOOP('',(#4303,#4313,#4320,#4321));
#4303 = ORIENTED_EDGE('',*,*,#4304,.T.);
#4304 = EDGE_CURVE('',#4305,#4307,#4309,.T.);
#4305 = VERTEX_POINT('',#4306);
#4306 = CARTESIAN_POINT('',(140.561255,-61.548,1.51));
#4307 = VERTEX_POINT('',#4308);
#4308 = CARTESIAN_POINT('',(140.561255,-61.548,1.545));
#4309 = LINE('',#4310,#4311);
#4310 = CARTESIAN_POINT('',(140.561255,-61.548,1.51));
#4311 = VECTOR('',#4312,1.);
#4312 = DIRECTION('',(0.,0.,1.));
#4313 = ORIENTED_EDGE('',*,*,#4314,.T.);
#4314 = EDGE_CURVE('',#4307,#4307,#4315,.T.);
#4315 = CIRCLE('',#4316,0.137255);
#4316 = AXIS2_PLACEMENT_3D('',#4317,#4318,#4319);
#4317 = CARTESIAN_POINT('',(140.424,-61.548,1.545));
#4318 = DIRECTION('',(0.,0.,1.));
#4319 = DIRECTION('',(1.,0.,-0.));
#4320 = ORIENTED_EDGE('',*,*,#4304,.F.);
#4321 = ORIENTED_EDGE('',*,*,#4322,.F.);
#4322 = EDGE_CURVE('',#4305,#4305,#4323,.T.);
#4323 = CIRCLE('',#4324,0.137255);
#4324 = AXIS2_PLACEMENT_3D('',#4325,#4326,#4327);
#4325 = CARTESIAN_POINT('',(140.424,-61.548,1.51));
#4326 = DIRECTION('',(0.,0.,1.));
#4327 = DIRECTION('',(1.,0.,-0.));
#4328 = CYLINDRICAL_SURFACE('',#4329,0.137255);
#4329 = AXIS2_PLACEMENT_3D('',#4330,#4331,#4332);
#4330 = CARTESIAN_POINT('',(140.424,-61.548,1.51));
#4331 = DIRECTION('',(-0.,-0.,-1.));
#4332 = DIRECTION('',(1.,0.,-0.));
#4333 = ADVANCED_FACE('',(#4334,#4337),#4340,.F.);
#4334 = FACE_BOUND('',#4335,.F.);
#4335 = EDGE_LOOP('',(#4336));
#4336 = ORIENTED_EDGE('',*,*,#4289,.T.);
#4337 = FACE_BOUND('',#4338,.T.);
#4338 = EDGE_LOOP('',(#4339));
#4339 = ORIENTED_EDGE('',*,*,#4322,.T.);
#4340 = PLANE('',#4341);
#4341 = AXIS2_PLACEMENT_3D('',#4342,#4343,#4344);
#4342 = CARTESIAN_POINT('',(0.,0.,1.51));
#4343 = DIRECTION('',(0.,0.,1.));
#4344 = DIRECTION('',(1.,0.,-0.));
#4345 = ADVANCED_FACE('',(#4346,#4349),#4352,.T.);
#4346 = FACE_BOUND('',#4347,.T.);
#4347 = EDGE_LOOP('',(#4348));
#4348 = ORIENTED_EDGE('',*,*,#4281,.T.);
#4349 = FACE_BOUND('',#4350,.F.);
#4350 = EDGE_LOOP('',(#4351));
#4351 = ORIENTED_EDGE('',*,*,#4314,.T.);
#4352 = PLANE('',#4353);
#4353 = AXIS2_PLACEMENT_3D('',#4354,#4355,#4356);
#4354 = CARTESIAN_POINT('',(0.,0.,1.545));
#4355 = DIRECTION('',(0.,0.,1.));
#4356 = DIRECTION('',(1.,0.,-0.));
#4357 = MANIFOLD_SOLID_BREP('',#4358);
#4358 = CLOSED_SHELL('',(#4359,#4392,#4425,#4437));
#4359 = ADVANCED_FACE('',(#4360),#4387,.T.);
#4360 = FACE_BOUND('',#4361,.T.);
#4361 = EDGE_LOOP('',(#4362,#4372,#4379,#4380));
#4362 = ORIENTED_EDGE('',*,*,#4363,.T.);
#4363 = EDGE_CURVE('',#4364,#4366,#4368,.T.);
#4364 = VERTEX_POINT('',#4365);
#4365 = CARTESIAN_POINT('',(146.562,-87.654,0.));
#4366 = VERTEX_POINT('',#4367);
#4367 = CARTESIAN_POINT('',(146.562,-87.654,-3.5E-02));
#4368 = LINE('',#4369,#4370);
#4369 = CARTESIAN_POINT('',(146.562,-87.654,0.));
#4370 = VECTOR('',#4371,1.);
#4371 = DIRECTION('',(0.,0.,-1.));
#4372 = ORIENTED_EDGE('',*,*,#4373,.T.);
#4373 = EDGE_CURVE('',#4366,#4366,#4374,.T.);
#4374 = CIRCLE('',#4375,0.3);
#4375 = AXIS2_PLACEMENT_3D('',#4376,#4377,#4378);
#4376 = CARTESIAN_POINT('',(146.262,-87.654,-3.5E-02));
#4377 = DIRECTION('',(0.,0.,1.));
#4378 = DIRECTION('',(1.,0.,-0.));
#4379 = ORIENTED_EDGE('',*,*,#4363,.F.);
#4380 = ORIENTED_EDGE('',*,*,#4381,.F.);
#4381 = EDGE_CURVE('',#4364,#4364,#4382,.T.);
#4382 = CIRCLE('',#4383,0.3);
#4383 = AXIS2_PLACEMENT_3D('',#4384,#4385,#4386);
#4384 = CARTESIAN_POINT('',(146.262,-87.654,0.));
#4385 = DIRECTION('',(0.,0.,1.));
#4386 = DIRECTION('',(1.,0.,-0.));
#4387 = CYLINDRICAL_SURFACE('',#4388,0.3);
#4388 = AXIS2_PLACEMENT_3D('',#4389,#4390,#4391);
#4389 = CARTESIAN_POINT('',(146.262,-87.654,0.));
#4390 = DIRECTION('',(0.,0.,1.));
#4391 = DIRECTION('',(1.,0.,-0.));
#4392 = ADVANCED_FACE('',(#4393),#4420,.F.);
#4393 = FACE_BOUND('',#4394,.F.);
#4394 = EDGE_LOOP('',(#4395,#4405,#4412,#4413));
#4395 = ORIENTED_EDGE('',*,*,#4396,.T.);
#4396 = EDGE_CURVE('',#4397,#4399,#4401,.T.);
#4397 = VERTEX_POINT('',#4398);
#4398 = CARTESIAN_POINT('',(146.399255,-87.654,0.));
#4399 = VERTEX_POINT('',#4400);
#4400 = CARTESIAN_POINT('',(146.399255,-87.654,-3.5E-02));
#4401 = LINE('',#4402,#4403);
#4402 = CARTESIAN_POINT('',(146.399255,-87.654,0.));
#4403 = VECTOR('',#4404,1.);
#4404 = DIRECTION('',(0.,0.,-1.));
#4405 = ORIENTED_EDGE('',*,*,#4406,.T.);
#4406 = EDGE_CURVE('',#4399,#4399,#4407,.T.);
#4407 = CIRCLE('',#4408,0.137255);
#4408 = AXIS2_PLACEMENT_3D('',#4409,#4410,#4411);
#4409 = CARTESIAN_POINT('',(146.262,-87.654,-3.5E-02));
#4410 = DIRECTION('',(0.,0.,1.));
#4411 = DIRECTION('',(1.,0.,-0.));
#4412 = ORIENTED_EDGE('',*,*,#4396,.F.);
#4413 = ORIENTED_EDGE('',*,*,#4414,.F.);
#4414 = EDGE_CURVE('',#4397,#4397,#4415,.T.);
#4415 = CIRCLE('',#4416,0.137255);
#4416 = AXIS2_PLACEMENT_3D('',#4417,#4418,#4419);
#4417 = CARTESIAN_POINT('',(146.262,-87.654,0.));
#4418 = DIRECTION('',(0.,0.,1.));
#4419 = DIRECTION('',(1.,0.,-0.));
#4420 = CYLINDRICAL_SURFACE('',#4421,0.137255);
#4421 = AXIS2_PLACEMENT_3D('',#4422,#4423,#4424);
#4422 = CARTESIAN_POINT('',(146.262,-87.654,0.));
#4423 = DIRECTION('',(0.,0.,1.));
#4424 = DIRECTION('',(1.,0.,-0.));
#4425 = ADVANCED_FACE('',(#4426,#4429),#4432,.F.);
#4426 = FACE_BOUND('',#4427,.T.);
#4427 = EDGE_LOOP('',(#4428));
#4428 = ORIENTED_EDGE('',*,*,#4381,.T.);
#4429 = FACE_BOUND('',#4430,.F.);
#4430 = EDGE_LOOP('',(#4431));
#4431 = ORIENTED_EDGE('',*,*,#4414,.T.);
#4432 = PLANE('',#4433);
#4433 = AXIS2_PLACEMENT_3D('',#4434,#4435,#4436);
#4434 = CARTESIAN_POINT('',(0.,0.,0.));
#4435 = DIRECTION('',(-0.,-0.,-1.));
#4436 = DIRECTION('',(-1.,0.,0.));
#4437 = ADVANCED_FACE('',(#4438,#4441),#4444,.T.);
#4438 = FACE_BOUND('',#4439,.F.);
#4439 = EDGE_LOOP('',(#4440));
#4440 = ORIENTED_EDGE('',*,*,#4373,.T.);
#4441 = FACE_BOUND('',#4442,.T.);
#4442 = EDGE_LOOP('',(#4443));
#4443 = ORIENTED_EDGE('',*,*,#4406,.T.);
#4444 = PLANE('',#4445);
#4445 = AXIS2_PLACEMENT_3D('',#4446,#4447,#4448);
#4446 = CARTESIAN_POINT('',(0.,0.,-3.5E-02));
#4447 = DIRECTION('',(-0.,-0.,-1.));
#4448 = DIRECTION('',(-1.,0.,0.));
#4449 = MANIFOLD_SOLID_BREP('',#4450);
#4450 = CLOSED_SHELL('',(#4451,#4484,#4517,#4529));
#4451 = ADVANCED_FACE('',(#4452),#4479,.T.);
#4452 = FACE_BOUND('',#4453,.T.);
#4453 = EDGE_LOOP('',(#4454,#4464,#4471,#4472));
#4454 = ORIENTED_EDGE('',*,*,#4455,.T.);
#4455 = EDGE_CURVE('',#4456,#4458,#4460,.T.);
#4456 = VERTEX_POINT('',#4457);
#4457 = CARTESIAN_POINT('',(131.634,-87.594,0.));
#4458 = VERTEX_POINT('',#4459);
#4459 = CARTESIAN_POINT('',(131.634,-87.594,-3.5E-02));
#4460 = LINE('',#4461,#4462);
#4461 = CARTESIAN_POINT('',(131.634,-87.594,0.));
#4462 = VECTOR('',#4463,1.);
#4463 = DIRECTION('',(0.,0.,-1.));
#4464 = ORIENTED_EDGE('',*,*,#4465,.T.);
#4465 = EDGE_CURVE('',#4458,#4458,#4466,.T.);
#4466 = CIRCLE('',#4467,0.3);
#4467 = AXIS2_PLACEMENT_3D('',#4468,#4469,#4470);
#4468 = CARTESIAN_POINT('',(131.334,-87.594,-3.5E-02));
#4469 = DIRECTION('',(0.,0.,1.));
#4470 = DIRECTION('',(1.,0.,-0.));
#4471 = ORIENTED_EDGE('',*,*,#4455,.F.);
#4472 = ORIENTED_EDGE('',*,*,#4473,.F.);
#4473 = EDGE_CURVE('',#4456,#4456,#4474,.T.);
#4474 = CIRCLE('',#4475,0.3);
#4475 = AXIS2_PLACEMENT_3D('',#4476,#4477,#4478);
#4476 = CARTESIAN_POINT('',(131.334,-87.594,0.));
#4477 = DIRECTION('',(0.,0.,1.));
#4478 = DIRECTION('',(1.,0.,-0.));
#4479 = CYLINDRICAL_SURFACE('',#4480,0.3);
#4480 = AXIS2_PLACEMENT_3D('',#4481,#4482,#4483);
#4481 = CARTESIAN_POINT('',(131.334,-87.594,0.));
#4482 = DIRECTION('',(0.,0.,1.));
#4483 = DIRECTION('',(1.,0.,-0.));
#4484 = ADVANCED_FACE('',(#4485),#4512,.F.);
#4485 = FACE_BOUND('',#4486,.F.);
#4486 = EDGE_LOOP('',(#4487,#4497,#4504,#4505));
#4487 = ORIENTED_EDGE('',*,*,#4488,.T.);
#4488 = EDGE_CURVE('',#4489,#4491,#4493,.T.);
#4489 = VERTEX_POINT('',#4490);
#4490 = CARTESIAN_POINT('',(131.471255,-87.594,0.));
#4491 = VERTEX_POINT('',#4492);
#4492 = CARTESIAN_POINT('',(131.471255,-87.594,-3.5E-02));
#4493 = LINE('',#4494,#4495);
#4494 = CARTESIAN_POINT('',(131.471255,-87.594,0.));
#4495 = VECTOR('',#4496,1.);
#4496 = DIRECTION('',(0.,0.,-1.));
#4497 = ORIENTED_EDGE('',*,*,#4498,.T.);
#4498 = EDGE_CURVE('',#4491,#4491,#4499,.T.);
#4499 = CIRCLE('',#4500,0.137255);
#4500 = AXIS2_PLACEMENT_3D('',#4501,#4502,#4503);
#4501 = CARTESIAN_POINT('',(131.334,-87.594,-3.5E-02));
#4502 = DIRECTION('',(0.,0.,1.));
#4503 = DIRECTION('',(1.,0.,-0.));
#4504 = ORIENTED_EDGE('',*,*,#4488,.F.);
#4505 = ORIENTED_EDGE('',*,*,#4506,.F.);
#4506 = EDGE_CURVE('',#4489,#4489,#4507,.T.);
#4507 = CIRCLE('',#4508,0.137255);
#4508 = AXIS2_PLACEMENT_3D('',#4509,#4510,#4511);
#4509 = CARTESIAN_POINT('',(131.334,-87.594,0.));
#4510 = DIRECTION('',(0.,0.,1.));
#4511 = DIRECTION('',(1.,0.,-0.));
#4512 = CYLINDRICAL_SURFACE('',#4513,0.137255);
#4513 = AXIS2_PLACEMENT_3D('',#4514,#4515,#4516);
#4514 = CARTESIAN_POINT('',(131.334,-87.594,0.));
#4515 = DIRECTION('',(0.,0.,1.));
#4516 = DIRECTION('',(1.,0.,-0.));
#4517 = ADVANCED_FACE('',(#4518,#4521),#4524,.F.);
#4518 = FACE_BOUND('',#4519,.T.);
#4519 = EDGE_LOOP('',(#4520));
#4520 = ORIENTED_EDGE('',*,*,#4473,.T.);
#4521 = FACE_BOUND('',#4522,.F.);
#4522 = EDGE_LOOP('',(#4523));
#4523 = ORIENTED_EDGE('',*,*,#4506,.T.);
#4524 = PLANE('',#4525);
#4525 = AXIS2_PLACEMENT_3D('',#4526,#4527,#4528);
#4526 = CARTESIAN_POINT('',(0.,0.,0.));
#4527 = DIRECTION('',(-0.,-0.,-1.));
#4528 = DIRECTION('',(-1.,0.,0.));
#4529 = ADVANCED_FACE('',(#4530,#4533),#4536,.T.);
#4530 = FACE_BOUND('',#4531,.F.);
#4531 = EDGE_LOOP('',(#4532));
#4532 = ORIENTED_EDGE('',*,*,#4465,.T.);
#4533 = FACE_BOUND('',#4534,.T.);
#4534 = EDGE_LOOP('',(#4535));
#4535 = ORIENTED_EDGE('',*,*,#4498,.T.);
#4536 = PLANE('',#4537);
#4537 = AXIS2_PLACEMENT_3D('',#4538,#4539,#4540);
#4538 = CARTESIAN_POINT('',(0.,0.,-3.5E-02));
#4539 = DIRECTION('',(-0.,-0.,-1.));
#4540 = DIRECTION('',(-1.,0.,0.));
#4541 = MANIFOLD_SOLID_BREP('',#4542);
#4542 = CLOSED_SHELL('',(#4543,#4576,#4609,#4621));
#4543 = ADVANCED_FACE('',(#4544),#4571,.T.);
#4544 = FACE_BOUND('',#4545,.T.);
#4545 = EDGE_LOOP('',(#4546,#4556,#4563,#4564));
#4546 = ORIENTED_EDGE('',*,*,#4547,.T.);
#4547 = EDGE_CURVE('',#4548,#4550,#4552,.T.);
#4548 = VERTEX_POINT('',#4549);
#4549 = CARTESIAN_POINT('',(137.952,-76.008,0.));
#4550 = VERTEX_POINT('',#4551);
#4551 = CARTESIAN_POINT('',(137.952,-76.008,-3.5E-02));
#4552 = LINE('',#4553,#4554);
#4553 = CARTESIAN_POINT('',(137.952,-76.008,0.));
#4554 = VECTOR('',#4555,1.);
#4555 = DIRECTION('',(0.,0.,-1.));
#4556 = ORIENTED_EDGE('',*,*,#4557,.T.);
#4557 = EDGE_CURVE('',#4550,#4550,#4558,.T.);
#4558 = CIRCLE('',#4559,0.3);
#4559 = AXIS2_PLACEMENT_3D('',#4560,#4561,#4562);
#4560 = CARTESIAN_POINT('',(137.652,-76.008,-3.5E-02));
#4561 = DIRECTION('',(0.,0.,1.));
#4562 = DIRECTION('',(1.,0.,-0.));
#4563 = ORIENTED_EDGE('',*,*,#4547,.F.);
#4564 = ORIENTED_EDGE('',*,*,#4565,.F.);
#4565 = EDGE_CURVE('',#4548,#4548,#4566,.T.);
#4566 = CIRCLE('',#4567,0.3);
#4567 = AXIS2_PLACEMENT_3D('',#4568,#4569,#4570);
#4568 = CARTESIAN_POINT('',(137.652,-76.008,0.));
#4569 = DIRECTION('',(0.,0.,1.));
#4570 = DIRECTION('',(1.,0.,-0.));
#4571 = CYLINDRICAL_SURFACE('',#4572,0.3);
#4572 = AXIS2_PLACEMENT_3D('',#4573,#4574,#4575);
#4573 = CARTESIAN_POINT('',(137.652,-76.008,0.));
#4574 = DIRECTION('',(0.,0.,1.));
#4575 = DIRECTION('',(1.,0.,-0.));
#4576 = ADVANCED_FACE('',(#4577),#4604,.F.);
#4577 = FACE_BOUND('',#4578,.F.);
#4578 = EDGE_LOOP('',(#4579,#4589,#4596,#4597));
#4579 = ORIENTED_EDGE('',*,*,#4580,.T.);
#4580 = EDGE_CURVE('',#4581,#4583,#4585,.T.);
#4581 = VERTEX_POINT('',#4582);
#4582 = CARTESIAN_POINT('',(137.789255,-76.008,0.));
#4583 = VERTEX_POINT('',#4584);
#4584 = CARTESIAN_POINT('',(137.789255,-76.008,-3.5E-02));
#4585 = LINE('',#4586,#4587);
#4586 = CARTESIAN_POINT('',(137.789255,-76.008,0.));
#4587 = VECTOR('',#4588,1.);
#4588 = DIRECTION('',(0.,0.,-1.));
#4589 = ORIENTED_EDGE('',*,*,#4590,.T.);
#4590 = EDGE_CURVE('',#4583,#4583,#4591,.T.);
#4591 = CIRCLE('',#4592,0.137255);
#4592 = AXIS2_PLACEMENT_3D('',#4593,#4594,#4595);
#4593 = CARTESIAN_POINT('',(137.652,-76.008,-3.5E-02));
#4594 = DIRECTION('',(0.,0.,1.));
#4595 = DIRECTION('',(1.,0.,-0.));
#4596 = ORIENTED_EDGE('',*,*,#4580,.F.);
#4597 = ORIENTED_EDGE('',*,*,#4598,.F.);
#4598 = EDGE_CURVE('',#4581,#4581,#4599,.T.);
#4599 = CIRCLE('',#4600,0.137255);
#4600 = AXIS2_PLACEMENT_3D('',#4601,#4602,#4603);
#4601 = CARTESIAN_POINT('',(137.652,-76.008,0.));
#4602 = DIRECTION('',(0.,0.,1.));
#4603 = DIRECTION('',(1.,0.,-0.));
#4604 = CYLINDRICAL_SURFACE('',#4605,0.137255);
#4605 = AXIS2_PLACEMENT_3D('',#4606,#4607,#4608);
#4606 = CARTESIAN_POINT('',(137.652,-76.008,0.));
#4607 = DIRECTION('',(0.,0.,1.));
#4608 = DIRECTION('',(1.,0.,-0.));
#4609 = ADVANCED_FACE('',(#4610,#4613),#4616,.F.);
#4610 = FACE_BOUND('',#4611,.T.);
#4611 = EDGE_LOOP('',(#4612));
#4612 = ORIENTED_EDGE('',*,*,#4565,.T.);
#4613 = FACE_BOUND('',#4614,.F.);
#4614 = EDGE_LOOP('',(#4615));
#4615 = ORIENTED_EDGE('',*,*,#4598,.T.);
#4616 = PLANE('',#4617);
#4617 = AXIS2_PLACEMENT_3D('',#4618,#4619,#4620);
#4618 = CARTESIAN_POINT('',(0.,0.,0.));
#4619 = DIRECTION('',(-0.,-0.,-1.));
#4620 = DIRECTION('',(-1.,0.,0.));
#4621 = ADVANCED_FACE('',(#4622,#4625),#4628,.T.);
#4622 = FACE_BOUND('',#4623,.F.);
#4623 = EDGE_LOOP('',(#4624));
#4624 = ORIENTED_EDGE('',*,*,#4557,.T.);
#4625 = FACE_BOUND('',#4626,.T.);
#4626 = EDGE_LOOP('',(#4627));
#4627 = ORIENTED_EDGE('',*,*,#4590,.T.);
#4628 = PLANE('',#4629);
#4629 = AXIS2_PLACEMENT_3D('',#4630,#4631,#4632);
#4630 = CARTESIAN_POINT('',(0.,0.,-3.5E-02));
#4631 = DIRECTION('',(-0.,-0.,-1.));
#4632 = DIRECTION('',(-1.,0.,0.));
#4633 = MANIFOLD_SOLID_BREP('',#4634);
#4634 = CLOSED_SHELL('',(#4635,#4668,#4701,#4713));
#4635 = ADVANCED_FACE('',(#4636),#4663,.T.);
#4636 = FACE_BOUND('',#4637,.T.);
#4637 = EDGE_LOOP('',(#4638,#4648,#4655,#4656));
#4638 = ORIENTED_EDGE('',*,*,#4639,.T.);
#4639 = EDGE_CURVE('',#4640,#4642,#4644,.T.);
#4640 = VERTEX_POINT('',#4641);
#4641 = CARTESIAN_POINT('',(140.514,-75.996,0.));
#4642 = VERTEX_POINT('',#4643);
#4643 = CARTESIAN_POINT('',(140.514,-75.996,-3.5E-02));
#4644 = LINE('',#4645,#4646);
#4645 = CARTESIAN_POINT('',(140.514,-75.996,0.));
#4646 = VECTOR('',#4647,1.);
#4647 = DIRECTION('',(0.,0.,-1.));
#4648 = ORIENTED_EDGE('',*,*,#4649,.T.);
#4649 = EDGE_CURVE('',#4642,#4642,#4650,.T.);
#4650 = CIRCLE('',#4651,0.3);
#4651 = AXIS2_PLACEMENT_3D('',#4652,#4653,#4654);
#4652 = CARTESIAN_POINT('',(140.214,-75.996,-3.5E-02));
#4653 = DIRECTION('',(0.,0.,1.));
#4654 = DIRECTION('',(1.,0.,-0.));
#4655 = ORIENTED_EDGE('',*,*,#4639,.F.);
#4656 = ORIENTED_EDGE('',*,*,#4657,.F.);
#4657 = EDGE_CURVE('',#4640,#4640,#4658,.T.);
#4658 = CIRCLE('',#4659,0.3);
#4659 = AXIS2_PLACEMENT_3D('',#4660,#4661,#4662);
#4660 = CARTESIAN_POINT('',(140.214,-75.996,0.));
#4661 = DIRECTION('',(0.,0.,1.));
#4662 = DIRECTION('',(1.,0.,-0.));
#4663 = CYLINDRICAL_SURFACE('',#4664,0.3);
#4664 = AXIS2_PLACEMENT_3D('',#4665,#4666,#4667);
#4665 = CARTESIAN_POINT('',(140.214,-75.996,0.));
#4666 = DIRECTION('',(0.,0.,1.));
#4667 = DIRECTION('',(1.,0.,-0.));
#4668 = ADVANCED_FACE('',(#4669),#4696,.F.);
#4669 = FACE_BOUND('',#4670,.F.);
#4670 = EDGE_LOOP('',(#4671,#4681,#4688,#4689));
#4671 = ORIENTED_EDGE('',*,*,#4672,.T.);
#4672 = EDGE_CURVE('',#4673,#4675,#4677,.T.);
#4673 = VERTEX_POINT('',#4674);
#4674 = CARTESIAN_POINT('',(140.351255,-75.996,0.));
#4675 = VERTEX_POINT('',#4676);
#4676 = CARTESIAN_POINT('',(140.351255,-75.996,-3.5E-02));
#4677 = LINE('',#4678,#4679);
#4678 = CARTESIAN_POINT('',(140.351255,-75.996,0.));
#4679 = VECTOR('',#4680,1.);
#4680 = DIRECTION('',(0.,0.,-1.));
#4681 = ORIENTED_EDGE('',*,*,#4682,.T.);
#4682 = EDGE_CURVE('',#4675,#4675,#4683,.T.);
#4683 = CIRCLE('',#4684,0.137255);
#4684 = AXIS2_PLACEMENT_3D('',#4685,#4686,#4687);
#4685 = CARTESIAN_POINT('',(140.214,-75.996,-3.5E-02));
#4686 = DIRECTION('',(0.,0.,1.));
#4687 = DIRECTION('',(1.,0.,-0.));
#4688 = ORIENTED_EDGE('',*,*,#4672,.F.);
#4689 = ORIENTED_EDGE('',*,*,#4690,.F.);
#4690 = EDGE_CURVE('',#4673,#4673,#4691,.T.);
#4691 = CIRCLE('',#4692,0.137255);
#4692 = AXIS2_PLACEMENT_3D('',#4693,#4694,#4695);
#4693 = CARTESIAN_POINT('',(140.214,-75.996,0.));
#4694 = DIRECTION('',(0.,0.,1.));
#4695 = DIRECTION('',(1.,0.,-0.));
#4696 = CYLINDRICAL_SURFACE('',#4697,0.137255);
#4697 = AXIS2_PLACEMENT_3D('',#4698,#4699,#4700);
#4698 = CARTESIAN_POINT('',(140.214,-75.996,0.));
#4699 = DIRECTION('',(0.,0.,1.));
#4700 = DIRECTION('',(1.,0.,-0.));
#4701 = ADVANCED_FACE('',(#4702,#4705),#4708,.F.);
#4702 = FACE_BOUND('',#4703,.T.);
#4703 = EDGE_LOOP('',(#4704));
#4704 = ORIENTED_EDGE('',*,*,#4657,.T.);
#4705 = FACE_BOUND('',#4706,.F.);
#4706 = EDGE_LOOP('',(#4707));
#4707 = ORIENTED_EDGE('',*,*,#4690,.T.);
#4708 = PLANE('',#4709);
#4709 = AXIS2_PLACEMENT_3D('',#4710,#4711,#4712);
#4710 = CARTESIAN_POINT('',(0.,0.,0.));
#4711 = DIRECTION('',(-0.,-0.,-1.));
#4712 = DIRECTION('',(-1.,0.,0.));
#4713 = ADVANCED_FACE('',(#4714,#4717),#4720,.T.);
#4714 = FACE_BOUND('',#4715,.F.);
#4715 = EDGE_LOOP('',(#4716));
#4716 = ORIENTED_EDGE('',*,*,#4649,.T.);
#4717 = FACE_BOUND('',#4718,.T.);
#4718 = EDGE_LOOP('',(#4719));
#4719 = ORIENTED_EDGE('',*,*,#4682,.T.);
#4720 = PLANE('',#4721);
#4721 = AXIS2_PLACEMENT_3D('',#4722,#4723,#4724);
#4722 = CARTESIAN_POINT('',(0.,0.,-3.5E-02));
#4723 = DIRECTION('',(-0.,-0.,-1.));
#4724 = DIRECTION('',(-1.,0.,0.));
#4725 = MANIFOLD_SOLID_BREP('',#4726);
#4726 = CLOSED_SHELL('',(#4727,#4760,#4793,#4805));
#4727 = ADVANCED_FACE('',(#4728),#4755,.T.);
#4728 = FACE_BOUND('',#4729,.T.);
#4729 = EDGE_LOOP('',(#4730,#4740,#4747,#4748));
#4730 = ORIENTED_EDGE('',*,*,#4731,.T.);
#4731 = EDGE_CURVE('',#4732,#4734,#4736,.T.);
#4732 = VERTEX_POINT('',#4733);
#4733 = CARTESIAN_POINT('',(144.378,-74.28,0.));
#4734 = VERTEX_POINT('',#4735);
#4735 = CARTESIAN_POINT('',(144.378,-74.28,-3.5E-02));
#4736 = LINE('',#4737,#4738);
#4737 = CARTESIAN_POINT('',(144.378,-74.28,0.));
#4738 = VECTOR('',#4739,1.);
#4739 = DIRECTION('',(0.,0.,-1.));
#4740 = ORIENTED_EDGE('',*,*,#4741,.T.);
#4741 = EDGE_CURVE('',#4734,#4734,#4742,.T.);
#4742 = CIRCLE('',#4743,0.3);
#4743 = AXIS2_PLACEMENT_3D('',#4744,#4745,#4746);
#4744 = CARTESIAN_POINT('',(144.078,-74.28,-3.5E-02));
#4745 = DIRECTION('',(0.,0.,1.));
#4746 = DIRECTION('',(1.,0.,-0.));
#4747 = ORIENTED_EDGE('',*,*,#4731,.F.);
#4748 = ORIENTED_EDGE('',*,*,#4749,.F.);
#4749 = EDGE_CURVE('',#4732,#4732,#4750,.T.);
#4750 = CIRCLE('',#4751,0.3);
#4751 = AXIS2_PLACEMENT_3D('',#4752,#4753,#4754);
#4752 = CARTESIAN_POINT('',(144.078,-74.28,0.));
#4753 = DIRECTION('',(0.,0.,1.));
#4754 = DIRECTION('',(1.,0.,-0.));
#4755 = CYLINDRICAL_SURFACE('',#4756,0.3);
#4756 = AXIS2_PLACEMENT_3D('',#4757,#4758,#4759);
#4757 = CARTESIAN_POINT('',(144.078,-74.28,0.));
#4758 = DIRECTION('',(0.,0.,1.));
#4759 = DIRECTION('',(1.,0.,-0.));
#4760 = ADVANCED_FACE('',(#4761),#4788,.F.);
#4761 = FACE_BOUND('',#4762,.F.);
#4762 = EDGE_LOOP('',(#4763,#4773,#4780,#4781));
#4763 = ORIENTED_EDGE('',*,*,#4764,.T.);
#4764 = EDGE_CURVE('',#4765,#4767,#4769,.T.);
#4765 = VERTEX_POINT('',#4766);
#4766 = CARTESIAN_POINT('',(144.215255,-74.28,0.));
#4767 = VERTEX_POINT('',#4768);
#4768 = CARTESIAN_POINT('',(144.215255,-74.28,-3.5E-02));
#4769 = LINE('',#4770,#4771);
#4770 = CARTESIAN_POINT('',(144.215255,-74.28,0.));
#4771 = VECTOR('',#4772,1.);
#4772 = DIRECTION('',(0.,0.,-1.));
#4773 = ORIENTED_EDGE('',*,*,#4774,.T.);
#4774 = EDGE_CURVE('',#4767,#4767,#4775,.T.);
#4775 = CIRCLE('',#4776,0.137255);
#4776 = AXIS2_PLACEMENT_3D('',#4777,#4778,#4779);
#4777 = CARTESIAN_POINT('',(144.078,-74.28,-3.5E-02));
#4778 = DIRECTION('',(0.,0.,1.));
#4779 = DIRECTION('',(1.,0.,-0.));
#4780 = ORIENTED_EDGE('',*,*,#4764,.F.);
#4781 = ORIENTED_EDGE('',*,*,#4782,.F.);
#4782 = EDGE_CURVE('',#4765,#4765,#4783,.T.);
#4783 = CIRCLE('',#4784,0.137255);
#4784 = AXIS2_PLACEMENT_3D('',#4785,#4786,#4787);
#4785 = CARTESIAN_POINT('',(144.078,-74.28,0.));
#4786 = DIRECTION('',(0.,0.,1.));
#4787 = DIRECTION('',(1.,0.,-0.));
#4788 = CYLINDRICAL_SURFACE('',#4789,0.137255);
#4789 = AXIS2_PLACEMENT_3D('',#4790,#4791,#4792);
#4790 = CARTESIAN_POINT('',(144.078,-74.28,0.));
#4791 = DIRECTION('',(0.,0.,1.));
#4792 = DIRECTION('',(1.,0.,-0.));
#4793 = ADVANCED_FACE('',(#4794,#4797),#4800,.F.);
#4794 = FACE_BOUND('',#4795,.T.);
#4795 = EDGE_LOOP('',(#4796));
#4796 = ORIENTED_EDGE('',*,*,#4749,.T.);
#4797 = FACE_BOUND('',#4798,.F.);
#4798 = EDGE_LOOP('',(#4799));
#4799 = ORIENTED_EDGE('',*,*,#4782,.T.);
#4800 = PLANE('',#4801);
#4801 = AXIS2_PLACEMENT_3D('',#4802,#4803,#4804);
#4802 = CARTESIAN_POINT('',(0.,0.,0.));
#4803 = DIRECTION('',(-0.,-0.,-1.));
#4804 = DIRECTION('',(-1.,0.,0.));
#4805 = ADVANCED_FACE('',(#4806,#4809),#4812,.T.);
#4806 = FACE_BOUND('',#4807,.F.);
#4807 = EDGE_LOOP('',(#4808));
#4808 = ORIENTED_EDGE('',*,*,#4741,.T.);
#4809 = FACE_BOUND('',#4810,.T.);
#4810 = EDGE_LOOP('',(#4811));
#4811 = ORIENTED_EDGE('',*,*,#4774,.T.);
#4812 = PLANE('',#4813);
#4813 = AXIS2_PLACEMENT_3D('',#4814,#4815,#4816);
#4814 = CARTESIAN_POINT('',(0.,0.,-3.5E-02));
#4815 = DIRECTION('',(-0.,-0.,-1.));
#4816 = DIRECTION('',(-1.,0.,0.));
#4817 = MANIFOLD_SOLID_BREP('',#4818);
#4818 = CLOSED_SHELL('',(#4819,#4852,#4885,#4897));
#4819 = ADVANCED_FACE('',(#4820),#4847,.T.);
#4820 = FACE_BOUND('',#4821,.T.);
#4821 = EDGE_LOOP('',(#4822,#4832,#4839,#4840));
#4822 = ORIENTED_EDGE('',*,*,#4823,.T.);
#4823 = EDGE_CURVE('',#4824,#4826,#4828,.T.);
#4824 = VERTEX_POINT('',#4825);
#4825 = CARTESIAN_POINT('',(144.378,-71.664,0.));
#4826 = VERTEX_POINT('',#4827);
#4827 = CARTESIAN_POINT('',(144.378,-71.664,-3.5E-02));
#4828 = LINE('',#4829,#4830);
#4829 = CARTESIAN_POINT('',(144.378,-71.664,0.));
#4830 = VECTOR('',#4831,1.);
#4831 = DIRECTION('',(0.,0.,-1.));
#4832 = ORIENTED_EDGE('',*,*,#4833,.T.);
#4833 = EDGE_CURVE('',#4826,#4826,#4834,.T.);
#4834 = CIRCLE('',#4835,0.3);
#4835 = AXIS2_PLACEMENT_3D('',#4836,#4837,#4838);
#4836 = CARTESIAN_POINT('',(144.078,-71.664,-3.5E-02));
#4837 = DIRECTION('',(0.,0.,1.));
#4838 = DIRECTION('',(1.,0.,-0.));
#4839 = ORIENTED_EDGE('',*,*,#4823,.F.);
#4840 = ORIENTED_EDGE('',*,*,#4841,.F.);
#4841 = EDGE_CURVE('',#4824,#4824,#4842,.T.);
#4842 = CIRCLE('',#4843,0.3);
#4843 = AXIS2_PLACEMENT_3D('',#4844,#4845,#4846);
#4844 = CARTESIAN_POINT('',(144.078,-71.664,0.));
#4845 = DIRECTION('',(0.,0.,1.));
#4846 = DIRECTION('',(1.,0.,-0.));
#4847 = CYLINDRICAL_SURFACE('',#4848,0.3);
#4848 = AXIS2_PLACEMENT_3D('',#4849,#4850,#4851);
#4849 = CARTESIAN_POINT('',(144.078,-71.664,0.));
#4850 = DIRECTION('',(0.,0.,1.));
#4851 = DIRECTION('',(1.,0.,-0.));
#4852 = ADVANCED_FACE('',(#4853),#4880,.F.);
#4853 = FACE_BOUND('',#4854,.F.);
#4854 = EDGE_LOOP('',(#4855,#4865,#4872,#4873));
#4855 = ORIENTED_EDGE('',*,*,#4856,.T.);
#4856 = EDGE_CURVE('',#4857,#4859,#4861,.T.);
#4857 = VERTEX_POINT('',#4858);
#4858 = CARTESIAN_POINT('',(144.215255,-71.664,0.));
#4859 = VERTEX_POINT('',#4860);
#4860 = CARTESIAN_POINT('',(144.215255,-71.664,-3.5E-02));
#4861 = LINE('',#4862,#4863);
#4862 = CARTESIAN_POINT('',(144.215255,-71.664,0.));
#4863 = VECTOR('',#4864,1.);
#4864 = DIRECTION('',(0.,0.,-1.));
#4865 = ORIENTED_EDGE('',*,*,#4866,.T.);
#4866 = EDGE_CURVE('',#4859,#4859,#4867,.T.);
#4867 = CIRCLE('',#4868,0.137255);
#4868 = AXIS2_PLACEMENT_3D('',#4869,#4870,#4871);
#4869 = CARTESIAN_POINT('',(144.078,-71.664,-3.5E-02));
#4870 = DIRECTION('',(0.,0.,1.));
#4871 = DIRECTION('',(1.,0.,-0.));
#4872 = ORIENTED_EDGE('',*,*,#4856,.F.);
#4873 = ORIENTED_EDGE('',*,*,#4874,.F.);
#4874 = EDGE_CURVE('',#4857,#4857,#4875,.T.);
#4875 = CIRCLE('',#4876,0.137255);
#4876 = AXIS2_PLACEMENT_3D('',#4877,#4878,#4879);
#4877 = CARTESIAN_POINT('',(144.078,-71.664,0.));
#4878 = DIRECTION('',(0.,0.,1.));
#4879 = DIRECTION('',(1.,0.,-0.));
#4880 = CYLINDRICAL_SURFACE('',#4881,0.137255);
#4881 = AXIS2_PLACEMENT_3D('',#4882,#4883,#4884);
#4882 = CARTESIAN_POINT('',(144.078,-71.664,0.));
#4883 = DIRECTION('',(0.,0.,1.));
#4884 = DIRECTION('',(1.,0.,-0.));
#4885 = ADVANCED_FACE('',(#4886,#4889),#4892,.F.);
#4886 = FACE_BOUND('',#4887,.T.);
#4887 = EDGE_LOOP('',(#4888));
#4888 = ORIENTED_EDGE('',*,*,#4841,.T.);
#4889 = FACE_BOUND('',#4890,.F.);
#4890 = EDGE_LOOP('',(#4891));
#4891 = ORIENTED_EDGE('',*,*,#4874,.T.);
#4892 = PLANE('',#4893);
#4893 = AXIS2_PLACEMENT_3D('',#4894,#4895,#4896);
#4894 = CARTESIAN_POINT('',(0.,0.,0.));
#4895 = DIRECTION('',(-0.,-0.,-1.));
#4896 = DIRECTION('',(-1.,0.,0.));
#4897 = ADVANCED_FACE('',(#4898,#4901),#4904,.T.);
#4898 = FACE_BOUND('',#4899,.F.);
#4899 = EDGE_LOOP('',(#4900));
#4900 = ORIENTED_EDGE('',*,*,#4833,.T.);
#4901 = FACE_BOUND('',#4902,.T.);
#4902 = EDGE_LOOP('',(#4903));
#4903 = ORIENTED_EDGE('',*,*,#4866,.T.);
#4904 = PLANE('',#4905);
#4905 = AXIS2_PLACEMENT_3D('',#4906,#4907,#4908);
#4906 = CARTESIAN_POINT('',(0.,0.,-3.5E-02));
#4907 = DIRECTION('',(-0.,-0.,-1.));
#4908 = DIRECTION('',(-1.,0.,0.));
#4909 = MANIFOLD_SOLID_BREP('',#4910);
#4910 = CLOSED_SHELL('',(#4911,#4944,#4977,#4989));
#4911 = ADVANCED_FACE('',(#4912),#4939,.T.);
#4912 = FACE_BOUND('',#4913,.T.);
#4913 = EDGE_LOOP('',(#4914,#4924,#4931,#4932));
#4914 = ORIENTED_EDGE('',*,*,#4915,.T.);
#4915 = EDGE_CURVE('',#4916,#4918,#4920,.T.);
#4916 = VERTEX_POINT('',#4917);
#4917 = CARTESIAN_POINT('',(140.52,-67.278,0.));
#4918 = VERTEX_POINT('',#4919);
#4919 = CARTESIAN_POINT('',(140.52,-67.278,-3.5E-02));
#4920 = LINE('',#4921,#4922);
#4921 = CARTESIAN_POINT('',(140.52,-67.278,0.));
#4922 = VECTOR('',#4923,1.);
#4923 = DIRECTION('',(0.,0.,-1.));
#4924 = ORIENTED_EDGE('',*,*,#4925,.T.);
#4925 = EDGE_CURVE('',#4918,#4918,#4926,.T.);
#4926 = CIRCLE('',#4927,0.3);
#4927 = AXIS2_PLACEMENT_3D('',#4928,#4929,#4930);
#4928 = CARTESIAN_POINT('',(140.22,-67.278,-3.5E-02));
#4929 = DIRECTION('',(0.,0.,1.));
#4930 = DIRECTION('',(1.,0.,-0.));
#4931 = ORIENTED_EDGE('',*,*,#4915,.F.);
#4932 = ORIENTED_EDGE('',*,*,#4933,.F.);
#4933 = EDGE_CURVE('',#4916,#4916,#4934,.T.);
#4934 = CIRCLE('',#4935,0.3);
#4935 = AXIS2_PLACEMENT_3D('',#4936,#4937,#4938);
#4936 = CARTESIAN_POINT('',(140.22,-67.278,0.));
#4937 = DIRECTION('',(0.,0.,1.));
#4938 = DIRECTION('',(1.,0.,-0.));
#4939 = CYLINDRICAL_SURFACE('',#4940,0.3);
#4940 = AXIS2_PLACEMENT_3D('',#4941,#4942,#4943);
#4941 = CARTESIAN_POINT('',(140.22,-67.278,0.));
#4942 = DIRECTION('',(0.,0.,1.));
#4943 = DIRECTION('',(1.,0.,-0.));
#4944 = ADVANCED_FACE('',(#4945),#4972,.F.);
#4945 = FACE_BOUND('',#4946,.F.);
#4946 = EDGE_LOOP('',(#4947,#4957,#4964,#4965));
#4947 = ORIENTED_EDGE('',*,*,#4948,.T.);
#4948 = EDGE_CURVE('',#4949,#4951,#4953,.T.);
#4949 = VERTEX_POINT('',#4950);
#4950 = CARTESIAN_POINT('',(140.357255,-67.278,0.));
#4951 = VERTEX_POINT('',#4952);
#4952 = CARTESIAN_POINT('',(140.357255,-67.278,-3.5E-02));
#4953 = LINE('',#4954,#4955);
#4954 = CARTESIAN_POINT('',(140.357255,-67.278,0.));
#4955 = VECTOR('',#4956,1.);
#4956 = DIRECTION('',(0.,0.,-1.));
#4957 = ORIENTED_EDGE('',*,*,#4958,.T.);
#4958 = EDGE_CURVE('',#4951,#4951,#4959,.T.);
#4959 = CIRCLE('',#4960,0.137255);
#4960 = AXIS2_PLACEMENT_3D('',#4961,#4962,#4963);
#4961 = CARTESIAN_POINT('',(140.22,-67.278,-3.5E-02));
#4962 = DIRECTION('',(0.,0.,1.));
#4963 = DIRECTION('',(1.,0.,-0.));
#4964 = ORIENTED_EDGE('',*,*,#4948,.F.);
#4965 = ORIENTED_EDGE('',*,*,#4966,.F.);
#4966 = EDGE_CURVE('',#4949,#4949,#4967,.T.);
#4967 = CIRCLE('',#4968,0.137255);
#4968 = AXIS2_PLACEMENT_3D('',#4969,#4970,#4971);
#4969 = CARTESIAN_POINT('',(140.22,-67.278,0.));
#4970 = DIRECTION('',(0.,0.,1.));
#4971 = DIRECTION('',(1.,0.,-0.));
#4972 = CYLINDRICAL_SURFACE('',#4973,0.137255);
#4973 = AXIS2_PLACEMENT_3D('',#4974,#4975,#4976);
#4974 = CARTESIAN_POINT('',(140.22,-67.278,0.));
#4975 = DIRECTION('',(0.,0.,1.));
#4976 = DIRECTION('',(1.,0.,-0.));
#4977 = ADVANCED_FACE('',(#4978,#4981),#4984,.F.);
#4978 = FACE_BOUND('',#4979,.T.);
#4979 = EDGE_LOOP('',(#4980));
#4980 = ORIENTED_EDGE('',*,*,#4933,.T.);
#4981 = FACE_BOUND('',#4982,.F.);
#4982 = EDGE_LOOP('',(#4983));
#4983 = ORIENTED_EDGE('',*,*,#4966,.T.);
#4984 = PLANE('',#4985);
#4985 = AXIS2_PLACEMENT_3D('',#4986,#4987,#4988);
#4986 = CARTESIAN_POINT('',(0.,0.,0.));
#4987 = DIRECTION('',(-0.,-0.,-1.));
#4988 = DIRECTION('',(-1.,0.,0.));
#4989 = ADVANCED_FACE('',(#4990,#4993),#4996,.T.);
#4990 = FACE_BOUND('',#4991,.F.);
#4991 = EDGE_LOOP('',(#4992));
#4992 = ORIENTED_EDGE('',*,*,#4925,.T.);
#4993 = FACE_BOUND('',#4994,.T.);
#4994 = EDGE_LOOP('',(#4995));
#4995 = ORIENTED_EDGE('',*,*,#4958,.T.);
#4996 = PLANE('',#4997);
#4997 = AXIS2_PLACEMENT_3D('',#4998,#4999,#5000);
#4998 = CARTESIAN_POINT('',(0.,0.,-3.5E-02));
#4999 = DIRECTION('',(-0.,-0.,-1.));
#5000 = DIRECTION('',(-1.,0.,0.));
#5001 = MANIFOLD_SOLID_BREP('',#5002);
#5002 = CLOSED_SHELL('',(#5003,#5036,#5069,#5081));
#5003 = ADVANCED_FACE('',(#5004),#5031,.T.);
#5004 = FACE_BOUND('',#5005,.T.);
#5005 = EDGE_LOOP('',(#5006,#5016,#5023,#5024));
#5006 = ORIENTED_EDGE('',*,*,#5007,.T.);
#5007 = EDGE_CURVE('',#5008,#5010,#5012,.T.);
#5008 = VERTEX_POINT('',#5009);
#5009 = CARTESIAN_POINT('',(137.976,-67.26,0.));
#5010 = VERTEX_POINT('',#5011);
#5011 = CARTESIAN_POINT('',(137.976,-67.26,-3.5E-02));
#5012 = LINE('',#5013,#5014);
#5013 = CARTESIAN_POINT('',(137.976,-67.26,0.));
#5014 = VECTOR('',#5015,1.);
#5015 = DIRECTION('',(0.,0.,-1.));
#5016 = ORIENTED_EDGE('',*,*,#5017,.T.);
#5017 = EDGE_CURVE('',#5010,#5010,#5018,.T.);
#5018 = CIRCLE('',#5019,0.3);
#5019 = AXIS2_PLACEMENT_3D('',#5020,#5021,#5022);
#5020 = CARTESIAN_POINT('',(137.676,-67.26,-3.5E-02));
#5021 = DIRECTION('',(0.,0.,1.));
#5022 = DIRECTION('',(1.,0.,-0.));
#5023 = ORIENTED_EDGE('',*,*,#5007,.F.);
#5024 = ORIENTED_EDGE('',*,*,#5025,.F.);
#5025 = EDGE_CURVE('',#5008,#5008,#5026,.T.);
#5026 = CIRCLE('',#5027,0.3);
#5027 = AXIS2_PLACEMENT_3D('',#5028,#5029,#5030);
#5028 = CARTESIAN_POINT('',(137.676,-67.26,0.));
#5029 = DIRECTION('',(0.,0.,1.));
#5030 = DIRECTION('',(1.,0.,-0.));
#5031 = CYLINDRICAL_SURFACE('',#5032,0.3);
#5032 = AXIS2_PLACEMENT_3D('',#5033,#5034,#5035);
#5033 = CARTESIAN_POINT('',(137.676,-67.26,0.));
#5034 = DIRECTION('',(0.,0.,1.));
#5035 = DIRECTION('',(1.,0.,-0.));
#5036 = ADVANCED_FACE('',(#5037),#5064,.F.);
#5037 = FACE_BOUND('',#5038,.F.);
#5038 = EDGE_LOOP('',(#5039,#5049,#5056,#5057));
#5039 = ORIENTED_EDGE('',*,*,#5040,.T.);
#5040 = EDGE_CURVE('',#5041,#5043,#5045,.T.);
#5041 = VERTEX_POINT('',#5042);
#5042 = CARTESIAN_POINT('',(137.813255,-67.26,0.));
#5043 = VERTEX_POINT('',#5044);
#5044 = CARTESIAN_POINT('',(137.813255,-67.26,-3.5E-02));
#5045 = LINE('',#5046,#5047);
#5046 = CARTESIAN_POINT('',(137.813255,-67.26,0.));
#5047 = VECTOR('',#5048,1.);
#5048 = DIRECTION('',(0.,0.,-1.));
#5049 = ORIENTED_EDGE('',*,*,#5050,.T.);
#5050 = EDGE_CURVE('',#5043,#5043,#5051,.T.);
#5051 = CIRCLE('',#5052,0.137255);
#5052 = AXIS2_PLACEMENT_3D('',#5053,#5054,#5055);
#5053 = CARTESIAN_POINT('',(137.676,-67.26,-3.5E-02));
#5054 = DIRECTION('',(0.,0.,1.));
#5055 = DIRECTION('',(1.,0.,-0.));
#5056 = ORIENTED_EDGE('',*,*,#5040,.F.);
#5057 = ORIENTED_EDGE('',*,*,#5058,.F.);
#5058 = EDGE_CURVE('',#5041,#5041,#5059,.T.);
#5059 = CIRCLE('',#5060,0.137255);
#5060 = AXIS2_PLACEMENT_3D('',#5061,#5062,#5063);
#5061 = CARTESIAN_POINT('',(137.676,-67.26,0.));
#5062 = DIRECTION('',(0.,0.,1.));
#5063 = DIRECTION('',(1.,0.,-0.));
#5064 = CYLINDRICAL_SURFACE('',#5065,0.137255);
#5065 = AXIS2_PLACEMENT_3D('',#5066,#5067,#5068);
#5066 = CARTESIAN_POINT('',(137.676,-67.26,0.));
#5067 = DIRECTION('',(0.,0.,1.));
#5068 = DIRECTION('',(1.,0.,-0.));
#5069 = ADVANCED_FACE('',(#5070,#5073),#5076,.F.);
#5070 = FACE_BOUND('',#5071,.T.);
#5071 = EDGE_LOOP('',(#5072));
#5072 = ORIENTED_EDGE('',*,*,#5025,.T.);
#5073 = FACE_BOUND('',#5074,.F.);
#5074 = EDGE_LOOP('',(#5075));
#5075 = ORIENTED_EDGE('',*,*,#5058,.T.);
#5076 = PLANE('',#5077);
#5077 = AXIS2_PLACEMENT_3D('',#5078,#5079,#5080);
#5078 = CARTESIAN_POINT('',(0.,0.,0.));
#5079 = DIRECTION('',(-0.,-0.,-1.));
#5080 = DIRECTION('',(-1.,0.,0.));
#5081 = ADVANCED_FACE('',(#5082,#5085),#5088,.T.);
#5082 = FACE_BOUND('',#5083,.F.);
#5083 = EDGE_LOOP('',(#5084));
#5084 = ORIENTED_EDGE('',*,*,#5017,.T.);
#5085 = FACE_BOUND('',#5086,.T.);
#5086 = EDGE_LOOP('',(#5087));
#5087 = ORIENTED_EDGE('',*,*,#5050,.T.);
#5088 = PLANE('',#5089);
#5089 = AXIS2_PLACEMENT_3D('',#5090,#5091,#5092);
#5090 = CARTESIAN_POINT('',(0.,0.,-3.5E-02));
#5091 = DIRECTION('',(-0.,-0.,-1.));
#5092 = DIRECTION('',(-1.,0.,0.));
#5093 = MANIFOLD_SOLID_BREP('',#5094);
#5094 = CLOSED_SHELL('',(#5095,#5128,#5161,#5173));
#5095 = ADVANCED_FACE('',(#5096),#5123,.T.);
#5096 = FACE_BOUND('',#5097,.T.);
#5097 = EDGE_LOOP('',(#5098,#5108,#5115,#5116));
#5098 = ORIENTED_EDGE('',*,*,#5099,.T.);
#5099 = EDGE_CURVE('',#5100,#5102,#5104,.T.);
#5100 = VERTEX_POINT('',#5101);
#5101 = CARTESIAN_POINT('',(144.558,-63.744,0.));
#5102 = VERTEX_POINT('',#5103);
#5103 = CARTESIAN_POINT('',(144.558,-63.744,-3.5E-02));
#5104 = LINE('',#5105,#5106);
#5105 = CARTESIAN_POINT('',(144.558,-63.744,0.));
#5106 = VECTOR('',#5107,1.);
#5107 = DIRECTION('',(0.,0.,-1.));
#5108 = ORIENTED_EDGE('',*,*,#5109,.T.);
#5109 = EDGE_CURVE('',#5102,#5102,#5110,.T.);
#5110 = CIRCLE('',#5111,0.3);
#5111 = AXIS2_PLACEMENT_3D('',#5112,#5113,#5114);
#5112 = CARTESIAN_POINT('',(144.258,-63.744,-3.5E-02));
#5113 = DIRECTION('',(0.,0.,1.));
#5114 = DIRECTION('',(1.,0.,-0.));
#5115 = ORIENTED_EDGE('',*,*,#5099,.F.);
#5116 = ORIENTED_EDGE('',*,*,#5117,.F.);
#5117 = EDGE_CURVE('',#5100,#5100,#5118,.T.);
#5118 = CIRCLE('',#5119,0.3);
#5119 = AXIS2_PLACEMENT_3D('',#5120,#5121,#5122);
#5120 = CARTESIAN_POINT('',(144.258,-63.744,0.));
#5121 = DIRECTION('',(0.,0.,1.));
#5122 = DIRECTION('',(1.,0.,-0.));
#5123 = CYLINDRICAL_SURFACE('',#5124,0.3);
#5124 = AXIS2_PLACEMENT_3D('',#5125,#5126,#5127);
#5125 = CARTESIAN_POINT('',(144.258,-63.744,0.));
#5126 = DIRECTION('',(0.,0.,1.));
#5127 = DIRECTION('',(1.,0.,-0.));
#5128 = ADVANCED_FACE('',(#5129),#5156,.F.);
#5129 = FACE_BOUND('',#5130,.F.);
#5130 = EDGE_LOOP('',(#5131,#5141,#5148,#5149));
#5131 = ORIENTED_EDGE('',*,*,#5132,.T.);
#5132 = EDGE_CURVE('',#5133,#5135,#5137,.T.);
#5133 = VERTEX_POINT('',#5134);
#5134 = CARTESIAN_POINT('',(144.395255,-63.744,0.));
#5135 = VERTEX_POINT('',#5136);
#5136 = CARTESIAN_POINT('',(144.395255,-63.744,-3.5E-02));
#5137 = LINE('',#5138,#5139);
#5138 = CARTESIAN_POINT('',(144.395255,-63.744,0.));
#5139 = VECTOR('',#5140,1.);
#5140 = DIRECTION('',(0.,0.,-1.));
#5141 = ORIENTED_EDGE('',*,*,#5142,.T.);
#5142 = EDGE_CURVE('',#5135,#5135,#5143,.T.);
#5143 = CIRCLE('',#5144,0.137255);
#5144 = AXIS2_PLACEMENT_3D('',#5145,#5146,#5147);
#5145 = CARTESIAN_POINT('',(144.258,-63.744,-3.5E-02));
#5146 = DIRECTION('',(0.,0.,1.));
#5147 = DIRECTION('',(1.,0.,-0.));
#5148 = ORIENTED_EDGE('',*,*,#5132,.F.);
#5149 = ORIENTED_EDGE('',*,*,#5150,.F.);
#5150 = EDGE_CURVE('',#5133,#5133,#5151,.T.);
#5151 = CIRCLE('',#5152,0.137255);
#5152 = AXIS2_PLACEMENT_3D('',#5153,#5154,#5155);
#5153 = CARTESIAN_POINT('',(144.258,-63.744,0.));
#5154 = DIRECTION('',(0.,0.,1.));
#5155 = DIRECTION('',(1.,0.,-0.));
#5156 = CYLINDRICAL_SURFACE('',#5157,0.137255);
#5157 = AXIS2_PLACEMENT_3D('',#5158,#5159,#5160);
#5158 = CARTESIAN_POINT('',(144.258,-63.744,0.));
#5159 = DIRECTION('',(0.,0.,1.));
#5160 = DIRECTION('',(1.,0.,-0.));
#5161 = ADVANCED_FACE('',(#5162,#5165),#5168,.F.);
#5162 = FACE_BOUND('',#5163,.T.);
#5163 = EDGE_LOOP('',(#5164));
#5164 = ORIENTED_EDGE('',*,*,#5117,.T.);
#5165 = FACE_BOUND('',#5166,.F.);
#5166 = EDGE_LOOP('',(#5167));
#5167 = ORIENTED_EDGE('',*,*,#5150,.T.);
#5168 = PLANE('',#5169);
#5169 = AXIS2_PLACEMENT_3D('',#5170,#5171,#5172);
#5170 = CARTESIAN_POINT('',(0.,0.,0.));
#5171 = DIRECTION('',(-0.,-0.,-1.));
#5172 = DIRECTION('',(-1.,0.,0.));
#5173 = ADVANCED_FACE('',(#5174,#5177),#5180,.T.);
#5174 = FACE_BOUND('',#5175,.F.);
#5175 = EDGE_LOOP('',(#5176));
#5176 = ORIENTED_EDGE('',*,*,#5109,.T.);
#5177 = FACE_BOUND('',#5178,.T.);
#5178 = EDGE_LOOP('',(#5179));
#5179 = ORIENTED_EDGE('',*,*,#5142,.T.);
#5180 = PLANE('',#5181);
#5181 = AXIS2_PLACEMENT_3D('',#5182,#5183,#5184);
#5182 = CARTESIAN_POINT('',(0.,0.,-3.5E-02));
#5183 = DIRECTION('',(-0.,-0.,-1.));
#5184 = DIRECTION('',(-1.,0.,0.));
#5185 = MANIFOLD_SOLID_BREP('',#5186);
#5186 = CLOSED_SHELL('',(#5187,#5220,#5253,#5265));
#5187 = ADVANCED_FACE('',(#5188),#5215,.T.);
#5188 = FACE_BOUND('',#5189,.T.);
#5189 = EDGE_LOOP('',(#5190,#5200,#5207,#5208));
#5190 = ORIENTED_EDGE('',*,*,#5191,.T.);
#5191 = EDGE_CURVE('',#5192,#5194,#5196,.T.);
#5192 = VERTEX_POINT('',#5193);
#5193 = CARTESIAN_POINT('',(140.724,-61.548,0.));
#5194 = VERTEX_POINT('',#5195);
#5195 = CARTESIAN_POINT('',(140.724,-61.548,-3.5E-02));
#5196 = LINE('',#5197,#5198);
#5197 = CARTESIAN_POINT('',(140.724,-61.548,0.));
#5198 = VECTOR('',#5199,1.);
#5199 = DIRECTION('',(0.,0.,-1.));
#5200 = ORIENTED_EDGE('',*,*,#5201,.T.);
#5201 = EDGE_CURVE('',#5194,#5194,#5202,.T.);
#5202 = CIRCLE('',#5203,0.3);
#5203 = AXIS2_PLACEMENT_3D('',#5204,#5205,#5206);
#5204 = CARTESIAN_POINT('',(140.424,-61.548,-3.5E-02));
#5205 = DIRECTION('',(0.,0.,1.));
#5206 = DIRECTION('',(1.,0.,-0.));
#5207 = ORIENTED_EDGE('',*,*,#5191,.F.);
#5208 = ORIENTED_EDGE('',*,*,#5209,.F.);
#5209 = EDGE_CURVE('',#5192,#5192,#5210,.T.);
#5210 = CIRCLE('',#5211,0.3);
#5211 = AXIS2_PLACEMENT_3D('',#5212,#5213,#5214);
#5212 = CARTESIAN_POINT('',(140.424,-61.548,0.));
#5213 = DIRECTION('',(0.,0.,1.));
#5214 = DIRECTION('',(1.,0.,-0.));
#5215 = CYLINDRICAL_SURFACE('',#5216,0.3);
#5216 = AXIS2_PLACEMENT_3D('',#5217,#5218,#5219);
#5217 = CARTESIAN_POINT('',(140.424,-61.548,0.));
#5218 = DIRECTION('',(0.,0.,1.));
#5219 = DIRECTION('',(1.,0.,-0.));
#5220 = ADVANCED_FACE('',(#5221),#5248,.F.);
#5221 = FACE_BOUND('',#5222,.F.);
#5222 = EDGE_LOOP('',(#5223,#5233,#5240,#5241));
#5223 = ORIENTED_EDGE('',*,*,#5224,.T.);
#5224 = EDGE_CURVE('',#5225,#5227,#5229,.T.);
#5225 = VERTEX_POINT('',#5226);
#5226 = CARTESIAN_POINT('',(140.561255,-61.548,0.));
#5227 = VERTEX_POINT('',#5228);
#5228 = CARTESIAN_POINT('',(140.561255,-61.548,-3.5E-02));
#5229 = LINE('',#5230,#5231);
#5230 = CARTESIAN_POINT('',(140.561255,-61.548,0.));
#5231 = VECTOR('',#5232,1.);
#5232 = DIRECTION('',(0.,0.,-1.));
#5233 = ORIENTED_EDGE('',*,*,#5234,.T.);
#5234 = EDGE_CURVE('',#5227,#5227,#5235,.T.);
#5235 = CIRCLE('',#5236,0.137255);
#5236 = AXIS2_PLACEMENT_3D('',#5237,#5238,#5239);
#5237 = CARTESIAN_POINT('',(140.424,-61.548,-3.5E-02));
#5238 = DIRECTION('',(0.,0.,1.));
#5239 = DIRECTION('',(1.,0.,-0.));
#5240 = ORIENTED_EDGE('',*,*,#5224,.F.);
#5241 = ORIENTED_EDGE('',*,*,#5242,.F.);
#5242 = EDGE_CURVE('',#5225,#5225,#5243,.T.);
#5243 = CIRCLE('',#5244,0.137255);
#5244 = AXIS2_PLACEMENT_3D('',#5245,#5246,#5247);
#5245 = CARTESIAN_POINT('',(140.424,-61.548,0.));
#5246 = DIRECTION('',(0.,0.,1.));
#5247 = DIRECTION('',(1.,0.,-0.));
#5248 = CYLINDRICAL_SURFACE('',#5249,0.137255);
#5249 = AXIS2_PLACEMENT_3D('',#5250,#5251,#5252);
#5250 = CARTESIAN_POINT('',(140.424,-61.548,0.));
#5251 = DIRECTION('',(0.,0.,1.));
#5252 = DIRECTION('',(1.,0.,-0.));
#5253 = ADVANCED_FACE('',(#5254,#5257),#5260,.F.);
#5254 = FACE_BOUND('',#5255,.T.);
#5255 = EDGE_LOOP('',(#5256));
#5256 = ORIENTED_EDGE('',*,*,#5209,.T.);
#5257 = FACE_BOUND('',#5258,.F.);
#5258 = EDGE_LOOP('',(#5259));
#5259 = ORIENTED_EDGE('',*,*,#5242,.T.);
#5260 = PLANE('',#5261);
#5261 = AXIS2_PLACEMENT_3D('',#5262,#5263,#5264);
#5262 = CARTESIAN_POINT('',(0.,0.,0.));
#5263 = DIRECTION('',(-0.,-0.,-1.));
#5264 = DIRECTION('',(-1.,0.,0.));
#5265 = ADVANCED_FACE('',(#5266,#5269),#5272,.T.);
#5266 = FACE_BOUND('',#5267,.F.);
#5267 = EDGE_LOOP('',(#5268));
#5268 = ORIENTED_EDGE('',*,*,#5201,.T.);
#5269 = FACE_BOUND('',#5270,.T.);
#5270 = EDGE_LOOP('',(#5271));
#5271 = ORIENTED_EDGE('',*,*,#5234,.T.);
#5272 = PLANE('',#5273);
#5273 = AXIS2_PLACEMENT_3D('',#5274,#5275,#5276);
#5274 = CARTESIAN_POINT('',(0.,0.,-3.5E-02));
#5275 = DIRECTION('',(-0.,-0.,-1.));
#5276 = DIRECTION('',(-1.,0.,0.));
#5277 = MANIFOLD_SOLID_BREP('',#5278);
#5278 = CLOSED_SHELL('',(#5279,#5319,#5352,#5383,#5416,#5447,#5480,#5502
    ,#5535,#5568,#5589));
#5279 = ADVANCED_FACE('',(#5280),#5314,.T.);
#5280 = FACE_BOUND('',#5281,.T.);
#5281 = EDGE_LOOP('',(#5282,#5292,#5300,#5308));
#5282 = ORIENTED_EDGE('',*,*,#5283,.T.);
#5283 = EDGE_CURVE('',#5284,#5286,#5288,.T.);
#5284 = VERTEX_POINT('',#5285);
#5285 = CARTESIAN_POINT('',(144.45,-82.156893,1.51));
#5286 = VERTEX_POINT('',#5287);
#5287 = CARTESIAN_POINT('',(144.45,-82.156893,1.545));
#5288 = LINE('',#5289,#5290);
#5289 = CARTESIAN_POINT('',(144.45,-82.156893,1.51));
#5290 = VECTOR('',#5291,1.);
#5291 = DIRECTION('',(0.,0.,1.));
#5292 = ORIENTED_EDGE('',*,*,#5293,.T.);
#5293 = EDGE_CURVE('',#5286,#5294,#5296,.T.);
#5294 = VERTEX_POINT('',#5295);
#5295 = CARTESIAN_POINT('',(144.847553,-82.554446,1.545));
#5296 = LINE('',#5297,#5298);
#5297 = CARTESIAN_POINT('',(144.45,-82.156893,1.545));
#5298 = VECTOR('',#5299,1.);
#5299 = DIRECTION('',(0.707106781187,-0.707106781187,0.));
#5300 = ORIENTED_EDGE('',*,*,#5301,.F.);
#5301 = EDGE_CURVE('',#5302,#5294,#5304,.T.);
#5302 = VERTEX_POINT('',#5303);
#5303 = CARTESIAN_POINT('',(144.847553,-82.554446,1.51));
#5304 = LINE('',#5305,#5306);
#5305 = CARTESIAN_POINT('',(144.847553,-82.554446,1.51));
#5306 = VECTOR('',#5307,1.);
#5307 = DIRECTION('',(0.,0.,1.));
#5308 = ORIENTED_EDGE('',*,*,#5309,.F.);
#5309 = EDGE_CURVE('',#5284,#5302,#5310,.T.);
#5310 = LINE('',#5311,#5312);
#5311 = CARTESIAN_POINT('',(144.45,-82.156893,1.51));
#5312 = VECTOR('',#5313,1.);
#5313 = DIRECTION('',(0.707106781187,-0.707106781187,0.));
#5314 = PLANE('',#5315);
#5315 = AXIS2_PLACEMENT_3D('',#5316,#5317,#5318);
#5316 = CARTESIAN_POINT('',(144.45,-82.156893,1.51));
#5317 = DIRECTION('',(0.707106781187,0.707106781187,-0.));
#5318 = DIRECTION('',(0.707106781187,-0.707106781187,0.));
#5319 = ADVANCED_FACE('',(#5320),#5347,.T.);
#5320 = FACE_BOUND('',#5321,.T.);
#5321 = EDGE_LOOP('',(#5322,#5323,#5332,#5340));
#5322 = ORIENTED_EDGE('',*,*,#5301,.T.);
#5323 = ORIENTED_EDGE('',*,*,#5324,.T.);
#5324 = EDGE_CURVE('',#5294,#5325,#5327,.T.);
#5325 = VERTEX_POINT('',#5326);
#5326 = CARTESIAN_POINT('',(144.140446,-83.261553,1.545));
#5327 = CIRCLE('',#5328,0.500000154725);
#5328 = AXIS2_PLACEMENT_3D('',#5329,#5330,#5331);
#5329 = CARTESIAN_POINT('',(144.49399920024,-82.90799920024,1.545));
#5330 = DIRECTION('',(0.,0.,-1.));
#5331 = DIRECTION('',(0.707107380698,0.707106181675,0.));
#5332 = ORIENTED_EDGE('',*,*,#5333,.F.);
#5333 = EDGE_CURVE('',#5334,#5325,#5336,.T.);
#5334 = VERTEX_POINT('',#5335);
#5335 = CARTESIAN_POINT('',(144.140446,-83.261553,1.51));
#5336 = LINE('',#5337,#5338);
#5337 = CARTESIAN_POINT('',(144.140446,-83.261553,1.51));
#5338 = VECTOR('',#5339,1.);
#5339 = DIRECTION('',(0.,0.,1.));
#5340 = ORIENTED_EDGE('',*,*,#5341,.F.);
#5341 = EDGE_CURVE('',#5302,#5334,#5342,.T.);
#5342 = CIRCLE('',#5343,0.500000154725);
#5343 = AXIS2_PLACEMENT_3D('',#5344,#5345,#5346);
#5344 = CARTESIAN_POINT('',(144.49399920024,-82.90799920024,1.51));
#5345 = DIRECTION('',(0.,0.,-1.));
#5346 = DIRECTION('',(0.707107380698,0.707106181675,0.));
#5347 = CYLINDRICAL_SURFACE('',#5348,0.500000154725);
#5348 = AXIS2_PLACEMENT_3D('',#5349,#5350,#5351);
#5349 = CARTESIAN_POINT('',(144.49399920024,-82.90799920024,1.51));
#5350 = DIRECTION('',(0.,0.,-1.));
#5351 = DIRECTION('',(0.707107380698,0.707106181675,0.));
#5352 = ADVANCED_FACE('',(#5353),#5378,.T.);
#5353 = FACE_BOUND('',#5354,.T.);
#5354 = EDGE_LOOP('',(#5355,#5356,#5364,#5372));
#5355 = ORIENTED_EDGE('',*,*,#5333,.T.);
#5356 = ORIENTED_EDGE('',*,*,#5357,.T.);
#5357 = EDGE_CURVE('',#5325,#5358,#5360,.T.);
#5358 = VERTEX_POINT('',#5359);
#5359 = CARTESIAN_POINT('',(143.596447,-82.717553,1.545));
#5360 = LINE('',#5361,#5362);
#5361 = CARTESIAN_POINT('',(144.140446,-83.261553,1.545));
#5362 = VECTOR('',#5363,1.);
#5363 = DIRECTION('',(-0.707106131271,0.707107431101,0.));
#5364 = ORIENTED_EDGE('',*,*,#5365,.F.);
#5365 = EDGE_CURVE('',#5366,#5358,#5368,.T.);
#5366 = VERTEX_POINT('',#5367);
#5367 = CARTESIAN_POINT('',(143.596447,-82.717553,1.51));
#5368 = LINE('',#5369,#5370);
#5369 = CARTESIAN_POINT('',(143.596447,-82.717553,1.51));
#5370 = VECTOR('',#5371,1.);
#5371 = DIRECTION('',(0.,0.,1.));
#5372 = ORIENTED_EDGE('',*,*,#5373,.F.);
#5373 = EDGE_CURVE('',#5334,#5366,#5374,.T.);
#5374 = LINE('',#5375,#5376);
#5375 = CARTESIAN_POINT('',(144.140446,-83.261553,1.51));
#5376 = VECTOR('',#5377,1.);
#5377 = DIRECTION('',(-0.707106131271,0.707107431101,0.));
#5378 = PLANE('',#5379);
#5379 = AXIS2_PLACEMENT_3D('',#5380,#5381,#5382);
#5380 = CARTESIAN_POINT('',(144.140446,-83.261553,1.51));
#5381 = DIRECTION('',(-0.707107431101,-0.707106131271,0.));
#5382 = DIRECTION('',(-0.707106131271,0.707107431101,0.));
#5383 = ADVANCED_FACE('',(#5384),#5411,.T.);
#5384 = FACE_BOUND('',#5385,.T.);
#5385 = EDGE_LOOP('',(#5386,#5387,#5396,#5404));
#5386 = ORIENTED_EDGE('',*,*,#5365,.T.);
#5387 = ORIENTED_EDGE('',*,*,#5388,.T.);
#5388 = EDGE_CURVE('',#5358,#5389,#5391,.T.);
#5389 = VERTEX_POINT('',#5390);
#5390 = CARTESIAN_POINT('',(143.45,-82.364,1.545));
#5391 = CIRCLE('',#5392,0.501457436443);
#5392 = AXIS2_PLACEMENT_3D('',#5393,#5394,#5395);
#5393 = CARTESIAN_POINT('',(143.95145707229,-82.36339567742,1.545));
#5394 = DIRECTION('',(0.,0.,-1.));
#5395 = DIRECTION('',(-0.70795654127,-0.706255998681,-0.));
#5396 = ORIENTED_EDGE('',*,*,#5397,.F.);
#5397 = EDGE_CURVE('',#5398,#5389,#5400,.T.);
#5398 = VERTEX_POINT('',#5399);
#5399 = CARTESIAN_POINT('',(143.45,-82.364,1.51));
#5400 = LINE('',#5401,#5402);
#5401 = CARTESIAN_POINT('',(143.45,-82.364,1.51));
#5402 = VECTOR('',#5403,1.);
#5403 = DIRECTION('',(0.,0.,1.));
#5404 = ORIENTED_EDGE('',*,*,#5405,.F.);
#5405 = EDGE_CURVE('',#5366,#5398,#5406,.T.);
#5406 = CIRCLE('',#5407,0.501457436443);
#5407 = AXIS2_PLACEMENT_3D('',#5408,#5409,#5410);
#5408 = CARTESIAN_POINT('',(143.95145707229,-82.36339567742,1.51));
#5409 = DIRECTION('',(0.,0.,-1.));
#5410 = DIRECTION('',(-0.70795654127,-0.706255998681,-0.));
#5411 = CYLINDRICAL_SURFACE('',#5412,0.501457436443);
#5412 = AXIS2_PLACEMENT_3D('',#5413,#5414,#5415);
#5413 = CARTESIAN_POINT('',(143.95145707229,-82.36339567742,1.51));
#5414 = DIRECTION('',(0.,0.,-1.));
#5415 = DIRECTION('',(-0.70795654127,-0.706255998681,-0.));
#5416 = ADVANCED_FACE('',(#5417),#5442,.T.);
#5417 = FACE_BOUND('',#5418,.T.);
#5418 = EDGE_LOOP('',(#5419,#5420,#5428,#5436));
#5419 = ORIENTED_EDGE('',*,*,#5397,.T.);
#5420 = ORIENTED_EDGE('',*,*,#5421,.T.);
#5421 = EDGE_CURVE('',#5389,#5422,#5424,.T.);
#5422 = VERTEX_POINT('',#5423);
#5423 = CARTESIAN_POINT('',(143.45,-79.106,1.545));
#5424 = LINE('',#5425,#5426);
#5425 = CARTESIAN_POINT('',(143.45,-82.364,1.545));
#5426 = VECTOR('',#5427,1.);
#5427 = DIRECTION('',(0.,1.,0.));
#5428 = ORIENTED_EDGE('',*,*,#5429,.F.);
#5429 = EDGE_CURVE('',#5430,#5422,#5432,.T.);
#5430 = VERTEX_POINT('',#5431);
#5431 = CARTESIAN_POINT('',(143.45,-79.106,1.51));
#5432 = LINE('',#5433,#5434);
#5433 = CARTESIAN_POINT('',(143.45,-79.106,1.51));
#5434 = VECTOR('',#5435,1.);
#5435 = DIRECTION('',(0.,0.,1.));
#5436 = ORIENTED_EDGE('',*,*,#5437,.F.);
#5437 = EDGE_CURVE('',#5398,#5430,#5438,.T.);
#5438 = LINE('',#5439,#5440);
#5439 = CARTESIAN_POINT('',(143.45,-82.364,1.51));
#5440 = VECTOR('',#5441,1.);
#5441 = DIRECTION('',(0.,1.,0.));
#5442 = PLANE('',#5443);
#5443 = AXIS2_PLACEMENT_3D('',#5444,#5445,#5446);
#5444 = CARTESIAN_POINT('',(143.45,-82.364,1.51));
#5445 = DIRECTION('',(-1.,0.,0.));
#5446 = DIRECTION('',(0.,1.,0.));
#5447 = ADVANCED_FACE('',(#5448),#5475,.T.);
#5448 = FACE_BOUND('',#5449,.T.);
#5449 = EDGE_LOOP('',(#5450,#5451,#5460,#5468));
#5450 = ORIENTED_EDGE('',*,*,#5429,.T.);
#5451 = ORIENTED_EDGE('',*,*,#5452,.T.);
#5452 = EDGE_CURVE('',#5422,#5453,#5455,.T.);
#5453 = VERTEX_POINT('',#5454);
#5454 = CARTESIAN_POINT('',(144.45,-79.106,1.545));
#5455 = CIRCLE('',#5456,0.500000000001);
#5456 = AXIS2_PLACEMENT_3D('',#5457,#5458,#5459);
#5457 = CARTESIAN_POINT('',(143.95,-79.10599915187,1.545));
#5458 = DIRECTION('',(0.,0.,-1.));
#5459 = DIRECTION('',(-0.999999999999,-1.696250677694E-06,-0.));
#5460 = ORIENTED_EDGE('',*,*,#5461,.F.);
#5461 = EDGE_CURVE('',#5462,#5453,#5464,.T.);
#5462 = VERTEX_POINT('',#5463);
#5463 = CARTESIAN_POINT('',(144.45,-79.106,1.51));
#5464 = LINE('',#5465,#5466);
#5465 = CARTESIAN_POINT('',(144.45,-79.106,1.51));
#5466 = VECTOR('',#5467,1.);
#5467 = DIRECTION('',(0.,0.,1.));
#5468 = ORIENTED_EDGE('',*,*,#5469,.F.);
#5469 = EDGE_CURVE('',#5430,#5462,#5470,.T.);
#5470 = CIRCLE('',#5471,0.500000000001);
#5471 = AXIS2_PLACEMENT_3D('',#5472,#5473,#5474);
#5472 = CARTESIAN_POINT('',(143.95,-79.10599915187,1.51));
#5473 = DIRECTION('',(0.,0.,-1.));
#5474 = DIRECTION('',(-0.999999999999,-1.696250677694E-06,-0.));
#5475 = CYLINDRICAL_SURFACE('',#5476,0.500000000001);
#5476 = AXIS2_PLACEMENT_3D('',#5477,#5478,#5479);
#5477 = CARTESIAN_POINT('',(143.95,-79.10599915187,1.51));
#5478 = DIRECTION('',(0.,0.,-1.));
#5479 = DIRECTION('',(-0.999999999999,-1.696250677694E-06,-0.));
#5480 = ADVANCED_FACE('',(#5481),#5497,.T.);
#5481 = FACE_BOUND('',#5482,.T.);
#5482 = EDGE_LOOP('',(#5483,#5484,#5490,#5491));
#5483 = ORIENTED_EDGE('',*,*,#5461,.T.);
#5484 = ORIENTED_EDGE('',*,*,#5485,.T.);
#5485 = EDGE_CURVE('',#5453,#5286,#5486,.T.);
#5486 = LINE('',#5487,#5488);
#5487 = CARTESIAN_POINT('',(144.45,-79.106,1.545));
#5488 = VECTOR('',#5489,1.);
#5489 = DIRECTION('',(0.,-1.,0.));
#5490 = ORIENTED_EDGE('',*,*,#5283,.F.);
#5491 = ORIENTED_EDGE('',*,*,#5492,.F.);
#5492 = EDGE_CURVE('',#5462,#5284,#5493,.T.);
#5493 = LINE('',#5494,#5495);
#5494 = CARTESIAN_POINT('',(144.45,-79.106,1.51));
#5495 = VECTOR('',#5496,1.);
#5496 = DIRECTION('',(0.,-1.,0.));
#5497 = PLANE('',#5498);
#5498 = AXIS2_PLACEMENT_3D('',#5499,#5500,#5501);
#5499 = CARTESIAN_POINT('',(144.45,-79.106,1.51));
#5500 = DIRECTION('',(1.,0.,-0.));
#5501 = DIRECTION('',(0.,-1.,0.));
#5502 = ADVANCED_FACE('',(#5503),#5530,.F.);
#5503 = FACE_BOUND('',#5504,.T.);
#5504 = EDGE_LOOP('',(#5505,#5515,#5522,#5523));
#5505 = ORIENTED_EDGE('',*,*,#5506,.T.);
#5506 = EDGE_CURVE('',#5507,#5509,#5511,.T.);
#5507 = VERTEX_POINT('',#5508);
#5508 = CARTESIAN_POINT('',(144.981392,-82.908,1.51));
#5509 = VERTEX_POINT('',#5510);
#5510 = CARTESIAN_POINT('',(144.981392,-82.908,1.545));
#5511 = LINE('',#5512,#5513);
#5512 = CARTESIAN_POINT('',(144.981392,-82.908,1.51));
#5513 = VECTOR('',#5514,1.);
#5514 = DIRECTION('',(0.,0.,1.));
#5515 = ORIENTED_EDGE('',*,*,#5516,.T.);
#5516 = EDGE_CURVE('',#5509,#5509,#5517,.T.);
#5517 = CIRCLE('',#5518,0.487392);
#5518 = AXIS2_PLACEMENT_3D('',#5519,#5520,#5521);
#5519 = CARTESIAN_POINT('',(144.494,-82.908,1.545));
#5520 = DIRECTION('',(0.,0.,1.));
#5521 = DIRECTION('',(1.,0.,-0.));
#5522 = ORIENTED_EDGE('',*,*,#5506,.F.);
#5523 = ORIENTED_EDGE('',*,*,#5524,.F.);
#5524 = EDGE_CURVE('',#5507,#5507,#5525,.T.);
#5525 = CIRCLE('',#5526,0.487392);
#5526 = AXIS2_PLACEMENT_3D('',#5527,#5528,#5529);
#5527 = CARTESIAN_POINT('',(144.494,-82.908,1.51));
#5528 = DIRECTION('',(0.,0.,1.));
#5529 = DIRECTION('',(1.,0.,-0.));
#5530 = CYLINDRICAL_SURFACE('',#5531,0.487392);
#5531 = AXIS2_PLACEMENT_3D('',#5532,#5533,#5534);
#5532 = CARTESIAN_POINT('',(144.494,-82.908,1.51));
#5533 = DIRECTION('',(-0.,-0.,-1.));
#5534 = DIRECTION('',(1.,0.,-0.));
#5535 = ADVANCED_FACE('',(#5536),#5563,.F.);
#5536 = FACE_BOUND('',#5537,.T.);
#5537 = EDGE_LOOP('',(#5538,#5548,#5555,#5556));
#5538 = ORIENTED_EDGE('',*,*,#5539,.T.);
#5539 = EDGE_CURVE('',#5540,#5542,#5544,.T.);
#5540 = VERTEX_POINT('',#5541);
#5541 = CARTESIAN_POINT('',(144.437392,-79.106,1.51));
#5542 = VERTEX_POINT('',#5543);
#5543 = CARTESIAN_POINT('',(144.437392,-79.106,1.545));
#5544 = LINE('',#5545,#5546);
#5545 = CARTESIAN_POINT('',(144.437392,-79.106,1.51));
#5546 = VECTOR('',#5547,1.);
#5547 = DIRECTION('',(0.,0.,1.));
#5548 = ORIENTED_EDGE('',*,*,#5549,.T.);
#5549 = EDGE_CURVE('',#5542,#5542,#5550,.T.);
#5550 = CIRCLE('',#5551,0.487392);
#5551 = AXIS2_PLACEMENT_3D('',#5552,#5553,#5554);
#5552 = CARTESIAN_POINT('',(143.95,-79.106,1.545));
#5553 = DIRECTION('',(0.,0.,1.));
#5554 = DIRECTION('',(1.,0.,-0.));
#5555 = ORIENTED_EDGE('',*,*,#5539,.F.);
#5556 = ORIENTED_EDGE('',*,*,#5557,.F.);
#5557 = EDGE_CURVE('',#5540,#5540,#5558,.T.);
#5558 = CIRCLE('',#5559,0.487392);
#5559 = AXIS2_PLACEMENT_3D('',#5560,#5561,#5562);
#5560 = CARTESIAN_POINT('',(143.95,-79.106,1.51));
#5561 = DIRECTION('',(0.,0.,1.));
#5562 = DIRECTION('',(1.,0.,-0.));
#5563 = CYLINDRICAL_SURFACE('',#5564,0.487392);
#5564 = AXIS2_PLACEMENT_3D('',#5565,#5566,#5567);
#5565 = CARTESIAN_POINT('',(143.95,-79.106,1.51));
#5566 = DIRECTION('',(-0.,-0.,-1.));
#5567 = DIRECTION('',(1.,0.,-0.));
#5568 = ADVANCED_FACE('',(#5569,#5578,#5581),#5584,.F.);
#5569 = FACE_BOUND('',#5570,.T.);
#5570 = EDGE_LOOP('',(#5571,#5572,#5573,#5574,#5575,#5576,#5577));
#5571 = ORIENTED_EDGE('',*,*,#5309,.T.);
#5572 = ORIENTED_EDGE('',*,*,#5341,.T.);
#5573 = ORIENTED_EDGE('',*,*,#5373,.T.);
#5574 = ORIENTED_EDGE('',*,*,#5405,.T.);
#5575 = ORIENTED_EDGE('',*,*,#5437,.T.);
#5576 = ORIENTED_EDGE('',*,*,#5469,.T.);
#5577 = ORIENTED_EDGE('',*,*,#5492,.T.);
#5578 = FACE_BOUND('',#5579,.T.);
#5579 = EDGE_LOOP('',(#5580));
#5580 = ORIENTED_EDGE('',*,*,#5524,.T.);
#5581 = FACE_BOUND('',#5582,.T.);
#5582 = EDGE_LOOP('',(#5583));
#5583 = ORIENTED_EDGE('',*,*,#5557,.T.);
#5584 = PLANE('',#5585);
#5585 = AXIS2_PLACEMENT_3D('',#5586,#5587,#5588);
#5586 = CARTESIAN_POINT('',(0.,0.,1.51));
#5587 = DIRECTION('',(0.,0.,1.));
#5588 = DIRECTION('',(1.,0.,-0.));
#5589 = ADVANCED_FACE('',(#5590,#5599,#5602),#5605,.T.);
#5590 = FACE_BOUND('',#5591,.F.);
#5591 = EDGE_LOOP('',(#5592,#5593,#5594,#5595,#5596,#5597,#5598));
#5592 = ORIENTED_EDGE('',*,*,#5293,.T.);
#5593 = ORIENTED_EDGE('',*,*,#5324,.T.);
#5594 = ORIENTED_EDGE('',*,*,#5357,.T.);
#5595 = ORIENTED_EDGE('',*,*,#5388,.T.);
#5596 = ORIENTED_EDGE('',*,*,#5421,.T.);
#5597 = ORIENTED_EDGE('',*,*,#5452,.T.);
#5598 = ORIENTED_EDGE('',*,*,#5485,.T.);
#5599 = FACE_BOUND('',#5600,.F.);
#5600 = EDGE_LOOP('',(#5601));
#5601 = ORIENTED_EDGE('',*,*,#5516,.T.);
#5602 = FACE_BOUND('',#5603,.F.);
#5603 = EDGE_LOOP('',(#5604));
#5604 = ORIENTED_EDGE('',*,*,#5549,.T.);
#5605 = PLANE('',#5606);
#5606 = AXIS2_PLACEMENT_3D('',#5607,#5608,#5609);
#5607 = CARTESIAN_POINT('',(0.,0.,1.545));
#5608 = DIRECTION('',(0.,0.,1.));
#5609 = DIRECTION('',(1.,0.,-0.));
#5610 = MANIFOLD_SOLID_BREP('',#5611);
#5611 = CLOSED_SHELL('',(#5612,#5654,#5685,#5718,#5749,#5780,#5811,#5844
    ,#5875,#5908,#5930,#5963,#5996,#6020));
#5612 = ADVANCED_FACE('',(#5613),#5649,.T.);
#5613 = FACE_BOUND('',#5614,.T.);
#5614 = EDGE_LOOP('',(#5615,#5625,#5634,#5642));
#5615 = ORIENTED_EDGE('',*,*,#5616,.T.);
#5616 = EDGE_CURVE('',#5617,#5619,#5621,.T.);
#5617 = VERTEX_POINT('',#5618);
#5618 = CARTESIAN_POINT('',(136.692447,-78.752446,1.51));
#5619 = VERTEX_POINT('',#5620);
#5620 = CARTESIAN_POINT('',(136.692447,-78.752446,1.545));
#5621 = LINE('',#5622,#5623);
#5622 = CARTESIAN_POINT('',(136.692447,-78.752446,1.51));
#5623 = VECTOR('',#5624,1.);
#5624 = DIRECTION('',(0.,0.,1.));
#5625 = ORIENTED_EDGE('',*,*,#5626,.T.);
#5626 = EDGE_CURVE('',#5619,#5627,#5629,.T.);
#5627 = VERTEX_POINT('',#5628);
#5628 = CARTESIAN_POINT('',(137.046,-78.606,1.545));
#5629 = CIRCLE('',#5630,0.499997077073);
#5630 = AXIS2_PLACEMENT_3D('',#5631,#5632,#5633);
#5631 = CARTESIAN_POINT('',(137.04599857047,-79.10599707707,1.545));
#5632 = DIRECTION('',(0.,0.,-1.));
#5633 = DIRECTION('',(-0.707107274591,0.707106287782,0.));
#5634 = ORIENTED_EDGE('',*,*,#5635,.F.);
#5635 = EDGE_CURVE('',#5636,#5627,#5638,.T.);
#5636 = VERTEX_POINT('',#5637);
#5637 = CARTESIAN_POINT('',(137.046,-78.606,1.51));
#5638 = LINE('',#5639,#5640);
#5639 = CARTESIAN_POINT('',(137.046,-78.606,1.51));
#5640 = VECTOR('',#5641,1.);
#5641 = DIRECTION('',(0.,0.,1.));
#5642 = ORIENTED_EDGE('',*,*,#5643,.F.);
#5643 = EDGE_CURVE('',#5617,#5636,#5644,.T.);
#5644 = CIRCLE('',#5645,0.499997077073);
#5645 = AXIS2_PLACEMENT_3D('',#5646,#5647,#5648);
#5646 = CARTESIAN_POINT('',(137.04599857047,-79.10599707707,1.51));
#5647 = DIRECTION('',(0.,0.,-1.));
#5648 = DIRECTION('',(-0.707107274591,0.707106287782,0.));
#5649 = CYLINDRICAL_SURFACE('',#5650,0.499997077073);
#5650 = AXIS2_PLACEMENT_3D('',#5651,#5652,#5653);
#5651 = CARTESIAN_POINT('',(137.04599857047,-79.10599707707,1.51));
#5652 = DIRECTION('',(0.,0.,-1.));
#5653 = DIRECTION('',(-0.707107274591,0.707106287782,0.));
#5654 = ADVANCED_FACE('',(#5655),#5680,.T.);
#5655 = FACE_BOUND('',#5656,.T.);
#5656 = EDGE_LOOP('',(#5657,#5658,#5666,#5674));
#5657 = ORIENTED_EDGE('',*,*,#5635,.T.);
#5658 = ORIENTED_EDGE('',*,*,#5659,.T.);
#5659 = EDGE_CURVE('',#5627,#5660,#5662,.T.);
#5660 = VERTEX_POINT('',#5661);
#5661 = CARTESIAN_POINT('',(137.65,-78.606,1.545));
#5662 = LINE('',#5663,#5664);
#5663 = CARTESIAN_POINT('',(137.046,-78.606,1.545));
#5664 = VECTOR('',#5665,1.);
#5665 = DIRECTION('',(1.,0.,0.));
#5666 = ORIENTED_EDGE('',*,*,#5667,.F.);
#5667 = EDGE_CURVE('',#5668,#5660,#5670,.T.);
#5668 = VERTEX_POINT('',#5669);
#5669 = CARTESIAN_POINT('',(137.65,-78.606,1.51));
#5670 = LINE('',#5671,#5672);
#5671 = CARTESIAN_POINT('',(137.65,-78.606,1.51));
#5672 = VECTOR('',#5673,1.);
#5673 = DIRECTION('',(0.,0.,1.));
#5674 = ORIENTED_EDGE('',*,*,#5675,.F.);
#5675 = EDGE_CURVE('',#5636,#5668,#5676,.T.);
#5676 = LINE('',#5677,#5678);
#5677 = CARTESIAN_POINT('',(137.046,-78.606,1.51));
#5678 = VECTOR('',#5679,1.);
#5679 = DIRECTION('',(1.,0.,0.));
#5680 = PLANE('',#5681);
#5681 = AXIS2_PLACEMENT_3D('',#5682,#5683,#5684);
#5682 = CARTESIAN_POINT('',(137.046,-78.606,1.51));
#5683 = DIRECTION('',(0.,1.,0.));
#5684 = DIRECTION('',(1.,0.,0.));
#5685 = ADVANCED_FACE('',(#5686),#5713,.T.);
#5686 = FACE_BOUND('',#5687,.T.);
#5687 = EDGE_LOOP('',(#5688,#5689,#5698,#5706));
#5688 = ORIENTED_EDGE('',*,*,#5667,.T.);
#5689 = ORIENTED_EDGE('',*,*,#5690,.T.);
#5690 = EDGE_CURVE('',#5660,#5691,#5693,.T.);
#5691 = VERTEX_POINT('',#5692);
#5692 = CARTESIAN_POINT('',(137.65,-79.606,1.545));
#5693 = CIRCLE('',#5694,0.5);
#5694 = AXIS2_PLACEMENT_3D('',#5695,#5696,#5697);
#5695 = CARTESIAN_POINT('',(137.64999955666,-79.106,1.545));
#5696 = DIRECTION('',(0.,0.,-1.));
#5697 = DIRECTION('',(8.866804250825E-07,1.,0.));
#5698 = ORIENTED_EDGE('',*,*,#5699,.F.);
#5699 = EDGE_CURVE('',#5700,#5691,#5702,.T.);
#5700 = VERTEX_POINT('',#5701);
#5701 = CARTESIAN_POINT('',(137.65,-79.606,1.51));
#5702 = LINE('',#5703,#5704);
#5703 = CARTESIAN_POINT('',(137.65,-79.606,1.51));
#5704 = VECTOR('',#5705,1.);
#5705 = DIRECTION('',(0.,0.,1.));
#5706 = ORIENTED_EDGE('',*,*,#5707,.F.);
#5707 = EDGE_CURVE('',#5668,#5700,#5708,.T.);
#5708 = CIRCLE('',#5709,0.5);
#5709 = AXIS2_PLACEMENT_3D('',#5710,#5711,#5712);
#5710 = CARTESIAN_POINT('',(137.64999955666,-79.106,1.51));
#5711 = DIRECTION('',(0.,0.,-1.));
#5712 = DIRECTION('',(8.866804250825E-07,1.,0.));
#5713 = CYLINDRICAL_SURFACE('',#5714,0.5);
#5714 = AXIS2_PLACEMENT_3D('',#5715,#5716,#5717);
#5715 = CARTESIAN_POINT('',(137.64999955666,-79.106,1.51));
#5716 = DIRECTION('',(0.,0.,-1.));
#5717 = DIRECTION('',(8.866804250825E-07,1.,0.));
#5718 = ADVANCED_FACE('',(#5719),#5744,.T.);
#5719 = FACE_BOUND('',#5720,.T.);
#5720 = EDGE_LOOP('',(#5721,#5722,#5730,#5738));
#5721 = ORIENTED_EDGE('',*,*,#5699,.T.);
#5722 = ORIENTED_EDGE('',*,*,#5723,.T.);
#5723 = EDGE_CURVE('',#5691,#5724,#5726,.T.);
#5724 = VERTEX_POINT('',#5725);
#5725 = CARTESIAN_POINT('',(137.253107,-79.606,1.545));
#5726 = LINE('',#5727,#5728);
#5727 = CARTESIAN_POINT('',(137.65,-79.606,1.545));
#5728 = VECTOR('',#5729,1.);
#5729 = DIRECTION('',(-1.,0.,0.));
#5730 = ORIENTED_EDGE('',*,*,#5731,.F.);
#5731 = EDGE_CURVE('',#5732,#5724,#5734,.T.);
#5732 = VERTEX_POINT('',#5733);
#5733 = CARTESIAN_POINT('',(137.253107,-79.606,1.51));
#5734 = LINE('',#5735,#5736);
#5735 = CARTESIAN_POINT('',(137.253107,-79.606,1.51));
#5736 = VECTOR('',#5737,1.);
#5737 = DIRECTION('',(0.,0.,1.));
#5738 = ORIENTED_EDGE('',*,*,#5739,.F.);
#5739 = EDGE_CURVE('',#5700,#5732,#5740,.T.);
#5740 = LINE('',#5741,#5742);
#5741 = CARTESIAN_POINT('',(137.65,-79.606,1.51));
#5742 = VECTOR('',#5743,1.);
#5743 = DIRECTION('',(-1.,0.,0.));
#5744 = PLANE('',#5745);
#5745 = AXIS2_PLACEMENT_3D('',#5746,#5747,#5748);
#5746 = CARTESIAN_POINT('',(137.65,-79.606,1.51));
#5747 = DIRECTION('',(0.,-1.,0.));
#5748 = DIRECTION('',(-1.,0.,0.));
#5749 = ADVANCED_FACE('',(#5750),#5775,.T.);
#5750 = FACE_BOUND('',#5751,.T.);
#5751 = EDGE_LOOP('',(#5752,#5753,#5761,#5769));
#5752 = ORIENTED_EDGE('',*,*,#5731,.T.);
#5753 = ORIENTED_EDGE('',*,*,#5754,.T.);
#5754 = EDGE_CURVE('',#5724,#5755,#5757,.T.);
#5755 = VERTEX_POINT('',#5756);
#5756 = CARTESIAN_POINT('',(134.396,-82.463106,1.545));
#5757 = LINE('',#5758,#5759);
#5758 = CARTESIAN_POINT('',(137.253107,-79.606,1.545));
#5759 = VECTOR('',#5760,1.);
#5760 = DIRECTION('',(-0.707106904932,-0.707106657441,0.));
#5761 = ORIENTED_EDGE('',*,*,#5762,.F.);
#5762 = EDGE_CURVE('',#5763,#5755,#5765,.T.);
#5763 = VERTEX_POINT('',#5764);
#5764 = CARTESIAN_POINT('',(134.396,-82.463106,1.51));
#5765 = LINE('',#5766,#5767);
#5766 = CARTESIAN_POINT('',(134.396,-82.463106,1.51));
#5767 = VECTOR('',#5768,1.);
#5768 = DIRECTION('',(0.,0.,1.));
#5769 = ORIENTED_EDGE('',*,*,#5770,.F.);
#5770 = EDGE_CURVE('',#5732,#5763,#5771,.T.);
#5771 = LINE('',#5772,#5773);
#5772 = CARTESIAN_POINT('',(137.253107,-79.606,1.51));
#5773 = VECTOR('',#5774,1.);
#5774 = DIRECTION('',(-0.707106904932,-0.707106657441,0.));
#5775 = PLANE('',#5776);
#5776 = AXIS2_PLACEMENT_3D('',#5777,#5778,#5779);
#5777 = CARTESIAN_POINT('',(137.253107,-79.606,1.51));
#5778 = DIRECTION('',(0.707106657441,-0.707106904932,0.));
#5779 = DIRECTION('',(-0.707106904932,-0.707106657441,0.));
#5780 = ADVANCED_FACE('',(#5781),#5806,.T.);
#5781 = FACE_BOUND('',#5782,.T.);
#5782 = EDGE_LOOP('',(#5783,#5784,#5792,#5800));
#5783 = ORIENTED_EDGE('',*,*,#5762,.T.);
#5784 = ORIENTED_EDGE('',*,*,#5785,.T.);
#5785 = EDGE_CURVE('',#5755,#5786,#5788,.T.);
#5786 = VERTEX_POINT('',#5787);
#5787 = CARTESIAN_POINT('',(134.396,-82.818,1.545));
#5788 = LINE('',#5789,#5790);
#5789 = CARTESIAN_POINT('',(134.396,-82.463106,1.545));
#5790 = VECTOR('',#5791,1.);
#5791 = DIRECTION('',(0.,-1.,0.));
#5792 = ORIENTED_EDGE('',*,*,#5793,.F.);
#5793 = EDGE_CURVE('',#5794,#5786,#5796,.T.);
#5794 = VERTEX_POINT('',#5795);
#5795 = CARTESIAN_POINT('',(134.396,-82.818,1.51));
#5796 = LINE('',#5797,#5798);
#5797 = CARTESIAN_POINT('',(134.396,-82.818,1.51));
#5798 = VECTOR('',#5799,1.);
#5799 = DIRECTION('',(0.,0.,1.));
#5800 = ORIENTED_EDGE('',*,*,#5801,.F.);
#5801 = EDGE_CURVE('',#5763,#5794,#5802,.T.);
#5802 = LINE('',#5803,#5804);
#5803 = CARTESIAN_POINT('',(134.396,-82.463106,1.51));
#5804 = VECTOR('',#5805,1.);
#5805 = DIRECTION('',(0.,-1.,0.));
#5806 = PLANE('',#5807);
#5807 = AXIS2_PLACEMENT_3D('',#5808,#5809,#5810);
#5808 = CARTESIAN_POINT('',(134.396,-82.463106,1.51));
#5809 = DIRECTION('',(1.,0.,-0.));
#5810 = DIRECTION('',(0.,-1.,0.));
#5811 = ADVANCED_FACE('',(#5812),#5839,.T.);
#5812 = FACE_BOUND('',#5813,.T.);
#5813 = EDGE_LOOP('',(#5814,#5815,#5824,#5832));
#5814 = ORIENTED_EDGE('',*,*,#5793,.T.);
#5815 = ORIENTED_EDGE('',*,*,#5816,.T.);
#5816 = EDGE_CURVE('',#5786,#5817,#5819,.T.);
#5817 = VERTEX_POINT('',#5818);
#5818 = CARTESIAN_POINT('',(133.396,-82.818,1.545));
#5819 = CIRCLE('',#5820,0.5);
#5820 = AXIS2_PLACEMENT_3D('',#5821,#5822,#5823);
#5821 = CARTESIAN_POINT('',(133.896,-82.81799955666,1.545));
#5822 = DIRECTION('',(-0.,0.,-1.));
#5823 = DIRECTION('',(1.,-8.866804250825E-07,-0.));
#5824 = ORIENTED_EDGE('',*,*,#5825,.F.);
#5825 = EDGE_CURVE('',#5826,#5817,#5828,.T.);
#5826 = VERTEX_POINT('',#5827);
#5827 = CARTESIAN_POINT('',(133.396,-82.818,1.51));
#5828 = LINE('',#5829,#5830);
#5829 = CARTESIAN_POINT('',(133.396,-82.818,1.51));
#5830 = VECTOR('',#5831,1.);
#5831 = DIRECTION('',(0.,0.,1.));
#5832 = ORIENTED_EDGE('',*,*,#5833,.F.);
#5833 = EDGE_CURVE('',#5794,#5826,#5834,.T.);
#5834 = CIRCLE('',#5835,0.5);
#5835 = AXIS2_PLACEMENT_3D('',#5836,#5837,#5838);
#5836 = CARTESIAN_POINT('',(133.896,-82.81799955666,1.51));
#5837 = DIRECTION('',(-0.,0.,-1.));
#5838 = DIRECTION('',(1.,-8.866804250825E-07,-0.));
#5839 = CYLINDRICAL_SURFACE('',#5840,0.5);
#5840 = AXIS2_PLACEMENT_3D('',#5841,#5842,#5843);
#5841 = CARTESIAN_POINT('',(133.896,-82.81799955666,1.51));
#5842 = DIRECTION('',(-0.,0.,-1.));
#5843 = DIRECTION('',(1.,-8.866804250825E-07,-0.));
#5844 = ADVANCED_FACE('',(#5845),#5870,.T.);
#5845 = FACE_BOUND('',#5846,.T.);
#5846 = EDGE_LOOP('',(#5847,#5848,#5856,#5864));
#5847 = ORIENTED_EDGE('',*,*,#5825,.T.);
#5848 = ORIENTED_EDGE('',*,*,#5849,.T.);
#5849 = EDGE_CURVE('',#5817,#5850,#5852,.T.);
#5850 = VERTEX_POINT('',#5851);
#5851 = CARTESIAN_POINT('',(133.396,-82.256,1.545));
#5852 = LINE('',#5853,#5854);
#5853 = CARTESIAN_POINT('',(133.396,-82.818,1.545));
#5854 = VECTOR('',#5855,1.);
#5855 = DIRECTION('',(0.,1.,0.));
#5856 = ORIENTED_EDGE('',*,*,#5857,.F.);
#5857 = EDGE_CURVE('',#5858,#5850,#5860,.T.);
#5858 = VERTEX_POINT('',#5859);
#5859 = CARTESIAN_POINT('',(133.396,-82.256,1.51));
#5860 = LINE('',#5861,#5862);
#5861 = CARTESIAN_POINT('',(133.396,-82.256,1.51));
#5862 = VECTOR('',#5863,1.);
#5863 = DIRECTION('',(0.,0.,1.));
#5864 = ORIENTED_EDGE('',*,*,#5865,.F.);
#5865 = EDGE_CURVE('',#5826,#5858,#5866,.T.);
#5866 = LINE('',#5867,#5868);
#5867 = CARTESIAN_POINT('',(133.396,-82.818,1.51));
#5868 = VECTOR('',#5869,1.);
#5869 = DIRECTION('',(0.,1.,0.));
#5870 = PLANE('',#5871);
#5871 = AXIS2_PLACEMENT_3D('',#5872,#5873,#5874);
#5872 = CARTESIAN_POINT('',(133.396,-82.818,1.51));
#5873 = DIRECTION('',(-1.,0.,0.));
#5874 = DIRECTION('',(0.,1.,0.));
#5875 = ADVANCED_FACE('',(#5876),#5903,.T.);
#5876 = FACE_BOUND('',#5877,.T.);
#5877 = EDGE_LOOP('',(#5878,#5879,#5888,#5896));
#5878 = ORIENTED_EDGE('',*,*,#5857,.T.);
#5879 = ORIENTED_EDGE('',*,*,#5880,.T.);
#5880 = EDGE_CURVE('',#5850,#5881,#5883,.T.);
#5881 = VERTEX_POINT('',#5882);
#5882 = CARTESIAN_POINT('',(133.542447,-81.902447,1.545));
#5883 = CIRCLE('',#5884,0.499992432518);
#5884 = AXIS2_PLACEMENT_3D('',#5885,#5886,#5887);
#5885 = CARTESIAN_POINT('',(133.89599243251,-82.25599764661,1.545));
#5886 = DIRECTION('',(0.,0.,-1.));
#5887 = DIRECTION('',(-0.999999999989,-4.706832625492E-06,-0.));
#5888 = ORIENTED_EDGE('',*,*,#5889,.F.);
#5889 = EDGE_CURVE('',#5890,#5881,#5892,.T.);
#5890 = VERTEX_POINT('',#5891);
#5891 = CARTESIAN_POINT('',(133.542447,-81.902447,1.51));
#5892 = LINE('',#5893,#5894);
#5893 = CARTESIAN_POINT('',(133.542447,-81.902447,1.51));
#5894 = VECTOR('',#5895,1.);
#5895 = DIRECTION('',(0.,0.,1.));
#5896 = ORIENTED_EDGE('',*,*,#5897,.F.);
#5897 = EDGE_CURVE('',#5858,#5890,#5898,.T.);
#5898 = CIRCLE('',#5899,0.499992432518);
#5899 = AXIS2_PLACEMENT_3D('',#5900,#5901,#5902);
#5900 = CARTESIAN_POINT('',(133.89599243251,-82.25599764661,1.51));
#5901 = DIRECTION('',(0.,0.,-1.));
#5902 = DIRECTION('',(-0.999999999989,-4.706832625492E-06,-0.));
#5903 = CYLINDRICAL_SURFACE('',#5904,0.499992432518);
#5904 = AXIS2_PLACEMENT_3D('',#5905,#5906,#5907);
#5905 = CARTESIAN_POINT('',(133.89599243251,-82.25599764661,1.51));
#5906 = DIRECTION('',(0.,0.,-1.));
#5907 = DIRECTION('',(-0.999999999989,-4.706832625492E-06,-0.));
#5908 = ADVANCED_FACE('',(#5909),#5925,.T.);
#5909 = FACE_BOUND('',#5910,.T.);
#5910 = EDGE_LOOP('',(#5911,#5912,#5918,#5919));
#5911 = ORIENTED_EDGE('',*,*,#5889,.T.);
#5912 = ORIENTED_EDGE('',*,*,#5913,.T.);
#5913 = EDGE_CURVE('',#5881,#5619,#5914,.T.);
#5914 = LINE('',#5915,#5916);
#5915 = CARTESIAN_POINT('',(133.542447,-81.902447,1.545));
#5916 = VECTOR('',#5917,1.);
#5917 = DIRECTION('',(0.707106668947,0.707106893426,0.));
#5918 = ORIENTED_EDGE('',*,*,#5616,.F.);
#5919 = ORIENTED_EDGE('',*,*,#5920,.F.);
#5920 = EDGE_CURVE('',#5890,#5617,#5921,.T.);
#5921 = LINE('',#5922,#5923);
#5922 = CARTESIAN_POINT('',(133.542447,-81.902447,1.51));
#5923 = VECTOR('',#5924,1.);
#5924 = DIRECTION('',(0.707106668947,0.707106893426,0.));
#5925 = PLANE('',#5926);
#5926 = AXIS2_PLACEMENT_3D('',#5927,#5928,#5929);
#5927 = CARTESIAN_POINT('',(133.542447,-81.902447,1.51));
#5928 = DIRECTION('',(-0.707106893426,0.707106668947,0.));
#5929 = DIRECTION('',(0.707106668947,0.707106893426,0.));
#5930 = ADVANCED_FACE('',(#5931),#5958,.F.);
#5931 = FACE_BOUND('',#5932,.T.);
#5932 = EDGE_LOOP('',(#5933,#5943,#5950,#5951));
#5933 = ORIENTED_EDGE('',*,*,#5934,.T.);
#5934 = EDGE_CURVE('',#5935,#5937,#5939,.T.);
#5935 = VERTEX_POINT('',#5936);
#5936 = CARTESIAN_POINT('',(134.383392,-82.818,1.51));
#5937 = VERTEX_POINT('',#5938);
#5938 = CARTESIAN_POINT('',(134.383392,-82.818,1.545));
#5939 = LINE('',#5940,#5941);
#5940 = CARTESIAN_POINT('',(134.383392,-82.818,1.51));
#5941 = VECTOR('',#5942,1.);
#5942 = DIRECTION('',(0.,0.,1.));
#5943 = ORIENTED_EDGE('',*,*,#5944,.T.);
#5944 = EDGE_CURVE('',#5937,#5937,#5945,.T.);
#5945 = CIRCLE('',#5946,0.487392);
#5946 = AXIS2_PLACEMENT_3D('',#5947,#5948,#5949);
#5947 = CARTESIAN_POINT('',(133.896,-82.818,1.545));
#5948 = DIRECTION('',(0.,0.,1.));
#5949 = DIRECTION('',(1.,0.,-0.));
#5950 = ORIENTED_EDGE('',*,*,#5934,.F.);
#5951 = ORIENTED_EDGE('',*,*,#5952,.F.);
#5952 = EDGE_CURVE('',#5935,#5935,#5953,.T.);
#5953 = CIRCLE('',#5954,0.487392);
#5954 = AXIS2_PLACEMENT_3D('',#5955,#5956,#5957);
#5955 = CARTESIAN_POINT('',(133.896,-82.818,1.51));
#5956 = DIRECTION('',(0.,0.,1.));
#5957 = DIRECTION('',(1.,0.,-0.));
#5958 = CYLINDRICAL_SURFACE('',#5959,0.487392);
#5959 = AXIS2_PLACEMENT_3D('',#5960,#5961,#5962);
#5960 = CARTESIAN_POINT('',(133.896,-82.818,1.51));
#5961 = DIRECTION('',(-0.,-0.,-1.));
#5962 = DIRECTION('',(1.,0.,-0.));
#5963 = ADVANCED_FACE('',(#5964),#5991,.F.);
#5964 = FACE_BOUND('',#5965,.T.);
#5965 = EDGE_LOOP('',(#5966,#5976,#5983,#5984));
#5966 = ORIENTED_EDGE('',*,*,#5967,.T.);
#5967 = EDGE_CURVE('',#5968,#5970,#5972,.T.);
#5968 = VERTEX_POINT('',#5969);
#5969 = CARTESIAN_POINT('',(138.137392,-79.106,1.51));
#5970 = VERTEX_POINT('',#5971);
#5971 = CARTESIAN_POINT('',(138.137392,-79.106,1.545));
#5972 = LINE('',#5973,#5974);
#5973 = CARTESIAN_POINT('',(138.137392,-79.106,1.51));
#5974 = VECTOR('',#5975,1.);
#5975 = DIRECTION('',(0.,0.,1.));
#5976 = ORIENTED_EDGE('',*,*,#5977,.T.);
#5977 = EDGE_CURVE('',#5970,#5970,#5978,.T.);
#5978 = CIRCLE('',#5979,0.487392);
#5979 = AXIS2_PLACEMENT_3D('',#5980,#5981,#5982);
#5980 = CARTESIAN_POINT('',(137.65,-79.106,1.545));
#5981 = DIRECTION('',(0.,0.,1.));
#5982 = DIRECTION('',(1.,0.,-0.));
#5983 = ORIENTED_EDGE('',*,*,#5967,.F.);
#5984 = ORIENTED_EDGE('',*,*,#5985,.F.);
#5985 = EDGE_CURVE('',#5968,#5968,#5986,.T.);
#5986 = CIRCLE('',#5987,0.487392);
#5987 = AXIS2_PLACEMENT_3D('',#5988,#5989,#5990);
#5988 = CARTESIAN_POINT('',(137.65,-79.106,1.51));
#5989 = DIRECTION('',(0.,0.,1.));
#5990 = DIRECTION('',(1.,0.,-0.));
#5991 = CYLINDRICAL_SURFACE('',#5992,0.487392);
#5992 = AXIS2_PLACEMENT_3D('',#5993,#5994,#5995);
#5993 = CARTESIAN_POINT('',(137.65,-79.106,1.51));
#5994 = DIRECTION('',(-0.,-0.,-1.));
#5995 = DIRECTION('',(1.,0.,-0.));
#5996 = ADVANCED_FACE('',(#5997,#6009,#6012),#6015,.F.);
#5997 = FACE_BOUND('',#5998,.T.);
#5998 = EDGE_LOOP('',(#5999,#6000,#6001,#6002,#6003,#6004,#6005,#6006,
    #6007,#6008));
#5999 = ORIENTED_EDGE('',*,*,#5643,.T.);
#6000 = ORIENTED_EDGE('',*,*,#5675,.T.);
#6001 = ORIENTED_EDGE('',*,*,#5707,.T.);
#6002 = ORIENTED_EDGE('',*,*,#5739,.T.);
#6003 = ORIENTED_EDGE('',*,*,#5770,.T.);
#6004 = ORIENTED_EDGE('',*,*,#5801,.T.);
#6005 = ORIENTED_EDGE('',*,*,#5833,.T.);
#6006 = ORIENTED_EDGE('',*,*,#5865,.T.);
#6007 = ORIENTED_EDGE('',*,*,#5897,.T.);
#6008 = ORIENTED_EDGE('',*,*,#5920,.T.);
#6009 = FACE_BOUND('',#6010,.T.);
#6010 = EDGE_LOOP('',(#6011));
#6011 = ORIENTED_EDGE('',*,*,#5952,.T.);
#6012 = FACE_BOUND('',#6013,.T.);
#6013 = EDGE_LOOP('',(#6014));
#6014 = ORIENTED_EDGE('',*,*,#5985,.T.);
#6015 = PLANE('',#6016);
#6016 = AXIS2_PLACEMENT_3D('',#6017,#6018,#6019);
#6017 = CARTESIAN_POINT('',(0.,0.,1.51));
#6018 = DIRECTION('',(0.,0.,1.));
#6019 = DIRECTION('',(1.,0.,-0.));
#6020 = ADVANCED_FACE('',(#6021,#6033,#6036),#6039,.T.);
#6021 = FACE_BOUND('',#6022,.F.);
#6022 = EDGE_LOOP('',(#6023,#6024,#6025,#6026,#6027,#6028,#6029,#6030,
    #6031,#6032));
#6023 = ORIENTED_EDGE('',*,*,#5626,.T.);
#6024 = ORIENTED_EDGE('',*,*,#5659,.T.);
#6025 = ORIENTED_EDGE('',*,*,#5690,.T.);
#6026 = ORIENTED_EDGE('',*,*,#5723,.T.);
#6027 = ORIENTED_EDGE('',*,*,#5754,.T.);
#6028 = ORIENTED_EDGE('',*,*,#5785,.T.);
#6029 = ORIENTED_EDGE('',*,*,#5816,.T.);
#6030 = ORIENTED_EDGE('',*,*,#5849,.T.);
#6031 = ORIENTED_EDGE('',*,*,#5880,.T.);
#6032 = ORIENTED_EDGE('',*,*,#5913,.T.);
#6033 = FACE_BOUND('',#6034,.F.);
#6034 = EDGE_LOOP('',(#6035));
#6035 = ORIENTED_EDGE('',*,*,#5944,.T.);
#6036 = FACE_BOUND('',#6037,.F.);
#6037 = EDGE_LOOP('',(#6038));
#6038 = ORIENTED_EDGE('',*,*,#5977,.T.);
#6039 = PLANE('',#6040);
#6040 = AXIS2_PLACEMENT_3D('',#6041,#6042,#6043);
#6041 = CARTESIAN_POINT('',(0.,0.,1.545));
#6042 = DIRECTION('',(0.,0.,1.));
#6043 = DIRECTION('',(1.,0.,-0.));
#6044 = MANIFOLD_SOLID_BREP('',#6045);
#6045 = CLOSED_SHELL('',(#6046,#6088,#6119,#6150,#6183,#6214,#6245,#6278
    ,#6309,#6342,#6373,#6404,#6437,#6468,#6499,#6521,#6554,#6587,#6616)
  );
#6046 = ADVANCED_FACE('',(#6047),#6083,.T.);
#6047 = FACE_BOUND('',#6048,.F.);
#6048 = EDGE_LOOP('',(#6049,#6059,#6068,#6076));
#6049 = ORIENTED_EDGE('',*,*,#6050,.T.);
#6050 = EDGE_CURVE('',#6051,#6053,#6055,.T.);
#6051 = VERTEX_POINT('',#6052);
#6052 = CARTESIAN_POINT('',(146.274658,-58.52406,0.));
#6053 = VERTEX_POINT('',#6054);
#6054 = CARTESIAN_POINT('',(146.274658,-58.52406,-3.5E-02));
#6055 = LINE('',#6056,#6057);
#6056 = CARTESIAN_POINT('',(146.274658,-58.52406,0.));
#6057 = VECTOR('',#6058,1.);
#6058 = DIRECTION('',(0.,0.,-1.));
#6059 = ORIENTED_EDGE('',*,*,#6060,.T.);
#6060 = EDGE_CURVE('',#6053,#6061,#6063,.T.);
#6061 = VERTEX_POINT('',#6062);
#6062 = CARTESIAN_POINT('',(146.819553,-59.339553,-3.5E-02));
#6063 = CIRCLE('',#6064,0.499999952483);
#6064 = AXIS2_PLACEMENT_3D('',#6065,#6066,#6067);
#6065 = CARTESIAN_POINT('',(146.46599946866,-58.98599981734,-3.5E-02));
#6066 = DIRECTION('',(0.,0.,-1.));
#6067 = DIRECTION('',(-0.382682973696,0.923879722498,-0.));
#6068 = ORIENTED_EDGE('',*,*,#6069,.F.);
#6069 = EDGE_CURVE('',#6070,#6061,#6072,.T.);
#6070 = VERTEX_POINT('',#6071);
#6071 = CARTESIAN_POINT('',(146.819553,-59.339553,0.));
#6072 = LINE('',#6073,#6074);
#6073 = CARTESIAN_POINT('',(146.819553,-59.339553,0.));
#6074 = VECTOR('',#6075,1.);
#6075 = DIRECTION('',(0.,0.,-1.));
#6076 = ORIENTED_EDGE('',*,*,#6077,.F.);
#6077 = EDGE_CURVE('',#6051,#6070,#6078,.T.);
#6078 = CIRCLE('',#6079,0.499999952483);
#6079 = AXIS2_PLACEMENT_3D('',#6080,#6081,#6082);
#6080 = CARTESIAN_POINT('',(146.46599946866,-58.98599981734,0.));
#6081 = DIRECTION('',(0.,0.,-1.));
#6082 = DIRECTION('',(-0.382682973696,0.923879722498,-0.));
#6083 = CYLINDRICAL_SURFACE('',#6084,0.499999952483);
#6084 = AXIS2_PLACEMENT_3D('',#6085,#6086,#6087);
#6085 = CARTESIAN_POINT('',(146.46599946866,-58.98599981734,0.));
#6086 = DIRECTION('',(-0.,-0.,1.));
#6087 = DIRECTION('',(-0.382682973696,0.923879722498,-0.));
#6088 = ADVANCED_FACE('',(#6089),#6114,.F.);
#6089 = FACE_BOUND('',#6090,.F.);
#6090 = EDGE_LOOP('',(#6091,#6092,#6100,#6108));
#6091 = ORIENTED_EDGE('',*,*,#6069,.T.);
#6092 = ORIENTED_EDGE('',*,*,#6093,.T.);
#6093 = EDGE_CURVE('',#6061,#6094,#6096,.T.);
#6094 = VERTEX_POINT('',#6095);
#6095 = CARTESIAN_POINT('',(142.574,-63.585106,-3.5E-02));
#6096 = LINE('',#6097,#6098);
#6097 = CARTESIAN_POINT('',(146.819553,-59.339553,-3.5E-02));
#6098 = VECTOR('',#6099,1.);
#6099 = DIRECTION('',(-0.707106781187,-0.707106781187,0.));
#6100 = ORIENTED_EDGE('',*,*,#6101,.F.);
#6101 = EDGE_CURVE('',#6102,#6094,#6104,.T.);
#6102 = VERTEX_POINT('',#6103);
#6103 = CARTESIAN_POINT('',(142.574,-63.585106,0.));
#6104 = LINE('',#6105,#6106);
#6105 = CARTESIAN_POINT('',(142.574,-63.585106,0.));
#6106 = VECTOR('',#6107,1.);
#6107 = DIRECTION('',(0.,0.,-1.));
#6108 = ORIENTED_EDGE('',*,*,#6109,.F.);
#6109 = EDGE_CURVE('',#6070,#6102,#6110,.T.);
#6110 = LINE('',#6111,#6112);
#6111 = CARTESIAN_POINT('',(146.819553,-59.339553,0.));
#6112 = VECTOR('',#6113,1.);
#6113 = DIRECTION('',(-0.707106781187,-0.707106781187,0.));
#6114 = PLANE('',#6115);
#6115 = AXIS2_PLACEMENT_3D('',#6116,#6117,#6118);
#6116 = CARTESIAN_POINT('',(146.819553,-59.339553,0.));
#6117 = DIRECTION('',(-0.707106781187,0.707106781187,0.));
#6118 = DIRECTION('',(-0.707106781187,-0.707106781187,0.));
#6119 = ADVANCED_FACE('',(#6120),#6145,.F.);
#6120 = FACE_BOUND('',#6121,.F.);
#6121 = EDGE_LOOP('',(#6122,#6123,#6131,#6139));
#6122 = ORIENTED_EDGE('',*,*,#6101,.T.);
#6123 = ORIENTED_EDGE('',*,*,#6124,.T.);
#6124 = EDGE_CURVE('',#6094,#6125,#6127,.T.);
#6125 = VERTEX_POINT('',#6126);
#6126 = CARTESIAN_POINT('',(142.574,-79.818,-3.5E-02));
#6127 = LINE('',#6128,#6129);
#6128 = CARTESIAN_POINT('',(142.574,-63.585106,-3.5E-02));
#6129 = VECTOR('',#6130,1.);
#6130 = DIRECTION('',(0.,-1.,0.));
#6131 = ORIENTED_EDGE('',*,*,#6132,.F.);
#6132 = EDGE_CURVE('',#6133,#6125,#6135,.T.);
#6133 = VERTEX_POINT('',#6134);
#6134 = CARTESIAN_POINT('',(142.574,-79.818,0.));
#6135 = LINE('',#6136,#6137);
#6136 = CARTESIAN_POINT('',(142.574,-79.818,0.));
#6137 = VECTOR('',#6138,1.);
#6138 = DIRECTION('',(0.,0.,-1.));
#6139 = ORIENTED_EDGE('',*,*,#6140,.F.);
#6140 = EDGE_CURVE('',#6102,#6133,#6141,.T.);
#6141 = LINE('',#6142,#6143);
#6142 = CARTESIAN_POINT('',(142.574,-63.585106,0.));
#6143 = VECTOR('',#6144,1.);
#6144 = DIRECTION('',(0.,-1.,0.));
#6145 = PLANE('',#6146);
#6146 = AXIS2_PLACEMENT_3D('',#6147,#6148,#6149);
#6147 = CARTESIAN_POINT('',(142.574,-63.585106,0.));
#6148 = DIRECTION('',(-1.,-0.,-0.));
#6149 = DIRECTION('',(0.,-1.,0.));
#6150 = ADVANCED_FACE('',(#6151),#6178,.T.);
#6151 = FACE_BOUND('',#6152,.F.);
#6152 = EDGE_LOOP('',(#6153,#6154,#6163,#6171));
#6153 = ORIENTED_EDGE('',*,*,#6132,.T.);
#6154 = ORIENTED_EDGE('',*,*,#6155,.T.);
#6155 = EDGE_CURVE('',#6125,#6156,#6158,.T.);
#6156 = VERTEX_POINT('',#6157);
#6157 = CARTESIAN_POINT('',(142.427553,-80.171554,-3.5E-02));
#6158 = CIRCLE('',#6159,0.499997077092);
#6159 = AXIS2_PLACEMENT_3D('',#6160,#6161,#6162);
#6160 = CARTESIAN_POINT('',(142.07400292291,-79.81800142952,-3.5E-02));
#6161 = DIRECTION('',(0.,0.,-1.));
#6162 = DIRECTION('',(0.999999999996,2.859064325554E-06,0.));
#6163 = ORIENTED_EDGE('',*,*,#6164,.F.);
#6164 = EDGE_CURVE('',#6165,#6156,#6167,.T.);
#6165 = VERTEX_POINT('',#6166);
#6166 = CARTESIAN_POINT('',(142.427553,-80.171554,0.));
#6167 = LINE('',#6168,#6169);
#6168 = CARTESIAN_POINT('',(142.427553,-80.171554,0.));
#6169 = VECTOR('',#6170,1.);
#6170 = DIRECTION('',(0.,0.,-1.));
#6171 = ORIENTED_EDGE('',*,*,#6172,.F.);
#6172 = EDGE_CURVE('',#6133,#6165,#6173,.T.);
#6173 = CIRCLE('',#6174,0.499997077092);
#6174 = AXIS2_PLACEMENT_3D('',#6175,#6176,#6177);
#6175 = CARTESIAN_POINT('',(142.07400292291,-79.81800142952,0.));
#6176 = DIRECTION('',(0.,0.,-1.));
#6177 = DIRECTION('',(0.999999999996,2.859064325554E-06,0.));
#6178 = CYLINDRICAL_SURFACE('',#6179,0.499997077092);
#6179 = AXIS2_PLACEMENT_3D('',#6180,#6181,#6182);
#6180 = CARTESIAN_POINT('',(142.07400292291,-79.81800142952,0.));
#6181 = DIRECTION('',(-0.,-0.,1.));
#6182 = DIRECTION('',(0.999999999996,2.859064325554E-06,0.));
#6183 = ADVANCED_FACE('',(#6184),#6209,.F.);
#6184 = FACE_BOUND('',#6185,.F.);
#6185 = EDGE_LOOP('',(#6186,#6187,#6195,#6203));
#6186 = ORIENTED_EDGE('',*,*,#6164,.T.);
#6187 = ORIENTED_EDGE('',*,*,#6188,.T.);
#6188 = EDGE_CURVE('',#6156,#6189,#6191,.T.);
#6189 = VERTEX_POINT('',#6190);
#6190 = CARTESIAN_POINT('',(140.306,-82.293106,-3.5E-02));
#6191 = LINE('',#6192,#6193);
#6192 = CARTESIAN_POINT('',(142.427553,-80.171554,-3.5E-02));
#6193 = VECTOR('',#6194,1.);
#6194 = DIRECTION('',(-0.707106947835,-0.707106614538,0.));
#6195 = ORIENTED_EDGE('',*,*,#6196,.F.);
#6196 = EDGE_CURVE('',#6197,#6189,#6199,.T.);
#6197 = VERTEX_POINT('',#6198);
#6198 = CARTESIAN_POINT('',(140.306,-82.293106,0.));
#6199 = LINE('',#6200,#6201);
#6200 = CARTESIAN_POINT('',(140.306,-82.293106,0.));
#6201 = VECTOR('',#6202,1.);
#6202 = DIRECTION('',(0.,0.,-1.));
#6203 = ORIENTED_EDGE('',*,*,#6204,.F.);
#6204 = EDGE_CURVE('',#6165,#6197,#6205,.T.);
#6205 = LINE('',#6206,#6207);
#6206 = CARTESIAN_POINT('',(142.427553,-80.171554,0.));
#6207 = VECTOR('',#6208,1.);
#6208 = DIRECTION('',(-0.707106947835,-0.707106614538,0.));
#6209 = PLANE('',#6210);
#6210 = AXIS2_PLACEMENT_3D('',#6211,#6212,#6213);
#6211 = CARTESIAN_POINT('',(142.427553,-80.171554,0.));
#6212 = DIRECTION('',(-0.707106614538,0.707106947835,0.));
#6213 = DIRECTION('',(-0.707106947835,-0.707106614538,0.));
#6214 = ADVANCED_FACE('',(#6215),#6240,.F.);
#6215 = FACE_BOUND('',#6216,.F.);
#6216 = EDGE_LOOP('',(#6217,#6218,#6226,#6234));
#6217 = ORIENTED_EDGE('',*,*,#6196,.T.);
#6218 = ORIENTED_EDGE('',*,*,#6219,.T.);
#6219 = EDGE_CURVE('',#6189,#6220,#6222,.T.);
#6220 = VERTEX_POINT('',#6221);
#6221 = CARTESIAN_POINT('',(140.306,-87.606,-3.5E-02));
#6222 = LINE('',#6223,#6224);
#6223 = CARTESIAN_POINT('',(140.306,-82.293106,-3.5E-02));
#6224 = VECTOR('',#6225,1.);
#6225 = DIRECTION('',(0.,-1.,0.));
#6226 = ORIENTED_EDGE('',*,*,#6227,.F.);
#6227 = EDGE_CURVE('',#6228,#6220,#6230,.T.);
#6228 = VERTEX_POINT('',#6229);
#6229 = CARTESIAN_POINT('',(140.306,-87.606,0.));
#6230 = LINE('',#6231,#6232);
#6231 = CARTESIAN_POINT('',(140.306,-87.606,0.));
#6232 = VECTOR('',#6233,1.);
#6233 = DIRECTION('',(0.,0.,-1.));
#6234 = ORIENTED_EDGE('',*,*,#6235,.F.);
#6235 = EDGE_CURVE('',#6197,#6228,#6236,.T.);
#6236 = LINE('',#6237,#6238);
#6237 = CARTESIAN_POINT('',(140.306,-82.293106,0.));
#6238 = VECTOR('',#6239,1.);
#6239 = DIRECTION('',(0.,-1.,0.));
#6240 = PLANE('',#6241);
#6241 = AXIS2_PLACEMENT_3D('',#6242,#6243,#6244);
#6242 = CARTESIAN_POINT('',(140.306,-82.293106,0.));
#6243 = DIRECTION('',(-1.,-0.,-0.));
#6244 = DIRECTION('',(0.,-1.,0.));
#6245 = ADVANCED_FACE('',(#6246),#6273,.T.);
#6246 = FACE_BOUND('',#6247,.F.);
#6247 = EDGE_LOOP('',(#6248,#6249,#6258,#6266));
#6248 = ORIENTED_EDGE('',*,*,#6227,.T.);
#6249 = ORIENTED_EDGE('',*,*,#6250,.T.);
#6250 = EDGE_CURVE('',#6220,#6251,#6253,.T.);
#6251 = VERTEX_POINT('',#6252);
#6252 = CARTESIAN_POINT('',(139.306,-87.606,-3.5E-02));
#6253 = CIRCLE('',#6254,0.5);
#6254 = AXIS2_PLACEMENT_3D('',#6255,#6256,#6257);
#6255 = CARTESIAN_POINT('',(139.806,-87.60599955666,-3.5E-02));
#6256 = DIRECTION('',(-0.,0.,-1.));
#6257 = DIRECTION('',(1.,-8.866804535042E-07,-0.));
#6258 = ORIENTED_EDGE('',*,*,#6259,.F.);
#6259 = EDGE_CURVE('',#6260,#6251,#6262,.T.);
#6260 = VERTEX_POINT('',#6261);
#6261 = CARTESIAN_POINT('',(139.306,-87.606,0.));
#6262 = LINE('',#6263,#6264);
#6263 = CARTESIAN_POINT('',(139.306,-87.606,0.));
#6264 = VECTOR('',#6265,1.);
#6265 = DIRECTION('',(0.,0.,-1.));
#6266 = ORIENTED_EDGE('',*,*,#6267,.F.);
#6267 = EDGE_CURVE('',#6228,#6260,#6268,.T.);
#6268 = CIRCLE('',#6269,0.5);
#6269 = AXIS2_PLACEMENT_3D('',#6270,#6271,#6272);
#6270 = CARTESIAN_POINT('',(139.806,-87.60599955666,0.));
#6271 = DIRECTION('',(-0.,0.,-1.));
#6272 = DIRECTION('',(1.,-8.866804535042E-07,-0.));
#6273 = CYLINDRICAL_SURFACE('',#6274,0.5);
#6274 = AXIS2_PLACEMENT_3D('',#6275,#6276,#6277);
#6275 = CARTESIAN_POINT('',(139.806,-87.60599955666,0.));
#6276 = DIRECTION('',(0.,-0.,1.));
#6277 = DIRECTION('',(1.,-8.866804535042E-07,-0.));
#6278 = ADVANCED_FACE('',(#6279),#6304,.F.);
#6279 = FACE_BOUND('',#6280,.F.);
#6280 = EDGE_LOOP('',(#6281,#6282,#6290,#6298));
#6281 = ORIENTED_EDGE('',*,*,#6259,.T.);
#6282 = ORIENTED_EDGE('',*,*,#6283,.T.);
#6283 = EDGE_CURVE('',#6251,#6284,#6286,.T.);
#6284 = VERTEX_POINT('',#6285);
#6285 = CARTESIAN_POINT('',(139.306,-82.086,-3.5E-02));
#6286 = LINE('',#6287,#6288);
#6287 = CARTESIAN_POINT('',(139.306,-87.606,-3.5E-02));
#6288 = VECTOR('',#6289,1.);
#6289 = DIRECTION('',(0.,1.,0.));
#6290 = ORIENTED_EDGE('',*,*,#6291,.F.);
#6291 = EDGE_CURVE('',#6292,#6284,#6294,.T.);
#6292 = VERTEX_POINT('',#6293);
#6293 = CARTESIAN_POINT('',(139.306,-82.086,0.));
#6294 = LINE('',#6295,#6296);
#6295 = CARTESIAN_POINT('',(139.306,-82.086,0.));
#6296 = VECTOR('',#6297,1.);
#6297 = DIRECTION('',(0.,0.,-1.));
#6298 = ORIENTED_EDGE('',*,*,#6299,.F.);
#6299 = EDGE_CURVE('',#6260,#6292,#6300,.T.);
#6300 = LINE('',#6301,#6302);
#6301 = CARTESIAN_POINT('',(139.306,-87.606,0.));
#6302 = VECTOR('',#6303,1.);
#6303 = DIRECTION('',(0.,1.,0.));
#6304 = PLANE('',#6305);
#6305 = AXIS2_PLACEMENT_3D('',#6306,#6307,#6308);
#6306 = CARTESIAN_POINT('',(139.306,-87.606,0.));
#6307 = DIRECTION('',(1.,-0.,0.));
#6308 = DIRECTION('',(0.,1.,0.));
#6309 = ADVANCED_FACE('',(#6310),#6337,.T.);
#6310 = FACE_BOUND('',#6311,.F.);
#6311 = EDGE_LOOP('',(#6312,#6313,#6322,#6330));
#6312 = ORIENTED_EDGE('',*,*,#6291,.T.);
#6313 = ORIENTED_EDGE('',*,*,#6314,.T.);
#6314 = EDGE_CURVE('',#6284,#6315,#6317,.T.);
#6315 = VERTEX_POINT('',#6316);
#6316 = CARTESIAN_POINT('',(139.452447,-81.732447,-3.5E-02));
#6317 = CIRCLE('',#6318,0.499992432518);
#6318 = AXIS2_PLACEMENT_3D('',#6319,#6320,#6321);
#6319 = CARTESIAN_POINT('',(139.80599243251,-82.08599764661,-3.5E-02));
#6320 = DIRECTION('',(0.,0.,-1.));
#6321 = DIRECTION('',(-0.999999999989,-4.706832483379E-06,-0.));
#6322 = ORIENTED_EDGE('',*,*,#6323,.F.);
#6323 = EDGE_CURVE('',#6324,#6315,#6326,.T.);
#6324 = VERTEX_POINT('',#6325);
#6325 = CARTESIAN_POINT('',(139.452447,-81.732447,0.));
#6326 = LINE('',#6327,#6328);
#6327 = CARTESIAN_POINT('',(139.452447,-81.732447,0.));
#6328 = VECTOR('',#6329,1.);
#6329 = DIRECTION('',(0.,0.,-1.));
#6330 = ORIENTED_EDGE('',*,*,#6331,.F.);
#6331 = EDGE_CURVE('',#6292,#6324,#6332,.T.);
#6332 = CIRCLE('',#6333,0.499992432518);
#6333 = AXIS2_PLACEMENT_3D('',#6334,#6335,#6336);
#6334 = CARTESIAN_POINT('',(139.80599243251,-82.08599764661,0.));
#6335 = DIRECTION('',(0.,0.,-1.));
#6336 = DIRECTION('',(-0.999999999989,-4.706832483379E-06,-0.));
#6337 = CYLINDRICAL_SURFACE('',#6338,0.499992432518);
#6338 = AXIS2_PLACEMENT_3D('',#6339,#6340,#6341);
#6339 = CARTESIAN_POINT('',(139.80599243251,-82.08599764661,0.));
#6340 = DIRECTION('',(-0.,-0.,1.));
#6341 = DIRECTION('',(-0.999999999989,-4.706832483379E-06,-0.));
#6342 = ADVANCED_FACE('',(#6343),#6368,.F.);
#6343 = FACE_BOUND('',#6344,.F.);
#6344 = EDGE_LOOP('',(#6345,#6346,#6354,#6362));
#6345 = ORIENTED_EDGE('',*,*,#6323,.T.);
#6346 = ORIENTED_EDGE('',*,*,#6347,.T.);
#6347 = EDGE_CURVE('',#6315,#6348,#6350,.T.);
#6348 = VERTEX_POINT('',#6349);
#6349 = CARTESIAN_POINT('',(141.574,-79.610893,-3.5E-02));
#6350 = LINE('',#6351,#6352);
#6351 = CARTESIAN_POINT('',(139.452447,-81.732447,-3.5E-02));
#6352 = VECTOR('',#6353,1.);
#6353 = DIRECTION('',(0.707106614538,0.707106947835,0.));
#6354 = ORIENTED_EDGE('',*,*,#6355,.F.);
#6355 = EDGE_CURVE('',#6356,#6348,#6358,.T.);
#6356 = VERTEX_POINT('',#6357);
#6357 = CARTESIAN_POINT('',(141.574,-79.610893,0.));
#6358 = LINE('',#6359,#6360);
#6359 = CARTESIAN_POINT('',(141.574,-79.610893,0.));
#6360 = VECTOR('',#6361,1.);
#6361 = DIRECTION('',(0.,0.,-1.));
#6362 = ORIENTED_EDGE('',*,*,#6363,.F.);
#6363 = EDGE_CURVE('',#6324,#6356,#6364,.T.);
#6364 = LINE('',#6365,#6366);
#6365 = CARTESIAN_POINT('',(139.452447,-81.732447,0.));
#6366 = VECTOR('',#6367,1.);
#6367 = DIRECTION('',(0.707106614538,0.707106947835,0.));
#6368 = PLANE('',#6369);
#6369 = AXIS2_PLACEMENT_3D('',#6370,#6371,#6372);
#6370 = CARTESIAN_POINT('',(139.452447,-81.732447,0.));
#6371 = DIRECTION('',(0.707106947835,-0.707106614538,0.));
#6372 = DIRECTION('',(0.707106614538,0.707106947835,0.));
#6373 = ADVANCED_FACE('',(#6374),#6399,.F.);
#6374 = FACE_BOUND('',#6375,.F.);
#6375 = EDGE_LOOP('',(#6376,#6377,#6385,#6393));
#6376 = ORIENTED_EDGE('',*,*,#6355,.T.);
#6377 = ORIENTED_EDGE('',*,*,#6378,.T.);
#6378 = EDGE_CURVE('',#6348,#6379,#6381,.T.);
#6379 = VERTEX_POINT('',#6380);
#6380 = CARTESIAN_POINT('',(141.574,-63.378,-3.5E-02));
#6381 = LINE('',#6382,#6383);
#6382 = CARTESIAN_POINT('',(141.574,-79.610893,-3.5E-02));
#6383 = VECTOR('',#6384,1.);
#6384 = DIRECTION('',(0.,1.,0.));
#6385 = ORIENTED_EDGE('',*,*,#6386,.F.);
#6386 = EDGE_CURVE('',#6387,#6379,#6389,.T.);
#6387 = VERTEX_POINT('',#6388);
#6388 = CARTESIAN_POINT('',(141.574,-63.378,0.));
#6389 = LINE('',#6390,#6391);
#6390 = CARTESIAN_POINT('',(141.574,-63.378,0.));
#6391 = VECTOR('',#6392,1.);
#6392 = DIRECTION('',(0.,0.,-1.));
#6393 = ORIENTED_EDGE('',*,*,#6394,.F.);
#6394 = EDGE_CURVE('',#6356,#6387,#6395,.T.);
#6395 = LINE('',#6396,#6397);
#6396 = CARTESIAN_POINT('',(141.574,-79.610893,0.));
#6397 = VECTOR('',#6398,1.);
#6398 = DIRECTION('',(0.,1.,0.));
#6399 = PLANE('',#6400);
#6400 = AXIS2_PLACEMENT_3D('',#6401,#6402,#6403);
#6401 = CARTESIAN_POINT('',(141.574,-79.610893,0.));
#6402 = DIRECTION('',(1.,-0.,0.));
#6403 = DIRECTION('',(0.,1.,0.));
#6404 = ADVANCED_FACE('',(#6405),#6432,.T.);
#6405 = FACE_BOUND('',#6406,.F.);
#6406 = EDGE_LOOP('',(#6407,#6408,#6417,#6425));
#6407 = ORIENTED_EDGE('',*,*,#6386,.T.);
#6408 = ORIENTED_EDGE('',*,*,#6409,.T.);
#6409 = EDGE_CURVE('',#6379,#6410,#6412,.T.);
#6410 = VERTEX_POINT('',#6411);
#6411 = CARTESIAN_POINT('',(141.720447,-63.024447,-3.5E-02));
#6412 = CIRCLE('',#6413,0.499992432518);
#6413 = AXIS2_PLACEMENT_3D('',#6414,#6415,#6416);
#6414 = CARTESIAN_POINT('',(142.07399243251,-63.37799764661,-3.5E-02));
#6415 = DIRECTION('',(0.,0.,-1.));
#6416 = DIRECTION('',(-0.999999999989,-4.70683249759E-06,-0.));
#6417 = ORIENTED_EDGE('',*,*,#6418,.F.);
#6418 = EDGE_CURVE('',#6419,#6410,#6421,.T.);
#6419 = VERTEX_POINT('',#6420);
#6420 = CARTESIAN_POINT('',(141.720447,-63.024447,0.));
#6421 = LINE('',#6422,#6423);
#6422 = CARTESIAN_POINT('',(141.720447,-63.024447,0.));
#6423 = VECTOR('',#6424,1.);
#6424 = DIRECTION('',(0.,0.,-1.));
#6425 = ORIENTED_EDGE('',*,*,#6426,.F.);
#6426 = EDGE_CURVE('',#6387,#6419,#6427,.T.);
#6427 = CIRCLE('',#6428,0.499992432518);
#6428 = AXIS2_PLACEMENT_3D('',#6429,#6430,#6431);
#6429 = CARTESIAN_POINT('',(142.07399243251,-63.37799764661,0.));
#6430 = DIRECTION('',(0.,0.,-1.));
#6431 = DIRECTION('',(-0.999999999989,-4.70683249759E-06,-0.));
#6432 = CYLINDRICAL_SURFACE('',#6433,0.499992432518);
#6433 = AXIS2_PLACEMENT_3D('',#6434,#6435,#6436);
#6434 = CARTESIAN_POINT('',(142.07399243251,-63.37799764661,0.));
#6435 = DIRECTION('',(-0.,-0.,1.));
#6436 = DIRECTION('',(-0.999999999989,-4.70683249759E-06,-0.));
#6437 = ADVANCED_FACE('',(#6438),#6463,.F.);
#6438 = FACE_BOUND('',#6439,.F.);
#6439 = EDGE_LOOP('',(#6440,#6441,#6449,#6457));
#6440 = ORIENTED_EDGE('',*,*,#6418,.T.);
#6441 = ORIENTED_EDGE('',*,*,#6442,.T.);
#6442 = EDGE_CURVE('',#6410,#6443,#6445,.T.);
#6443 = VERTEX_POINT('',#6444);
#6444 = CARTESIAN_POINT('',(146.112447,-58.632447,-3.5E-02));
#6445 = LINE('',#6446,#6447);
#6446 = CARTESIAN_POINT('',(141.720447,-63.024447,-3.5E-02));
#6447 = VECTOR('',#6448,1.);
#6448 = DIRECTION('',(0.707106781187,0.707106781187,0.));
#6449 = ORIENTED_EDGE('',*,*,#6450,.F.);
#6450 = EDGE_CURVE('',#6451,#6443,#6453,.T.);
#6451 = VERTEX_POINT('',#6452);
#6452 = CARTESIAN_POINT('',(146.112447,-58.632447,0.));
#6453 = LINE('',#6454,#6455);
#6454 = CARTESIAN_POINT('',(146.112447,-58.632447,0.));
#6455 = VECTOR('',#6456,1.);
#6456 = DIRECTION('',(0.,0.,-1.));
#6457 = ORIENTED_EDGE('',*,*,#6458,.F.);
#6458 = EDGE_CURVE('',#6419,#6451,#6459,.T.);
#6459 = LINE('',#6460,#6461);
#6460 = CARTESIAN_POINT('',(141.720447,-63.024447,0.));
#6461 = VECTOR('',#6462,1.);
#6462 = DIRECTION('',(0.707106781187,0.707106781187,0.));
#6463 = PLANE('',#6464);
#6464 = AXIS2_PLACEMENT_3D('',#6465,#6466,#6467);
#6465 = CARTESIAN_POINT('',(141.720447,-63.024447,0.));
#6466 = DIRECTION('',(0.707106781187,-0.707106781187,0.));
#6467 = DIRECTION('',(0.707106781187,0.707106781187,0.));
#6468 = ADVANCED_FACE('',(#6469),#6494,.F.);
#6469 = FACE_BOUND('',#6470,.F.);
#6470 = EDGE_LOOP('',(#6471,#6472,#6480,#6488));
#6471 = ORIENTED_EDGE('',*,*,#6450,.T.);
#6472 = ORIENTED_EDGE('',*,*,#6473,.T.);
#6473 = EDGE_CURVE('',#6443,#6474,#6476,.T.);
#6474 = VERTEX_POINT('',#6475);
#6475 = CARTESIAN_POINT('',(146.16162,-58.589324,-3.5E-02));
#6476 = LINE('',#6477,#6478);
#6477 = CARTESIAN_POINT('',(146.112447,-58.632447,-3.5E-02));
#6478 = VECTOR('',#6479,1.);
#6479 = DIRECTION('',(0.751844079372,0.659340943908,0.));
#6480 = ORIENTED_EDGE('',*,*,#6481,.F.);
#6481 = EDGE_CURVE('',#6482,#6474,#6484,.T.);
#6482 = VERTEX_POINT('',#6483);
#6483 = CARTESIAN_POINT('',(146.16162,-58.589324,0.));
#6484 = LINE('',#6485,#6486);
#6485 = CARTESIAN_POINT('',(146.16162,-58.589324,0.));
#6486 = VECTOR('',#6487,1.);
#6487 = DIRECTION('',(0.,0.,-1.));
#6488 = ORIENTED_EDGE('',*,*,#6489,.F.);
#6489 = EDGE_CURVE('',#6451,#6482,#6490,.T.);
#6490 = LINE('',#6491,#6492);
#6491 = CARTESIAN_POINT('',(146.112447,-58.632447,0.));
#6492 = VECTOR('',#6493,1.);
#6493 = DIRECTION('',(0.751844079372,0.659340943908,0.));
#6494 = PLANE('',#6495);
#6495 = AXIS2_PLACEMENT_3D('',#6496,#6497,#6498);
#6496 = CARTESIAN_POINT('',(146.112447,-58.632447,0.));
#6497 = DIRECTION('',(0.659340943908,-0.751844079372,0.));
#6498 = DIRECTION('',(0.751844079372,0.659340943908,0.));
#6499 = ADVANCED_FACE('',(#6500),#6516,.F.);
#6500 = FACE_BOUND('',#6501,.F.);
#6501 = EDGE_LOOP('',(#6502,#6503,#6509,#6510));
#6502 = ORIENTED_EDGE('',*,*,#6481,.T.);
#6503 = ORIENTED_EDGE('',*,*,#6504,.T.);
#6504 = EDGE_CURVE('',#6474,#6053,#6505,.T.);
#6505 = LINE('',#6506,#6507);
#6506 = CARTESIAN_POINT('',(146.16162,-58.589324,-3.5E-02));
#6507 = VECTOR('',#6508,1.);
#6508 = DIRECTION('',(0.866020493017,0.500008505602,0.));
#6509 = ORIENTED_EDGE('',*,*,#6050,.F.);
#6510 = ORIENTED_EDGE('',*,*,#6511,.F.);
#6511 = EDGE_CURVE('',#6482,#6051,#6512,.T.);
#6512 = LINE('',#6513,#6514);
#6513 = CARTESIAN_POINT('',(146.16162,-58.589324,0.));
#6514 = VECTOR('',#6515,1.);
#6515 = DIRECTION('',(0.866020493017,0.500008505602,0.));
#6516 = PLANE('',#6517);
#6517 = AXIS2_PLACEMENT_3D('',#6518,#6519,#6520);
#6518 = CARTESIAN_POINT('',(146.16162,-58.589324,0.));
#6519 = DIRECTION('',(0.500008505602,-0.866020493017,0.));
#6520 = DIRECTION('',(0.866020493017,0.500008505602,0.));
#6521 = ADVANCED_FACE('',(#6522),#6549,.F.);
#6522 = FACE_BOUND('',#6523,.F.);
#6523 = EDGE_LOOP('',(#6524,#6534,#6541,#6542));
#6524 = ORIENTED_EDGE('',*,*,#6525,.T.);
#6525 = EDGE_CURVE('',#6526,#6528,#6530,.T.);
#6526 = VERTEX_POINT('',#6527);
#6527 = CARTESIAN_POINT('',(140.293392,-87.606,0.));
#6528 = VERTEX_POINT('',#6529);
#6529 = CARTESIAN_POINT('',(140.293392,-87.606,-3.5E-02));
#6530 = LINE('',#6531,#6532);
#6531 = CARTESIAN_POINT('',(140.293392,-87.606,0.));
#6532 = VECTOR('',#6533,1.);
#6533 = DIRECTION('',(0.,0.,-1.));
#6534 = ORIENTED_EDGE('',*,*,#6535,.T.);
#6535 = EDGE_CURVE('',#6528,#6528,#6536,.T.);
#6536 = CIRCLE('',#6537,0.487392);
#6537 = AXIS2_PLACEMENT_3D('',#6538,#6539,#6540);
#6538 = CARTESIAN_POINT('',(139.806,-87.606,-3.5E-02));
#6539 = DIRECTION('',(0.,0.,1.));
#6540 = DIRECTION('',(1.,0.,-0.));
#6541 = ORIENTED_EDGE('',*,*,#6525,.F.);
#6542 = ORIENTED_EDGE('',*,*,#6543,.F.);
#6543 = EDGE_CURVE('',#6526,#6526,#6544,.T.);
#6544 = CIRCLE('',#6545,0.487392);
#6545 = AXIS2_PLACEMENT_3D('',#6546,#6547,#6548);
#6546 = CARTESIAN_POINT('',(139.806,-87.606,0.));
#6547 = DIRECTION('',(0.,0.,1.));
#6548 = DIRECTION('',(1.,0.,-0.));
#6549 = CYLINDRICAL_SURFACE('',#6550,0.487392);
#6550 = AXIS2_PLACEMENT_3D('',#6551,#6552,#6553);
#6551 = CARTESIAN_POINT('',(139.806,-87.606,0.));
#6552 = DIRECTION('',(0.,0.,1.));
#6553 = DIRECTION('',(1.,0.,-0.));
#6554 = ADVANCED_FACE('',(#6555),#6582,.F.);
#6555 = FACE_BOUND('',#6556,.F.);
#6556 = EDGE_LOOP('',(#6557,#6567,#6574,#6575));
#6557 = ORIENTED_EDGE('',*,*,#6558,.T.);
#6558 = EDGE_CURVE('',#6559,#6561,#6563,.T.);
#6559 = VERTEX_POINT('',#6560);
#6560 = CARTESIAN_POINT('',(146.897891,-58.986,0.));
#6561 = VERTEX_POINT('',#6562);
#6562 = CARTESIAN_POINT('',(146.897891,-58.986,-3.5E-02));
#6563 = LINE('',#6564,#6565);
#6564 = CARTESIAN_POINT('',(146.897891,-58.986,0.));
#6565 = VECTOR('',#6566,1.);
#6566 = DIRECTION('',(0.,0.,-1.));
#6567 = ORIENTED_EDGE('',*,*,#6568,.T.);
#6568 = EDGE_CURVE('',#6561,#6561,#6569,.T.);
#6569 = CIRCLE('',#6570,0.431891);
#6570 = AXIS2_PLACEMENT_3D('',#6571,#6572,#6573);
#6571 = CARTESIAN_POINT('',(146.466,-58.986,-3.5E-02));
#6572 = DIRECTION('',(0.,0.,1.));
#6573 = DIRECTION('',(1.,0.,-0.));
#6574 = ORIENTED_EDGE('',*,*,#6558,.F.);
#6575 = ORIENTED_EDGE('',*,*,#6576,.F.);
#6576 = EDGE_CURVE('',#6559,#6559,#6577,.T.);
#6577 = CIRCLE('',#6578,0.431891);
#6578 = AXIS2_PLACEMENT_3D('',#6579,#6580,#6581);
#6579 = CARTESIAN_POINT('',(146.466,-58.986,0.));
#6580 = DIRECTION('',(0.,0.,1.));
#6581 = DIRECTION('',(1.,0.,-0.));
#6582 = CYLINDRICAL_SURFACE('',#6583,0.431891);
#6583 = AXIS2_PLACEMENT_3D('',#6584,#6585,#6586);
#6584 = CARTESIAN_POINT('',(146.466,-58.986,0.));
#6585 = DIRECTION('',(0.,0.,1.));
#6586 = DIRECTION('',(1.,0.,-0.));
#6587 = ADVANCED_FACE('',(#6588,#6605,#6608),#6611,.F.);
#6588 = FACE_BOUND('',#6589,.F.);
#6589 = EDGE_LOOP('',(#6590,#6591,#6592,#6593,#6594,#6595,#6596,#6597,
    #6598,#6599,#6600,#6601,#6602,#6603,#6604));
#6590 = ORIENTED_EDGE('',*,*,#6077,.T.);
#6591 = ORIENTED_EDGE('',*,*,#6109,.T.);
#6592 = ORIENTED_EDGE('',*,*,#6140,.T.);
#6593 = ORIENTED_EDGE('',*,*,#6172,.T.);
#6594 = ORIENTED_EDGE('',*,*,#6204,.T.);
#6595 = ORIENTED_EDGE('',*,*,#6235,.T.);
#6596 = ORIENTED_EDGE('',*,*,#6267,.T.);
#6597 = ORIENTED_EDGE('',*,*,#6299,.T.);
#6598 = ORIENTED_EDGE('',*,*,#6331,.T.);
#6599 = ORIENTED_EDGE('',*,*,#6363,.T.);
#6600 = ORIENTED_EDGE('',*,*,#6394,.T.);
#6601 = ORIENTED_EDGE('',*,*,#6426,.T.);
#6602 = ORIENTED_EDGE('',*,*,#6458,.T.);
#6603 = ORIENTED_EDGE('',*,*,#6489,.T.);
#6604 = ORIENTED_EDGE('',*,*,#6511,.T.);
#6605 = FACE_BOUND('',#6606,.F.);
#6606 = EDGE_LOOP('',(#6607));
#6607 = ORIENTED_EDGE('',*,*,#6543,.T.);
#6608 = FACE_BOUND('',#6609,.F.);
#6609 = EDGE_LOOP('',(#6610));
#6610 = ORIENTED_EDGE('',*,*,#6576,.T.);
#6611 = PLANE('',#6612);
#6612 = AXIS2_PLACEMENT_3D('',#6613,#6614,#6615);
#6613 = CARTESIAN_POINT('',(0.,0.,0.));
#6614 = DIRECTION('',(-0.,-0.,-1.));
#6615 = DIRECTION('',(-1.,0.,0.));
#6616 = ADVANCED_FACE('',(#6617,#6634,#6637),#6640,.T.);
#6617 = FACE_BOUND('',#6618,.T.);
#6618 = EDGE_LOOP('',(#6619,#6620,#6621,#6622,#6623,#6624,#6625,#6626,
    #6627,#6628,#6629,#6630,#6631,#6632,#6633));
#6619 = ORIENTED_EDGE('',*,*,#6060,.T.);
#6620 = ORIENTED_EDGE('',*,*,#6093,.T.);
#6621 = ORIENTED_EDGE('',*,*,#6124,.T.);
#6622 = ORIENTED_EDGE('',*,*,#6155,.T.);
#6623 = ORIENTED_EDGE('',*,*,#6188,.T.);
#6624 = ORIENTED_EDGE('',*,*,#6219,.T.);
#6625 = ORIENTED_EDGE('',*,*,#6250,.T.);
#6626 = ORIENTED_EDGE('',*,*,#6283,.T.);
#6627 = ORIENTED_EDGE('',*,*,#6314,.T.);
#6628 = ORIENTED_EDGE('',*,*,#6347,.T.);
#6629 = ORIENTED_EDGE('',*,*,#6378,.T.);
#6630 = ORIENTED_EDGE('',*,*,#6409,.T.);
#6631 = ORIENTED_EDGE('',*,*,#6442,.T.);
#6632 = ORIENTED_EDGE('',*,*,#6473,.T.);
#6633 = ORIENTED_EDGE('',*,*,#6504,.T.);
#6634 = FACE_BOUND('',#6635,.T.);
#6635 = EDGE_LOOP('',(#6636));
#6636 = ORIENTED_EDGE('',*,*,#6535,.T.);
#6637 = FACE_BOUND('',#6638,.T.);
#6638 = EDGE_LOOP('',(#6639));
#6639 = ORIENTED_EDGE('',*,*,#6568,.T.);
#6640 = PLANE('',#6641);
#6641 = AXIS2_PLACEMENT_3D('',#6642,#6643,#6644);
#6642 = CARTESIAN_POINT('',(0.,0.,-3.5E-02));
#6643 = DIRECTION('',(-0.,-0.,-1.));
#6644 = DIRECTION('',(-1.,0.,0.));
#6645 = ( GEOMETRIC_REPRESENTATION_CONTEXT(3) 
GLOBAL_UNCERTAINTY_ASSIGNED_CONTEXT((#6649)) 
GLOBAL_UNIT_ASSIGNED_CONTEXT((#6646,#6647,#6648)) REPRESENTATION_CONTEXT
('Context #1','3D Context with UNIT and UNCERTAINTY') );
#6646 = ( LENGTH_UNIT() NAMED_UNIT(*) SI_UNIT(.MILLI.,.METRE.) );
#6647 = ( NAMED_UNIT(*) PLANE_ANGLE_UNIT() SI_UNIT($,.RADIAN.) );
#6648 = ( NAMED_UNIT(*) SI_UNIT($,.STERADIAN.) SOLID_ANGLE_UNIT() );
#6649 = UNCERTAINTY_MEASURE_WITH_UNIT(LENGTH_MEASURE(1.E-07),#6646,
  'distance_accuracy_value','confusion accuracy');
#6650 = CONTEXT_DEPENDENT_SHAPE_REPRESENTATION(#6651,#6653);
#6651 = ( REPRESENTATION_RELATIONSHIP('','',#56,#10) 
REPRESENTATION_RELATIONSHIP_WITH_TRANSFORMATION(#6652) 
SHAPE_REPRESENTATION_RELATIONSHIP() );
#6652 = ITEM_DEFINED_TRANSFORMATION('','',#11,#15);
#6653 = PRODUCT_DEFINITION_SHAPE('Placement','Placement of an item',
  #6654);
#6654 = NEXT_ASSEMBLY_USAGE_OCCURRENCE('1','=>[0:1:1:3]','',#5,#51,$);
#6655 = PRODUCT_RELATED_PRODUCT_CATEGORY('part',$,(#53));
#6656 = SHAPE_DEFINITION_REPRESENTATION(#6657,#6663);
#6657 = PRODUCT_DEFINITION_SHAPE('','',#6658);
#6658 = PRODUCT_DEFINITION('design','',#6659,#6662);
#6659 = PRODUCT_DEFINITION_FORMATION('','',#6660);
#6660 = PRODUCT('TxTroller_via','TxTroller_via','',(#6661));
#6661 = PRODUCT_CONTEXT('',#2,'mechanical');
#6662 = PRODUCT_DEFINITION_CONTEXT('part definition',#2,'design');
#6663 = SHAPE_REPRESENTATION('',(#11,#6664,#6756,#6848,#6940,#7032,#7124
    ,#7216,#7308,#7400,#7492),#7584);
#6664 = MANIFOLD_SOLID_BREP('',#6665);
#6665 = CLOSED_SHELL('',(#6666,#6699,#6719,#6739));
#6666 = ADVANCED_FACE('',(#6667),#6694,.T.);
#6667 = FACE_BOUND('',#6668,.F.);
#6668 = EDGE_LOOP('',(#6669,#6679,#6686,#6687));
#6669 = ORIENTED_EDGE('',*,*,#6670,.T.);
#6670 = EDGE_CURVE('',#6671,#6673,#6675,.T.);
#6671 = VERTEX_POINT('',#6672);
#6672 = CARTESIAN_POINT('',(140.424,-61.698,-3.5E-02));
#6673 = VERTEX_POINT('',#6674);
#6674 = CARTESIAN_POINT('',(140.424,-61.698,1.545));
#6675 = LINE('',#6676,#6677);
#6676 = CARTESIAN_POINT('',(140.424,-61.698,-3.5E-02));
#6677 = VECTOR('',#6678,1.);
#6678 = DIRECTION('',(0.,0.,1.));
#6679 = ORIENTED_EDGE('',*,*,#6680,.T.);
#6680 = EDGE_CURVE('',#6673,#6673,#6681,.T.);
#6681 = CIRCLE('',#6682,0.15);
#6682 = AXIS2_PLACEMENT_3D('',#6683,#6684,#6685);
#6683 = CARTESIAN_POINT('',(140.424,-61.548,1.545));
#6684 = DIRECTION('',(0.,0.,1.));
#6685 = DIRECTION('',(-0.,-1.,0.));
#6686 = ORIENTED_EDGE('',*,*,#6670,.F.);
#6687 = ORIENTED_EDGE('',*,*,#6688,.F.);
#6688 = EDGE_CURVE('',#6671,#6671,#6689,.T.);
#6689 = CIRCLE('',#6690,0.15);
#6690 = AXIS2_PLACEMENT_3D('',#6691,#6692,#6693);
#6691 = CARTESIAN_POINT('',(140.424,-61.548,-3.5E-02));
#6692 = DIRECTION('',(0.,0.,1.));
#6693 = DIRECTION('',(-0.,-1.,0.));
#6694 = CYLINDRICAL_SURFACE('',#6695,0.15);
#6695 = AXIS2_PLACEMENT_3D('',#6696,#6697,#6698);
#6696 = CARTESIAN_POINT('',(140.424,-61.548,-3.5E-02));
#6697 = DIRECTION('',(-0.,-0.,-1.));
#6698 = DIRECTION('',(-0.,-1.,0.));
#6699 = ADVANCED_FACE('',(#6700,#6703),#6714,.F.);
#6700 = FACE_BOUND('',#6701,.F.);
#6701 = EDGE_LOOP('',(#6702));
#6702 = ORIENTED_EDGE('',*,*,#6688,.T.);
#6703 = FACE_BOUND('',#6704,.F.);
#6704 = EDGE_LOOP('',(#6705));
#6705 = ORIENTED_EDGE('',*,*,#6706,.T.);
#6706 = EDGE_CURVE('',#6707,#6707,#6709,.T.);
#6707 = VERTEX_POINT('',#6708);
#6708 = CARTESIAN_POINT('',(140.424,-61.673,-3.5E-02));
#6709 = CIRCLE('',#6710,0.125);
#6710 = AXIS2_PLACEMENT_3D('',#6711,#6712,#6713);
#6711 = CARTESIAN_POINT('',(140.424,-61.548,-3.5E-02));
#6712 = DIRECTION('',(-0.,0.,-1.));
#6713 = DIRECTION('',(-0.,-1.,0.));
#6714 = PLANE('',#6715);
#6715 = AXIS2_PLACEMENT_3D('',#6716,#6717,#6718);
#6716 = CARTESIAN_POINT('',(140.424,-61.698,-3.5E-02));
#6717 = DIRECTION('',(0.,0.,1.));
#6718 = DIRECTION('',(1.,0.,-0.));
#6719 = ADVANCED_FACE('',(#6720,#6723),#6734,.T.);
#6720 = FACE_BOUND('',#6721,.T.);
#6721 = EDGE_LOOP('',(#6722));
#6722 = ORIENTED_EDGE('',*,*,#6680,.T.);
#6723 = FACE_BOUND('',#6724,.T.);
#6724 = EDGE_LOOP('',(#6725));
#6725 = ORIENTED_EDGE('',*,*,#6726,.T.);
#6726 = EDGE_CURVE('',#6727,#6727,#6729,.T.);
#6727 = VERTEX_POINT('',#6728);
#6728 = CARTESIAN_POINT('',(140.424,-61.673,1.545));
#6729 = CIRCLE('',#6730,0.125);
#6730 = AXIS2_PLACEMENT_3D('',#6731,#6732,#6733);
#6731 = CARTESIAN_POINT('',(140.424,-61.548,1.545));
#6732 = DIRECTION('',(-0.,0.,-1.));
#6733 = DIRECTION('',(-0.,-1.,0.));
#6734 = PLANE('',#6735);
#6735 = AXIS2_PLACEMENT_3D('',#6736,#6737,#6738);
#6736 = CARTESIAN_POINT('',(140.424,-61.698,1.545));
#6737 = DIRECTION('',(0.,0.,1.));
#6738 = DIRECTION('',(1.,0.,-0.));
#6739 = ADVANCED_FACE('',(#6740),#6751,.F.);
#6740 = FACE_BOUND('',#6741,.T.);
#6741 = EDGE_LOOP('',(#6742,#6743,#6749,#6750));
#6742 = ORIENTED_EDGE('',*,*,#6706,.T.);
#6743 = ORIENTED_EDGE('',*,*,#6744,.T.);
#6744 = EDGE_CURVE('',#6707,#6727,#6745,.T.);
#6745 = LINE('',#6746,#6747);
#6746 = CARTESIAN_POINT('',(140.424,-61.673,-3.6E-02));
#6747 = VECTOR('',#6748,1.);
#6748 = DIRECTION('',(0.,0.,1.));
#6749 = ORIENTED_EDGE('',*,*,#6726,.F.);
#6750 = ORIENTED_EDGE('',*,*,#6744,.F.);
#6751 = CYLINDRICAL_SURFACE('',#6752,0.125);
#6752 = AXIS2_PLACEMENT_3D('',#6753,#6754,#6755);
#6753 = CARTESIAN_POINT('',(140.424,-61.548,-3.6E-02));
#6754 = DIRECTION('',(-0.,-0.,-1.));
#6755 = DIRECTION('',(-0.,-1.,0.));
#6756 = MANIFOLD_SOLID_BREP('',#6757);
#6757 = CLOSED_SHELL('',(#6758,#6791,#6811,#6831));
#6758 = ADVANCED_FACE('',(#6759),#6786,.T.);
#6759 = FACE_BOUND('',#6760,.F.);
#6760 = EDGE_LOOP('',(#6761,#6771,#6778,#6779));
#6761 = ORIENTED_EDGE('',*,*,#6762,.T.);
#6762 = EDGE_CURVE('',#6763,#6765,#6767,.T.);
#6763 = VERTEX_POINT('',#6764);
#6764 = CARTESIAN_POINT('',(137.652,-76.158,-3.5E-02));
#6765 = VERTEX_POINT('',#6766);
#6766 = CARTESIAN_POINT('',(137.652,-76.158,1.545));
#6767 = LINE('',#6768,#6769);
#6768 = CARTESIAN_POINT('',(137.652,-76.158,-3.5E-02));
#6769 = VECTOR('',#6770,1.);
#6770 = DIRECTION('',(0.,0.,1.));
#6771 = ORIENTED_EDGE('',*,*,#6772,.T.);
#6772 = EDGE_CURVE('',#6765,#6765,#6773,.T.);
#6773 = CIRCLE('',#6774,0.15);
#6774 = AXIS2_PLACEMENT_3D('',#6775,#6776,#6777);
#6775 = CARTESIAN_POINT('',(137.652,-76.008,1.545));
#6776 = DIRECTION('',(0.,0.,1.));
#6777 = DIRECTION('',(-0.,-1.,0.));
#6778 = ORIENTED_EDGE('',*,*,#6762,.F.);
#6779 = ORIENTED_EDGE('',*,*,#6780,.F.);
#6780 = EDGE_CURVE('',#6763,#6763,#6781,.T.);
#6781 = CIRCLE('',#6782,0.15);
#6782 = AXIS2_PLACEMENT_3D('',#6783,#6784,#6785);
#6783 = CARTESIAN_POINT('',(137.652,-76.008,-3.5E-02));
#6784 = DIRECTION('',(0.,0.,1.));
#6785 = DIRECTION('',(-0.,-1.,0.));
#6786 = CYLINDRICAL_SURFACE('',#6787,0.15);
#6787 = AXIS2_PLACEMENT_3D('',#6788,#6789,#6790);
#6788 = CARTESIAN_POINT('',(137.652,-76.008,-3.5E-02));
#6789 = DIRECTION('',(-0.,-0.,-1.));
#6790 = DIRECTION('',(-0.,-1.,0.));
#6791 = ADVANCED_FACE('',(#6792,#6795),#6806,.F.);
#6792 = FACE_BOUND('',#6793,.F.);
#6793 = EDGE_LOOP('',(#6794));
#6794 = ORIENTED_EDGE('',*,*,#6780,.T.);
#6795 = FACE_BOUND('',#6796,.F.);
#6796 = EDGE_LOOP('',(#6797));
#6797 = ORIENTED_EDGE('',*,*,#6798,.T.);
#6798 = EDGE_CURVE('',#6799,#6799,#6801,.T.);
#6799 = VERTEX_POINT('',#6800);
#6800 = CARTESIAN_POINT('',(137.652,-76.133,-3.5E-02));
#6801 = CIRCLE('',#6802,0.125);
#6802 = AXIS2_PLACEMENT_3D('',#6803,#6804,#6805);
#6803 = CARTESIAN_POINT('',(137.652,-76.008,-3.5E-02));
#6804 = DIRECTION('',(-0.,0.,-1.));
#6805 = DIRECTION('',(-0.,-1.,0.));
#6806 = PLANE('',#6807);
#6807 = AXIS2_PLACEMENT_3D('',#6808,#6809,#6810);
#6808 = CARTESIAN_POINT('',(137.652,-76.158,-3.5E-02));
#6809 = DIRECTION('',(0.,0.,1.));
#6810 = DIRECTION('',(1.,0.,-0.));
#6811 = ADVANCED_FACE('',(#6812,#6815),#6826,.T.);
#6812 = FACE_BOUND('',#6813,.T.);
#6813 = EDGE_LOOP('',(#6814));
#6814 = ORIENTED_EDGE('',*,*,#6772,.T.);
#6815 = FACE_BOUND('',#6816,.T.);
#6816 = EDGE_LOOP('',(#6817));
#6817 = ORIENTED_EDGE('',*,*,#6818,.T.);
#6818 = EDGE_CURVE('',#6819,#6819,#6821,.T.);
#6819 = VERTEX_POINT('',#6820);
#6820 = CARTESIAN_POINT('',(137.652,-76.133,1.545));
#6821 = CIRCLE('',#6822,0.125);
#6822 = AXIS2_PLACEMENT_3D('',#6823,#6824,#6825);
#6823 = CARTESIAN_POINT('',(137.652,-76.008,1.545));
#6824 = DIRECTION('',(-0.,0.,-1.));
#6825 = DIRECTION('',(-0.,-1.,0.));
#6826 = PLANE('',#6827);
#6827 = AXIS2_PLACEMENT_3D('',#6828,#6829,#6830);
#6828 = CARTESIAN_POINT('',(137.652,-76.158,1.545));
#6829 = DIRECTION('',(0.,0.,1.));
#6830 = DIRECTION('',(1.,0.,-0.));
#6831 = ADVANCED_FACE('',(#6832),#6843,.F.);
#6832 = FACE_BOUND('',#6833,.T.);
#6833 = EDGE_LOOP('',(#6834,#6835,#6841,#6842));
#6834 = ORIENTED_EDGE('',*,*,#6798,.T.);
#6835 = ORIENTED_EDGE('',*,*,#6836,.T.);
#6836 = EDGE_CURVE('',#6799,#6819,#6837,.T.);
#6837 = LINE('',#6838,#6839);
#6838 = CARTESIAN_POINT('',(137.652,-76.133,-3.6E-02));
#6839 = VECTOR('',#6840,1.);
#6840 = DIRECTION('',(0.,0.,1.));
#6841 = ORIENTED_EDGE('',*,*,#6818,.F.);
#6842 = ORIENTED_EDGE('',*,*,#6836,.F.);
#6843 = CYLINDRICAL_SURFACE('',#6844,0.125);
#6844 = AXIS2_PLACEMENT_3D('',#6845,#6846,#6847);
#6845 = CARTESIAN_POINT('',(137.652,-76.008,-3.6E-02));
#6846 = DIRECTION('',(-0.,-0.,-1.));
#6847 = DIRECTION('',(-0.,-1.,0.));
#6848 = MANIFOLD_SOLID_BREP('',#6849);
#6849 = CLOSED_SHELL('',(#6850,#6883,#6903,#6923));
#6850 = ADVANCED_FACE('',(#6851),#6878,.T.);
#6851 = FACE_BOUND('',#6852,.F.);
#6852 = EDGE_LOOP('',(#6853,#6863,#6870,#6871));
#6853 = ORIENTED_EDGE('',*,*,#6854,.T.);
#6854 = EDGE_CURVE('',#6855,#6857,#6859,.T.);
#6855 = VERTEX_POINT('',#6856);
#6856 = CARTESIAN_POINT('',(144.078,-71.814,-3.5E-02));
#6857 = VERTEX_POINT('',#6858);
#6858 = CARTESIAN_POINT('',(144.078,-71.814,1.545));
#6859 = LINE('',#6860,#6861);
#6860 = CARTESIAN_POINT('',(144.078,-71.814,-3.5E-02));
#6861 = VECTOR('',#6862,1.);
#6862 = DIRECTION('',(0.,0.,1.));
#6863 = ORIENTED_EDGE('',*,*,#6864,.T.);
#6864 = EDGE_CURVE('',#6857,#6857,#6865,.T.);
#6865 = CIRCLE('',#6866,0.15);
#6866 = AXIS2_PLACEMENT_3D('',#6867,#6868,#6869);
#6867 = CARTESIAN_POINT('',(144.078,-71.664,1.545));
#6868 = DIRECTION('',(0.,0.,1.));
#6869 = DIRECTION('',(-0.,-1.,0.));
#6870 = ORIENTED_EDGE('',*,*,#6854,.F.);
#6871 = ORIENTED_EDGE('',*,*,#6872,.F.);
#6872 = EDGE_CURVE('',#6855,#6855,#6873,.T.);
#6873 = CIRCLE('',#6874,0.15);
#6874 = AXIS2_PLACEMENT_3D('',#6875,#6876,#6877);
#6875 = CARTESIAN_POINT('',(144.078,-71.664,-3.5E-02));
#6876 = DIRECTION('',(0.,0.,1.));
#6877 = DIRECTION('',(-0.,-1.,0.));
#6878 = CYLINDRICAL_SURFACE('',#6879,0.15);
#6879 = AXIS2_PLACEMENT_3D('',#6880,#6881,#6882);
#6880 = CARTESIAN_POINT('',(144.078,-71.664,-3.5E-02));
#6881 = DIRECTION('',(-0.,-0.,-1.));
#6882 = DIRECTION('',(-0.,-1.,0.));
#6883 = ADVANCED_FACE('',(#6884,#6887),#6898,.F.);
#6884 = FACE_BOUND('',#6885,.F.);
#6885 = EDGE_LOOP('',(#6886));
#6886 = ORIENTED_EDGE('',*,*,#6872,.T.);
#6887 = FACE_BOUND('',#6888,.F.);
#6888 = EDGE_LOOP('',(#6889));
#6889 = ORIENTED_EDGE('',*,*,#6890,.T.);
#6890 = EDGE_CURVE('',#6891,#6891,#6893,.T.);
#6891 = VERTEX_POINT('',#6892);
#6892 = CARTESIAN_POINT('',(144.078,-71.789,-3.5E-02));
#6893 = CIRCLE('',#6894,0.125);
#6894 = AXIS2_PLACEMENT_3D('',#6895,#6896,#6897);
#6895 = CARTESIAN_POINT('',(144.078,-71.664,-3.5E-02));
#6896 = DIRECTION('',(-0.,0.,-1.));
#6897 = DIRECTION('',(-0.,-1.,0.));
#6898 = PLANE('',#6899);
#6899 = AXIS2_PLACEMENT_3D('',#6900,#6901,#6902);
#6900 = CARTESIAN_POINT('',(144.078,-71.814,-3.5E-02));
#6901 = DIRECTION('',(0.,0.,1.));
#6902 = DIRECTION('',(1.,0.,-0.));
#6903 = ADVANCED_FACE('',(#6904,#6907),#6918,.T.);
#6904 = FACE_BOUND('',#6905,.T.);
#6905 = EDGE_LOOP('',(#6906));
#6906 = ORIENTED_EDGE('',*,*,#6864,.T.);
#6907 = FACE_BOUND('',#6908,.T.);
#6908 = EDGE_LOOP('',(#6909));
#6909 = ORIENTED_EDGE('',*,*,#6910,.T.);
#6910 = EDGE_CURVE('',#6911,#6911,#6913,.T.);
#6911 = VERTEX_POINT('',#6912);
#6912 = CARTESIAN_POINT('',(144.078,-71.789,1.545));
#6913 = CIRCLE('',#6914,0.125);
#6914 = AXIS2_PLACEMENT_3D('',#6915,#6916,#6917);
#6915 = CARTESIAN_POINT('',(144.078,-71.664,1.545));
#6916 = DIRECTION('',(-0.,0.,-1.));
#6917 = DIRECTION('',(-0.,-1.,0.));
#6918 = PLANE('',#6919);
#6919 = AXIS2_PLACEMENT_3D('',#6920,#6921,#6922);
#6920 = CARTESIAN_POINT('',(144.078,-71.814,1.545));
#6921 = DIRECTION('',(0.,0.,1.));
#6922 = DIRECTION('',(1.,0.,-0.));
#6923 = ADVANCED_FACE('',(#6924),#6935,.F.);
#6924 = FACE_BOUND('',#6925,.T.);
#6925 = EDGE_LOOP('',(#6926,#6927,#6933,#6934));
#6926 = ORIENTED_EDGE('',*,*,#6890,.T.);
#6927 = ORIENTED_EDGE('',*,*,#6928,.T.);
#6928 = EDGE_CURVE('',#6891,#6911,#6929,.T.);
#6929 = LINE('',#6930,#6931);
#6930 = CARTESIAN_POINT('',(144.078,-71.789,-3.6E-02));
#6931 = VECTOR('',#6932,1.);
#6932 = DIRECTION('',(0.,0.,1.));
#6933 = ORIENTED_EDGE('',*,*,#6910,.F.);
#6934 = ORIENTED_EDGE('',*,*,#6928,.F.);
#6935 = CYLINDRICAL_SURFACE('',#6936,0.125);
#6936 = AXIS2_PLACEMENT_3D('',#6937,#6938,#6939);
#6937 = CARTESIAN_POINT('',(144.078,-71.664,-3.6E-02));
#6938 = DIRECTION('',(-0.,-0.,-1.));
#6939 = DIRECTION('',(-0.,-1.,0.));
#6940 = MANIFOLD_SOLID_BREP('',#6941);
#6941 = CLOSED_SHELL('',(#6942,#6975,#6995,#7015));
#6942 = ADVANCED_FACE('',(#6943),#6970,.T.);
#6943 = FACE_BOUND('',#6944,.F.);
#6944 = EDGE_LOOP('',(#6945,#6955,#6962,#6963));
#6945 = ORIENTED_EDGE('',*,*,#6946,.T.);
#6946 = EDGE_CURVE('',#6947,#6949,#6951,.T.);
#6947 = VERTEX_POINT('',#6948);
#6948 = CARTESIAN_POINT('',(146.262,-87.804,-3.5E-02));
#6949 = VERTEX_POINT('',#6950);
#6950 = CARTESIAN_POINT('',(146.262,-87.804,1.545));
#6951 = LINE('',#6952,#6953);
#6952 = CARTESIAN_POINT('',(146.262,-87.804,-3.5E-02));
#6953 = VECTOR('',#6954,1.);
#6954 = DIRECTION('',(0.,0.,1.));
#6955 = ORIENTED_EDGE('',*,*,#6956,.T.);
#6956 = EDGE_CURVE('',#6949,#6949,#6957,.T.);
#6957 = CIRCLE('',#6958,0.15);
#6958 = AXIS2_PLACEMENT_3D('',#6959,#6960,#6961);
#6959 = CARTESIAN_POINT('',(146.262,-87.654,1.545));
#6960 = DIRECTION('',(0.,0.,1.));
#6961 = DIRECTION('',(-0.,-1.,0.));
#6962 = ORIENTED_EDGE('',*,*,#6946,.F.);
#6963 = ORIENTED_EDGE('',*,*,#6964,.F.);
#6964 = EDGE_CURVE('',#6947,#6947,#6965,.T.);
#6965 = CIRCLE('',#6966,0.15);
#6966 = AXIS2_PLACEMENT_3D('',#6967,#6968,#6969);
#6967 = CARTESIAN_POINT('',(146.262,-87.654,-3.5E-02));
#6968 = DIRECTION('',(0.,0.,1.));
#6969 = DIRECTION('',(-0.,-1.,0.));
#6970 = CYLINDRICAL_SURFACE('',#6971,0.15);
#6971 = AXIS2_PLACEMENT_3D('',#6972,#6973,#6974);
#6972 = CARTESIAN_POINT('',(146.262,-87.654,-3.5E-02));
#6973 = DIRECTION('',(-0.,-0.,-1.));
#6974 = DIRECTION('',(-0.,-1.,0.));
#6975 = ADVANCED_FACE('',(#6976,#6979),#6990,.F.);
#6976 = FACE_BOUND('',#6977,.F.);
#6977 = EDGE_LOOP('',(#6978));
#6978 = ORIENTED_EDGE('',*,*,#6964,.T.);
#6979 = FACE_BOUND('',#6980,.F.);
#6980 = EDGE_LOOP('',(#6981));
#6981 = ORIENTED_EDGE('',*,*,#6982,.T.);
#6982 = EDGE_CURVE('',#6983,#6983,#6985,.T.);
#6983 = VERTEX_POINT('',#6984);
#6984 = CARTESIAN_POINT('',(146.262,-87.779,-3.5E-02));
#6985 = CIRCLE('',#6986,0.125);
#6986 = AXIS2_PLACEMENT_3D('',#6987,#6988,#6989);
#6987 = CARTESIAN_POINT('',(146.262,-87.654,-3.5E-02));
#6988 = DIRECTION('',(-0.,0.,-1.));
#6989 = DIRECTION('',(-0.,-1.,0.));
#6990 = PLANE('',#6991);
#6991 = AXIS2_PLACEMENT_3D('',#6992,#6993,#6994);
#6992 = CARTESIAN_POINT('',(146.262,-87.804,-3.5E-02));
#6993 = DIRECTION('',(0.,0.,1.));
#6994 = DIRECTION('',(1.,0.,-0.));
#6995 = ADVANCED_FACE('',(#6996,#6999),#7010,.T.);
#6996 = FACE_BOUND('',#6997,.T.);
#6997 = EDGE_LOOP('',(#6998));
#6998 = ORIENTED_EDGE('',*,*,#6956,.T.);
#6999 = FACE_BOUND('',#7000,.T.);
#7000 = EDGE_LOOP('',(#7001));
#7001 = ORIENTED_EDGE('',*,*,#7002,.T.);
#7002 = EDGE_CURVE('',#7003,#7003,#7005,.T.);
#7003 = VERTEX_POINT('',#7004);
#7004 = CARTESIAN_POINT('',(146.262,-87.779,1.545));
#7005 = CIRCLE('',#7006,0.125);
#7006 = AXIS2_PLACEMENT_3D('',#7007,#7008,#7009);
#7007 = CARTESIAN_POINT('',(146.262,-87.654,1.545));
#7008 = DIRECTION('',(-0.,0.,-1.));
#7009 = DIRECTION('',(-0.,-1.,0.));
#7010 = PLANE('',#7011);
#7011 = AXIS2_PLACEMENT_3D('',#7012,#7013,#7014);
#7012 = CARTESIAN_POINT('',(146.262,-87.804,1.545));
#7013 = DIRECTION('',(0.,0.,1.));
#7014 = DIRECTION('',(1.,0.,-0.));
#7015 = ADVANCED_FACE('',(#7016),#7027,.F.);
#7016 = FACE_BOUND('',#7017,.T.);
#7017 = EDGE_LOOP('',(#7018,#7019,#7025,#7026));
#7018 = ORIENTED_EDGE('',*,*,#6982,.T.);
#7019 = ORIENTED_EDGE('',*,*,#7020,.T.);
#7020 = EDGE_CURVE('',#6983,#7003,#7021,.T.);
#7021 = LINE('',#7022,#7023);
#7022 = CARTESIAN_POINT('',(146.262,-87.779,-3.6E-02));
#7023 = VECTOR('',#7024,1.);
#7024 = DIRECTION('',(0.,0.,1.));
#7025 = ORIENTED_EDGE('',*,*,#7002,.F.);
#7026 = ORIENTED_EDGE('',*,*,#7020,.F.);
#7027 = CYLINDRICAL_SURFACE('',#7028,0.125);
#7028 = AXIS2_PLACEMENT_3D('',#7029,#7030,#7031);
#7029 = CARTESIAN_POINT('',(146.262,-87.654,-3.6E-02));
#7030 = DIRECTION('',(-0.,-0.,-1.));
#7031 = DIRECTION('',(-0.,-1.,0.));
#7032 = MANIFOLD_SOLID_BREP('',#7033);
#7033 = CLOSED_SHELL('',(#7034,#7067,#7087,#7107));
#7034 = ADVANCED_FACE('',(#7035),#7062,.T.);
#7035 = FACE_BOUND('',#7036,.F.);
#7036 = EDGE_LOOP('',(#7037,#7047,#7054,#7055));
#7037 = ORIENTED_EDGE('',*,*,#7038,.T.);
#7038 = EDGE_CURVE('',#7039,#7041,#7043,.T.);
#7039 = VERTEX_POINT('',#7040);
#7040 = CARTESIAN_POINT('',(131.334,-87.744,-3.5E-02));
#7041 = VERTEX_POINT('',#7042);
#7042 = CARTESIAN_POINT('',(131.334,-87.744,1.545));
#7043 = LINE('',#7044,#7045);
#7044 = CARTESIAN_POINT('',(131.334,-87.744,-3.5E-02));
#7045 = VECTOR('',#7046,1.);
#7046 = DIRECTION('',(0.,0.,1.));
#7047 = ORIENTED_EDGE('',*,*,#7048,.T.);
#7048 = EDGE_CURVE('',#7041,#7041,#7049,.T.);
#7049 = CIRCLE('',#7050,0.15);
#7050 = AXIS2_PLACEMENT_3D('',#7051,#7052,#7053);
#7051 = CARTESIAN_POINT('',(131.334,-87.594,1.545));
#7052 = DIRECTION('',(0.,0.,1.));
#7053 = DIRECTION('',(-0.,-1.,0.));
#7054 = ORIENTED_EDGE('',*,*,#7038,.F.);
#7055 = ORIENTED_EDGE('',*,*,#7056,.F.);
#7056 = EDGE_CURVE('',#7039,#7039,#7057,.T.);
#7057 = CIRCLE('',#7058,0.15);
#7058 = AXIS2_PLACEMENT_3D('',#7059,#7060,#7061);
#7059 = CARTESIAN_POINT('',(131.334,-87.594,-3.5E-02));
#7060 = DIRECTION('',(0.,0.,1.));
#7061 = DIRECTION('',(-0.,-1.,0.));
#7062 = CYLINDRICAL_SURFACE('',#7063,0.15);
#7063 = AXIS2_PLACEMENT_3D('',#7064,#7065,#7066);
#7064 = CARTESIAN_POINT('',(131.334,-87.594,-3.5E-02));
#7065 = DIRECTION('',(-0.,-0.,-1.));
#7066 = DIRECTION('',(-0.,-1.,0.));
#7067 = ADVANCED_FACE('',(#7068,#7071),#7082,.F.);
#7068 = FACE_BOUND('',#7069,.F.);
#7069 = EDGE_LOOP('',(#7070));
#7070 = ORIENTED_EDGE('',*,*,#7056,.T.);
#7071 = FACE_BOUND('',#7072,.F.);
#7072 = EDGE_LOOP('',(#7073));
#7073 = ORIENTED_EDGE('',*,*,#7074,.T.);
#7074 = EDGE_CURVE('',#7075,#7075,#7077,.T.);
#7075 = VERTEX_POINT('',#7076);
#7076 = CARTESIAN_POINT('',(131.334,-87.719,-3.5E-02));
#7077 = CIRCLE('',#7078,0.125);
#7078 = AXIS2_PLACEMENT_3D('',#7079,#7080,#7081);
#7079 = CARTESIAN_POINT('',(131.334,-87.594,-3.5E-02));
#7080 = DIRECTION('',(-0.,0.,-1.));
#7081 = DIRECTION('',(-0.,-1.,0.));
#7082 = PLANE('',#7083);
#7083 = AXIS2_PLACEMENT_3D('',#7084,#7085,#7086);
#7084 = CARTESIAN_POINT('',(131.334,-87.744,-3.5E-02));
#7085 = DIRECTION('',(0.,0.,1.));
#7086 = DIRECTION('',(1.,0.,-0.));
#7087 = ADVANCED_FACE('',(#7088,#7091),#7102,.T.);
#7088 = FACE_BOUND('',#7089,.T.);
#7089 = EDGE_LOOP('',(#7090));
#7090 = ORIENTED_EDGE('',*,*,#7048,.T.);
#7091 = FACE_BOUND('',#7092,.T.);
#7092 = EDGE_LOOP('',(#7093));
#7093 = ORIENTED_EDGE('',*,*,#7094,.T.);
#7094 = EDGE_CURVE('',#7095,#7095,#7097,.T.);
#7095 = VERTEX_POINT('',#7096);
#7096 = CARTESIAN_POINT('',(131.334,-87.719,1.545));
#7097 = CIRCLE('',#7098,0.125);
#7098 = AXIS2_PLACEMENT_3D('',#7099,#7100,#7101);
#7099 = CARTESIAN_POINT('',(131.334,-87.594,1.545));
#7100 = DIRECTION('',(-0.,0.,-1.));
#7101 = DIRECTION('',(-0.,-1.,0.));
#7102 = PLANE('',#7103);
#7103 = AXIS2_PLACEMENT_3D('',#7104,#7105,#7106);
#7104 = CARTESIAN_POINT('',(131.334,-87.744,1.545));
#7105 = DIRECTION('',(0.,0.,1.));
#7106 = DIRECTION('',(1.,0.,-0.));
#7107 = ADVANCED_FACE('',(#7108),#7119,.F.);
#7108 = FACE_BOUND('',#7109,.T.);
#7109 = EDGE_LOOP('',(#7110,#7111,#7117,#7118));
#7110 = ORIENTED_EDGE('',*,*,#7074,.T.);
#7111 = ORIENTED_EDGE('',*,*,#7112,.T.);
#7112 = EDGE_CURVE('',#7075,#7095,#7113,.T.);
#7113 = LINE('',#7114,#7115);
#7114 = CARTESIAN_POINT('',(131.334,-87.719,-3.6E-02));
#7115 = VECTOR('',#7116,1.);
#7116 = DIRECTION('',(0.,0.,1.));
#7117 = ORIENTED_EDGE('',*,*,#7094,.F.);
#7118 = ORIENTED_EDGE('',*,*,#7112,.F.);
#7119 = CYLINDRICAL_SURFACE('',#7120,0.125);
#7120 = AXIS2_PLACEMENT_3D('',#7121,#7122,#7123);
#7121 = CARTESIAN_POINT('',(131.334,-87.594,-3.6E-02));
#7122 = DIRECTION('',(-0.,-0.,-1.));
#7123 = DIRECTION('',(-0.,-1.,0.));
#7124 = MANIFOLD_SOLID_BREP('',#7125);
#7125 = CLOSED_SHELL('',(#7126,#7159,#7179,#7199));
#7126 = ADVANCED_FACE('',(#7127),#7154,.T.);
#7127 = FACE_BOUND('',#7128,.F.);
#7128 = EDGE_LOOP('',(#7129,#7139,#7146,#7147));
#7129 = ORIENTED_EDGE('',*,*,#7130,.T.);
#7130 = EDGE_CURVE('',#7131,#7133,#7135,.T.);
#7131 = VERTEX_POINT('',#7132);
#7132 = CARTESIAN_POINT('',(140.214,-76.146,-3.5E-02));
#7133 = VERTEX_POINT('',#7134);
#7134 = CARTESIAN_POINT('',(140.214,-76.146,1.545));
#7135 = LINE('',#7136,#7137);
#7136 = CARTESIAN_POINT('',(140.214,-76.146,-3.5E-02));
#7137 = VECTOR('',#7138,1.);
#7138 = DIRECTION('',(0.,0.,1.));
#7139 = ORIENTED_EDGE('',*,*,#7140,.T.);
#7140 = EDGE_CURVE('',#7133,#7133,#7141,.T.);
#7141 = CIRCLE('',#7142,0.15);
#7142 = AXIS2_PLACEMENT_3D('',#7143,#7144,#7145);
#7143 = CARTESIAN_POINT('',(140.214,-75.996,1.545));
#7144 = DIRECTION('',(0.,0.,1.));
#7145 = DIRECTION('',(-0.,-1.,0.));
#7146 = ORIENTED_EDGE('',*,*,#7130,.F.);
#7147 = ORIENTED_EDGE('',*,*,#7148,.F.);
#7148 = EDGE_CURVE('',#7131,#7131,#7149,.T.);
#7149 = CIRCLE('',#7150,0.15);
#7150 = AXIS2_PLACEMENT_3D('',#7151,#7152,#7153);
#7151 = CARTESIAN_POINT('',(140.214,-75.996,-3.5E-02));
#7152 = DIRECTION('',(0.,0.,1.));
#7153 = DIRECTION('',(-0.,-1.,0.));
#7154 = CYLINDRICAL_SURFACE('',#7155,0.15);
#7155 = AXIS2_PLACEMENT_3D('',#7156,#7157,#7158);
#7156 = CARTESIAN_POINT('',(140.214,-75.996,-3.5E-02));
#7157 = DIRECTION('',(-0.,-0.,-1.));
#7158 = DIRECTION('',(-0.,-1.,0.));
#7159 = ADVANCED_FACE('',(#7160,#7163),#7174,.F.);
#7160 = FACE_BOUND('',#7161,.F.);
#7161 = EDGE_LOOP('',(#7162));
#7162 = ORIENTED_EDGE('',*,*,#7148,.T.);
#7163 = FACE_BOUND('',#7164,.F.);
#7164 = EDGE_LOOP('',(#7165));
#7165 = ORIENTED_EDGE('',*,*,#7166,.T.);
#7166 = EDGE_CURVE('',#7167,#7167,#7169,.T.);
#7167 = VERTEX_POINT('',#7168);
#7168 = CARTESIAN_POINT('',(140.214,-76.121,-3.5E-02));
#7169 = CIRCLE('',#7170,0.125);
#7170 = AXIS2_PLACEMENT_3D('',#7171,#7172,#7173);
#7171 = CARTESIAN_POINT('',(140.214,-75.996,-3.5E-02));
#7172 = DIRECTION('',(-0.,0.,-1.));
#7173 = DIRECTION('',(-0.,-1.,0.));
#7174 = PLANE('',#7175);
#7175 = AXIS2_PLACEMENT_3D('',#7176,#7177,#7178);
#7176 = CARTESIAN_POINT('',(140.214,-76.146,-3.5E-02));
#7177 = DIRECTION('',(0.,0.,1.));
#7178 = DIRECTION('',(1.,0.,-0.));
#7179 = ADVANCED_FACE('',(#7180,#7183),#7194,.T.);
#7180 = FACE_BOUND('',#7181,.T.);
#7181 = EDGE_LOOP('',(#7182));
#7182 = ORIENTED_EDGE('',*,*,#7140,.T.);
#7183 = FACE_BOUND('',#7184,.T.);
#7184 = EDGE_LOOP('',(#7185));
#7185 = ORIENTED_EDGE('',*,*,#7186,.T.);
#7186 = EDGE_CURVE('',#7187,#7187,#7189,.T.);
#7187 = VERTEX_POINT('',#7188);
#7188 = CARTESIAN_POINT('',(140.214,-76.121,1.545));
#7189 = CIRCLE('',#7190,0.125);
#7190 = AXIS2_PLACEMENT_3D('',#7191,#7192,#7193);
#7191 = CARTESIAN_POINT('',(140.214,-75.996,1.545));
#7192 = DIRECTION('',(-0.,0.,-1.));
#7193 = DIRECTION('',(-0.,-1.,0.));
#7194 = PLANE('',#7195);
#7195 = AXIS2_PLACEMENT_3D('',#7196,#7197,#7198);
#7196 = CARTESIAN_POINT('',(140.214,-76.146,1.545));
#7197 = DIRECTION('',(0.,0.,1.));
#7198 = DIRECTION('',(1.,0.,-0.));
#7199 = ADVANCED_FACE('',(#7200),#7211,.F.);
#7200 = FACE_BOUND('',#7201,.T.);
#7201 = EDGE_LOOP('',(#7202,#7203,#7209,#7210));
#7202 = ORIENTED_EDGE('',*,*,#7166,.T.);
#7203 = ORIENTED_EDGE('',*,*,#7204,.T.);
#7204 = EDGE_CURVE('',#7167,#7187,#7205,.T.);
#7205 = LINE('',#7206,#7207);
#7206 = CARTESIAN_POINT('',(140.214,-76.121,-3.6E-02));
#7207 = VECTOR('',#7208,1.);
#7208 = DIRECTION('',(0.,0.,1.));
#7209 = ORIENTED_EDGE('',*,*,#7186,.F.);
#7210 = ORIENTED_EDGE('',*,*,#7204,.F.);
#7211 = CYLINDRICAL_SURFACE('',#7212,0.125);
#7212 = AXIS2_PLACEMENT_3D('',#7213,#7214,#7215);
#7213 = CARTESIAN_POINT('',(140.214,-75.996,-3.6E-02));
#7214 = DIRECTION('',(-0.,-0.,-1.));
#7215 = DIRECTION('',(-0.,-1.,0.));
#7216 = MANIFOLD_SOLID_BREP('',#7217);
#7217 = CLOSED_SHELL('',(#7218,#7251,#7271,#7291));
#7218 = ADVANCED_FACE('',(#7219),#7246,.T.);
#7219 = FACE_BOUND('',#7220,.F.);
#7220 = EDGE_LOOP('',(#7221,#7231,#7238,#7239));
#7221 = ORIENTED_EDGE('',*,*,#7222,.T.);
#7222 = EDGE_CURVE('',#7223,#7225,#7227,.T.);
#7223 = VERTEX_POINT('',#7224);
#7224 = CARTESIAN_POINT('',(144.078,-74.43,-3.5E-02));
#7225 = VERTEX_POINT('',#7226);
#7226 = CARTESIAN_POINT('',(144.078,-74.43,1.545));
#7227 = LINE('',#7228,#7229);
#7228 = CARTESIAN_POINT('',(144.078,-74.43,-3.5E-02));
#7229 = VECTOR('',#7230,1.);
#7230 = DIRECTION('',(0.,0.,1.));
#7231 = ORIENTED_EDGE('',*,*,#7232,.T.);
#7232 = EDGE_CURVE('',#7225,#7225,#7233,.T.);
#7233 = CIRCLE('',#7234,0.15);
#7234 = AXIS2_PLACEMENT_3D('',#7235,#7236,#7237);
#7235 = CARTESIAN_POINT('',(144.078,-74.28,1.545));
#7236 = DIRECTION('',(0.,0.,1.));
#7237 = DIRECTION('',(-0.,-1.,0.));
#7238 = ORIENTED_EDGE('',*,*,#7222,.F.);
#7239 = ORIENTED_EDGE('',*,*,#7240,.F.);
#7240 = EDGE_CURVE('',#7223,#7223,#7241,.T.);
#7241 = CIRCLE('',#7242,0.15);
#7242 = AXIS2_PLACEMENT_3D('',#7243,#7244,#7245);
#7243 = CARTESIAN_POINT('',(144.078,-74.28,-3.5E-02));
#7244 = DIRECTION('',(0.,0.,1.));
#7245 = DIRECTION('',(-0.,-1.,0.));
#7246 = CYLINDRICAL_SURFACE('',#7247,0.15);
#7247 = AXIS2_PLACEMENT_3D('',#7248,#7249,#7250);
#7248 = CARTESIAN_POINT('',(144.078,-74.28,-3.5E-02));
#7249 = DIRECTION('',(-0.,-0.,-1.));
#7250 = DIRECTION('',(-0.,-1.,0.));
#7251 = ADVANCED_FACE('',(#7252,#7255),#7266,.F.);
#7252 = FACE_BOUND('',#7253,.F.);
#7253 = EDGE_LOOP('',(#7254));
#7254 = ORIENTED_EDGE('',*,*,#7240,.T.);
#7255 = FACE_BOUND('',#7256,.F.);
#7256 = EDGE_LOOP('',(#7257));
#7257 = ORIENTED_EDGE('',*,*,#7258,.T.);
#7258 = EDGE_CURVE('',#7259,#7259,#7261,.T.);
#7259 = VERTEX_POINT('',#7260);
#7260 = CARTESIAN_POINT('',(144.078,-74.405,-3.5E-02));
#7261 = CIRCLE('',#7262,0.125);
#7262 = AXIS2_PLACEMENT_3D('',#7263,#7264,#7265);
#7263 = CARTESIAN_POINT('',(144.078,-74.28,-3.5E-02));
#7264 = DIRECTION('',(-0.,0.,-1.));
#7265 = DIRECTION('',(-0.,-1.,0.));
#7266 = PLANE('',#7267);
#7267 = AXIS2_PLACEMENT_3D('',#7268,#7269,#7270);
#7268 = CARTESIAN_POINT('',(144.078,-74.43,-3.5E-02));
#7269 = DIRECTION('',(0.,0.,1.));
#7270 = DIRECTION('',(1.,0.,-0.));
#7271 = ADVANCED_FACE('',(#7272,#7275),#7286,.T.);
#7272 = FACE_BOUND('',#7273,.T.);
#7273 = EDGE_LOOP('',(#7274));
#7274 = ORIENTED_EDGE('',*,*,#7232,.T.);
#7275 = FACE_BOUND('',#7276,.T.);
#7276 = EDGE_LOOP('',(#7277));
#7277 = ORIENTED_EDGE('',*,*,#7278,.T.);
#7278 = EDGE_CURVE('',#7279,#7279,#7281,.T.);
#7279 = VERTEX_POINT('',#7280);
#7280 = CARTESIAN_POINT('',(144.078,-74.405,1.545));
#7281 = CIRCLE('',#7282,0.125);
#7282 = AXIS2_PLACEMENT_3D('',#7283,#7284,#7285);
#7283 = CARTESIAN_POINT('',(144.078,-74.28,1.545));
#7284 = DIRECTION('',(-0.,0.,-1.));
#7285 = DIRECTION('',(-0.,-1.,0.));
#7286 = PLANE('',#7287);
#7287 = AXIS2_PLACEMENT_3D('',#7288,#7289,#7290);
#7288 = CARTESIAN_POINT('',(144.078,-74.43,1.545));
#7289 = DIRECTION('',(0.,0.,1.));
#7290 = DIRECTION('',(1.,0.,-0.));
#7291 = ADVANCED_FACE('',(#7292),#7303,.F.);
#7292 = FACE_BOUND('',#7293,.T.);
#7293 = EDGE_LOOP('',(#7294,#7295,#7301,#7302));
#7294 = ORIENTED_EDGE('',*,*,#7258,.T.);
#7295 = ORIENTED_EDGE('',*,*,#7296,.T.);
#7296 = EDGE_CURVE('',#7259,#7279,#7297,.T.);
#7297 = LINE('',#7298,#7299);
#7298 = CARTESIAN_POINT('',(144.078,-74.405,-3.6E-02));
#7299 = VECTOR('',#7300,1.);
#7300 = DIRECTION('',(0.,0.,1.));
#7301 = ORIENTED_EDGE('',*,*,#7278,.F.);
#7302 = ORIENTED_EDGE('',*,*,#7296,.F.);
#7303 = CYLINDRICAL_SURFACE('',#7304,0.125);
#7304 = AXIS2_PLACEMENT_3D('',#7305,#7306,#7307);
#7305 = CARTESIAN_POINT('',(144.078,-74.28,-3.6E-02));
#7306 = DIRECTION('',(-0.,-0.,-1.));
#7307 = DIRECTION('',(-0.,-1.,0.));
#7308 = MANIFOLD_SOLID_BREP('',#7309);
#7309 = CLOSED_SHELL('',(#7310,#7343,#7363,#7383));
#7310 = ADVANCED_FACE('',(#7311),#7338,.T.);
#7311 = FACE_BOUND('',#7312,.F.);
#7312 = EDGE_LOOP('',(#7313,#7323,#7330,#7331));
#7313 = ORIENTED_EDGE('',*,*,#7314,.T.);
#7314 = EDGE_CURVE('',#7315,#7317,#7319,.T.);
#7315 = VERTEX_POINT('',#7316);
#7316 = CARTESIAN_POINT('',(140.22,-67.428,-3.5E-02));
#7317 = VERTEX_POINT('',#7318);
#7318 = CARTESIAN_POINT('',(140.22,-67.428,1.545));
#7319 = LINE('',#7320,#7321);
#7320 = CARTESIAN_POINT('',(140.22,-67.428,-3.5E-02));
#7321 = VECTOR('',#7322,1.);
#7322 = DIRECTION('',(0.,0.,1.));
#7323 = ORIENTED_EDGE('',*,*,#7324,.T.);
#7324 = EDGE_CURVE('',#7317,#7317,#7325,.T.);
#7325 = CIRCLE('',#7326,0.15);
#7326 = AXIS2_PLACEMENT_3D('',#7327,#7328,#7329);
#7327 = CARTESIAN_POINT('',(140.22,-67.278,1.545));
#7328 = DIRECTION('',(0.,0.,1.));
#7329 = DIRECTION('',(-0.,-1.,0.));
#7330 = ORIENTED_EDGE('',*,*,#7314,.F.);
#7331 = ORIENTED_EDGE('',*,*,#7332,.F.);
#7332 = EDGE_CURVE('',#7315,#7315,#7333,.T.);
#7333 = CIRCLE('',#7334,0.15);
#7334 = AXIS2_PLACEMENT_3D('',#7335,#7336,#7337);
#7335 = CARTESIAN_POINT('',(140.22,-67.278,-3.5E-02));
#7336 = DIRECTION('',(0.,0.,1.));
#7337 = DIRECTION('',(-0.,-1.,0.));
#7338 = CYLINDRICAL_SURFACE('',#7339,0.15);
#7339 = AXIS2_PLACEMENT_3D('',#7340,#7341,#7342);
#7340 = CARTESIAN_POINT('',(140.22,-67.278,-3.5E-02));
#7341 = DIRECTION('',(-0.,-0.,-1.));
#7342 = DIRECTION('',(-0.,-1.,0.));
#7343 = ADVANCED_FACE('',(#7344,#7347),#7358,.F.);
#7344 = FACE_BOUND('',#7345,.F.);
#7345 = EDGE_LOOP('',(#7346));
#7346 = ORIENTED_EDGE('',*,*,#7332,.T.);
#7347 = FACE_BOUND('',#7348,.F.);
#7348 = EDGE_LOOP('',(#7349));
#7349 = ORIENTED_EDGE('',*,*,#7350,.T.);
#7350 = EDGE_CURVE('',#7351,#7351,#7353,.T.);
#7351 = VERTEX_POINT('',#7352);
#7352 = CARTESIAN_POINT('',(140.22,-67.403,-3.5E-02));
#7353 = CIRCLE('',#7354,0.125);
#7354 = AXIS2_PLACEMENT_3D('',#7355,#7356,#7357);
#7355 = CARTESIAN_POINT('',(140.22,-67.278,-3.5E-02));
#7356 = DIRECTION('',(-0.,0.,-1.));
#7357 = DIRECTION('',(-0.,-1.,0.));
#7358 = PLANE('',#7359);
#7359 = AXIS2_PLACEMENT_3D('',#7360,#7361,#7362);
#7360 = CARTESIAN_POINT('',(140.22,-67.428,-3.5E-02));
#7361 = DIRECTION('',(0.,0.,1.));
#7362 = DIRECTION('',(1.,0.,-0.));
#7363 = ADVANCED_FACE('',(#7364,#7367),#7378,.T.);
#7364 = FACE_BOUND('',#7365,.T.);
#7365 = EDGE_LOOP('',(#7366));
#7366 = ORIENTED_EDGE('',*,*,#7324,.T.);
#7367 = FACE_BOUND('',#7368,.T.);
#7368 = EDGE_LOOP('',(#7369));
#7369 = ORIENTED_EDGE('',*,*,#7370,.T.);
#7370 = EDGE_CURVE('',#7371,#7371,#7373,.T.);
#7371 = VERTEX_POINT('',#7372);
#7372 = CARTESIAN_POINT('',(140.22,-67.403,1.545));
#7373 = CIRCLE('',#7374,0.125);
#7374 = AXIS2_PLACEMENT_3D('',#7375,#7376,#7377);
#7375 = CARTESIAN_POINT('',(140.22,-67.278,1.545));
#7376 = DIRECTION('',(-0.,0.,-1.));
#7377 = DIRECTION('',(-0.,-1.,0.));
#7378 = PLANE('',#7379);
#7379 = AXIS2_PLACEMENT_3D('',#7380,#7381,#7382);
#7380 = CARTESIAN_POINT('',(140.22,-67.428,1.545));
#7381 = DIRECTION('',(0.,0.,1.));
#7382 = DIRECTION('',(1.,0.,-0.));
#7383 = ADVANCED_FACE('',(#7384),#7395,.F.);
#7384 = FACE_BOUND('',#7385,.T.);
#7385 = EDGE_LOOP('',(#7386,#7387,#7393,#7394));
#7386 = ORIENTED_EDGE('',*,*,#7350,.T.);
#7387 = ORIENTED_EDGE('',*,*,#7388,.T.);
#7388 = EDGE_CURVE('',#7351,#7371,#7389,.T.);
#7389 = LINE('',#7390,#7391);
#7390 = CARTESIAN_POINT('',(140.22,-67.403,-3.6E-02));
#7391 = VECTOR('',#7392,1.);
#7392 = DIRECTION('',(0.,0.,1.));
#7393 = ORIENTED_EDGE('',*,*,#7370,.F.);
#7394 = ORIENTED_EDGE('',*,*,#7388,.F.);
#7395 = CYLINDRICAL_SURFACE('',#7396,0.125);
#7396 = AXIS2_PLACEMENT_3D('',#7397,#7398,#7399);
#7397 = CARTESIAN_POINT('',(140.22,-67.278,-3.6E-02));
#7398 = DIRECTION('',(-0.,-0.,-1.));
#7399 = DIRECTION('',(-0.,-1.,0.));
#7400 = MANIFOLD_SOLID_BREP('',#7401);
#7401 = CLOSED_SHELL('',(#7402,#7435,#7455,#7475));
#7402 = ADVANCED_FACE('',(#7403),#7430,.T.);
#7403 = FACE_BOUND('',#7404,.F.);
#7404 = EDGE_LOOP('',(#7405,#7415,#7422,#7423));
#7405 = ORIENTED_EDGE('',*,*,#7406,.T.);
#7406 = EDGE_CURVE('',#7407,#7409,#7411,.T.);
#7407 = VERTEX_POINT('',#7408);
#7408 = CARTESIAN_POINT('',(137.676,-67.41,-3.5E-02));
#7409 = VERTEX_POINT('',#7410);
#7410 = CARTESIAN_POINT('',(137.676,-67.41,1.545));
#7411 = LINE('',#7412,#7413);
#7412 = CARTESIAN_POINT('',(137.676,-67.41,-3.5E-02));
#7413 = VECTOR('',#7414,1.);
#7414 = DIRECTION('',(0.,0.,1.));
#7415 = ORIENTED_EDGE('',*,*,#7416,.T.);
#7416 = EDGE_CURVE('',#7409,#7409,#7417,.T.);
#7417 = CIRCLE('',#7418,0.15);
#7418 = AXIS2_PLACEMENT_3D('',#7419,#7420,#7421);
#7419 = CARTESIAN_POINT('',(137.676,-67.26,1.545));
#7420 = DIRECTION('',(0.,0.,1.));
#7421 = DIRECTION('',(-0.,-1.,0.));
#7422 = ORIENTED_EDGE('',*,*,#7406,.F.);
#7423 = ORIENTED_EDGE('',*,*,#7424,.F.);
#7424 = EDGE_CURVE('',#7407,#7407,#7425,.T.);
#7425 = CIRCLE('',#7426,0.15);
#7426 = AXIS2_PLACEMENT_3D('',#7427,#7428,#7429);
#7427 = CARTESIAN_POINT('',(137.676,-67.26,-3.5E-02));
#7428 = DIRECTION('',(0.,0.,1.));
#7429 = DIRECTION('',(-0.,-1.,0.));
#7430 = CYLINDRICAL_SURFACE('',#7431,0.15);
#7431 = AXIS2_PLACEMENT_3D('',#7432,#7433,#7434);
#7432 = CARTESIAN_POINT('',(137.676,-67.26,-3.5E-02));
#7433 = DIRECTION('',(-0.,-0.,-1.));
#7434 = DIRECTION('',(-0.,-1.,0.));
#7435 = ADVANCED_FACE('',(#7436,#7439),#7450,.F.);
#7436 = FACE_BOUND('',#7437,.F.);
#7437 = EDGE_LOOP('',(#7438));
#7438 = ORIENTED_EDGE('',*,*,#7424,.T.);
#7439 = FACE_BOUND('',#7440,.F.);
#7440 = EDGE_LOOP('',(#7441));
#7441 = ORIENTED_EDGE('',*,*,#7442,.T.);
#7442 = EDGE_CURVE('',#7443,#7443,#7445,.T.);
#7443 = VERTEX_POINT('',#7444);
#7444 = CARTESIAN_POINT('',(137.676,-67.385,-3.5E-02));
#7445 = CIRCLE('',#7446,0.125);
#7446 = AXIS2_PLACEMENT_3D('',#7447,#7448,#7449);
#7447 = CARTESIAN_POINT('',(137.676,-67.26,-3.5E-02));
#7448 = DIRECTION('',(-0.,0.,-1.));
#7449 = DIRECTION('',(-0.,-1.,0.));
#7450 = PLANE('',#7451);
#7451 = AXIS2_PLACEMENT_3D('',#7452,#7453,#7454);
#7452 = CARTESIAN_POINT('',(137.676,-67.41,-3.5E-02));
#7453 = DIRECTION('',(0.,0.,1.));
#7454 = DIRECTION('',(1.,0.,-0.));
#7455 = ADVANCED_FACE('',(#7456,#7459),#7470,.T.);
#7456 = FACE_BOUND('',#7457,.T.);
#7457 = EDGE_LOOP('',(#7458));
#7458 = ORIENTED_EDGE('',*,*,#7416,.T.);
#7459 = FACE_BOUND('',#7460,.T.);
#7460 = EDGE_LOOP('',(#7461));
#7461 = ORIENTED_EDGE('',*,*,#7462,.T.);
#7462 = EDGE_CURVE('',#7463,#7463,#7465,.T.);
#7463 = VERTEX_POINT('',#7464);
#7464 = CARTESIAN_POINT('',(137.676,-67.385,1.545));
#7465 = CIRCLE('',#7466,0.125);
#7466 = AXIS2_PLACEMENT_3D('',#7467,#7468,#7469);
#7467 = CARTESIAN_POINT('',(137.676,-67.26,1.545));
#7468 = DIRECTION('',(-0.,0.,-1.));
#7469 = DIRECTION('',(-0.,-1.,0.));
#7470 = PLANE('',#7471);
#7471 = AXIS2_PLACEMENT_3D('',#7472,#7473,#7474);
#7472 = CARTESIAN_POINT('',(137.676,-67.41,1.545));
#7473 = DIRECTION('',(0.,0.,1.));
#7474 = DIRECTION('',(1.,0.,-0.));
#7475 = ADVANCED_FACE('',(#7476),#7487,.F.);
#7476 = FACE_BOUND('',#7477,.T.);
#7477 = EDGE_LOOP('',(#7478,#7479,#7485,#7486));
#7478 = ORIENTED_EDGE('',*,*,#7442,.T.);
#7479 = ORIENTED_EDGE('',*,*,#7480,.T.);
#7480 = EDGE_CURVE('',#7443,#7463,#7481,.T.);
#7481 = LINE('',#7482,#7483);
#7482 = CARTESIAN_POINT('',(137.676,-67.385,-3.6E-02));
#7483 = VECTOR('',#7484,1.);
#7484 = DIRECTION('',(0.,0.,1.));
#7485 = ORIENTED_EDGE('',*,*,#7462,.F.);
#7486 = ORIENTED_EDGE('',*,*,#7480,.F.);
#7487 = CYLINDRICAL_SURFACE('',#7488,0.125);
#7488 = AXIS2_PLACEMENT_3D('',#7489,#7490,#7491);
#7489 = CARTESIAN_POINT('',(137.676,-67.26,-3.6E-02));
#7490 = DIRECTION('',(-0.,-0.,-1.));
#7491 = DIRECTION('',(-0.,-1.,0.));
#7492 = MANIFOLD_SOLID_BREP('',#7493);
#7493 = CLOSED_SHELL('',(#7494,#7527,#7547,#7567));
#7494 = ADVANCED_FACE('',(#7495),#7522,.T.);
#7495 = FACE_BOUND('',#7496,.F.);
#7496 = EDGE_LOOP('',(#7497,#7507,#7514,#7515));
#7497 = ORIENTED_EDGE('',*,*,#7498,.T.);
#7498 = EDGE_CURVE('',#7499,#7501,#7503,.T.);
#7499 = VERTEX_POINT('',#7500);
#7500 = CARTESIAN_POINT('',(144.258,-63.894,-3.5E-02));
#7501 = VERTEX_POINT('',#7502);
#7502 = CARTESIAN_POINT('',(144.258,-63.894,1.545));
#7503 = LINE('',#7504,#7505);
#7504 = CARTESIAN_POINT('',(144.258,-63.894,-3.5E-02));
#7505 = VECTOR('',#7506,1.);
#7506 = DIRECTION('',(0.,0.,1.));
#7507 = ORIENTED_EDGE('',*,*,#7508,.T.);
#7508 = EDGE_CURVE('',#7501,#7501,#7509,.T.);
#7509 = CIRCLE('',#7510,0.15);
#7510 = AXIS2_PLACEMENT_3D('',#7511,#7512,#7513);
#7511 = CARTESIAN_POINT('',(144.258,-63.744,1.545));
#7512 = DIRECTION('',(0.,-0.,1.));
#7513 = DIRECTION('',(1.894780628694E-13,-1.,-0.));
#7514 = ORIENTED_EDGE('',*,*,#7498,.F.);
#7515 = ORIENTED_EDGE('',*,*,#7516,.F.);
#7516 = EDGE_CURVE('',#7499,#7499,#7517,.T.);
#7517 = CIRCLE('',#7518,0.15);
#7518 = AXIS2_PLACEMENT_3D('',#7519,#7520,#7521);
#7519 = CARTESIAN_POINT('',(144.258,-63.744,-3.5E-02));
#7520 = DIRECTION('',(0.,-0.,1.));
#7521 = DIRECTION('',(1.894780628694E-13,-1.,-0.));
#7522 = CYLINDRICAL_SURFACE('',#7523,0.15);
#7523 = AXIS2_PLACEMENT_3D('',#7524,#7525,#7526);
#7524 = CARTESIAN_POINT('',(144.258,-63.744,-3.5E-02));
#7525 = DIRECTION('',(-0.,0.,-1.));
#7526 = DIRECTION('',(1.894780628694E-13,-1.,-0.));
#7527 = ADVANCED_FACE('',(#7528,#7531),#7542,.F.);
#7528 = FACE_BOUND('',#7529,.F.);
#7529 = EDGE_LOOP('',(#7530));
#7530 = ORIENTED_EDGE('',*,*,#7516,.T.);
#7531 = FACE_BOUND('',#7532,.F.);
#7532 = EDGE_LOOP('',(#7533));
#7533 = ORIENTED_EDGE('',*,*,#7534,.T.);
#7534 = EDGE_CURVE('',#7535,#7535,#7537,.T.);
#7535 = VERTEX_POINT('',#7536);
#7536 = CARTESIAN_POINT('',(144.258,-63.869,-3.5E-02));
#7537 = CIRCLE('',#7538,0.125);
#7538 = AXIS2_PLACEMENT_3D('',#7539,#7540,#7541);
#7539 = CARTESIAN_POINT('',(144.258,-63.744,-3.5E-02));
#7540 = DIRECTION('',(-0.,0.,-1.));
#7541 = DIRECTION('',(-0.,-1.,0.));
#7542 = PLANE('',#7543);
#7543 = AXIS2_PLACEMENT_3D('',#7544,#7545,#7546);
#7544 = CARTESIAN_POINT('',(144.258,-63.894,-3.5E-02));
#7545 = DIRECTION('',(0.,0.,1.));
#7546 = DIRECTION('',(1.,0.,-0.));
#7547 = ADVANCED_FACE('',(#7548,#7551),#7562,.T.);
#7548 = FACE_BOUND('',#7549,.T.);
#7549 = EDGE_LOOP('',(#7550));
#7550 = ORIENTED_EDGE('',*,*,#7508,.T.);
#7551 = FACE_BOUND('',#7552,.T.);
#7552 = EDGE_LOOP('',(#7553));
#7553 = ORIENTED_EDGE('',*,*,#7554,.T.);
#7554 = EDGE_CURVE('',#7555,#7555,#7557,.T.);
#7555 = VERTEX_POINT('',#7556);
#7556 = CARTESIAN_POINT('',(144.258,-63.869,1.545));
#7557 = CIRCLE('',#7558,0.125);
#7558 = AXIS2_PLACEMENT_3D('',#7559,#7560,#7561);
#7559 = CARTESIAN_POINT('',(144.258,-63.744,1.545));
#7560 = DIRECTION('',(-0.,0.,-1.));
#7561 = DIRECTION('',(-0.,-1.,0.));
#7562 = PLANE('',#7563);
#7563 = AXIS2_PLACEMENT_3D('',#7564,#7565,#7566);
#7564 = CARTESIAN_POINT('',(144.258,-63.894,1.545));
#7565 = DIRECTION('',(0.,0.,1.));
#7566 = DIRECTION('',(1.,0.,-0.));
#7567 = ADVANCED_FACE('',(#7568),#7579,.F.);
#7568 = FACE_BOUND('',#7569,.T.);
#7569 = EDGE_LOOP('',(#7570,#7571,#7577,#7578));
#7570 = ORIENTED_EDGE('',*,*,#7534,.T.);
#7571 = ORIENTED_EDGE('',*,*,#7572,.T.);
#7572 = EDGE_CURVE('',#7535,#7555,#7573,.T.);
#7573 = LINE('',#7574,#7575);
#7574 = CARTESIAN_POINT('',(144.258,-63.869,-3.6E-02));
#7575 = VECTOR('',#7576,1.);
#7576 = DIRECTION('',(0.,0.,1.));
#7577 = ORIENTED_EDGE('',*,*,#7554,.F.);
#7578 = ORIENTED_EDGE('',*,*,#7572,.F.);
#7579 = CYLINDRICAL_SURFACE('',#7580,0.125);
#7580 = AXIS2_PLACEMENT_3D('',#7581,#7582,#7583);
#7581 = CARTESIAN_POINT('',(144.258,-63.744,-3.6E-02));
#7582 = DIRECTION('',(-0.,-0.,-1.));
#7583 = DIRECTION('',(-0.,-1.,0.));
#7584 = ( GEOMETRIC_REPRESENTATION_CONTEXT(3) 
GLOBAL_UNCERTAINTY_ASSIGNED_CONTEXT((#7588)) 
GLOBAL_UNIT_ASSIGNED_CONTEXT((#7585,#7586,#7587)) REPRESENTATION_CONTEXT
('Context #1','3D Context with UNIT and UNCERTAINTY') );
#7585 = ( LENGTH_UNIT() NAMED_UNIT(*) SI_UNIT(.MILLI.,.METRE.) );
#7586 = ( NAMED_UNIT(*) PLANE_ANGLE_UNIT() SI_UNIT($,.RADIAN.) );
#7587 = ( NAMED_UNIT(*) SI_UNIT($,.STERADIAN.) SOLID_ANGLE_UNIT() );
#7588 = UNCERTAINTY_MEASURE_WITH_UNIT(LENGTH_MEASURE(1.E-07),#7585,
  'distance_accuracy_value','confusion accuracy');
#7589 = CONTEXT_DEPENDENT_SHAPE_REPRESENTATION(#7590,#7592);
#7590 = ( REPRESENTATION_RELATIONSHIP('','',#6663,#10) 
REPRESENTATION_RELATIONSHIP_WITH_TRANSFORMATION(#7591) 
SHAPE_REPRESENTATION_RELATIONSHIP() );
#7591 = ITEM_DEFINED_TRANSFORMATION('','',#11,#19);
#7592 = PRODUCT_DEFINITION_SHAPE('Placement','Placement of an item',
  #7593);
#7593 = NEXT_ASSEMBLY_USAGE_OCCURRENCE('2','=>[0:1:1:4]','',#5,#6658,$);
#7594 = PRODUCT_RELATED_PRODUCT_CATEGORY('part',$,(#6660));
#7595 = SHAPE_DEFINITION_REPRESENTATION(#7596,#7602);
#7596 = PRODUCT_DEFINITION_SHAPE('','',#7597);
#7597 = PRODUCT_DEFINITION('design','',#7598,#7601);
#7598 = PRODUCT_DEFINITION_FORMATION('','',#7599);
#7599 = PRODUCT('TxTroller_silkscreen','TxTroller_silkscreen','',(#7600)
  );
#7600 = PRODUCT_CONTEXT('',#2,'mechanical');
#7601 = PRODUCT_DEFINITION_CONTEXT('part definition',#2,'design');
#7602 = SHAPE_REPRESENTATION('',(#11,#7603,#7715,#7784,#7926,#8020,#8365
    ,#8524,#8601,#8713,#8825,#8894,#9086,#9245,#9503,#9660,#9729,#9855,
    #9907,#10019,#10096,#10208,#10285,#10397,#10466,#10724,#10899,#10968
    ,#11094,#11146,#11427,#11639,#11716,#11843,#12027,#12177,#12385,
    #12567,#12725,#12744,#12964),#12983);
#7603 = SHELL_BASED_SURFACE_MODEL('',(#7604));
#7604 = OPEN_SHELL('',(#7605));
#7605 = ADVANCED_FACE('',(#7606,#7676),#7710,.T.);
#7606 = FACE_BOUND('',#7607,.F.);
#7607 = EDGE_LOOP('',(#7608,#7619,#7627,#7636,#7644,#7653,#7661,#7670));
#7608 = ORIENTED_EDGE('',*,*,#7609,.T.);
#7609 = EDGE_CURVE('',#7610,#7612,#7614,.T.);
#7610 = VERTEX_POINT('',#7611);
#7611 = CARTESIAN_POINT('',(133.286,-86.226,1.585));
#7612 = VERTEX_POINT('',#7613);
#7613 = CARTESIAN_POINT('',(133.346,-86.166,1.585));
#7614 = CIRCLE('',#7615,5.999932016264E-02);
#7615 = AXIS2_PLACEMENT_3D('',#7616,#7617,#7618);
#7616 = CARTESIAN_POINT('',(133.34599932015,-86.22599932015,1.585));
#7617 = DIRECTION('',(0.,0.,-1.));
#7618 = DIRECTION('',(-0.999999999936,-1.133081541086E-05,-0.));
#7619 = ORIENTED_EDGE('',*,*,#7620,.T.);
#7620 = EDGE_CURVE('',#7612,#7621,#7623,.T.);
#7621 = VERTEX_POINT('',#7622);
#7622 = CARTESIAN_POINT('',(141.076,-86.166,1.585));
#7623 = LINE('',#7624,#7625);
#7624 = CARTESIAN_POINT('',(133.346,-86.166,1.585));
#7625 = VECTOR('',#7626,1.);
#7626 = DIRECTION('',(1.,0.,0.));
#7627 = ORIENTED_EDGE('',*,*,#7628,.T.);
#7628 = EDGE_CURVE('',#7621,#7629,#7631,.T.);
#7629 = VERTEX_POINT('',#7630);
#7630 = CARTESIAN_POINT('',(141.136,-86.226,1.585));
#7631 = CIRCLE('',#7632,5.999932016262E-02);
#7632 = AXIS2_PLACEMENT_3D('',#7633,#7634,#7635);
#7633 = CARTESIAN_POINT('',(141.07600067984,-86.22599932015,1.585));
#7634 = DIRECTION('',(0.,0.,-1.));
#7635 = DIRECTION('',(-1.133081564772E-05,0.999999999936,0.));
#7636 = ORIENTED_EDGE('',*,*,#7637,.T.);
#7637 = EDGE_CURVE('',#7629,#7638,#7640,.T.);
#7638 = VERTEX_POINT('',#7639);
#7639 = CARTESIAN_POINT('',(141.136,-88.986,1.585));
#7640 = LINE('',#7641,#7642);
#7641 = CARTESIAN_POINT('',(141.136,-86.226,1.585));
#7642 = VECTOR('',#7643,1.);
#7643 = DIRECTION('',(0.,-1.,0.));
#7644 = ORIENTED_EDGE('',*,*,#7645,.T.);
#7645 = EDGE_CURVE('',#7638,#7646,#7648,.T.);
#7646 = VERTEX_POINT('',#7647);
#7647 = CARTESIAN_POINT('',(141.076,-89.046,1.585));
#7648 = CIRCLE('',#7649,5.999932016265E-02);
#7649 = AXIS2_PLACEMENT_3D('',#7650,#7651,#7652);
#7650 = CARTESIAN_POINT('',(141.07600067984,-88.98600067984,1.585));
#7651 = DIRECTION('',(0.,0.,-1.));
#7652 = DIRECTION('',(0.999999999936,1.133081517401E-05,0.));
#7653 = ORIENTED_EDGE('',*,*,#7654,.T.);
#7654 = EDGE_CURVE('',#7646,#7655,#7657,.T.);
#7655 = VERTEX_POINT('',#7656);
#7656 = CARTESIAN_POINT('',(133.346,-89.046,1.585));
#7657 = LINE('',#7658,#7659);
#7658 = CARTESIAN_POINT('',(141.076,-89.046,1.585));
#7659 = VECTOR('',#7660,1.);
#7660 = DIRECTION('',(-1.,0.,0.));
#7661 = ORIENTED_EDGE('',*,*,#7662,.T.);
#7662 = EDGE_CURVE('',#7655,#7663,#7665,.T.);
#7663 = VERTEX_POINT('',#7664);
#7664 = CARTESIAN_POINT('',(133.286,-88.986,1.585));
#7665 = CIRCLE('',#7666,5.999932016262E-02);
#7666 = AXIS2_PLACEMENT_3D('',#7667,#7668,#7669);
#7667 = CARTESIAN_POINT('',(133.34599932015,-88.98600067984,1.585));
#7668 = DIRECTION('',(0.,0.,-1.));
#7669 = DIRECTION('',(1.133081564772E-05,-0.999999999936,0.));
#7670 = ORIENTED_EDGE('',*,*,#7671,.T.);
#7671 = EDGE_CURVE('',#7663,#7610,#7672,.T.);
#7672 = LINE('',#7673,#7674);
#7673 = CARTESIAN_POINT('',(133.286,-88.986,1.585));
#7674 = VECTOR('',#7675,1.);
#7675 = DIRECTION('',(0.,1.,0.));
#7676 = FACE_BOUND('',#7677,.F.);
#7677 = EDGE_LOOP('',(#7678,#7688,#7696,#7704));
#7678 = ORIENTED_EDGE('',*,*,#7679,.T.);
#7679 = EDGE_CURVE('',#7680,#7682,#7684,.T.);
#7680 = VERTEX_POINT('',#7681);
#7681 = CARTESIAN_POINT('',(141.016,-88.926,1.585));
#7682 = VERTEX_POINT('',#7683);
#7683 = CARTESIAN_POINT('',(141.016,-86.286,1.585));
#7684 = LINE('',#7685,#7686);
#7685 = CARTESIAN_POINT('',(141.016,-88.926,1.585));
#7686 = VECTOR('',#7687,1.);
#7687 = DIRECTION('',(0.,1.,0.));
#7688 = ORIENTED_EDGE('',*,*,#7689,.T.);
#7689 = EDGE_CURVE('',#7682,#7690,#7692,.T.);
#7690 = VERTEX_POINT('',#7691);
#7691 = CARTESIAN_POINT('',(133.406,-86.286,1.585));
#7692 = LINE('',#7693,#7694);
#7693 = CARTESIAN_POINT('',(141.016,-86.286,1.585));
#7694 = VECTOR('',#7695,1.);
#7695 = DIRECTION('',(-1.,0.,0.));
#7696 = ORIENTED_EDGE('',*,*,#7697,.T.);
#7697 = EDGE_CURVE('',#7690,#7698,#7700,.T.);
#7698 = VERTEX_POINT('',#7699);
#7699 = CARTESIAN_POINT('',(133.406,-88.926,1.585));
#7700 = LINE('',#7701,#7702);
#7701 = CARTESIAN_POINT('',(133.406,-86.286,1.585));
#7702 = VECTOR('',#7703,1.);
#7703 = DIRECTION('',(0.,-1.,0.));
#7704 = ORIENTED_EDGE('',*,*,#7705,.T.);
#7705 = EDGE_CURVE('',#7698,#7680,#7706,.T.);
#7706 = LINE('',#7707,#7708);
#7707 = CARTESIAN_POINT('',(133.406,-88.926,1.585));
#7708 = VECTOR('',#7709,1.);
#7709 = DIRECTION('',(1.,0.,0.));
#7710 = PLANE('',#7711);
#7711 = AXIS2_PLACEMENT_3D('',#7712,#7713,#7714);
#7712 = CARTESIAN_POINT('',(0.,0.,1.585));
#7713 = DIRECTION('',(0.,0.,1.));
#7714 = DIRECTION('',(1.,0.,-0.));
#7715 = SHELL_BASED_SURFACE_MODEL('',(#7716));
#7716 = OPEN_SHELL('',(#7717));
#7717 = ADVANCED_FACE('',(#7718),#7779,.T.);
#7718 = FACE_BOUND('',#7719,.F.);
#7719 = EDGE_LOOP('',(#7720,#7731,#7739,#7748,#7756,#7765,#7773));
#7720 = ORIENTED_EDGE('',*,*,#7721,.T.);
#7721 = EDGE_CURVE('',#7722,#7724,#7726,.T.);
#7722 = VERTEX_POINT('',#7723);
#7723 = CARTESIAN_POINT('',(142.346,-86.286,1.585));
#7724 = VERTEX_POINT('',#7725);
#7725 = CARTESIAN_POINT('',(142.346,-86.166,1.585));
#7726 = CIRCLE('',#7727,6.000000000043E-02);
#7727 = AXIS2_PLACEMENT_3D('',#7728,#7729,#7730);
#7728 = CARTESIAN_POINT('',(142.34599977441,-86.226,1.585));
#7729 = DIRECTION('',(0.,0.,-1.));
#7730 = DIRECTION('',(3.759793779989E-06,-0.999999999993,0.));
#7731 = ORIENTED_EDGE('',*,*,#7732,.T.);
#7732 = EDGE_CURVE('',#7724,#7733,#7735,.T.);
#7733 = VERTEX_POINT('',#7734);
#7734 = CARTESIAN_POINT('',(143.726,-86.166,1.585));
#7735 = LINE('',#7736,#7737);
#7736 = CARTESIAN_POINT('',(142.346,-86.166,1.585));
#7737 = VECTOR('',#7738,1.);
#7738 = DIRECTION('',(1.,0.,0.));
#7739 = ORIENTED_EDGE('',*,*,#7740,.T.);
#7740 = EDGE_CURVE('',#7733,#7741,#7743,.T.);
#7741 = VERTEX_POINT('',#7742);
#7742 = CARTESIAN_POINT('',(143.786,-86.226,1.585));
#7743 = CIRCLE('',#7744,5.999932016262E-02);
#7744 = AXIS2_PLACEMENT_3D('',#7745,#7746,#7747);
#7745 = CARTESIAN_POINT('',(143.72600067984,-86.22599932015,1.585));
#7746 = DIRECTION('',(0.,0.,-1.));
#7747 = DIRECTION('',(-1.133081564772E-05,0.999999999936,0.));
#7748 = ORIENTED_EDGE('',*,*,#7749,.T.);
#7749 = EDGE_CURVE('',#7741,#7750,#7752,.T.);
#7750 = VERTEX_POINT('',#7751);
#7751 = CARTESIAN_POINT('',(143.786,-87.606,1.585));
#7752 = LINE('',#7753,#7754);
#7753 = CARTESIAN_POINT('',(143.786,-86.226,1.585));
#7754 = VECTOR('',#7755,1.);
#7755 = DIRECTION('',(0.,-1.,0.));
#7756 = ORIENTED_EDGE('',*,*,#7757,.T.);
#7757 = EDGE_CURVE('',#7750,#7758,#7760,.T.);
#7758 = VERTEX_POINT('',#7759);
#7759 = CARTESIAN_POINT('',(143.666,-87.606,1.585));
#7760 = CIRCLE('',#7761,6.000000000043E-02);
#7761 = AXIS2_PLACEMENT_3D('',#7762,#7763,#7764);
#7762 = CARTESIAN_POINT('',(143.726,-87.60600022558,1.585));
#7763 = DIRECTION('',(0.,0.,-1.));
#7764 = DIRECTION('',(0.999999999993,3.759794253684E-06,0.));
#7765 = ORIENTED_EDGE('',*,*,#7766,.T.);
#7766 = EDGE_CURVE('',#7758,#7767,#7769,.T.);
#7767 = VERTEX_POINT('',#7768);
#7768 = CARTESIAN_POINT('',(143.666,-86.286,1.585));
#7769 = LINE('',#7770,#7771);
#7770 = CARTESIAN_POINT('',(143.666,-87.606,1.585));
#7771 = VECTOR('',#7772,1.);
#7772 = DIRECTION('',(0.,1.,0.));
#7773 = ORIENTED_EDGE('',*,*,#7774,.T.);
#7774 = EDGE_CURVE('',#7767,#7722,#7775,.T.);
#7775 = LINE('',#7776,#7777);
#7776 = CARTESIAN_POINT('',(143.666,-86.286,1.585));
#7777 = VECTOR('',#7778,1.);
#7778 = DIRECTION('',(-1.,0.,0.));
#7779 = PLANE('',#7780);
#7780 = AXIS2_PLACEMENT_3D('',#7781,#7782,#7783);
#7781 = CARTESIAN_POINT('',(0.,0.,1.585));
#7782 = DIRECTION('',(0.,0.,1.));
#7783 = DIRECTION('',(1.,0.,-0.));
#7784 = SHELL_BASED_SURFACE_MODEL('',(#7785));
#7785 = OPEN_SHELL('',(#7786));
#7786 = ADVANCED_FACE('',(#7787),#7921,.T.);
#7787 = FACE_BOUND('',#7788,.F.);
#7788 = EDGE_LOOP('',(#7789,#7799,#7807,#7816,#7824,#7832,#7841,#7849,
    #7858,#7866,#7874,#7882,#7890,#7899,#7907,#7915));
#7789 = ORIENTED_EDGE('',*,*,#7790,.T.);
#7790 = EDGE_CURVE('',#7791,#7793,#7795,.T.);
#7791 = VERTEX_POINT('',#7792);
#7792 = CARTESIAN_POINT('',(145.353864,-85.837841,1.585));
#7793 = VERTEX_POINT('',#7794);
#7794 = CARTESIAN_POINT('',(145.39232,-85.81726,1.585));
#7795 = LINE('',#7796,#7797);
#7796 = CARTESIAN_POINT('',(145.353864,-85.837841,1.585));
#7797 = VECTOR('',#7798,1.);
#7798 = DIRECTION('',(0.881674852639,0.471857451169,0.));
#7799 = ORIENTED_EDGE('',*,*,#7800,.T.);
#7800 = EDGE_CURVE('',#7793,#7801,#7803,.T.);
#7801 = VERTEX_POINT('',#7802);
#7802 = CARTESIAN_POINT('',(145.414157,-85.81726,1.585));
#7803 = LINE('',#7804,#7805);
#7804 = CARTESIAN_POINT('',(145.39232,-85.81726,1.585));
#7805 = VECTOR('',#7806,1.);
#7806 = DIRECTION('',(1.,0.,0.));
#7807 = ORIENTED_EDGE('',*,*,#7808,.T.);
#7808 = EDGE_CURVE('',#7801,#7809,#7811,.T.);
#7809 = VERTEX_POINT('',#7810);
#7810 = CARTESIAN_POINT('',(145.481952,-85.890819,1.585));
#7811 = CIRCLE('',#7812,7.216898094224E-02);
#7812 = AXIS2_PLACEMENT_3D('',#7813,#7814,#7815);
#7813 = CARTESIAN_POINT('',(145.40979906389,-85.88929728342,1.585));
#7814 = DIRECTION('',(0.,0.,-1.));
#7815 = DIRECTION('',(6.03851689519E-02,0.998175150648,0.));
#7816 = ORIENTED_EDGE('',*,*,#7817,.T.);
#7817 = EDGE_CURVE('',#7809,#7818,#7820,.T.);
#7818 = VERTEX_POINT('',#7819);
#7819 = CARTESIAN_POINT('',(145.481952,-86.815819,1.585));
#7820 = LINE('',#7821,#7822);
#7821 = CARTESIAN_POINT('',(145.481952,-85.890819,1.585));
#7822 = VECTOR('',#7823,1.);
#7823 = DIRECTION('',(0.,-1.,0.));
#7824 = ORIENTED_EDGE('',*,*,#7825,.T.);
#7825 = EDGE_CURVE('',#7818,#7826,#7828,.T.);
#7826 = VERTEX_POINT('',#7827);
#7827 = CARTESIAN_POINT('',(145.707298,-86.81726,1.585));
#7828 = LINE('',#7829,#7830);
#7829 = CARTESIAN_POINT('',(145.481952,-86.815819,1.585));
#7830 = VECTOR('',#7831,1.);
#7831 = DIRECTION('',(0.999979555102,-6.394480216655E-03,0.));
#7832 = ORIENTED_EDGE('',*,*,#7833,.T.);
#7833 = EDGE_CURVE('',#7826,#7834,#7836,.T.);
#7834 = VERTEX_POINT('',#7835);
#7835 = CARTESIAN_POINT('',(145.692666,-86.965819,1.585));
#7836 = CIRCLE('',#7837,7.500006711464E-02);
#7837 = AXIS2_PLACEMENT_3D('',#7838,#7839,#7840);
#7838 = CARTESIAN_POINT('',(145.69266606711,-86.89081893288,1.585));
#7839 = DIRECTION('',(0.,0.,-1.));
#7840 = DIRECTION('',(0.195092263892,0.980784894138,0.));
#7841 = ORIENTED_EDGE('',*,*,#7842,.T.);
#7842 = EDGE_CURVE('',#7834,#7843,#7845,.T.);
#7843 = VERTEX_POINT('',#7844);
#7844 = CARTESIAN_POINT('',(145.106606,-86.964378,1.585));
#7845 = LINE('',#7846,#7847);
#7846 = CARTESIAN_POINT('',(145.692666,-86.965819,1.585));
#7847 = VECTOR('',#7848,1.);
#7848 = DIRECTION('',(-0.999996977183,2.45878518261E-03,0.));
#7849 = ORIENTED_EDGE('',*,*,#7850,.T.);
#7850 = EDGE_CURVE('',#7843,#7851,#7853,.T.);
#7851 = VERTEX_POINT('',#7852);
#7852 = CARTESIAN_POINT('',(145.121238,-86.815819,1.585));
#7853 = CIRCLE('',#7854,7.500006711462E-02);
#7854 = AXIS2_PLACEMENT_3D('',#7855,#7856,#7857);
#7855 = CARTESIAN_POINT('',(145.12123793288,-86.89081906711,1.585));
#7856 = DIRECTION('',(0.,0.,-1.));
#7857 = DIRECTION('',(-0.195092263891,-0.980784894138,-0.));
#7858 = ORIENTED_EDGE('',*,*,#7859,.T.);
#7859 = EDGE_CURVE('',#7851,#7860,#7862,.T.);
#7860 = VERTEX_POINT('',#7861);
#7861 = CARTESIAN_POINT('',(145.331952,-86.815819,1.585));
#7862 = LINE('',#7863,#7864);
#7863 = CARTESIAN_POINT('',(145.121238,-86.815819,1.585));
#7864 = VECTOR('',#7865,1.);
#7865 = DIRECTION('',(1.,0.,0.));
#7866 = ORIENTED_EDGE('',*,*,#7867,.T.);
#7867 = EDGE_CURVE('',#7860,#7868,#7870,.T.);
#7868 = VERTEX_POINT('',#7869);
#7869 = CARTESIAN_POINT('',(145.331952,-86.119504,1.585));
#7870 = LINE('',#7871,#7872);
#7871 = CARTESIAN_POINT('',(145.331952,-86.815819,1.585));
#7872 = VECTOR('',#7873,1.);
#7873 = DIRECTION('',(0.,1.,0.));
#7874 = ORIENTED_EDGE('',*,*,#7875,.T.);
#7875 = EDGE_CURVE('',#7868,#7876,#7878,.T.);
#7876 = VERTEX_POINT('',#7877);
#7877 = CARTESIAN_POINT('',(145.256316,-86.192031,1.585));
#7878 = LINE('',#7879,#7880);
#7879 = CARTESIAN_POINT('',(145.331952,-86.119504,1.585));
#7880 = VECTOR('',#7881,1.);
#7881 = DIRECTION('',(-0.721785571396,-0.692116745156,0.));
#7882 = ORIENTED_EDGE('',*,*,#7883,.T.);
#7883 = EDGE_CURVE('',#7876,#7884,#7886,.T.);
#7884 = VERTEX_POINT('',#7885);
#7885 = CARTESIAN_POINT('',(145.141047,-86.24887,1.585));
#7886 = LINE('',#7887,#7888);
#7887 = CARTESIAN_POINT('',(145.256316,-86.192031,1.585));
#7888 = VECTOR('',#7889,1.);
#7889 = DIRECTION('',(-0.896889346494,-0.442255017094,0.));
#7890 = ORIENTED_EDGE('',*,*,#7891,.T.);
#7891 = EDGE_CURVE('',#7884,#7892,#7894,.T.);
#7892 = VERTEX_POINT('',#7893);
#7893 = CARTESIAN_POINT('',(145.087697,-86.109451,1.585));
#7894 = CIRCLE('',#7895,7.500005272361E-02);
#7895 = AXIS2_PLACEMENT_3D('',#7896,#7897,#7898);
#7896 = CARTESIAN_POINT('',(145.12123755676,-86.17653332972,1.585));
#7897 = DIRECTION('',(0.,0.,-1.));
#7898 = DIRECTION('',(0.264125724195,-0.964488259036,0.));
#7899 = ORIENTED_EDGE('',*,*,#7900,.T.);
#7900 = EDGE_CURVE('',#7892,#7901,#7903,.T.);
#7901 = VERTEX_POINT('',#7902);
#7902 = CARTESIAN_POINT('',(145.172049,-86.067275,1.585));
#7903 = LINE('',#7904,#7905);
#7904 = CARTESIAN_POINT('',(145.087697,-86.109451,1.585));
#7905 = VECTOR('',#7906,1.);
#7906 = DIRECTION('',(0.894427191,0.4472135955,0.));
#7907 = ORIENTED_EDGE('',*,*,#7908,.T.);
#7908 = EDGE_CURVE('',#7901,#7909,#7911,.T.);
#7909 = VERTEX_POINT('',#7910);
#7910 = CARTESIAN_POINT('',(145.253428,-85.985896,1.585));
#7911 = LINE('',#7912,#7913);
#7912 = CARTESIAN_POINT('',(145.172049,-86.067275,1.585));
#7913 = VECTOR('',#7914,1.);
#7914 = DIRECTION('',(0.707106781187,0.707106781186,0.));
#7915 = ORIENTED_EDGE('',*,*,#7916,.T.);
#7916 = EDGE_CURVE('',#7909,#7791,#7917,.T.);
#7917 = LINE('',#7918,#7919);
#7918 = CARTESIAN_POINT('',(145.253428,-85.985896,1.585));
#7919 = VECTOR('',#7920,1.);
#7920 = DIRECTION('',(0.561387006404,0.82755339951,0.));
#7921 = PLANE('',#7922);
#7922 = AXIS2_PLACEMENT_3D('',#7923,#7924,#7925);
#7923 = CARTESIAN_POINT('',(0.,0.,1.585));
#7924 = DIRECTION('',(0.,0.,1.));
#7925 = DIRECTION('',(1.,0.,-0.));
#7926 = SHELL_BASED_SURFACE_MODEL('',(#7927));
#7927 = OPEN_SHELL('',(#7928));
#7928 = ADVANCED_FACE('',(#7929),#8015,.T.);
#7929 = FACE_BOUND('',#7930,.F.);
#7930 = EDGE_LOOP('',(#7931,#7942,#7950,#7959,#7967,#7976,#7984,#7993,
    #8001,#8009));
#7931 = ORIENTED_EDGE('',*,*,#7932,.T.);
#7932 = EDGE_CURVE('',#7933,#7935,#7937,.T.);
#7933 = VERTEX_POINT('',#7934);
#7934 = CARTESIAN_POINT('',(144.650998,-85.828459,1.585));
#7935 = VERTEX_POINT('',#7936);
#7936 = CARTESIAN_POINT('',(144.767666,-85.890819,1.585));
#7937 = CIRCLE('',#7938,7.500000000003E-02);
#7938 = AXIS2_PLACEMENT_3D('',#7939,#7940,#7941);
#7939 = CARTESIAN_POINT('',(144.692666,-85.89081906555,1.585));
#7940 = DIRECTION('',(0.,0.,-1.));
#7941 = DIRECTION('',(-0.555573333333,0.831467540731,0.));
#7942 = ORIENTED_EDGE('',*,*,#7943,.T.);
#7943 = EDGE_CURVE('',#7935,#7944,#7946,.T.);
#7944 = VERTEX_POINT('',#7945);
#7945 = CARTESIAN_POINT('',(144.765466,-86.621566,1.585));
#7946 = LINE('',#7947,#7948);
#7947 = CARTESIAN_POINT('',(144.767666,-85.890819,1.585));
#7948 = VECTOR('',#7949,1.);
#7949 = DIRECTION('',(-3.010604258181E-03,-0.999995468121,0.));
#7950 = ORIENTED_EDGE('',*,*,#7951,.T.);
#7951 = EDGE_CURVE('',#7944,#7952,#7954,.T.);
#7952 = VERTEX_POINT('',#7953);
#7953 = CARTESIAN_POINT('',(144.414357,-86.965089,1.585));
#7954 = CIRCLE('',#7955,0.38184101318);
#7955 = AXIS2_PLACEMENT_3D('',#7956,#7957,#7958);
#7956 = CARTESIAN_POINT('',(144.38544350032,-86.58434424444,1.585));
#7957 = DIRECTION('',(0.,0.,-1.));
#7958 = DIRECTION('',(0.995237511316,-9.747972132602E-02,0.));
#7959 = ORIENTED_EDGE('',*,*,#7960,.T.);
#7960 = EDGE_CURVE('',#7952,#7961,#7963,.T.);
#7961 = VERTEX_POINT('',#7962);
#7962 = CARTESIAN_POINT('',(144.297082,-86.964378,1.585));
#7963 = LINE('',#7964,#7965);
#7964 = CARTESIAN_POINT('',(144.414357,-86.965089,1.585));
#7965 = VECTOR('',#7966,1.);
#7966 = DIRECTION('',(-0.999981622503,6.062561787334E-03,0.));
#7967 = ORIENTED_EDGE('',*,*,#7968,.T.);
#7968 = EDGE_CURVE('',#7961,#7969,#7971,.T.);
#7969 = VERTEX_POINT('',#7970);
#7970 = CARTESIAN_POINT('',(144.311714,-86.815819,1.585));
#7971 = CIRCLE('',#7972,7.500006711464E-02);
#7972 = AXIS2_PLACEMENT_3D('',#7973,#7974,#7975);
#7973 = CARTESIAN_POINT('',(144.31171393288,-86.89081906711,1.585));
#7974 = DIRECTION('',(0.,0.,-1.));
#7975 = DIRECTION('',(-0.195092263891,-0.980784894138,-0.));
#7976 = ORIENTED_EDGE('',*,*,#7977,.T.);
#7977 = EDGE_CURVE('',#7969,#7978,#7980,.T.);
#7978 = VERTEX_POINT('',#7979);
#7979 = CARTESIAN_POINT('',(144.394782,-86.815819,1.585));
#7980 = LINE('',#7981,#7982);
#7981 = CARTESIAN_POINT('',(144.311714,-86.815819,1.585));
#7982 = VECTOR('',#7983,1.);
#7983 = DIRECTION('',(1.,0.,0.));
#7984 = ORIENTED_EDGE('',*,*,#7985,.T.);
#7985 = EDGE_CURVE('',#7978,#7986,#7988,.T.);
#7986 = VERTEX_POINT('',#7987);
#7987 = CARTESIAN_POINT('',(144.617666,-86.592934,1.585));
#7988 = CIRCLE('',#7989,0.239437351684);
#7989 = AXIS2_PLACEMENT_3D('',#7990,#7991,#7992);
#7990 = CARTESIAN_POINT('',(144.37876490658,-86.57691797844,1.585));
#7991 = DIRECTION('',(0.,0.,1.));
#7992 = DIRECTION('',(6.689471506001E-02,-0.997760039838,0.));
#7993 = ORIENTED_EDGE('',*,*,#7994,.T.);
#7994 = EDGE_CURVE('',#7986,#7995,#7997,.T.);
#7995 = VERTEX_POINT('',#7996);
#7996 = CARTESIAN_POINT('',(144.619107,-85.876187,1.585));
#7997 = LINE('',#7998,#7999);
#7998 = CARTESIAN_POINT('',(144.617666,-86.592934,1.585));
#7999 = VECTOR('',#8000,1.);
#8000 = DIRECTION('',(2.010468251347E-03,0.999997979007,0.));
#8001 = ORIENTED_EDGE('',*,*,#8002,.T.);
#8002 = EDGE_CURVE('',#7995,#8003,#8005,.T.);
#8003 = VERTEX_POINT('',#8004);
#8004 = CARTESIAN_POINT('',(144.630306,-85.849151,1.585));
#8005 = LINE('',#8006,#8007);
#8006 = CARTESIAN_POINT('',(144.619107,-85.876187,1.585));
#8007 = VECTOR('',#8008,1.);
#8008 = DIRECTION('',(0.382692828059,0.923875640631,0.));
#8009 = ORIENTED_EDGE('',*,*,#8010,.T.);
#8010 = EDGE_CURVE('',#8003,#7933,#8011,.T.);
#8011 = LINE('',#8012,#8013);
#8012 = CARTESIAN_POINT('',(144.630306,-85.849151,1.585));
#8013 = VECTOR('',#8014,1.);
#8014 = DIRECTION('',(0.707106781186,0.707106781187,0.));
#8015 = PLANE('',#8016);
#8016 = AXIS2_PLACEMENT_3D('',#8017,#8018,#8019);
#8017 = CARTESIAN_POINT('',(0.,0.,1.585));
#8018 = DIRECTION('',(0.,0.,1.));
#8019 = DIRECTION('',(1.,0.,-0.));
#8020 = SHELL_BASED_SURFACE_MODEL('',(#8021));
#8021 = OPEN_SHELL('',(#8022));
#8022 = ADVANCED_FACE('',(#8023,#8203,#8245),#8360,.T.);
#8023 = FACE_BOUND('',#8024,.F.);
#8024 = EDGE_LOOP('',(#8025,#8035,#8043,#8051,#8059,#8067,#8075,#8084,
    #8092,#8100,#8108,#8117,#8125,#8133,#8141,#8149,#8157,#8165,#8173,
    #8181,#8189,#8197));
#8025 = ORIENTED_EDGE('',*,*,#8026,.T.);
#8026 = EDGE_CURVE('',#8027,#8029,#8031,.T.);
#8027 = VERTEX_POINT('',#8028);
#8028 = CARTESIAN_POINT('',(137.160704,-83.876932,1.585));
#8029 = VERTEX_POINT('',#8030);
#8030 = CARTESIAN_POINT('',(137.243697,-83.83189,1.585));
#8031 = LINE('',#8032,#8033);
#8032 = CARTESIAN_POINT('',(137.160704,-83.876932,1.585));
#8033 = VECTOR('',#8034,1.);
#8034 = DIRECTION('',(0.878903793156,0.476999080059,0.));
#8035 = ORIENTED_EDGE('',*,*,#8036,.T.);
#8036 = EDGE_CURVE('',#8029,#8037,#8039,.T.);
#8037 = VERTEX_POINT('',#8038);
#8038 = CARTESIAN_POINT('',(137.268571,-83.826942,1.585));
#8039 = LINE('',#8040,#8041);
#8040 = CARTESIAN_POINT('',(137.243697,-83.83189,1.585));
#8041 = VECTOR('',#8042,1.);
#8042 = DIRECTION('',(0.98078336573,0.19509994748,0.));
#8043 = ORIENTED_EDGE('',*,*,#8044,.T.);
#8044 = EDGE_CURVE('',#8037,#8045,#8047,.T.);
#8045 = VERTEX_POINT('',#8046);
#8046 = CARTESIAN_POINT('',(137.395573,-83.827577,1.585));
#8047 = LINE('',#8048,#8049);
#8048 = CARTESIAN_POINT('',(137.268571,-83.826942,1.585));
#8049 = VECTOR('',#8050,1.);
#8050 = DIRECTION('',(0.999987500628,-4.999858765227E-03,0.));
#8051 = ORIENTED_EDGE('',*,*,#8052,.T.);
#8052 = EDGE_CURVE('',#8045,#8053,#8055,.T.);
#8053 = VERTEX_POINT('',#8054);
#8054 = CARTESIAN_POINT('',(137.421449,-83.833804,1.585));
#8055 = LINE('',#8056,#8057);
#8056 = CARTESIAN_POINT('',(137.395573,-83.827577,1.585));
#8057 = VECTOR('',#8058,1.);
#8058 = DIRECTION('',(0.97224421645,-0.23396833884,0.));
#8059 = ORIENTED_EDGE('',*,*,#8060,.T.);
#8060 = EDGE_CURVE('',#8053,#8061,#8063,.T.);
#8061 = VERTEX_POINT('',#8062);
#8062 = CARTESIAN_POINT('',(137.500247,-83.876932,1.585));
#8063 = LINE('',#8064,#8065);
#8064 = CARTESIAN_POINT('',(137.421449,-83.833804,1.585));
#8065 = VECTOR('',#8066,1.);
#8066 = DIRECTION('',(0.87720545174,-0.480115189759,0.));
#8067 = ORIENTED_EDGE('',*,*,#8068,.T.);
#8068 = EDGE_CURVE('',#8061,#8069,#8071,.T.);
#8069 = VERTEX_POINT('',#8070);
#8070 = CARTESIAN_POINT('',(137.571816,-83.9533,1.585));
#8071 = LINE('',#8072,#8073);
#8072 = CARTESIAN_POINT('',(137.500247,-83.876932,1.585));
#8073 = VECTOR('',#8074,1.);
#8074 = DIRECTION('',(0.683808903469,-0.729661142954,0.));
#8075 = ORIENTED_EDGE('',*,*,#8076,.T.);
#8076 = EDGE_CURVE('',#8069,#8077,#8079,.T.);
#8077 = VERTEX_POINT('',#8078);
#8078 = CARTESIAN_POINT('',(137.571816,-84.480583,1.585));
#8079 = CIRCLE('',#8080,0.734540259043);
#8080 = AXIS2_PLACEMENT_3D('',#8081,#8082,#8083);
#8081 = CARTESIAN_POINT('',(136.88621950669,-84.2169415,1.585));
#8082 = DIRECTION('',(0.,0.,-1.));
#8083 = DIRECTION('',(0.933368164461,0.358920422338,0.));
#8084 = ORIENTED_EDGE('',*,*,#8085,.T.);
#8085 = EDGE_CURVE('',#8077,#8086,#8088,.T.);
#8086 = VERTEX_POINT('',#8087);
#8087 = CARTESIAN_POINT('',(137.546209,-84.51099,1.585));
#8088 = LINE('',#8089,#8090);
#8089 = CARTESIAN_POINT('',(137.571816,-84.480583,1.585));
#8090 = VECTOR('',#8091,1.);
#8091 = DIRECTION('',(-0.644152013009,-0.764897499104,0.));
#8092 = ORIENTED_EDGE('',*,*,#8093,.T.);
#8093 = EDGE_CURVE('',#8086,#8094,#8096,.T.);
#8094 = VERTEX_POINT('',#8095);
#8095 = CARTESIAN_POINT('',(137.554691,-84.519472,1.585));
#8096 = LINE('',#8097,#8098);
#8097 = CARTESIAN_POINT('',(137.546209,-84.51099,1.585));
#8098 = VECTOR('',#8099,1.);
#8099 = DIRECTION('',(0.707106781187,-0.707106781187,0.));
#8100 = ORIENTED_EDGE('',*,*,#8101,.T.);
#8101 = EDGE_CURVE('',#8094,#8102,#8104,.T.);
#8102 = VERTEX_POINT('',#8103);
#8103 = CARTESIAN_POINT('',(137.607164,-84.545709,1.585));
#8104 = LINE('',#8105,#8106);
#8105 = CARTESIAN_POINT('',(137.554691,-84.519472,1.585));
#8106 = VECTOR('',#8107,1.);
#8107 = DIRECTION('',(0.894423781892,-0.447220413651,0.));
#8108 = ORIENTED_EDGE('',*,*,#8109,.T.);
#8109 = EDGE_CURVE('',#8102,#8110,#8112,.T.);
#8110 = VERTEX_POINT('',#8111);
#8111 = CARTESIAN_POINT('',(137.549026,-84.661985,1.585));
#8112 = CIRCLE('',#8113,6.500026004258E-02);
#8113 = AXIS2_PLACEMENT_3D('',#8114,#8115,#8116);
#8114 = CARTESIAN_POINT('',(137.57809430559,-84.60384665279,1.585));
#8115 = DIRECTION('',(0.,0.,-1.));
#8116 = DIRECTION('',(0.447224278613,0.894421849364,0.));
#8117 = ORIENTED_EDGE('',*,*,#8118,.T.);
#8118 = EDGE_CURVE('',#8110,#8119,#8121,.T.);
#8119 = VERTEX_POINT('',#8120);
#8120 = CARTESIAN_POINT('',(137.470228,-84.618856,1.585));
#8121 = LINE('',#8122,#8123);
#8122 = CARTESIAN_POINT('',(137.549026,-84.661985,1.585));
#8123 = VECTOR('',#8124,1.);
#8124 = DIRECTION('',(-0.877200763234,0.480123755902,0.));
#8125 = ORIENTED_EDGE('',*,*,#8126,.T.);
#8126 = EDGE_CURVE('',#8119,#8127,#8129,.T.);
#8127 = VERTEX_POINT('',#8128);
#8128 = CARTESIAN_POINT('',(137.44145,-84.590079,1.585));
#8129 = LINE('',#8130,#8131);
#8130 = CARTESIAN_POINT('',(137.470228,-84.618856,1.585));
#8131 = VECTOR('',#8132,1.);
#8132 = DIRECTION('',(-0.707119066837,0.707094495322,0.));
#8133 = ORIENTED_EDGE('',*,*,#8134,.T.);
#8134 = EDGE_CURVE('',#8127,#8135,#8137,.T.);
#8135 = VERTEX_POINT('',#8136);
#8136 = CARTESIAN_POINT('',(137.396988,-84.606778,1.585));
#8137 = LINE('',#8138,#8139);
#8138 = CARTESIAN_POINT('',(137.44145,-84.590079,1.585));
#8139 = VECTOR('',#8140,1.);
#8140 = DIRECTION('',(-0.936150809834,-0.351598721907,0.));
#8141 = ORIENTED_EDGE('',*,*,#8142,.T.);
#8142 = EDGE_CURVE('',#8135,#8143,#8145,.T.);
#8143 = VERTEX_POINT('',#8144);
#8144 = CARTESIAN_POINT('',(137.253918,-84.604027,1.585));
#8145 = LINE('',#8146,#8147);
#8146 = CARTESIAN_POINT('',(137.396988,-84.606778,1.585));
#8147 = VECTOR('',#8148,1.);
#8148 = DIRECTION('',(-0.999815186529,1.922479610083E-02,0.));
#8149 = ORIENTED_EDGE('',*,*,#8150,.T.);
#8150 = EDGE_CURVE('',#8143,#8151,#8153,.T.);
#8151 = VERTEX_POINT('',#8152);
#8152 = CARTESIAN_POINT('',(137.169368,-84.562741,1.585));
#8153 = LINE('',#8154,#8155);
#8154 = CARTESIAN_POINT('',(137.253918,-84.604027,1.585));
#8155 = VECTOR('',#8156,1.);
#8156 = DIRECTION('',(-0.89859207486,0.438785007719,0.));
#8157 = ORIENTED_EDGE('',*,*,#8158,.T.);
#8158 = EDGE_CURVE('',#8151,#8159,#8161,.T.);
#8159 = VERTEX_POINT('',#8160);
#8160 = CARTESIAN_POINT('',(137.092535,-84.487781,1.585));
#8161 = LINE('',#8162,#8163);
#8162 = CARTESIAN_POINT('',(137.169368,-84.562741,1.585));
#8163 = VECTOR('',#8164,1.);
#8164 = DIRECTION('',(-0.715777405349,0.698328508649,0.));
#8165 = ORIENTED_EDGE('',*,*,#8166,.T.);
#8166 = EDGE_CURVE('',#8159,#8167,#8169,.T.);
#8167 = VERTEX_POINT('',#8168);
#8168 = CARTESIAN_POINT('',(137.081702,-84.464849,1.585));
#8169 = LINE('',#8170,#8171);
#8170 = CARTESIAN_POINT('',(137.092535,-84.487781,1.585));
#8171 = VECTOR('',#8172,1.);
#8172 = DIRECTION('',(-0.427135260288,0.90418774014,0.));
#8173 = ORIENTED_EDGE('',*,*,#8174,.T.);
#8174 = EDGE_CURVE('',#8167,#8175,#8177,.T.);
#8175 = VERTEX_POINT('',#8176);
#8176 = CARTESIAN_POINT('',(137.048809,-84.325275,1.585));
#8177 = LINE('',#8178,#8179);
#8178 = CARTESIAN_POINT('',(137.081702,-84.464849,1.585));
#8179 = VECTOR('',#8180,1.);
#8180 = DIRECTION('',(-0.229383313283,0.97333616782,0.));
#8181 = ORIENTED_EDGE('',*,*,#8182,.T.);
#8182 = EDGE_CURVE('',#8175,#8183,#8185,.T.);
#8183 = VERTEX_POINT('',#8184);
#8184 = CARTESIAN_POINT('',(137.05075,-84.092844,1.585));
#8185 = LINE('',#8186,#8187);
#8186 = CARTESIAN_POINT('',(137.048809,-84.325275,1.585));
#8187 = VECTOR('',#8188,1.);
#8188 = DIRECTION('',(8.350574251345E-03,0.999965133347,0.));
#8189 = ORIENTED_EDGE('',*,*,#8190,.T.);
#8190 = EDGE_CURVE('',#8183,#8191,#8193,.T.);
#8191 = VERTEX_POINT('',#8192);
#8192 = CARTESIAN_POINT('',(137.089135,-83.953299,1.585));
#8193 = LINE('',#8194,#8195);
#8194 = CARTESIAN_POINT('',(137.05075,-84.092844,1.585));
#8195 = VECTOR('',#8196,1.);
#8196 = DIRECTION('',(0.265221522542,0.964187504576,0.));
#8197 = ORIENTED_EDGE('',*,*,#8198,.T.);
#8198 = EDGE_CURVE('',#8191,#8027,#8199,.T.);
#8199 = LINE('',#8200,#8201);
#8200 = CARTESIAN_POINT('',(137.089135,-83.953299,1.585));
#8201 = VECTOR('',#8202,1.);
#8202 = DIRECTION('',(0.683813670714,0.729656675256,0.));
#8203 = FACE_BOUND('',#8204,.F.);
#8204 = EDGE_LOOP('',(#8205,#8215,#8223,#8231,#8239));
#8205 = ORIENTED_EDGE('',*,*,#8206,.T.);
#8206 = EDGE_CURVE('',#8207,#8209,#8211,.T.);
#8207 = VERTEX_POINT('',#8208);
#8208 = CARTESIAN_POINT('',(137.328314,-84.476942,1.585));
#8209 = VERTEX_POINT('',#8210);
#8210 = CARTESIAN_POINT('',(137.284178,-84.45218,1.585));
#8211 = LINE('',#8212,#8213);
#8212 = CARTESIAN_POINT('',(137.328314,-84.476942,1.585));
#8213 = VECTOR('',#8214,1.);
#8214 = DIRECTION('',(-0.872119596556,0.489292764408,0.));
#8215 = ORIENTED_EDGE('',*,*,#8216,.T.);
#8216 = EDGE_CURVE('',#8209,#8217,#8219,.T.);
#8217 = VERTEX_POINT('',#8218);
#8218 = CARTESIAN_POINT('',(137.23978,-84.45218,1.585));
#8219 = LINE('',#8220,#8221);
#8220 = CARTESIAN_POINT('',(137.284178,-84.45218,1.585));
#8221 = VECTOR('',#8222,1.);
#8222 = DIRECTION('',(-1.,0.,0.));
#8223 = ORIENTED_EDGE('',*,*,#8224,.T.);
#8224 = EDGE_CURVE('',#8217,#8225,#8227,.T.);
#8225 = VERTEX_POINT('',#8226);
#8226 = CARTESIAN_POINT('',(137.245168,-84.457568,1.585));
#8227 = LINE('',#8228,#8229);
#8228 = CARTESIAN_POINT('',(137.23978,-84.45218,1.585));
#8229 = VECTOR('',#8230,1.);
#8230 = DIRECTION('',(0.707106781187,-0.707106781186,0.));
#8231 = ORIENTED_EDGE('',*,*,#8232,.T.);
#8232 = EDGE_CURVE('',#8225,#8233,#8235,.T.);
#8233 = VERTEX_POINT('',#8234);
#8234 = CARTESIAN_POINT('',(137.283916,-84.476942,1.585));
#8235 = LINE('',#8236,#8237);
#8236 = CARTESIAN_POINT('',(137.245168,-84.457568,1.585));
#8237 = VECTOR('',#8238,1.);
#8238 = DIRECTION('',(0.894427191,-0.4472135955,0.));
#8239 = ORIENTED_EDGE('',*,*,#8240,.T.);
#8240 = EDGE_CURVE('',#8233,#8207,#8241,.T.);
#8241 = LINE('',#8242,#8243);
#8242 = CARTESIAN_POINT('',(137.283916,-84.476942,1.585));
#8243 = VECTOR('',#8244,1.);
#8244 = DIRECTION('',(1.,0.,0.));
#8245 = FACE_BOUND('',#8246,.F.);
#8246 = EDGE_LOOP('',(#8247,#8258,#8266,#8274,#8282,#8290,#8298,#8306,
    #8314,#8322,#8330,#8338,#8346,#8354));
#8247 = ORIENTED_EDGE('',*,*,#8248,.T.);
#8248 = EDGE_CURVE('',#8249,#8251,#8253,.T.);
#8249 = VERTEX_POINT('',#8250);
#8250 = CARTESIAN_POINT('',(137.415781,-83.976314,1.585));
#8251 = VERTEX_POINT('',#8252);
#8252 = CARTESIAN_POINT('',(137.245168,-83.976315,1.585));
#8253 = CIRCLE('',#8254,0.149019865549);
#8254 = AXIS2_PLACEMENT_3D('',#8255,#8256,#8257);
#8255 = CARTESIAN_POINT('',(137.33047521616,-84.09850173904,1.585));
#8256 = DIRECTION('',(0.,0.,1.));
#8257 = DIRECTION('',(0.572445717352,0.819942620361,-0.));
#8258 = ORIENTED_EDGE('',*,*,#8259,.T.);
#8259 = EDGE_CURVE('',#8251,#8260,#8262,.T.);
#8260 = VERTEX_POINT('',#8261);
#8261 = CARTESIAN_POINT('',(137.203453,-84.01803,1.585));
#8262 = LINE('',#8263,#8264);
#8263 = CARTESIAN_POINT('',(137.245168,-83.976315,1.585));
#8264 = VECTOR('',#8265,1.);
#8265 = DIRECTION('',(-0.707106781187,-0.707106781186,0.));
#8266 = ORIENTED_EDGE('',*,*,#8267,.T.);
#8267 = EDGE_CURVE('',#8260,#8268,#8270,.T.);
#8268 = VERTEX_POINT('',#8269);
#8269 = CARTESIAN_POINT('',(137.178809,-84.116609,1.585));
#8270 = LINE('',#8271,#8272);
#8271 = CARTESIAN_POINT('',(137.203453,-84.01803,1.585));
#8272 = VECTOR('',#8273,1.);
#8273 = DIRECTION('',(-0.242528678239,-0.970144236818,0.));
#8274 = ORIENTED_EDGE('',*,*,#8275,.T.);
#8275 = EDGE_CURVE('',#8268,#8276,#8278,.T.);
#8276 = VERTEX_POINT('',#8277);
#8277 = CARTESIAN_POINT('',(137.178809,-84.317274,1.585));
#8278 = LINE('',#8279,#8280);
#8279 = CARTESIAN_POINT('',(137.178809,-84.116609,1.585));
#8280 = VECTOR('',#8281,1.);
#8281 = DIRECTION('',(0.,-1.,0.));
#8282 = ORIENTED_EDGE('',*,*,#8283,.T.);
#8283 = EDGE_CURVE('',#8276,#8284,#8286,.T.);
#8284 = VERTEX_POINT('',#8285);
#8285 = CARTESIAN_POINT('',(137.187566,-84.352306,1.585));
#8286 = LINE('',#8287,#8288);
#8287 = CARTESIAN_POINT('',(137.178809,-84.317274,1.585));
#8288 = VECTOR('',#8289,1.);
#8289 = DIRECTION('',(0.242509560738,-0.970149015848,0.));
#8290 = ORIENTED_EDGE('',*,*,#8291,.T.);
#8291 = EDGE_CURVE('',#8284,#8292,#8294,.T.);
#8292 = VERTEX_POINT('',#8293);
#8293 = CARTESIAN_POINT('',(137.212745,-84.327128,1.585));
#8294 = LINE('',#8295,#8296);
#8295 = CARTESIAN_POINT('',(137.187566,-84.352306,1.585));
#8296 = VECTOR('',#8297,1.);
#8297 = DIRECTION('',(0.707120822924,0.70709273917,0.));
#8298 = ORIENTED_EDGE('',*,*,#8299,.T.);
#8299 = EDGE_CURVE('',#8292,#8300,#8302,.T.);
#8300 = VERTEX_POINT('',#8301);
#8301 = CARTESIAN_POINT('',(137.237619,-84.32218,1.585));
#8302 = LINE('',#8303,#8304);
#8303 = CARTESIAN_POINT('',(137.212745,-84.327128,1.585));
#8304 = VECTOR('',#8305,1.);
#8305 = DIRECTION('',(0.98078336573,0.195099947481,0.));
#8306 = ORIENTED_EDGE('',*,*,#8307,.T.);
#8307 = EDGE_CURVE('',#8300,#8308,#8310,.T.);
#8308 = VERTEX_POINT('',#8309);
#8309 = CARTESIAN_POINT('',(137.314179,-84.325095,1.585));
#8310 = LINE('',#8311,#8312);
#8311 = CARTESIAN_POINT('',(137.237619,-84.32218,1.585));
#8312 = VECTOR('',#8313,1.);
#8313 = DIRECTION('',(0.999275945271,-3.804714446796E-02,0.));
#8314 = ORIENTED_EDGE('',*,*,#8315,.T.);
#8315 = EDGE_CURVE('',#8308,#8316,#8318,.T.);
#8316 = VERTEX_POINT('',#8317);
#8317 = CARTESIAN_POINT('',(137.398725,-84.36638,1.585));
#8318 = LINE('',#8319,#8320);
#8319 = CARTESIAN_POINT('',(137.314179,-84.325095,1.585));
#8320 = VECTOR('',#8321,1.);
#8321 = DIRECTION('',(0.898588080243,-0.438793188239,0.));
#8322 = ORIENTED_EDGE('',*,*,#8323,.T.);
#8323 = EDGE_CURVE('',#8316,#8324,#8326,.T.);
#8324 = VERTEX_POINT('',#8325);
#8325 = CARTESIAN_POINT('',(137.454285,-84.419065,1.585));
#8326 = LINE('',#8327,#8328);
#8327 = CARTESIAN_POINT('',(137.398725,-84.36638,1.585));
#8328 = VECTOR('',#8329,1.);
#8329 = DIRECTION('',(0.725631721255,-0.688083283555,0.));
#8330 = ORIENTED_EDGE('',*,*,#8331,.T.);
#8331 = EDGE_CURVE('',#8324,#8332,#8334,.T.);
#8332 = VERTEX_POINT('',#8333);
#8333 = CARTESIAN_POINT('',(137.482142,-84.317275,1.585));
#8334 = LINE('',#8335,#8336);
#8335 = CARTESIAN_POINT('',(137.454285,-84.419065,1.585));
#8336 = VECTOR('',#8337,1.);
#8337 = DIRECTION('',(0.263964797016,0.964532314615,0.));
#8338 = ORIENTED_EDGE('',*,*,#8339,.T.);
#8339 = EDGE_CURVE('',#8332,#8340,#8342,.T.);
#8340 = VERTEX_POINT('',#8341);
#8341 = CARTESIAN_POINT('',(137.482142,-84.116608,1.585));
#8342 = LINE('',#8343,#8344);
#8343 = CARTESIAN_POINT('',(137.482142,-84.317275,1.585));
#8344 = VECTOR('',#8345,1.);
#8345 = DIRECTION('',(0.,1.,0.));
#8346 = ORIENTED_EDGE('',*,*,#8347,.T.);
#8347 = EDGE_CURVE('',#8340,#8348,#8350,.T.);
#8348 = VERTEX_POINT('',#8349);
#8349 = CARTESIAN_POINT('',(137.457497,-84.01803,1.585));
#8350 = LINE('',#8351,#8352);
#8351 = CARTESIAN_POINT('',(137.482142,-84.116608,1.585));
#8352 = VECTOR('',#8353,1.);
#8353 = DIRECTION('',(-0.242540256261,0.970141342327,0.));
#8354 = ORIENTED_EDGE('',*,*,#8355,.T.);
#8355 = EDGE_CURVE('',#8348,#8249,#8356,.T.);
#8356 = LINE('',#8357,#8358);
#8357 = CARTESIAN_POINT('',(137.457497,-84.01803,1.585));
#8358 = VECTOR('',#8359,1.);
#8359 = DIRECTION('',(-0.707106781186,0.707106781187,0.));
#8360 = PLANE('',#8361);
#8361 = AXIS2_PLACEMENT_3D('',#8362,#8363,#8364);
#8362 = CARTESIAN_POINT('',(0.,0.,1.585));
#8363 = DIRECTION('',(0.,0.,1.));
#8364 = DIRECTION('',(1.,0.,-0.));
#8365 = SHELL_BASED_SURFACE_MODEL('',(#8366));
#8366 = OPEN_SHELL('',(#8367));
#8367 = ADVANCED_FACE('',(#8368),#8519,.T.);
#8368 = FACE_BOUND('',#8369,.F.);
#8369 = EDGE_LOOP('',(#8370,#8381,#8389,#8397,#8405,#8413,#8421,#8429,
    #8438,#8446,#8455,#8463,#8471,#8480,#8488,#8497,#8505,#8513));
#8370 = ORIENTED_EDGE('',*,*,#8371,.T.);
#8371 = EDGE_CURVE('',#8372,#8374,#8376,.T.);
#8372 = VERTEX_POINT('',#8373);
#8373 = CARTESIAN_POINT('',(137.926392,-83.855887,1.585));
#8374 = VERTEX_POINT('',#8375);
#8375 = CARTESIAN_POINT('',(137.993089,-83.828178,1.585));
#8376 = CIRCLE('',#8377,6.499916590978E-02);
#8377 = AXIS2_PLACEMENT_3D('',#8378,#8379,#8380);
#8378 = CARTESIAN_POINT('',(137.98047497337,-83.8919414527,1.585));
#8379 = DIRECTION('',(0.,0.,-1.));
#8380 = DIRECTION('',(-0.832056421284,0.554691005695,0.));
#8381 = ORIENTED_EDGE('',*,*,#8382,.T.);
#8382 = EDGE_CURVE('',#8374,#8383,#8385,.T.);
#8383 = VERTEX_POINT('',#8384);
#8384 = CARTESIAN_POINT('',(137.998657,-83.83189,1.585));
#8385 = LINE('',#8386,#8387);
#8386 = CARTESIAN_POINT('',(137.993089,-83.828178,1.585));
#8387 = VECTOR('',#8388,1.);
#8388 = DIRECTION('',(0.832050294338,-0.554700196225,0.));
#8389 = ORIENTED_EDGE('',*,*,#8390,.T.);
#8390 = EDGE_CURVE('',#8383,#8391,#8393,.T.);
#8391 = VERTEX_POINT('',#8392);
#8392 = CARTESIAN_POINT('',(138.005349,-83.83189,1.585));
#8393 = LINE('',#8394,#8395);
#8394 = CARTESIAN_POINT('',(137.998657,-83.83189,1.585));
#8395 = VECTOR('',#8396,1.);
#8396 = DIRECTION('',(1.,0.,0.));
#8397 = ORIENTED_EDGE('',*,*,#8398,.T.);
#8398 = EDGE_CURVE('',#8391,#8399,#8401,.T.);
#8399 = VERTEX_POINT('',#8400);
#8400 = CARTESIAN_POINT('',(138.034482,-83.855773,1.585));
#8401 = LINE('',#8402,#8403);
#8402 = CARTESIAN_POINT('',(138.005349,-83.83189,1.585));
#8403 = VECTOR('',#8404,1.);
#8404 = DIRECTION('',(0.773346658778,-0.633983395174,0.));
#8405 = ORIENTED_EDGE('',*,*,#8406,.T.);
#8406 = EDGE_CURVE('',#8399,#8407,#8409,.T.);
#8407 = VERTEX_POINT('',#8408);
#8408 = CARTESIAN_POINT('',(138.045475,-83.891942,1.585));
#8409 = LINE('',#8410,#8411);
#8410 = CARTESIAN_POINT('',(138.034482,-83.855773,1.585));
#8411 = VECTOR('',#8412,1.);
#8412 = DIRECTION('',(0.290799488818,-0.956784018106,0.));
#8413 = ORIENTED_EDGE('',*,*,#8414,.T.);
#8414 = EDGE_CURVE('',#8407,#8415,#8417,.T.);
#8415 = VERTEX_POINT('',#8416);
#8416 = CARTESIAN_POINT('',(138.045475,-84.476942,1.585));
#8417 = LINE('',#8418,#8419);
#8418 = CARTESIAN_POINT('',(138.045475,-83.891942,1.585));
#8419 = VECTOR('',#8420,1.);
#8420 = DIRECTION('',(0.,-1.,0.));
#8421 = ORIENTED_EDGE('',*,*,#8422,.T.);
#8422 = EDGE_CURVE('',#8415,#8423,#8425,.T.);
#8423 = VERTEX_POINT('',#8424);
#8424 = CARTESIAN_POINT('',(138.16619,-84.476942,1.585));
#8425 = LINE('',#8426,#8427);
#8426 = CARTESIAN_POINT('',(138.045475,-84.476942,1.585));
#8427 = VECTOR('',#8428,1.);
#8428 = DIRECTION('',(1.,0.,0.));
#8429 = ORIENTED_EDGE('',*,*,#8430,.T.);
#8430 = EDGE_CURVE('',#8423,#8431,#8433,.T.);
#8431 = VERTEX_POINT('',#8432);
#8432 = CARTESIAN_POINT('',(138.16619,-84.606942,1.585));
#8433 = CIRCLE('',#8434,6.500000000092E-02);
#8434 = AXIS2_PLACEMENT_3D('',#8435,#8436,#8437);
#8435 = CARTESIAN_POINT('',(138.16618965513,-84.541942,1.585));
#8436 = DIRECTION('',(0.,0.,-1.));
#8437 = DIRECTION('',(5.305658025668E-06,0.999999999986,0.));
#8438 = ORIENTED_EDGE('',*,*,#8439,.T.);
#8439 = EDGE_CURVE('',#8431,#8440,#8442,.T.);
#8440 = VERTEX_POINT('',#8441);
#8441 = CARTESIAN_POINT('',(137.794761,-84.606942,1.585));
#8442 = LINE('',#8443,#8444);
#8443 = CARTESIAN_POINT('',(138.16619,-84.606942,1.585));
#8444 = VECTOR('',#8445,1.);
#8445 = DIRECTION('',(-1.,0.,0.));
#8446 = ORIENTED_EDGE('',*,*,#8447,.T.);
#8447 = EDGE_CURVE('',#8440,#8448,#8450,.T.);
#8448 = VERTEX_POINT('',#8449);
#8449 = CARTESIAN_POINT('',(137.794761,-84.476942,1.585));
#8450 = CIRCLE('',#8451,6.500000000092E-02);
#8451 = AXIS2_PLACEMENT_3D('',#8452,#8453,#8454);
#8452 = CARTESIAN_POINT('',(137.79476134486,-84.541942,1.585));
#8453 = DIRECTION('',(0.,0.,-1.));
#8454 = DIRECTION('',(-5.305658462926E-06,-0.999999999986,-0.));
#8455 = ORIENTED_EDGE('',*,*,#8456,.T.);
#8456 = EDGE_CURVE('',#8448,#8457,#8459,.T.);
#8457 = VERTEX_POINT('',#8458);
#8458 = CARTESIAN_POINT('',(137.915475,-84.476942,1.585));
#8459 = LINE('',#8460,#8461);
#8460 = CARTESIAN_POINT('',(137.794761,-84.476942,1.585));
#8461 = VECTOR('',#8462,1.);
#8462 = DIRECTION('',(1.,0.,0.));
#8463 = ORIENTED_EDGE('',*,*,#8464,.T.);
#8464 = EDGE_CURVE('',#8457,#8465,#8467,.T.);
#8465 = VERTEX_POINT('',#8466);
#8466 = CARTESIAN_POINT('',(137.915475,-84.079819,1.585));
#8467 = LINE('',#8468,#8469);
#8468 = CARTESIAN_POINT('',(137.915475,-84.476942,1.585));
#8469 = VECTOR('',#8470,1.);
#8470 = DIRECTION('',(0.,1.,0.));
#8471 = ORIENTED_EDGE('',*,*,#8472,.T.);
#8472 = EDGE_CURVE('',#8465,#8473,#8475,.T.);
#8473 = VERTEX_POINT('',#8474);
#8474 = CARTESIAN_POINT('',(137.799369,-84.142492,1.585));
#8475 = CIRCLE('',#8476,0.231965547742);
#8476 = AXIS2_PLACEMENT_3D('',#8477,#8478,#8479);
#8477 = CARTESIAN_POINT('',(137.7517867877,-83.91545907636,1.585));
#8478 = DIRECTION('',(0.,0.,-1.));
#8479 = DIRECTION('',(0.705657430099,-0.708553167621,0.));
#8480 = ORIENTED_EDGE('',*,*,#8481,.T.);
#8481 = EDGE_CURVE('',#8473,#8482,#8484,.T.);
#8482 = VERTEX_POINT('',#8483);
#8483 = CARTESIAN_POINT('',(137.752173,-84.12676,1.585));
#8484 = LINE('',#8485,#8486);
#8485 = CARTESIAN_POINT('',(137.799369,-84.142492,1.585));
#8486 = VECTOR('',#8487,1.);
#8487 = DIRECTION('',(-0.948683298051,0.316227766017,0.));
#8488 = ORIENTED_EDGE('',*,*,#8489,.T.);
#8489 = EDGE_CURVE('',#8482,#8490,#8492,.T.);
#8490 = VERTEX_POINT('',#8491);
#8491 = CARTESIAN_POINT('',(137.765692,-84.019518,1.585));
#8492 = CIRCLE('',#8493,6.50002600426E-02);
#8493 = AXIS2_PLACEMENT_3D('',#8494,#8495,#8496);
#8494 = CARTESIAN_POINT('',(137.7947616944,-84.07765565279,1.585));
#8495 = DIRECTION('',(0.,0.,-1.));
#8496 = DIRECTION('',(-0.655208061927,-0.755448473151,-0.));
#8497 = ORIENTED_EDGE('',*,*,#8498,.T.);
#8498 = EDGE_CURVE('',#8490,#8499,#8501,.T.);
#8499 = VERTEX_POINT('',#8500);
#8500 = CARTESIAN_POINT('',(137.818162,-83.993283,1.585));
#8501 = LINE('',#8502,#8503);
#8502 = CARTESIAN_POINT('',(137.765692,-84.019518,1.585));
#8503 = VECTOR('',#8504,1.);
#8504 = DIRECTION('',(0.894427191,0.4472135955,0.));
#8505 = ORIENTED_EDGE('',*,*,#8506,.T.);
#8506 = EDGE_CURVE('',#8499,#8507,#8509,.T.);
#8507 = VERTEX_POINT('',#8508);
#8508 = CARTESIAN_POINT('',(137.868059,-83.943386,1.585));
#8509 = LINE('',#8510,#8511);
#8510 = CARTESIAN_POINT('',(137.818162,-83.993283,1.585));
#8511 = VECTOR('',#8512,1.);
#8512 = DIRECTION('',(0.707106781186,0.707106781187,0.));
#8513 = ORIENTED_EDGE('',*,*,#8514,.T.);
#8514 = EDGE_CURVE('',#8507,#8372,#8515,.T.);
#8515 = LINE('',#8516,#8517);
#8516 = CARTESIAN_POINT('',(137.868059,-83.943386,1.585));
#8517 = VECTOR('',#8518,1.);
#8518 = DIRECTION('',(0.554702390663,0.832048831375,0.));
#8519 = PLANE('',#8520);
#8520 = AXIS2_PLACEMENT_3D('',#8521,#8522,#8523);
#8521 = CARTESIAN_POINT('',(0.,0.,1.585));
#8522 = DIRECTION('',(0.,0.,1.));
#8523 = DIRECTION('',(1.,0.,-0.));
#8524 = SHELL_BASED_SURFACE_MODEL('',(#8525));
#8525 = OPEN_SHELL('',(#8526));
#8526 = ADVANCED_FACE('',(#8527),#8596,.T.);
#8527 = FACE_BOUND('',#8528,.F.);
#8528 = EDGE_LOOP('',(#8529,#8540,#8548,#8556,#8565,#8573,#8582,#8590));
#8529 = ORIENTED_EDGE('',*,*,#8530,.T.);
#8530 = EDGE_CURVE('',#8531,#8533,#8535,.T.);
#8531 = VERTEX_POINT('',#8532);
#8532 = CARTESIAN_POINT('',(140.518567,-82.885039,1.585));
#8533 = VERTEX_POINT('',#8534);
#8534 = CARTESIAN_POINT('',(140.634,-82.908,1.585));
#8535 = CIRCLE('',#8536,6.000007318647E-02);
#8536 = AXIS2_PLACEMENT_3D('',#8537,#8538,#8539);
#8537 = CARTESIAN_POINT('',(140.57399992681,-82.90799982331,1.585));
#8538 = DIRECTION('',(0.,0.,-1.));
#8539 = DIRECTION('',(-0.923880986637,0.382679921777,0.));
#8540 = ORIENTED_EDGE('',*,*,#8541,.T.);
#8541 = EDGE_CURVE('',#8533,#8542,#8544,.T.);
#8542 = VERTEX_POINT('',#8543);
#8543 = CARTESIAN_POINT('',(140.634,-84.228,1.585));
#8544 = LINE('',#8545,#8546);
#8545 = CARTESIAN_POINT('',(140.634,-82.908,1.585));
#8546 = VECTOR('',#8547,1.);
#8547 = DIRECTION('',(0.,-1.,0.));
#8548 = ORIENTED_EDGE('',*,*,#8549,.T.);
#8549 = EDGE_CURVE('',#8542,#8550,#8552,.T.);
#8550 = VERTEX_POINT('',#8551);
#8551 = CARTESIAN_POINT('',(141.954,-84.228,1.585));
#8552 = LINE('',#8553,#8554);
#8553 = CARTESIAN_POINT('',(140.634,-84.228,1.585));
#8554 = VECTOR('',#8555,1.);
#8555 = DIRECTION('',(1.,0.,0.));
#8556 = ORIENTED_EDGE('',*,*,#8557,.T.);
#8557 = EDGE_CURVE('',#8550,#8558,#8560,.T.);
#8558 = VERTEX_POINT('',#8559);
#8559 = CARTESIAN_POINT('',(141.954,-84.348,1.585));
#8560 = CIRCLE('',#8561,6.000000000043E-02);
#8561 = AXIS2_PLACEMENT_3D('',#8562,#8563,#8564);
#8562 = CARTESIAN_POINT('',(141.95400022558,-84.288,1.585));
#8563 = DIRECTION('',(0.,0.,-1.));
#8564 = DIRECTION('',(-3.759793779988E-06,0.999999999993,-0.));
#8565 = ORIENTED_EDGE('',*,*,#8566,.T.);
#8566 = EDGE_CURVE('',#8558,#8567,#8569,.T.);
#8567 = VERTEX_POINT('',#8568);
#8568 = CARTESIAN_POINT('',(140.574,-84.348,1.585));
#8569 = LINE('',#8570,#8571);
#8570 = CARTESIAN_POINT('',(141.954,-84.348,1.585));
#8571 = VECTOR('',#8572,1.);
#8572 = DIRECTION('',(-1.,0.,0.));
#8573 = ORIENTED_EDGE('',*,*,#8574,.T.);
#8574 = EDGE_CURVE('',#8567,#8575,#8577,.T.);
#8575 = VERTEX_POINT('',#8576);
#8576 = CARTESIAN_POINT('',(140.514,-84.288,1.585));
#8577 = CIRCLE('',#8578,5.999932016256E-02);
#8578 = AXIS2_PLACEMENT_3D('',#8579,#8580,#8581);
#8579 = CARTESIAN_POINT('',(140.57399932015,-84.28800067984,1.585));
#8580 = DIRECTION('',(0.,0.,-1.));
#8581 = DIRECTION('',(1.133081659513E-05,-0.999999999936,0.));
#8582 = ORIENTED_EDGE('',*,*,#8583,.T.);
#8583 = EDGE_CURVE('',#8575,#8584,#8586,.T.);
#8584 = VERTEX_POINT('',#8585);
#8585 = CARTESIAN_POINT('',(140.514,-82.908,1.585));
#8586 = LINE('',#8587,#8588);
#8587 = CARTESIAN_POINT('',(140.514,-84.288,1.585));
#8588 = VECTOR('',#8589,1.);
#8589 = DIRECTION('',(0.,1.,0.));
#8590 = ORIENTED_EDGE('',*,*,#8591,.T.);
#8591 = EDGE_CURVE('',#8584,#8531,#8592,.T.);
#8592 = LINE('',#8593,#8594);
#8593 = CARTESIAN_POINT('',(140.514,-82.908,1.585));
#8594 = VECTOR('',#8595,1.);
#8595 = DIRECTION('',(0.195081000117,0.980787134598,0.));
#8596 = PLANE('',#8597);
#8597 = AXIS2_PLACEMENT_3D('',#8598,#8599,#8600);
#8598 = CARTESIAN_POINT('',(0.,0.,1.585));
#8599 = DIRECTION('',(0.,0.,1.));
#8600 = DIRECTION('',(1.,0.,-0.));
#8601 = SHELL_BASED_SURFACE_MODEL('',(#8602));
#8602 = OPEN_SHELL('',(#8603));
#8603 = ADVANCED_FACE('',(#8604,#8674),#8708,.T.);
#8604 = FACE_BOUND('',#8605,.F.);
#8605 = EDGE_LOOP('',(#8606,#8617,#8625,#8634,#8642,#8651,#8659,#8668));
#8606 = ORIENTED_EDGE('',*,*,#8607,.T.);
#8607 = EDGE_CURVE('',#8608,#8610,#8612,.T.);
#8608 = VERTEX_POINT('',#8609);
#8609 = CARTESIAN_POINT('',(143.164,-81.528,1.585));
#8610 = VERTEX_POINT('',#8611);
#8611 = CARTESIAN_POINT('',(143.224,-81.468,1.585));
#8612 = CIRCLE('',#8613,5.999932016262E-02);
#8613 = AXIS2_PLACEMENT_3D('',#8614,#8615,#8616);
#8614 = CARTESIAN_POINT('',(143.22399932015,-81.52799932015,1.585));
#8615 = DIRECTION('',(0.,0.,-1.));
#8616 = DIRECTION('',(-0.999999999936,-1.133081564772E-05,-0.));
#8617 = ORIENTED_EDGE('',*,*,#8618,.T.);
#8618 = EDGE_CURVE('',#8610,#8619,#8621,.T.);
#8619 = VERTEX_POINT('',#8620);
#8620 = CARTESIAN_POINT('',(145.874,-81.468,1.585));
#8621 = LINE('',#8622,#8623);
#8622 = CARTESIAN_POINT('',(143.224,-81.468,1.585));
#8623 = VECTOR('',#8624,1.);
#8624 = DIRECTION('',(1.,0.,0.));
#8625 = ORIENTED_EDGE('',*,*,#8626,.T.);
#8626 = EDGE_CURVE('',#8619,#8627,#8629,.T.);
#8627 = VERTEX_POINT('',#8628);
#8628 = CARTESIAN_POINT('',(145.934,-81.528,1.585));
#8629 = CIRCLE('',#8630,5.999932016256E-02);
#8630 = AXIS2_PLACEMENT_3D('',#8631,#8632,#8633);
#8631 = CARTESIAN_POINT('',(145.87400067984,-81.52799932015,1.585));
#8632 = DIRECTION('',(0.,0.,-1.));
#8633 = DIRECTION('',(-1.133081659513E-05,0.999999999936,0.));
#8634 = ORIENTED_EDGE('',*,*,#8635,.T.);
#8635 = EDGE_CURVE('',#8627,#8636,#8638,.T.);
#8636 = VERTEX_POINT('',#8637);
#8637 = CARTESIAN_POINT('',(145.934,-84.288,1.585));
#8638 = LINE('',#8639,#8640);
#8639 = CARTESIAN_POINT('',(145.934,-81.528,1.585));
#8640 = VECTOR('',#8641,1.);
#8641 = DIRECTION('',(0.,-1.,0.));
#8642 = ORIENTED_EDGE('',*,*,#8643,.T.);
#8643 = EDGE_CURVE('',#8636,#8644,#8646,.T.);
#8644 = VERTEX_POINT('',#8645);
#8645 = CARTESIAN_POINT('',(145.874,-84.348,1.585));
#8646 = CIRCLE('',#8647,5.999932016262E-02);
#8647 = AXIS2_PLACEMENT_3D('',#8648,#8649,#8650);
#8648 = CARTESIAN_POINT('',(145.87400067984,-84.28800067984,1.585));
#8649 = DIRECTION('',(0.,0.,-1.));
#8650 = DIRECTION('',(0.999999999936,1.133081564772E-05,0.));
#8651 = ORIENTED_EDGE('',*,*,#8652,.T.);
#8652 = EDGE_CURVE('',#8644,#8653,#8655,.T.);
#8653 = VERTEX_POINT('',#8654);
#8654 = CARTESIAN_POINT('',(143.224,-84.348,1.585));
#8655 = LINE('',#8656,#8657);
#8656 = CARTESIAN_POINT('',(145.874,-84.348,1.585));
#8657 = VECTOR('',#8658,1.);
#8658 = DIRECTION('',(-1.,0.,0.));
#8659 = ORIENTED_EDGE('',*,*,#8660,.T.);
#8660 = EDGE_CURVE('',#8653,#8661,#8663,.T.);
#8661 = VERTEX_POINT('',#8662);
#8662 = CARTESIAN_POINT('',(143.164,-84.288,1.585));
#8663 = CIRCLE('',#8664,5.999932016258E-02);
#8664 = AXIS2_PLACEMENT_3D('',#8665,#8666,#8667);
#8665 = CARTESIAN_POINT('',(143.22399932015,-84.28800067984,1.585));
#8666 = DIRECTION('',(0.,0.,-1.));
#8667 = DIRECTION('',(1.133081612143E-05,-0.999999999936,0.));
#8668 = ORIENTED_EDGE('',*,*,#8669,.T.);
#8669 = EDGE_CURVE('',#8661,#8608,#8670,.T.);
#8670 = LINE('',#8671,#8672);
#8671 = CARTESIAN_POINT('',(143.164,-84.288,1.585));
#8672 = VECTOR('',#8673,1.);
#8673 = DIRECTION('',(0.,1.,0.));
#8674 = FACE_BOUND('',#8675,.F.);
#8675 = EDGE_LOOP('',(#8676,#8686,#8694,#8702));
#8676 = ORIENTED_EDGE('',*,*,#8677,.T.);
#8677 = EDGE_CURVE('',#8678,#8680,#8682,.T.);
#8678 = VERTEX_POINT('',#8679);
#8679 = CARTESIAN_POINT('',(145.814,-84.228,1.585));
#8680 = VERTEX_POINT('',#8681);
#8681 = CARTESIAN_POINT('',(145.814,-81.588,1.585));
#8682 = LINE('',#8683,#8684);
#8683 = CARTESIAN_POINT('',(145.814,-84.228,1.585));
#8684 = VECTOR('',#8685,1.);
#8685 = DIRECTION('',(0.,1.,0.));
#8686 = ORIENTED_EDGE('',*,*,#8687,.T.);
#8687 = EDGE_CURVE('',#8680,#8688,#8690,.T.);
#8688 = VERTEX_POINT('',#8689);
#8689 = CARTESIAN_POINT('',(143.284,-81.588,1.585));
#8690 = LINE('',#8691,#8692);
#8691 = CARTESIAN_POINT('',(145.814,-81.588,1.585));
#8692 = VECTOR('',#8693,1.);
#8693 = DIRECTION('',(-1.,0.,0.));
#8694 = ORIENTED_EDGE('',*,*,#8695,.T.);
#8695 = EDGE_CURVE('',#8688,#8696,#8698,.T.);
#8696 = VERTEX_POINT('',#8697);
#8697 = CARTESIAN_POINT('',(143.284,-84.228,1.585));
#8698 = LINE('',#8699,#8700);
#8699 = CARTESIAN_POINT('',(143.284,-81.588,1.585));
#8700 = VECTOR('',#8701,1.);
#8701 = DIRECTION('',(0.,-1.,0.));
#8702 = ORIENTED_EDGE('',*,*,#8703,.T.);
#8703 = EDGE_CURVE('',#8696,#8678,#8704,.T.);
#8704 = LINE('',#8705,#8706);
#8705 = CARTESIAN_POINT('',(143.284,-84.228,1.585));
#8706 = VECTOR('',#8707,1.);
#8707 = DIRECTION('',(1.,0.,0.));
#8708 = PLANE('',#8709);
#8709 = AXIS2_PLACEMENT_3D('',#8710,#8711,#8712);
#8710 = CARTESIAN_POINT('',(0.,0.,1.585));
#8711 = DIRECTION('',(0.,0.,1.));
#8712 = DIRECTION('',(1.,0.,-0.));
#8713 = SHELL_BASED_SURFACE_MODEL('',(#8714));
#8714 = OPEN_SHELL('',(#8715));
#8715 = ADVANCED_FACE('',(#8716,#8786),#8820,.T.);
#8716 = FACE_BOUND('',#8717,.F.);
#8717 = EDGE_LOOP('',(#8718,#8729,#8737,#8746,#8754,#8763,#8771,#8780));
#8718 = ORIENTED_EDGE('',*,*,#8719,.T.);
#8719 = EDGE_CURVE('',#8720,#8722,#8724,.T.);
#8720 = VERTEX_POINT('',#8721);
#8721 = CARTESIAN_POINT('',(129.916,-81.438,1.585));
#8722 = VERTEX_POINT('',#8723);
#8723 = CARTESIAN_POINT('',(129.976,-81.378,1.585));
#8724 = CIRCLE('',#8725,5.999932016262E-02);
#8725 = AXIS2_PLACEMENT_3D('',#8726,#8727,#8728);
#8726 = CARTESIAN_POINT('',(129.97599932015,-81.43799932015,1.585));
#8727 = DIRECTION('',(0.,0.,-1.));
#8728 = DIRECTION('',(-0.999999999936,-1.133081564772E-05,-0.));
#8729 = ORIENTED_EDGE('',*,*,#8730,.T.);
#8730 = EDGE_CURVE('',#8722,#8731,#8733,.T.);
#8731 = VERTEX_POINT('',#8732);
#8732 = CARTESIAN_POINT('',(135.166,-81.378,1.585));
#8733 = LINE('',#8734,#8735);
#8734 = CARTESIAN_POINT('',(129.976,-81.378,1.585));
#8735 = VECTOR('',#8736,1.);
#8736 = DIRECTION('',(1.,0.,0.));
#8737 = ORIENTED_EDGE('',*,*,#8738,.T.);
#8738 = EDGE_CURVE('',#8731,#8739,#8741,.T.);
#8739 = VERTEX_POINT('',#8740);
#8740 = CARTESIAN_POINT('',(135.226,-81.438,1.585));
#8741 = CIRCLE('',#8742,5.999932016256E-02);
#8742 = AXIS2_PLACEMENT_3D('',#8743,#8744,#8745);
#8743 = CARTESIAN_POINT('',(135.16600067984,-81.43799932015,1.585));
#8744 = DIRECTION('',(0.,0.,-1.));
#8745 = DIRECTION('',(-1.133081659513E-05,0.999999999936,0.));
#8746 = ORIENTED_EDGE('',*,*,#8747,.T.);
#8747 = EDGE_CURVE('',#8739,#8748,#8750,.T.);
#8748 = VERTEX_POINT('',#8749);
#8749 = CARTESIAN_POINT('',(135.226,-84.198,1.585));
#8750 = LINE('',#8751,#8752);
#8751 = CARTESIAN_POINT('',(135.226,-81.438,1.585));
#8752 = VECTOR('',#8753,1.);
#8753 = DIRECTION('',(0.,-1.,0.));
#8754 = ORIENTED_EDGE('',*,*,#8755,.T.);
#8755 = EDGE_CURVE('',#8748,#8756,#8758,.T.);
#8756 = VERTEX_POINT('',#8757);
#8757 = CARTESIAN_POINT('',(135.166,-84.258,1.585));
#8758 = CIRCLE('',#8759,5.999932016262E-02);
#8759 = AXIS2_PLACEMENT_3D('',#8760,#8761,#8762);
#8760 = CARTESIAN_POINT('',(135.16600067984,-84.19800067984,1.585));
#8761 = DIRECTION('',(0.,0.,-1.));
#8762 = DIRECTION('',(0.999999999936,1.133081564772E-05,0.));
#8763 = ORIENTED_EDGE('',*,*,#8764,.T.);
#8764 = EDGE_CURVE('',#8756,#8765,#8767,.T.);
#8765 = VERTEX_POINT('',#8766);
#8766 = CARTESIAN_POINT('',(129.976,-84.258,1.585));
#8767 = LINE('',#8768,#8769);
#8768 = CARTESIAN_POINT('',(135.166,-84.258,1.585));
#8769 = VECTOR('',#8770,1.);
#8770 = DIRECTION('',(-1.,0.,0.));
#8771 = ORIENTED_EDGE('',*,*,#8772,.T.);
#8772 = EDGE_CURVE('',#8765,#8773,#8775,.T.);
#8773 = VERTEX_POINT('',#8774);
#8774 = CARTESIAN_POINT('',(129.916,-84.198,1.585));
#8775 = CIRCLE('',#8776,5.999932016256E-02);
#8776 = AXIS2_PLACEMENT_3D('',#8777,#8778,#8779);
#8777 = CARTESIAN_POINT('',(129.97599932015,-84.19800067984,1.585));
#8778 = DIRECTION('',(0.,0.,-1.));
#8779 = DIRECTION('',(1.133081659513E-05,-0.999999999936,0.));
#8780 = ORIENTED_EDGE('',*,*,#8781,.T.);
#8781 = EDGE_CURVE('',#8773,#8720,#8782,.T.);
#8782 = LINE('',#8783,#8784);
#8783 = CARTESIAN_POINT('',(129.916,-84.198,1.585));
#8784 = VECTOR('',#8785,1.);
#8785 = DIRECTION('',(0.,1.,0.));
#8786 = FACE_BOUND('',#8787,.F.);
#8787 = EDGE_LOOP('',(#8788,#8798,#8806,#8814));
#8788 = ORIENTED_EDGE('',*,*,#8789,.T.);
#8789 = EDGE_CURVE('',#8790,#8792,#8794,.T.);
#8790 = VERTEX_POINT('',#8791);
#8791 = CARTESIAN_POINT('',(135.106,-84.138,1.585));
#8792 = VERTEX_POINT('',#8793);
#8793 = CARTESIAN_POINT('',(135.106,-81.498,1.585));
#8794 = LINE('',#8795,#8796);
#8795 = CARTESIAN_POINT('',(135.106,-84.138,1.585));
#8796 = VECTOR('',#8797,1.);
#8797 = DIRECTION('',(0.,1.,0.));
#8798 = ORIENTED_EDGE('',*,*,#8799,.T.);
#8799 = EDGE_CURVE('',#8792,#8800,#8802,.T.);
#8800 = VERTEX_POINT('',#8801);
#8801 = CARTESIAN_POINT('',(130.036,-81.498,1.585));
#8802 = LINE('',#8803,#8804);
#8803 = CARTESIAN_POINT('',(135.106,-81.498,1.585));
#8804 = VECTOR('',#8805,1.);
#8805 = DIRECTION('',(-1.,0.,0.));
#8806 = ORIENTED_EDGE('',*,*,#8807,.T.);
#8807 = EDGE_CURVE('',#8800,#8808,#8810,.T.);
#8808 = VERTEX_POINT('',#8809);
#8809 = CARTESIAN_POINT('',(130.036,-84.138,1.585));
#8810 = LINE('',#8811,#8812);
#8811 = CARTESIAN_POINT('',(130.036,-81.498,1.585));
#8812 = VECTOR('',#8813,1.);
#8813 = DIRECTION('',(0.,-1.,0.));
#8814 = ORIENTED_EDGE('',*,*,#8815,.T.);
#8815 = EDGE_CURVE('',#8808,#8790,#8816,.T.);
#8816 = LINE('',#8817,#8818);
#8817 = CARTESIAN_POINT('',(130.036,-84.138,1.585));
#8818 = VECTOR('',#8819,1.);
#8819 = DIRECTION('',(1.,0.,0.));
#8820 = PLANE('',#8821);
#8821 = AXIS2_PLACEMENT_3D('',#8822,#8823,#8824);
#8822 = CARTESIAN_POINT('',(0.,0.,1.585));
#8823 = DIRECTION('',(0.,0.,1.));
#8824 = DIRECTION('',(1.,0.,-0.));
#8825 = SHELL_BASED_SURFACE_MODEL('',(#8826));
#8826 = OPEN_SHELL('',(#8827));
#8827 = ADVANCED_FACE('',(#8828),#8889,.T.);
#8828 = FACE_BOUND('',#8829,.F.);
#8829 = EDGE_LOOP('',(#8830,#8841,#8849,#8858,#8866,#8875,#8883));
#8830 = ORIENTED_EDGE('',*,*,#8831,.T.);
#8831 = EDGE_CURVE('',#8832,#8834,#8836,.T.);
#8832 = VERTEX_POINT('',#8833);
#8833 = CARTESIAN_POINT('',(136.436,-81.498,1.585));
#8834 = VERTEX_POINT('',#8835);
#8835 = CARTESIAN_POINT('',(136.436,-81.378,1.585));
#8836 = CIRCLE('',#8837,6.000000000043E-02);
#8837 = AXIS2_PLACEMENT_3D('',#8838,#8839,#8840);
#8838 = CARTESIAN_POINT('',(136.43599977441,-81.438,1.585));
#8839 = DIRECTION('',(0.,0.,-1.));
#8840 = DIRECTION('',(3.759793779988E-06,-0.999999999993,0.));
#8841 = ORIENTED_EDGE('',*,*,#8842,.T.);
#8842 = EDGE_CURVE('',#8834,#8843,#8845,.T.);
#8843 = VERTEX_POINT('',#8844);
#8844 = CARTESIAN_POINT('',(137.816,-81.378,1.585));
#8845 = LINE('',#8846,#8847);
#8846 = CARTESIAN_POINT('',(136.436,-81.378,1.585));
#8847 = VECTOR('',#8848,1.);
#8848 = DIRECTION('',(1.,0.,0.));
#8849 = ORIENTED_EDGE('',*,*,#8850,.T.);
#8850 = EDGE_CURVE('',#8843,#8851,#8853,.T.);
#8851 = VERTEX_POINT('',#8852);
#8852 = CARTESIAN_POINT('',(137.876,-81.438,1.585));
#8853 = CIRCLE('',#8854,5.999932016256E-02);
#8854 = AXIS2_PLACEMENT_3D('',#8855,#8856,#8857);
#8855 = CARTESIAN_POINT('',(137.81600067984,-81.43799932015,1.585));
#8856 = DIRECTION('',(0.,0.,-1.));
#8857 = DIRECTION('',(-1.133081659513E-05,0.999999999936,0.));
#8858 = ORIENTED_EDGE('',*,*,#8859,.T.);
#8859 = EDGE_CURVE('',#8851,#8860,#8862,.T.);
#8860 = VERTEX_POINT('',#8861);
#8861 = CARTESIAN_POINT('',(137.876,-82.818,1.585));
#8862 = LINE('',#8863,#8864);
#8863 = CARTESIAN_POINT('',(137.876,-81.438,1.585));
#8864 = VECTOR('',#8865,1.);
#8865 = DIRECTION('',(0.,-1.,0.));
#8866 = ORIENTED_EDGE('',*,*,#8867,.T.);
#8867 = EDGE_CURVE('',#8860,#8868,#8870,.T.);
#8868 = VERTEX_POINT('',#8869);
#8869 = CARTESIAN_POINT('',(137.756,-82.818,1.585));
#8870 = CIRCLE('',#8871,6.000000000042E-02);
#8871 = AXIS2_PLACEMENT_3D('',#8872,#8873,#8874);
#8872 = CARTESIAN_POINT('',(137.816,-82.81800022558,1.585));
#8873 = DIRECTION('',(0.,0.,-1.));
#8874 = DIRECTION('',(0.999999999993,3.759794490531E-06,0.));
#8875 = ORIENTED_EDGE('',*,*,#8876,.T.);
#8876 = EDGE_CURVE('',#8868,#8877,#8879,.T.);
#8877 = VERTEX_POINT('',#8878);
#8878 = CARTESIAN_POINT('',(137.756,-81.498,1.585));
#8879 = LINE('',#8880,#8881);
#8880 = CARTESIAN_POINT('',(137.756,-82.818,1.585));
#8881 = VECTOR('',#8882,1.);
#8882 = DIRECTION('',(0.,1.,0.));
#8883 = ORIENTED_EDGE('',*,*,#8884,.T.);
#8884 = EDGE_CURVE('',#8877,#8832,#8885,.T.);
#8885 = LINE('',#8886,#8887);
#8886 = CARTESIAN_POINT('',(137.756,-81.498,1.585));
#8887 = VECTOR('',#8888,1.);
#8888 = DIRECTION('',(-1.,0.,0.));
#8889 = PLANE('',#8890);
#8890 = AXIS2_PLACEMENT_3D('',#8891,#8892,#8893);
#8891 = CARTESIAN_POINT('',(0.,0.,1.585));
#8892 = DIRECTION('',(0.,0.,1.));
#8893 = DIRECTION('',(1.,0.,-0.));
#8894 = SHELL_BASED_SURFACE_MODEL('',(#8895));
#8895 = OPEN_SHELL('',(#8896));
#8896 = ADVANCED_FACE('',(#8897,#8998),#9081,.T.);
#8897 = FACE_BOUND('',#8898,.F.);
#8898 = EDGE_LOOP('',(#8899,#8910,#8918,#8926,#8934,#8943,#8951,#8959,
    #8967,#8976,#8984,#8992));
#8899 = ORIENTED_EDGE('',*,*,#8900,.T.);
#8900 = EDGE_CURVE('',#8901,#8903,#8905,.T.);
#8901 = VERTEX_POINT('',#8902);
#8902 = CARTESIAN_POINT('',(140.125237,-81.129942,1.585));
#8903 = VERTEX_POINT('',#8904);
#8904 = CARTESIAN_POINT('',(140.190237,-81.064942,1.585));
#8905 = CIRCLE('',#8906,6.500103935393E-02);
#8906 = AXIS2_PLACEMENT_3D('',#8907,#8908,#8909);
#8907 = CARTESIAN_POINT('',(140.19023803934,-81.12994303934,1.585));
#8908 = DIRECTION('',(0.,0.,-1.));
#8909 = DIRECTION('',(-0.999999999872,1.598967692944E-05,0.));
#8910 = ORIENTED_EDGE('',*,*,#8911,.T.);
#8911 = EDGE_CURVE('',#8903,#8912,#8914,.T.);
#8912 = VERTEX_POINT('',#8913);
#8913 = CARTESIAN_POINT('',(140.355221,-81.066975,1.585));
#8914 = LINE('',#8915,#8916);
#8915 = CARTESIAN_POINT('',(140.190237,-81.064942,1.585));
#8916 = VECTOR('',#8917,1.);
#8917 = DIRECTION('',(0.999924087787,-1.232147160009E-02,0.));
#8918 = ORIENTED_EDGE('',*,*,#8919,.T.);
#8919 = EDGE_CURVE('',#8912,#8920,#8922,.T.);
#8920 = VERTEX_POINT('',#8921);
#8921 = CARTESIAN_POINT('',(140.471393,-81.10663,1.585));
#8922 = LINE('',#8923,#8924);
#8923 = CARTESIAN_POINT('',(140.355221,-81.066975,1.585));
#8924 = VECTOR('',#8925,1.);
#8925 = DIRECTION('',(0.946383452135,-0.32304544808,0.));
#8926 = ORIENTED_EDGE('',*,*,#8927,.T.);
#8927 = EDGE_CURVE('',#8920,#8928,#8930,.T.);
#8928 = VERTEX_POINT('',#8929);
#8929 = CARTESIAN_POINT('',(140.551512,-81.185501,1.585));
#8930 = LINE('',#8931,#8932);
#8931 = CARTESIAN_POINT('',(140.471393,-81.10663,1.585));
#8932 = VECTOR('',#8933,1.);
#8933 = DIRECTION('',(0.712635297093,-0.701534698598,0.));
#8934 = ORIENTED_EDGE('',*,*,#8935,.T.);
#8935 = EDGE_CURVE('',#8928,#8936,#8938,.T.);
#8936 = VERTEX_POINT('',#8937);
#8937 = CARTESIAN_POINT('',(140.624725,-81.517135,1.585));
#8938 = CIRCLE('',#8939,0.502434018577);
#8939 = AXIS2_PLACEMENT_3D('',#8940,#8941,#8942);
#8940 = CARTESIAN_POINT('',(140.12636827927,-81.45325603684,1.585));
#8941 = DIRECTION('',(0.,0.,-1.));
#8942 = DIRECTION('',(0.846168262902,0.532915819672,0.));
#8943 = ORIENTED_EDGE('',*,*,#8944,.T.);
#8944 = EDGE_CURVE('',#8936,#8945,#8947,.T.);
#8945 = VERTEX_POINT('',#8946);
#8946 = CARTESIAN_POINT('',(140.588852,-81.654249,1.585));
#8947 = LINE('',#8948,#8949);
#8948 = CARTESIAN_POINT('',(140.624725,-81.517135,1.585));
#8949 = VECTOR('',#8950,1.);
#8950 = DIRECTION('',(-0.253109734542,-0.967437575392,0.));
#8951 = ORIENTED_EDGE('',*,*,#8952,.T.);
#8952 = EDGE_CURVE('',#8945,#8953,#8955,.T.);
#8953 = VERTEX_POINT('',#8954);
#8954 = CARTESIAN_POINT('',(140.545723,-81.733047,1.585));
#8955 = LINE('',#8956,#8957);
#8956 = CARTESIAN_POINT('',(140.588852,-81.654249,1.585));
#8957 = VECTOR('',#8958,1.);
#8958 = DIRECTION('',(-0.480123755902,-0.877200763234,0.));
#8959 = ORIENTED_EDGE('',*,*,#8960,.T.);
#8960 = EDGE_CURVE('',#8953,#8961,#8963,.T.);
#8961 = VERTEX_POINT('',#8962);
#8962 = CARTESIAN_POINT('',(140.471393,-81.803253,1.585));
#8963 = LINE('',#8964,#8965);
#8964 = CARTESIAN_POINT('',(140.545723,-81.733047,1.585));
#8965 = VECTOR('',#8966,1.);
#8966 = DIRECTION('',(-0.726986570671,-0.686651677391,0.));
#8967 = ORIENTED_EDGE('',*,*,#8968,.T.);
#8968 = EDGE_CURVE('',#8961,#8969,#8971,.T.);
#8969 = VERTEX_POINT('',#8970);
#8970 = CARTESIAN_POINT('',(140.165363,-81.839994,1.585));
#8971 = CIRCLE('',#8972,0.456591450234);
#8972 = AXIS2_PLACEMENT_3D('',#8973,#8974,#8975);
#8973 = CARTESIAN_POINT('',(140.26714593068,-81.39489177865,1.585));
#8974 = DIRECTION('',(-0.,0.,-1.));
#8975 = DIRECTION('',(0.447330034795,-0.894368961878,-0.));
#8976 = ORIENTED_EDGE('',*,*,#8977,.T.);
#8977 = EDGE_CURVE('',#8969,#8978,#8980,.T.);
#8978 = VERTEX_POINT('',#8979);
#8979 = CARTESIAN_POINT('',(140.130185,-81.804816,1.585));
#8980 = LINE('',#8981,#8982);
#8981 = CARTESIAN_POINT('',(140.165363,-81.839994,1.585));
#8982 = VECTOR('',#8983,1.);
#8983 = DIRECTION('',(-0.707106781187,0.707106781187,0.));
#8984 = ORIENTED_EDGE('',*,*,#8985,.T.);
#8985 = EDGE_CURVE('',#8978,#8986,#8988,.T.);
#8986 = VERTEX_POINT('',#8987);
#8987 = CARTESIAN_POINT('',(140.125237,-81.779942,1.585));
#8988 = LINE('',#8989,#8990);
#8989 = CARTESIAN_POINT('',(140.130185,-81.804816,1.585));
#8990 = VECTOR('',#8991,1.);
#8991 = DIRECTION('',(-0.195099947481,0.98078336573,0.));
#8992 = ORIENTED_EDGE('',*,*,#8993,.T.);
#8993 = EDGE_CURVE('',#8986,#8901,#8994,.T.);
#8994 = LINE('',#8995,#8996);
#8995 = CARTESIAN_POINT('',(140.125237,-81.779942,1.585));
#8996 = VECTOR('',#8997,1.);
#8997 = DIRECTION('',(0.,1.,0.));
#8998 = FACE_BOUND('',#8999,.F.);
#8999 = EDGE_LOOP('',(#9000,#9010,#9018,#9026,#9034,#9042,#9050,#9059,
    #9067,#9075));
#9000 = ORIENTED_EDGE('',*,*,#9001,.T.);
#9001 = EDGE_CURVE('',#9002,#9004,#9006,.T.);
#9002 = VERTEX_POINT('',#9003);
#9003 = CARTESIAN_POINT('',(140.402744,-81.217706,1.585));
#9004 = VERTEX_POINT('',#9005);
#9005 = CARTESIAN_POINT('',(140.334452,-81.194942,1.585));
#9006 = LINE('',#9007,#9008);
#9007 = CARTESIAN_POINT('',(140.402744,-81.217706,1.585));
#9008 = VECTOR('',#9009,1.);
#9009 = DIRECTION('',(-0.94868329805,0.316227766017,0.));
#9010 = ORIENTED_EDGE('',*,*,#9011,.T.);
#9011 = EDGE_CURVE('',#9004,#9012,#9014,.T.);
#9012 = VERTEX_POINT('',#9013);
#9013 = CARTESIAN_POINT('',(140.255237,-81.194942,1.585));
#9014 = LINE('',#9015,#9016);
#9015 = CARTESIAN_POINT('',(140.334452,-81.194942,1.585));
#9016 = VECTOR('',#9017,1.);
#9017 = DIRECTION('',(-1.,0.,0.));
#9018 = ORIENTED_EDGE('',*,*,#9019,.T.);
#9019 = EDGE_CURVE('',#9012,#9020,#9022,.T.);
#9020 = VERTEX_POINT('',#9021);
#9021 = CARTESIAN_POINT('',(140.255237,-81.714942,1.585));
#9022 = LINE('',#9023,#9024);
#9023 = CARTESIAN_POINT('',(140.255237,-81.194942,1.585));
#9024 = VECTOR('',#9025,1.);
#9025 = DIRECTION('',(0.,-1.,0.));
#9026 = ORIENTED_EDGE('',*,*,#9027,.T.);
#9027 = EDGE_CURVE('',#9020,#9028,#9030,.T.);
#9028 = VERTEX_POINT('',#9029);
#9029 = CARTESIAN_POINT('',(140.334452,-81.714942,1.585));
#9030 = LINE('',#9031,#9032);
#9031 = CARTESIAN_POINT('',(140.255237,-81.714942,1.585));
#9032 = VECTOR('',#9033,1.);
#9033 = DIRECTION('',(1.,0.,0.));
#9034 = ORIENTED_EDGE('',*,*,#9035,.T.);
#9035 = EDGE_CURVE('',#9028,#9036,#9038,.T.);
#9036 = VERTEX_POINT('',#9037);
#9037 = CARTESIAN_POINT('',(140.402744,-81.692177,1.585));
#9038 = LINE('',#9039,#9040);
#9039 = CARTESIAN_POINT('',(140.334452,-81.714942,1.585));
#9040 = VECTOR('',#9041,1.);
#9041 = DIRECTION('',(0.948679130515,0.31624026835,0.));
#9042 = ORIENTED_EDGE('',*,*,#9043,.T.);
#9043 = EDGE_CURVE('',#9036,#9044,#9046,.T.);
#9044 = VERTEX_POINT('',#9045);
#9045 = CARTESIAN_POINT('',(140.44634,-81.648581,1.585));
#9046 = LINE('',#9047,#9048);
#9047 = CARTESIAN_POINT('',(140.402744,-81.692177,1.585));
#9048 = VECTOR('',#9049,1.);
#9049 = DIRECTION('',(0.707106781186,0.707106781187,0.));
#9050 = ORIENTED_EDGE('',*,*,#9051,.T.);
#9051 = EDGE_CURVE('',#9044,#9052,#9054,.T.);
#9052 = VERTEX_POINT('',#9053);
#9053 = CARTESIAN_POINT('',(140.496666,-81.416513,1.585));
#9054 = CIRCLE('',#9055,0.379724205584);
#9055 = AXIS2_PLACEMENT_3D('',#9056,#9057,#9058);
#9056 = CARTESIAN_POINT('',(140.11901158464,-81.45610611642,1.585));
#9057 = DIRECTION('',(0.,0.,1.));
#9058 = DIRECTION('',(0.862016196341,-0.506880732762,0.));
#9059 = ORIENTED_EDGE('',*,*,#9060,.T.);
#9060 = EDGE_CURVE('',#9052,#9061,#9063,.T.);
#9061 = VERTEX_POINT('',#9062);
#9062 = CARTESIAN_POINT('',(140.469386,-81.307393,1.585));
#9063 = LINE('',#9064,#9065);
#9064 = CARTESIAN_POINT('',(140.496666,-81.416513,1.585));
#9065 = VECTOR('',#9066,1.);
#9066 = DIRECTION('',(-0.242535625037,0.970142500145,0.));
#9067 = ORIENTED_EDGE('',*,*,#9068,.T.);
#9068 = EDGE_CURVE('',#9061,#9069,#9071,.T.);
#9069 = VERTEX_POINT('',#9070);
#9070 = CARTESIAN_POINT('',(140.44634,-81.261302,1.585));
#9071 = LINE('',#9072,#9073);
#9072 = CARTESIAN_POINT('',(140.469386,-81.307393,1.585));
#9073 = VECTOR('',#9074,1.);
#9074 = DIRECTION('',(-0.447221357721,0.894423309847,0.));
#9075 = ORIENTED_EDGE('',*,*,#9076,.T.);
#9076 = EDGE_CURVE('',#9069,#9002,#9077,.T.);
#9077 = LINE('',#9078,#9079);
#9078 = CARTESIAN_POINT('',(140.44634,-81.261302,1.585));
#9079 = VECTOR('',#9080,1.);
#9080 = DIRECTION('',(-0.707106781186,0.707106781187,0.));
#9081 = PLANE('',#9082);
#9082 = AXIS2_PLACEMENT_3D('',#9083,#9084,#9085);
#9083 = CARTESIAN_POINT('',(0.,0.,1.585));
#9084 = DIRECTION('',(0.,0.,1.));
#9085 = DIRECTION('',(1.,0.,-0.));
#9086 = SHELL_BASED_SURFACE_MODEL('',(#9087));
#9087 = OPEN_SHELL('',(#9088));
#9088 = ADVANCED_FACE('',(#9089),#9240,.T.);
#9089 = FACE_BOUND('',#9090,.F.);
#9090 = EDGE_LOOP('',(#9091,#9102,#9110,#9118,#9126,#9134,#9142,#9150,
    #9159,#9167,#9176,#9184,#9192,#9201,#9209,#9218,#9226,#9234));
#9091 = ORIENTED_EDGE('',*,*,#9092,.T.);
#9092 = EDGE_CURVE('',#9093,#9095,#9097,.T.);
#9093 = VERTEX_POINT('',#9094);
#9094 = CARTESIAN_POINT('',(140.940916,-81.093887,1.585));
#9095 = VERTEX_POINT('',#9096);
#9096 = CARTESIAN_POINT('',(141.007613,-81.066178,1.585));
#9097 = CIRCLE('',#9098,6.499916590978E-02);
#9098 = AXIS2_PLACEMENT_3D('',#9099,#9100,#9101);
#9099 = CARTESIAN_POINT('',(140.99499897337,-81.1299414527,1.585));
#9100 = DIRECTION('',(0.,0.,-1.));
#9101 = DIRECTION('',(-0.832056421284,0.554691005695,0.));
#9102 = ORIENTED_EDGE('',*,*,#9103,.T.);
#9103 = EDGE_CURVE('',#9095,#9104,#9106,.T.);
#9104 = VERTEX_POINT('',#9105);
#9105 = CARTESIAN_POINT('',(141.013181,-81.06989,1.585));
#9106 = LINE('',#9107,#9108);
#9107 = CARTESIAN_POINT('',(141.007613,-81.066178,1.585));
#9108 = VECTOR('',#9109,1.);
#9109 = DIRECTION('',(0.832050294338,-0.554700196225,0.));
#9110 = ORIENTED_EDGE('',*,*,#9111,.T.);
#9111 = EDGE_CURVE('',#9104,#9112,#9114,.T.);
#9112 = VERTEX_POINT('',#9113);
#9113 = CARTESIAN_POINT('',(141.019873,-81.06989,1.585));
#9114 = LINE('',#9115,#9116);
#9115 = CARTESIAN_POINT('',(141.013181,-81.06989,1.585));
#9116 = VECTOR('',#9117,1.);
#9117 = DIRECTION('',(1.,0.,0.));
#9118 = ORIENTED_EDGE('',*,*,#9119,.T.);
#9119 = EDGE_CURVE('',#9112,#9120,#9122,.T.);
#9120 = VERTEX_POINT('',#9121);
#9121 = CARTESIAN_POINT('',(141.049006,-81.093773,1.585));
#9122 = LINE('',#9123,#9124);
#9123 = CARTESIAN_POINT('',(141.019873,-81.06989,1.585));
#9124 = VECTOR('',#9125,1.);
#9125 = DIRECTION('',(0.773346658778,-0.633983395174,0.));
#9126 = ORIENTED_EDGE('',*,*,#9127,.T.);
#9127 = EDGE_CURVE('',#9120,#9128,#9130,.T.);
#9128 = VERTEX_POINT('',#9129);
#9129 = CARTESIAN_POINT('',(141.059999,-81.129942,1.585));
#9130 = LINE('',#9131,#9132);
#9131 = CARTESIAN_POINT('',(141.049006,-81.093773,1.585));
#9132 = VECTOR('',#9133,1.);
#9133 = DIRECTION('',(0.290799488818,-0.956784018106,0.));
#9134 = ORIENTED_EDGE('',*,*,#9135,.T.);
#9135 = EDGE_CURVE('',#9128,#9136,#9138,.T.);
#9136 = VERTEX_POINT('',#9137);
#9137 = CARTESIAN_POINT('',(141.059999,-81.714942,1.585));
#9138 = LINE('',#9139,#9140);
#9139 = CARTESIAN_POINT('',(141.059999,-81.129942,1.585));
#9140 = VECTOR('',#9141,1.);
#9141 = DIRECTION('',(0.,-1.,0.));
#9142 = ORIENTED_EDGE('',*,*,#9143,.T.);
#9143 = EDGE_CURVE('',#9136,#9144,#9146,.T.);
#9144 = VERTEX_POINT('',#9145);
#9145 = CARTESIAN_POINT('',(141.180714,-81.714942,1.585));
#9146 = LINE('',#9147,#9148);
#9147 = CARTESIAN_POINT('',(141.059999,-81.714942,1.585));
#9148 = VECTOR('',#9149,1.);
#9149 = DIRECTION('',(1.,0.,0.));
#9150 = ORIENTED_EDGE('',*,*,#9151,.T.);
#9151 = EDGE_CURVE('',#9144,#9152,#9154,.T.);
#9152 = VERTEX_POINT('',#9153);
#9153 = CARTESIAN_POINT('',(141.180714,-81.844942,1.585));
#9154 = CIRCLE('',#9155,6.500000000092E-02);
#9155 = AXIS2_PLACEMENT_3D('',#9156,#9157,#9158);
#9156 = CARTESIAN_POINT('',(141.18071365513,-81.779942,1.585));
#9157 = DIRECTION('',(0.,0.,-1.));
#9158 = DIRECTION('',(5.305658025668E-06,0.999999999986,0.));
#9159 = ORIENTED_EDGE('',*,*,#9160,.T.);
#9160 = EDGE_CURVE('',#9152,#9161,#9163,.T.);
#9161 = VERTEX_POINT('',#9162);
#9162 = CARTESIAN_POINT('',(140.809285,-81.844942,1.585));
#9163 = LINE('',#9164,#9165);
#9164 = CARTESIAN_POINT('',(141.180714,-81.844942,1.585));
#9165 = VECTOR('',#9166,1.);
#9166 = DIRECTION('',(-1.,0.,0.));
#9167 = ORIENTED_EDGE('',*,*,#9168,.T.);
#9168 = EDGE_CURVE('',#9161,#9169,#9171,.T.);
#9169 = VERTEX_POINT('',#9170);
#9170 = CARTESIAN_POINT('',(140.809285,-81.714942,1.585));
#9171 = CIRCLE('',#9172,6.500000000092E-02);
#9172 = AXIS2_PLACEMENT_3D('',#9173,#9174,#9175);
#9173 = CARTESIAN_POINT('',(140.80928534486,-81.779942,1.585));
#9174 = DIRECTION('',(0.,0.,-1.));
#9175 = DIRECTION('',(-5.305658462926E-06,-0.999999999986,-0.));
#9176 = ORIENTED_EDGE('',*,*,#9177,.T.);
#9177 = EDGE_CURVE('',#9169,#9178,#9180,.T.);
#9178 = VERTEX_POINT('',#9179);
#9179 = CARTESIAN_POINT('',(140.929999,-81.714942,1.585));
#9180 = LINE('',#9181,#9182);
#9181 = CARTESIAN_POINT('',(140.809285,-81.714942,1.585));
#9182 = VECTOR('',#9183,1.);
#9183 = DIRECTION('',(1.,0.,0.));
#9184 = ORIENTED_EDGE('',*,*,#9185,.T.);
#9185 = EDGE_CURVE('',#9178,#9186,#9188,.T.);
#9186 = VERTEX_POINT('',#9187);
#9187 = CARTESIAN_POINT('',(140.929999,-81.317819,1.585));
#9188 = LINE('',#9189,#9190);
#9189 = CARTESIAN_POINT('',(140.929999,-81.714942,1.585));
#9190 = VECTOR('',#9191,1.);
#9191 = DIRECTION('',(0.,1.,0.));
#9192 = ORIENTED_EDGE('',*,*,#9193,.T.);
#9193 = EDGE_CURVE('',#9186,#9194,#9196,.T.);
#9194 = VERTEX_POINT('',#9195);
#9195 = CARTESIAN_POINT('',(140.813893,-81.380492,1.585));
#9196 = CIRCLE('',#9197,0.231965547742);
#9197 = AXIS2_PLACEMENT_3D('',#9198,#9199,#9200);
#9198 = CARTESIAN_POINT('',(140.7663107877,-81.15345907636,1.585));
#9199 = DIRECTION('',(0.,0.,-1.));
#9200 = DIRECTION('',(0.705657430099,-0.708553167622,0.));
#9201 = ORIENTED_EDGE('',*,*,#9202,.T.);
#9202 = EDGE_CURVE('',#9194,#9203,#9205,.T.);
#9203 = VERTEX_POINT('',#9204);
#9204 = CARTESIAN_POINT('',(140.766697,-81.36476,1.585));
#9205 = LINE('',#9206,#9207);
#9206 = CARTESIAN_POINT('',(140.813893,-81.380492,1.585));
#9207 = VECTOR('',#9208,1.);
#9208 = DIRECTION('',(-0.948683298051,0.316227766017,0.));
#9209 = ORIENTED_EDGE('',*,*,#9210,.T.);
#9210 = EDGE_CURVE('',#9203,#9211,#9213,.T.);
#9211 = VERTEX_POINT('',#9212);
#9212 = CARTESIAN_POINT('',(140.780216,-81.257518,1.585));
#9213 = CIRCLE('',#9214,6.50002600426E-02);
#9214 = AXIS2_PLACEMENT_3D('',#9215,#9216,#9217);
#9215 = CARTESIAN_POINT('',(140.8092856944,-81.31565565279,1.585));
#9216 = DIRECTION('',(0.,0.,-1.));
#9217 = DIRECTION('',(-0.655208061927,-0.755448473151,-0.));
#9218 = ORIENTED_EDGE('',*,*,#9219,.T.);
#9219 = EDGE_CURVE('',#9211,#9220,#9222,.T.);
#9220 = VERTEX_POINT('',#9221);
#9221 = CARTESIAN_POINT('',(140.832686,-81.231283,1.585));
#9222 = LINE('',#9223,#9224);
#9223 = CARTESIAN_POINT('',(140.780216,-81.257518,1.585));
#9224 = VECTOR('',#9225,1.);
#9225 = DIRECTION('',(0.894427191,0.4472135955,0.));
#9226 = ORIENTED_EDGE('',*,*,#9227,.T.);
#9227 = EDGE_CURVE('',#9220,#9228,#9230,.T.);
#9228 = VERTEX_POINT('',#9229);
#9229 = CARTESIAN_POINT('',(140.882583,-81.181386,1.585));
#9230 = LINE('',#9231,#9232);
#9231 = CARTESIAN_POINT('',(140.832686,-81.231283,1.585));
#9232 = VECTOR('',#9233,1.);
#9233 = DIRECTION('',(0.707106781187,0.707106781186,0.));
#9234 = ORIENTED_EDGE('',*,*,#9235,.T.);
#9235 = EDGE_CURVE('',#9228,#9093,#9236,.T.);
#9236 = LINE('',#9237,#9238);
#9237 = CARTESIAN_POINT('',(140.882583,-81.181386,1.585));
#9238 = VECTOR('',#9239,1.);
#9239 = DIRECTION('',(0.554702390663,0.832048831375,0.));
#9240 = PLANE('',#9241);
#9241 = AXIS2_PLACEMENT_3D('',#9242,#9243,#9244);
#9242 = CARTESIAN_POINT('',(0.,0.,1.585));
#9243 = DIRECTION('',(0.,0.,1.));
#9244 = DIRECTION('',(1.,0.,-0.));
#9245 = SHELL_BASED_SURFACE_MODEL('',(#9246));
#9246 = OPEN_SHELL('',(#9247));
#9247 = ADVANCED_FACE('',(#9248,#9447),#9498,.T.);
#9248 = FACE_BOUND('',#9249,.F.);
#9249 = EDGE_LOOP('',(#9250,#9261,#9269,#9278,#9286,#9295,#9303,#9311,
    #9319,#9327,#9335,#9343,#9352,#9360,#9368,#9376,#9384,#9392,#9400,
    #9408,#9416,#9424,#9432,#9441));
#9250 = ORIENTED_EDGE('',*,*,#9251,.T.);
#9251 = EDGE_CURVE('',#9252,#9254,#9256,.T.);
#9252 = VERTEX_POINT('',#9253);
#9253 = CARTESIAN_POINT('',(133.128738,-80.208809,1.585));
#9254 = VERTEX_POINT('',#9255);
#9255 = CARTESIAN_POINT('',(133.191238,-80.146309,1.585));
#9256 = CIRCLE('',#9257,6.250106243077E-02);
#9257 = AXIS2_PLACEMENT_3D('',#9258,#9259,#9260);
#9258 = CARTESIAN_POINT('',(133.19123906242,-80.20881006242,1.585));
#9259 = DIRECTION('',(0.,0.,-1.));
#9260 = DIRECTION('',(-0.999999999856,1.699845874159E-05,0.));
#9261 = ORIENTED_EDGE('',*,*,#9262,.T.);
#9262 = EDGE_CURVE('',#9254,#9263,#9265,.T.);
#9263 = VERTEX_POINT('',#9264);
#9264 = CARTESIAN_POINT('',(133.384785,-80.14692,1.585));
#9265 = LINE('',#9266,#9267);
#9266 = CARTESIAN_POINT('',(133.191238,-80.146309,1.585));
#9267 = VECTOR('',#9268,1.);
#9268 = DIRECTION('',(0.999995017167,-3.156840227343E-03,0.));
#9269 = ORIENTED_EDGE('',*,*,#9270,.T.);
#9270 = EDGE_CURVE('',#9263,#9271,#9273,.T.);
#9271 = VERTEX_POINT('',#9272);
#9272 = CARTESIAN_POINT('',(133.509045,-80.228478,1.585));
#9273 = CIRCLE('',#9274,0.184763844111);
#9274 = AXIS2_PLACEMENT_3D('',#9275,#9276,#9277);
#9275 = CARTESIAN_POINT('',(133.35409522902,-80.32911719001,1.585));
#9276 = DIRECTION('',(0.,0.,-1.));
#9277 = DIRECTION('',(0.166102687028,0.986108461257,0.));
#9278 = ORIENTED_EDGE('',*,*,#9279,.T.);
#9279 = EDGE_CURVE('',#9271,#9280,#9282,.T.);
#9280 = VERTEX_POINT('',#9281);
#9281 = CARTESIAN_POINT('',(133.536648,-80.289956,1.585));
#9282 = LINE('',#9283,#9284);
#9283 = CARTESIAN_POINT('',(133.509045,-80.228478,1.585));
#9284 = VECTOR('',#9285,1.);
#9285 = DIRECTION('',(0.409598215745,-0.912266025706,0.));
#9286 = ORIENTED_EDGE('',*,*,#9287,.T.);
#9287 = EDGE_CURVE('',#9280,#9288,#9290,.T.);
#9288 = VERTEX_POINT('',#9289);
#9289 = CARTESIAN_POINT('',(133.421548,-80.520673,1.585));
#9290 = CIRCLE('',#9291,0.19446193138);
#9291 = AXIS2_PLACEMENT_3D('',#9292,#9293,#9294);
#9292 = CARTESIAN_POINT('',(133.34882182852,-80.34032237832,1.585));
#9293 = DIRECTION('',(0.,0.,-1.));
#9294 = DIRECTION('',(0.965876303608,0.259003795587,0.));
#9295 = ORIENTED_EDGE('',*,*,#9296,.T.);
#9296 = EDGE_CURVE('',#9288,#9297,#9299,.T.);
#9297 = VERTEX_POINT('',#9298);
#9298 = CARTESIAN_POINT('',(133.528154,-80.672968,1.585));
#9299 = LINE('',#9300,#9301);
#9300 = CARTESIAN_POINT('',(133.421548,-80.520673,1.585));
#9301 = VECTOR('',#9302,1.);
#9302 = DIRECTION('',(0.573460539244,-0.8192331841,0.));
#9303 = ORIENTED_EDGE('',*,*,#9304,.T.);
#9304 = EDGE_CURVE('',#9297,#9305,#9307,.T.);
#9305 = VERTEX_POINT('',#9306);
#9306 = CARTESIAN_POINT('',(133.537972,-80.695291,1.585));
#9307 = LINE('',#9308,#9309);
#9308 = CARTESIAN_POINT('',(133.528154,-80.672968,1.585));
#9309 = VECTOR('',#9310,1.);
#9310 = DIRECTION('',(0.402597067236,-0.915377300053,0.));
#9311 = ORIENTED_EDGE('',*,*,#9312,.T.);
#9312 = EDGE_CURVE('',#9305,#9313,#9315,.T.);
#9313 = VERTEX_POINT('',#9314);
#9314 = CARTESIAN_POINT('',(133.535037,-80.711921,1.585));
#9315 = LINE('',#9316,#9317);
#9316 = CARTESIAN_POINT('',(133.537972,-80.695291,1.585));
#9317 = VECTOR('',#9318,1.);
#9318 = DIRECTION('',(-0.173802224671,-0.984780577946,0.));
#9319 = ORIENTED_EDGE('',*,*,#9320,.T.);
#9320 = EDGE_CURVE('',#9313,#9321,#9323,.T.);
#9321 = VERTEX_POINT('',#9322);
#9322 = CARTESIAN_POINT('',(133.548273,-80.698686,1.585));
#9323 = LINE('',#9324,#9325);
#9324 = CARTESIAN_POINT('',(133.535037,-80.711921,1.585));
#9325 = VECTOR('',#9326,1.);
#9326 = DIRECTION('',(0.707133493189,0.707080068175,0.));
#9327 = ORIENTED_EDGE('',*,*,#9328,.T.);
#9328 = EDGE_CURVE('',#9321,#9329,#9331,.T.);
#9329 = VERTEX_POINT('',#9330);
#9330 = CARTESIAN_POINT('',(133.572191,-80.693928,1.585));
#9331 = LINE('',#9332,#9333);
#9332 = CARTESIAN_POINT('',(133.548273,-80.698686,1.585));
#9333 = VECTOR('',#9334,1.);
#9334 = DIRECTION('',(0.980782031979,0.195106652235,0.));
#9335 = ORIENTED_EDGE('',*,*,#9336,.T.);
#9336 = EDGE_CURVE('',#9329,#9337,#9339,.T.);
#9337 = VERTEX_POINT('',#9338);
#9338 = CARTESIAN_POINT('',(133.953143,-80.693928,1.585));
#9339 = LINE('',#9340,#9341);
#9340 = CARTESIAN_POINT('',(133.572191,-80.693928,1.585));
#9341 = VECTOR('',#9342,1.);
#9342 = DIRECTION('',(1.,0.,0.));
#9343 = ORIENTED_EDGE('',*,*,#9344,.T.);
#9344 = EDGE_CURVE('',#9337,#9345,#9347,.T.);
#9345 = VERTEX_POINT('',#9346);
#9346 = CARTESIAN_POINT('',(133.953143,-80.818928,1.585));
#9347 = CIRCLE('',#9348,6.2500000001E-02);
#9348 = AXIS2_PLACEMENT_3D('',#9349,#9350,#9351);
#9349 = CARTESIAN_POINT('',(133.95314264746,-80.756428,1.585));
#9350 = DIRECTION('',(0.,0.,-1.));
#9351 = DIRECTION('',(5.640539256912E-06,0.999999999984,0.));
#9352 = ORIENTED_EDGE('',*,*,#9353,.T.);
#9353 = EDGE_CURVE('',#9345,#9354,#9356,.T.);
#9354 = VERTEX_POINT('',#9355);
#9355 = CARTESIAN_POINT('',(133.572191,-80.818928,1.585));
#9356 = LINE('',#9357,#9358);
#9357 = CARTESIAN_POINT('',(133.953143,-80.818928,1.585));
#9358 = VECTOR('',#9359,1.);
#9359 = DIRECTION('',(-1.,0.,0.));
#9360 = ORIENTED_EDGE('',*,*,#9361,.T.);
#9361 = EDGE_CURVE('',#9354,#9362,#9364,.T.);
#9362 = VERTEX_POINT('',#9363);
#9363 = CARTESIAN_POINT('',(133.548273,-80.81417,1.585));
#9364 = LINE('',#9365,#9366);
#9365 = CARTESIAN_POINT('',(133.572191,-80.818928,1.585));
#9366 = VECTOR('',#9367,1.);
#9367 = DIRECTION('',(-0.980782031979,0.195106652235,0.));
#9368 = ORIENTED_EDGE('',*,*,#9369,.T.);
#9369 = EDGE_CURVE('',#9362,#9370,#9372,.T.);
#9370 = VERTEX_POINT('',#9371);
#9371 = CARTESIAN_POINT('',(133.514449,-80.780346,1.585));
#9372 = LINE('',#9373,#9374);
#9373 = CARTESIAN_POINT('',(133.548273,-80.81417,1.585));
#9374 = VECTOR('',#9375,1.);
#9375 = DIRECTION('',(-0.707106781186,0.707106781187,0.));
#9376 = ORIENTED_EDGE('',*,*,#9377,.T.);
#9377 = EDGE_CURVE('',#9370,#9378,#9380,.T.);
#9378 = VERTEX_POINT('',#9379);
#9379 = CARTESIAN_POINT('',(133.514449,-80.753044,1.585));
#9380 = LINE('',#9381,#9382);
#9381 = CARTESIAN_POINT('',(133.514449,-80.780346,1.585));
#9382 = VECTOR('',#9383,1.);
#9383 = DIRECTION('',(0.,1.,0.));
#9384 = ORIENTED_EDGE('',*,*,#9385,.T.);
#9385 = EDGE_CURVE('',#9378,#9386,#9388,.T.);
#9386 = VERTEX_POINT('',#9387);
#9387 = CARTESIAN_POINT('',(133.490471,-80.769829,1.585));
#9388 = LINE('',#9389,#9390);
#9389 = CARTESIAN_POINT('',(133.514449,-80.753044,1.585));
#9390 = VECTOR('',#9391,1.);
#9391 = DIRECTION('',(-0.819225500065,-0.573471516331,0.));
#9392 = ORIENTED_EDGE('',*,*,#9393,.T.);
#9393 = EDGE_CURVE('',#9386,#9394,#9396,.T.);
#9394 = VERTEX_POINT('',#9395);
#9395 = CARTESIAN_POINT('',(133.443364,-80.761516,1.585));
#9396 = LINE('',#9397,#9398);
#9397 = CARTESIAN_POINT('',(133.490471,-80.769829,1.585));
#9398 = VECTOR('',#9399,1.);
#9399 = DIRECTION('',(-0.984783558818,0.173785333909,0.));
#9400 = ORIENTED_EDGE('',*,*,#9401,.T.);
#9401 = EDGE_CURVE('',#9394,#9402,#9404,.T.);
#9402 = VERTEX_POINT('',#9403);
#9403 = CARTESIAN_POINT('',(133.42575,-80.744651,1.585));
#9404 = LINE('',#9405,#9406);
#9405 = CARTESIAN_POINT('',(133.443364,-80.761516,1.585));
#9406 = VECTOR('',#9407,1.);
#9407 = DIRECTION('',(-0.722297114298,0.691582879109,0.));
#9408 = ORIENTED_EDGE('',*,*,#9409,.T.);
#9409 = EDGE_CURVE('',#9402,#9410,#9412,.T.);
#9410 = VERTEX_POINT('',#9411);
#9411 = CARTESIAN_POINT('',(133.277745,-80.533214,1.585));
#9412 = LINE('',#9413,#9414);
#9413 = CARTESIAN_POINT('',(133.42575,-80.744651,1.585));
#9414 = VECTOR('',#9415,1.);
#9415 = DIRECTION('',(-0.573460003999,0.819233558769,0.));
#9416 = ORIENTED_EDGE('',*,*,#9417,.T.);
#9417 = EDGE_CURVE('',#9410,#9418,#9420,.T.);
#9418 = VERTEX_POINT('',#9419);
#9419 = CARTESIAN_POINT('',(133.253738,-80.533214,1.585));
#9420 = LINE('',#9421,#9422);
#9421 = CARTESIAN_POINT('',(133.277745,-80.533214,1.585));
#9422 = VECTOR('',#9423,1.);
#9423 = DIRECTION('',(-1.,0.,0.));
#9424 = ORIENTED_EDGE('',*,*,#9425,.T.);
#9425 = EDGE_CURVE('',#9418,#9426,#9428,.T.);
#9426 = VERTEX_POINT('',#9427);
#9427 = CARTESIAN_POINT('',(133.253738,-80.708809,1.585));
#9428 = LINE('',#9429,#9430);
#9429 = CARTESIAN_POINT('',(133.253738,-80.533214,1.585));
#9430 = VECTOR('',#9431,1.);
#9431 = DIRECTION('',(0.,-1.,0.));
#9432 = ORIENTED_EDGE('',*,*,#9433,.T.);
#9433 = EDGE_CURVE('',#9426,#9434,#9436,.T.);
#9434 = VERTEX_POINT('',#9435);
#9435 = CARTESIAN_POINT('',(133.128738,-80.708809,1.585));
#9436 = CIRCLE('',#9437,6.250000000099E-02);
#9437 = AXIS2_PLACEMENT_3D('',#9438,#9439,#9440);
#9438 = CARTESIAN_POINT('',(133.191238,-80.70880864746,1.585));
#9439 = DIRECTION('',(-0.,0.,-1.));
#9440 = DIRECTION('',(0.999999999984,-5.640538802164E-06,-0.));
#9441 = ORIENTED_EDGE('',*,*,#9442,.T.);
#9442 = EDGE_CURVE('',#9434,#9252,#9443,.T.);
#9443 = LINE('',#9444,#9445);
#9444 = CARTESIAN_POINT('',(133.128738,-80.708809,1.585));
#9445 = VECTOR('',#9446,1.);
#9446 = DIRECTION('',(0.,1.,0.));
#9447 = FACE_BOUND('',#9448,.F.);
#9448 = EDGE_LOOP('',(#9449,#9460,#9468,#9476,#9484,#9492));
#9449 = ORIENTED_EDGE('',*,*,#9450,.T.);
#9450 = EDGE_CURVE('',#9451,#9453,#9455,.T.);
#9451 = VERTEX_POINT('',#9452);
#9452 = CARTESIAN_POINT('',(133.401777,-80.386072,1.585));
#9453 = VERTEX_POINT('',#9454);
#9454 = CARTESIAN_POINT('',(133.392312,-80.283985,1.585));
#9455 = CIRCLE('',#9456,7.564938184913E-02);
#9456 = AXIS2_PLACEMENT_3D('',#9457,#9458,#9459);
#9457 = CARTESIAN_POINT('',(133.34164941477,-80.34016445738,1.585));
#9458 = DIRECTION('',(0.,-0.,1.));
#9459 = DIRECTION('',(0.794819253746,-0.606846235775,-0.));
#9460 = ORIENTED_EDGE('',*,*,#9461,.T.);
#9461 = EDGE_CURVE('',#9453,#9462,#9464,.T.);
#9462 = VERTEX_POINT('',#9463);
#9463 = CARTESIAN_POINT('',(133.36696,-80.271309,1.585));
#9464 = LINE('',#9465,#9466);
#9465 = CARTESIAN_POINT('',(133.392312,-80.283985,1.585));
#9466 = VECTOR('',#9467,1.);
#9467 = DIRECTION('',(-0.894427191,0.4472135955,0.));
#9468 = ORIENTED_EDGE('',*,*,#9469,.T.);
#9469 = EDGE_CURVE('',#9462,#9470,#9472,.T.);
#9470 = VERTEX_POINT('',#9471);
#9471 = CARTESIAN_POINT('',(133.253738,-80.271309,1.585));
#9472 = LINE('',#9473,#9474);
#9473 = CARTESIAN_POINT('',(133.36696,-80.271309,1.585));
#9474 = VECTOR('',#9475,1.);
#9475 = DIRECTION('',(-1.,0.,0.));
#9476 = ORIENTED_EDGE('',*,*,#9477,.T.);
#9477 = EDGE_CURVE('',#9470,#9478,#9480,.T.);
#9478 = VERTEX_POINT('',#9479);
#9479 = CARTESIAN_POINT('',(133.253738,-80.408214,1.585));
#9480 = LINE('',#9481,#9482);
#9481 = CARTESIAN_POINT('',(133.253738,-80.271309,1.585));
#9482 = VECTOR('',#9483,1.);
#9483 = DIRECTION('',(0.,-1.,0.));
#9484 = ORIENTED_EDGE('',*,*,#9485,.T.);
#9485 = EDGE_CURVE('',#9478,#9486,#9488,.T.);
#9486 = VERTEX_POINT('',#9487);
#9487 = CARTESIAN_POINT('',(133.36696,-80.408214,1.585));
#9488 = LINE('',#9489,#9490);
#9489 = CARTESIAN_POINT('',(133.253738,-80.408214,1.585));
#9490 = VECTOR('',#9491,1.);
#9491 = DIRECTION('',(1.,0.,0.));
#9492 = ORIENTED_EDGE('',*,*,#9493,.T.);
#9493 = EDGE_CURVE('',#9486,#9451,#9494,.T.);
#9494 = LINE('',#9495,#9496);
#9495 = CARTESIAN_POINT('',(133.36696,-80.408214,1.585));
#9496 = VECTOR('',#9497,1.);
#9497 = DIRECTION('',(0.843818129177,0.536629262034,0.));
#9498 = PLANE('',#9499);
#9499 = AXIS2_PLACEMENT_3D('',#9500,#9501,#9502);
#9500 = CARTESIAN_POINT('',(0.,0.,1.585));
#9501 = DIRECTION('',(0.,0.,1.));
#9502 = DIRECTION('',(1.,0.,-0.));
#9503 = SHELL_BASED_SURFACE_MODEL('',(#9504));
#9504 = OPEN_SHELL('',(#9505));
#9505 = ADVANCED_FACE('',(#9506),#9655,.T.);
#9506 = FACE_BOUND('',#9507,.F.);
#9507 = EDGE_LOOP('',(#9508,#9518,#9526,#9534,#9542,#9550,#9558,#9566,
    #9574,#9583,#9591,#9600,#9608,#9616,#9624,#9633,#9641,#9649));
#9508 = ORIENTED_EDGE('',*,*,#9509,.T.);
#9509 = EDGE_CURVE('',#9510,#9512,#9514,.T.);
#9510 = VERTEX_POINT('',#9511);
#9511 = CARTESIAN_POINT('',(135.329711,-80.17414,1.585));
#9512 = VERTEX_POINT('',#9513);
#9513 = CARTESIAN_POINT('',(135.357796,-80.151067,1.585));
#9514 = LINE('',#9515,#9516);
#9515 = CARTESIAN_POINT('',(135.329711,-80.17414,1.585));
#9516 = VECTOR('',#9517,1.);
#9517 = DIRECTION('',(0.772683360371,0.634791638734,0.));
#9518 = ORIENTED_EDGE('',*,*,#9519,.T.);
#9519 = EDGE_CURVE('',#9512,#9520,#9522,.T.);
#9520 = VERTEX_POINT('',#9521);
#9521 = CARTESIAN_POINT('',(135.393842,-80.147497,1.585));
#9522 = LINE('',#9523,#9524);
#9523 = CARTESIAN_POINT('',(135.357796,-80.151067,1.585));
#9524 = VECTOR('',#9525,1.);
#9525 = DIRECTION('',(0.995131316122,9.855792039486E-02,0.));
#9526 = ORIENTED_EDGE('',*,*,#9527,.T.);
#9527 = EDGE_CURVE('',#9520,#9528,#9530,.T.);
#9528 = VERTEX_POINT('',#9529);
#9529 = CARTESIAN_POINT('',(135.399197,-80.151067,1.585));
#9530 = LINE('',#9531,#9532);
#9531 = CARTESIAN_POINT('',(135.393842,-80.147497,1.585));
#9532 = VECTOR('',#9533,1.);
#9533 = DIRECTION('',(0.832050294337,-0.554700196226,0.));
#9534 = ORIENTED_EDGE('',*,*,#9535,.T.);
#9535 = EDGE_CURVE('',#9528,#9536,#9538,.T.);
#9536 = VERTEX_POINT('',#9537);
#9537 = CARTESIAN_POINT('',(135.405632,-80.151067,1.585));
#9538 = LINE('',#9539,#9540);
#9539 = CARTESIAN_POINT('',(135.399197,-80.151067,1.585));
#9540 = VECTOR('',#9541,1.);
#9541 = DIRECTION('',(1.,0.,0.));
#9542 = ORIENTED_EDGE('',*,*,#9543,.T.);
#9543 = EDGE_CURVE('',#9536,#9544,#9546,.T.);
#9544 = VERTEX_POINT('',#9545);
#9545 = CARTESIAN_POINT('',(135.433644,-80.174032,1.585));
#9546 = LINE('',#9547,#9548);
#9547 = CARTESIAN_POINT('',(135.405632,-80.151067,1.585));
#9548 = VECTOR('',#9549,1.);
#9549 = DIRECTION('',(0.773333301505,-0.633999688315,0.));
#9550 = ORIENTED_EDGE('',*,*,#9551,.T.);
#9551 = EDGE_CURVE('',#9544,#9552,#9554,.T.);
#9552 = VERTEX_POINT('',#9553);
#9553 = CARTESIAN_POINT('',(135.444214,-80.208809,1.585));
#9554 = LINE('',#9555,#9556);
#9555 = CARTESIAN_POINT('',(135.433644,-80.174032,1.585));
#9556 = VECTOR('',#9557,1.);
#9557 = DIRECTION('',(0.290801416945,-0.95678343208,0.));
#9558 = ORIENTED_EDGE('',*,*,#9559,.T.);
#9559 = EDGE_CURVE('',#9552,#9560,#9562,.T.);
#9560 = VERTEX_POINT('',#9561);
#9561 = CARTESIAN_POINT('',(135.444214,-80.646309,1.585));
#9562 = LINE('',#9563,#9564);
#9563 = CARTESIAN_POINT('',(135.444214,-80.208809,1.585));
#9564 = VECTOR('',#9565,1.);
#9565 = DIRECTION('',(0.,-1.,0.));
#9566 = ORIENTED_EDGE('',*,*,#9567,.T.);
#9567 = EDGE_CURVE('',#9560,#9568,#9570,.T.);
#9568 = VERTEX_POINT('',#9569);
#9569 = CARTESIAN_POINT('',(135.524571,-80.646309,1.585));
#9570 = LINE('',#9571,#9572);
#9571 = CARTESIAN_POINT('',(135.444214,-80.646309,1.585));
#9572 = VECTOR('',#9573,1.);
#9573 = DIRECTION('',(1.,0.,0.));
#9574 = ORIENTED_EDGE('',*,*,#9575,.T.);
#9575 = EDGE_CURVE('',#9568,#9576,#9578,.T.);
#9576 = VERTEX_POINT('',#9577);
#9577 = CARTESIAN_POINT('',(135.524571,-80.771309,1.585));
#9578 = CIRCLE('',#9579,6.250000000099E-02);
#9579 = AXIS2_PLACEMENT_3D('',#9580,#9581,#9582);
#9580 = CARTESIAN_POINT('',(135.52457064746,-80.708809,1.585));
#9581 = DIRECTION('',(0.,0.,-1.));
#9582 = DIRECTION('',(5.640538802164E-06,0.999999999984,0.));
#9583 = ORIENTED_EDGE('',*,*,#9584,.T.);
#9584 = EDGE_CURVE('',#9576,#9585,#9587,.T.);
#9585 = VERTEX_POINT('',#9586);
#9586 = CARTESIAN_POINT('',(135.238857,-80.771309,1.585));
#9587 = LINE('',#9588,#9589);
#9588 = CARTESIAN_POINT('',(135.524571,-80.771309,1.585));
#9589 = VECTOR('',#9590,1.);
#9590 = DIRECTION('',(-1.,0.,0.));
#9591 = ORIENTED_EDGE('',*,*,#9592,.T.);
#9592 = EDGE_CURVE('',#9585,#9593,#9595,.T.);
#9593 = VERTEX_POINT('',#9594);
#9594 = CARTESIAN_POINT('',(135.238857,-80.646309,1.585));
#9595 = CIRCLE('',#9596,6.2500000001E-02);
#9596 = AXIS2_PLACEMENT_3D('',#9597,#9598,#9599);
#9597 = CARTESIAN_POINT('',(135.23885735253,-80.708809,1.585));
#9598 = DIRECTION('',(0.,0.,-1.));
#9599 = DIRECTION('',(-5.640539256912E-06,-0.999999999984,-0.));
#9600 = ORIENTED_EDGE('',*,*,#9601,.T.);
#9601 = EDGE_CURVE('',#9593,#9602,#9604,.T.);
#9602 = VERTEX_POINT('',#9603);
#9603 = CARTESIAN_POINT('',(135.319214,-80.646309,1.585));
#9604 = LINE('',#9605,#9606);
#9605 = CARTESIAN_POINT('',(135.238857,-80.646309,1.585));
#9606 = VECTOR('',#9607,1.);
#9607 = DIRECTION('',(1.,0.,0.));
#9608 = ORIENTED_EDGE('',*,*,#9609,.T.);
#9609 = EDGE_CURVE('',#9602,#9610,#9612,.T.);
#9610 = VERTEX_POINT('',#9611);
#9611 = CARTESIAN_POINT('',(135.319214,-80.380042,1.585));
#9612 = LINE('',#9613,#9614);
#9613 = CARTESIAN_POINT('',(135.319214,-80.646309,1.585));
#9614 = VECTOR('',#9615,1.);
#9615 = DIRECTION('',(0.,1.,0.));
#9616 = ORIENTED_EDGE('',*,*,#9617,.T.);
#9617 = EDGE_CURVE('',#9610,#9618,#9620,.T.);
#9618 = VERTEX_POINT('',#9619);
#9619 = CARTESIAN_POINT('',(135.266807,-80.407568,1.585));
#9620 = LINE('',#9621,#9622);
#9621 = CARTESIAN_POINT('',(135.319214,-80.380042,1.585));
#9622 = VECTOR('',#9623,1.);
#9623 = DIRECTION('',(-0.885312197751,-0.46499711022,0.));
#9624 = ORIENTED_EDGE('',*,*,#9625,.T.);
#9625 = EDGE_CURVE('',#9618,#9626,#9628,.T.);
#9626 = VERTEX_POINT('',#9627);
#9627 = CARTESIAN_POINT('',(135.210907,-80.295764,1.585));
#9628 = CIRCLE('',#9629,6.249988883207E-02);
#9629 = AXIS2_PLACEMENT_3D('',#9630,#9631,#9632);
#9630 = CARTESIAN_POINT('',(135.23885686793,-80.35166606603,1.585));
#9631 = DIRECTION('',(0.,0.,-1.));
#9632 = DIRECTION('',(0.447202908538,-0.894432534401,0.));
#9633 = ORIENTED_EDGE('',*,*,#9634,.T.);
#9634 = EDGE_CURVE('',#9626,#9635,#9637,.T.);
#9635 = VERTEX_POINT('',#9636);
#9636 = CARTESIAN_POINT('',(135.249455,-80.27649,1.585));
#9637 = LINE('',#9638,#9639);
#9638 = CARTESIAN_POINT('',(135.210907,-80.295764,1.585));
#9639 = VECTOR('',#9640,1.);
#9640 = DIRECTION('',(0.894427191,0.4472135955,0.));
#9641 = ORIENTED_EDGE('',*,*,#9642,.T.);
#9642 = EDGE_CURVE('',#9635,#9643,#9645,.T.);
#9643 = VERTEX_POINT('',#9644);
#9644 = CARTESIAN_POINT('',(135.285523,-80.240421,1.585));
#9645 = LINE('',#9646,#9647);
#9646 = CARTESIAN_POINT('',(135.249455,-80.27649,1.585));
#9647 = VECTOR('',#9648,1.);
#9648 = DIRECTION('',(0.707096978843,0.707116583395,0.));
#9649 = ORIENTED_EDGE('',*,*,#9650,.T.);
#9650 = EDGE_CURVE('',#9643,#9510,#9651,.T.);
#9651 = LINE('',#9652,#9653);
#9652 = CARTESIAN_POINT('',(135.285523,-80.240421,1.585));
#9653 = VECTOR('',#9654,1.);
#9654 = DIRECTION('',(0.55470599005,0.832046431759,0.));
#9655 = PLANE('',#9656);
#9656 = AXIS2_PLACEMENT_3D('',#9657,#9658,#9659);
#9657 = CARTESIAN_POINT('',(0.,0.,1.585));
#9658 = DIRECTION('',(0.,0.,1.));
#9659 = DIRECTION('',(1.,0.,-0.));
#9660 = SHELL_BASED_SURFACE_MODEL('',(#9661));
#9661 = OPEN_SHELL('',(#9662));
#9662 = ADVANCED_FACE('',(#9663),#9724,.T.);
#9663 = FACE_BOUND('',#9664,.F.);
#9664 = EDGE_LOOP('',(#9665,#9676,#9684,#9693,#9701,#9710,#9718));
#9665 = ORIENTED_EDGE('',*,*,#9666,.T.);
#9666 = EDGE_CURVE('',#9667,#9669,#9671,.T.);
#9667 = VERTEX_POINT('',#9668);
#9668 = CARTESIAN_POINT('',(135.036707,-80.189045,1.585));
#9669 = VERTEX_POINT('',#9670);
#9670 = CARTESIAN_POINT('',(135.155293,-80.228574,1.585));
#9671 = CIRCLE('',#9672,6.250036247773E-02);
#9672 = AXIS2_PLACEMENT_3D('',#9673,#9674,#9675);
#9673 = CARTESIAN_POINT('',(135.09599975528,-80.20881023415,1.585));
#9674 = DIRECTION('',(0.,0.,-1.));
#9675 = DIRECTION('',(-0.948678582502,0.316241912312,0.));
#9676 = ORIENTED_EDGE('',*,*,#9677,.T.);
#9677 = EDGE_CURVE('',#9669,#9678,#9680,.T.);
#9678 = VERTEX_POINT('',#9679);
#9679 = CARTESIAN_POINT('',(134.988626,-80.728573,1.585));
#9680 = LINE('',#9681,#9682);
#9681 = CARTESIAN_POINT('',(135.155293,-80.228574,1.585));
#9682 = VECTOR('',#9683,1.);
#9683 = DIRECTION('',(-0.316228904438,-0.948682918576,0.));
#9684 = ORIENTED_EDGE('',*,*,#9685,.T.);
#9685 = EDGE_CURVE('',#9678,#9686,#9688,.T.);
#9686 = VERTEX_POINT('',#9687);
#9687 = CARTESIAN_POINT('',(134.87004,-80.728573,1.585));
#9688 = CIRCLE('',#9689,6.250063817903E-02);
#9689 = AXIS2_PLACEMENT_3D('',#9690,#9691,#9692);
#9690 = CARTESIAN_POINT('',(134.929333,-80.70880762816,1.585));
#9691 = DIRECTION('',(-0.,0.,-1.));
#9692 = DIRECTION('',(0.948678313174,-0.316242720252,-0.));
#9693 = ORIENTED_EDGE('',*,*,#9694,.T.);
#9694 = EDGE_CURVE('',#9686,#9695,#9697,.T.);
#9695 = VERTEX_POINT('',#9696);
#9696 = CARTESIAN_POINT('',(134.703374,-80.228573,1.585));
#9697 = LINE('',#9698,#9699);
#9698 = CARTESIAN_POINT('',(134.87004,-80.728573,1.585));
#9699 = VECTOR('',#9700,1.);
#9700 = DIRECTION('',(-0.316226627596,0.948683677523,0.));
#9701 = ORIENTED_EDGE('',*,*,#9702,.T.);
#9702 = EDGE_CURVE('',#9695,#9703,#9705,.T.);
#9703 = VERTEX_POINT('',#9704);
#9704 = CARTESIAN_POINT('',(134.82196,-80.189045,1.585));
#9705 = CIRCLE('',#9706,6.250020436785E-02);
#9706 = AXIS2_PLACEMENT_3D('',#9707,#9708,#9709);
#9707 = CARTESIAN_POINT('',(134.76266731988,-80.20880995966,1.585));
#9708 = DIRECTION('',(0.,0.,-1.));
#9709 = DIRECTION('',(-0.948690016038,-0.316207611342,-0.));
#9710 = ORIENTED_EDGE('',*,*,#9711,.T.);
#9711 = EDGE_CURVE('',#9703,#9712,#9714,.T.);
#9712 = VERTEX_POINT('',#9713);
#9713 = CARTESIAN_POINT('',(134.929333,-80.511165,1.585));
#9714 = LINE('',#9715,#9716);
#9715 = CARTESIAN_POINT('',(134.82196,-80.189045,1.585));
#9716 = VECTOR('',#9717,1.);
#9717 = DIRECTION('',(0.316226882479,-0.948683592563,0.));
#9718 = ORIENTED_EDGE('',*,*,#9719,.T.);
#9719 = EDGE_CURVE('',#9712,#9667,#9720,.T.);
#9720 = LINE('',#9721,#9722);
#9721 = CARTESIAN_POINT('',(134.929333,-80.511165,1.585));
#9722 = VECTOR('',#9723,1.);
#9723 = DIRECTION('',(0.316229533089,0.948682709024,0.));
#9724 = PLANE('',#9725);
#9725 = AXIS2_PLACEMENT_3D('',#9726,#9727,#9728);
#9726 = CARTESIAN_POINT('',(0.,0.,1.585));
#9727 = DIRECTION('',(0.,0.,1.));
#9728 = DIRECTION('',(1.,0.,-0.));
#9729 = SHELL_BASED_SURFACE_MODEL('',(#9730));
#9730 = OPEN_SHELL('',(#9731));
#9731 = ADVANCED_FACE('',(#9732),#9850,.T.);
#9732 = FACE_BOUND('',#9733,.F.);
#9733 = EDGE_LOOP('',(#9734,#9745,#9753,#9761,#9769,#9777,#9785,#9793,
    #9802,#9810,#9819,#9827,#9835,#9844));
#9734 = ORIENTED_EDGE('',*,*,#9735,.T.);
#9735 = EDGE_CURVE('',#9736,#9738,#9740,.T.);
#9736 = VERTEX_POINT('',#9737);
#9737 = CARTESIAN_POINT('',(134.247785,-80.208809,1.585));
#9738 = VERTEX_POINT('',#9739);
#9739 = CARTESIAN_POINT('',(134.302404,-80.146808,1.585));
#9740 = CIRCLE('',#9741,6.250084144587E-02);
#9741 = AXIS2_PLACEMENT_3D('',#9742,#9743,#9744);
#9742 = CARTESIAN_POINT('',(134.31028584144,-80.20880986898,1.585));
#9743 = DIRECTION('',(0.,0.,-1.));
#9744 = DIRECTION('',(-0.999999999903,1.390348569519E-05,0.));
#9745 = ORIENTED_EDGE('',*,*,#9746,.T.);
#9746 = EDGE_CURVE('',#9738,#9747,#9749,.T.);
#9747 = VERTEX_POINT('',#9748);
#9748 = CARTESIAN_POINT('',(134.31802,-80.151067,1.585));
#9749 = LINE('',#9750,#9751);
#9750 = CARTESIAN_POINT('',(134.302404,-80.146808,1.585));
#9751 = VECTOR('',#9752,1.);
#9752 = DIRECTION('',(0.964762395522,-0.263122633359,0.));
#9753 = ORIENTED_EDGE('',*,*,#9754,.T.);
#9754 = EDGE_CURVE('',#9747,#9755,#9757,.T.);
#9755 = VERTEX_POINT('',#9756);
#9756 = CARTESIAN_POINT('',(134.334203,-80.151067,1.585));
#9757 = LINE('',#9758,#9759);
#9758 = CARTESIAN_POINT('',(134.31802,-80.151067,1.585));
#9759 = VECTOR('',#9760,1.);
#9760 = DIRECTION('',(1.,0.,0.));
#9761 = ORIENTED_EDGE('',*,*,#9762,.T.);
#9762 = EDGE_CURVE('',#9755,#9763,#9765,.T.);
#9763 = VERTEX_POINT('',#9764);
#9764 = CARTESIAN_POINT('',(134.348552,-80.159394,1.585));
#9765 = LINE('',#9766,#9767);
#9766 = CARTESIAN_POINT('',(134.334203,-80.151067,1.585));
#9767 = VECTOR('',#9768,1.);
#9768 = DIRECTION('',(0.864911350762,-0.501924651042,0.));
#9769 = ORIENTED_EDGE('',*,*,#9770,.T.);
#9770 = EDGE_CURVE('',#9763,#9771,#9773,.T.);
#9771 = VERTEX_POINT('',#9772);
#9772 = CARTESIAN_POINT('',(134.36455,-80.1778,1.585));
#9773 = LINE('',#9774,#9775);
#9774 = CARTESIAN_POINT('',(134.348552,-80.159394,1.585));
#9775 = VECTOR('',#9776,1.);
#9776 = DIRECTION('',(0.656010173268,-0.754752047079,0.));
#9777 = ORIENTED_EDGE('',*,*,#9778,.T.);
#9778 = EDGE_CURVE('',#9771,#9779,#9781,.T.);
#9779 = VERTEX_POINT('',#9780);
#9780 = CARTESIAN_POINT('',(134.533499,-80.473461,1.585));
#9781 = LINE('',#9782,#9783);
#9782 = CARTESIAN_POINT('',(134.36455,-80.1778,1.585));
#9783 = VECTOR('',#9784,1.);
#9784 = DIRECTION('',(0.496138622106,-0.868243322839,0.));
#9785 = ORIENTED_EDGE('',*,*,#9786,.T.);
#9786 = EDGE_CURVE('',#9779,#9787,#9789,.T.);
#9787 = VERTEX_POINT('',#9788);
#9788 = CARTESIAN_POINT('',(134.533499,-80.208809,1.585));
#9789 = LINE('',#9790,#9791);
#9790 = CARTESIAN_POINT('',(134.533499,-80.473461,1.585));
#9791 = VECTOR('',#9792,1.);
#9792 = DIRECTION('',(0.,1.,0.));
#9793 = ORIENTED_EDGE('',*,*,#9794,.T.);
#9794 = EDGE_CURVE('',#9787,#9795,#9797,.T.);
#9795 = VERTEX_POINT('',#9796);
#9796 = CARTESIAN_POINT('',(134.658499,-80.208809,1.585));
#9797 = CIRCLE('',#9798,6.250000000099E-02);
#9798 = AXIS2_PLACEMENT_3D('',#9799,#9800,#9801);
#9799 = CARTESIAN_POINT('',(134.595999,-80.20880935253,1.585));
#9800 = DIRECTION('',(0.,0.,-1.));
#9801 = DIRECTION('',(-0.999999999984,5.640538802164E-06,0.));
#9802 = ORIENTED_EDGE('',*,*,#9803,.T.);
#9803 = EDGE_CURVE('',#9795,#9804,#9806,.T.);
#9804 = VERTEX_POINT('',#9805);
#9805 = CARTESIAN_POINT('',(134.658499,-80.708809,1.585));
#9806 = LINE('',#9807,#9808);
#9807 = CARTESIAN_POINT('',(134.658499,-80.208809,1.585));
#9808 = VECTOR('',#9809,1.);
#9809 = DIRECTION('',(0.,-1.,0.));
#9810 = ORIENTED_EDGE('',*,*,#9811,.T.);
#9811 = EDGE_CURVE('',#9804,#9812,#9814,.T.);
#9812 = VERTEX_POINT('',#9813);
#9813 = CARTESIAN_POINT('',(134.541734,-80.739817,1.585));
#9814 = CIRCLE('',#9815,6.249978214522E-02);
#9815 = AXIS2_PLACEMENT_3D('',#9816,#9817,#9818);
#9816 = CARTESIAN_POINT('',(134.59599921785,-80.70880879303,1.585));
#9817 = DIRECTION('',(-0.,0.,-1.));
#9818 = DIRECTION('',(0.999999999995,-3.31149039214E-06,-0.));
#9819 = ORIENTED_EDGE('',*,*,#9820,.T.);
#9820 = EDGE_CURVE('',#9812,#9821,#9823,.T.);
#9821 = VERTEX_POINT('',#9822);
#9822 = CARTESIAN_POINT('',(134.372785,-80.444156,1.585));
#9823 = LINE('',#9824,#9825);
#9824 = CARTESIAN_POINT('',(134.541734,-80.739817,1.585));
#9825 = VECTOR('',#9826,1.);
#9826 = DIRECTION('',(-0.496138622106,0.868243322839,0.));
#9827 = ORIENTED_EDGE('',*,*,#9828,.T.);
#9828 = EDGE_CURVE('',#9821,#9829,#9831,.T.);
#9829 = VERTEX_POINT('',#9830);
#9830 = CARTESIAN_POINT('',(134.372785,-80.708809,1.585));
#9831 = LINE('',#9832,#9833);
#9832 = CARTESIAN_POINT('',(134.372785,-80.444156,1.585));
#9833 = VECTOR('',#9834,1.);
#9834 = DIRECTION('',(0.,-1.,0.));
#9835 = ORIENTED_EDGE('',*,*,#9836,.T.);
#9836 = EDGE_CURVE('',#9829,#9837,#9839,.T.);
#9837 = VERTEX_POINT('',#9838);
#9838 = CARTESIAN_POINT('',(134.247785,-80.708809,1.585));
#9839 = CIRCLE('',#9840,6.250000000099E-02);
#9840 = AXIS2_PLACEMENT_3D('',#9841,#9842,#9843);
#9841 = CARTESIAN_POINT('',(134.310285,-80.70880864746,1.585));
#9842 = DIRECTION('',(-0.,0.,-1.));
#9843 = DIRECTION('',(0.999999999984,-5.640538802167E-06,-0.));
#9844 = ORIENTED_EDGE('',*,*,#9845,.T.);
#9845 = EDGE_CURVE('',#9837,#9736,#9846,.T.);
#9846 = LINE('',#9847,#9848);
#9847 = CARTESIAN_POINT('',(134.247785,-80.708809,1.585));
#9848 = VECTOR('',#9849,1.);
#9849 = DIRECTION('',(0.,1.,0.));
#9850 = PLANE('',#9851);
#9851 = AXIS2_PLACEMENT_3D('',#9852,#9853,#9854);
#9852 = CARTESIAN_POINT('',(0.,0.,1.585));
#9853 = DIRECTION('',(0.,0.,1.));
#9854 = DIRECTION('',(1.,0.,-0.));
#9855 = SHELL_BASED_SURFACE_MODEL('',(#9856));
#9856 = OPEN_SHELL('',(#9857));
#9857 = ADVANCED_FACE('',(#9858),#9902,.T.);
#9858 = FACE_BOUND('',#9859,.F.);
#9859 = EDGE_LOOP('',(#9860,#9871,#9879,#9888,#9896));
#9860 = ORIENTED_EDGE('',*,*,#9861,.T.);
#9861 = EDGE_CURVE('',#9862,#9864,#9866,.T.);
#9862 = VERTEX_POINT('',#9863);
#9863 = CARTESIAN_POINT('',(134.014448,-80.184891,1.585));
#9864 = VERTEX_POINT('',#9865);
#9865 = CARTESIAN_POINT('',(134.13469,-80.208809,1.585));
#9866 = CIRCLE('',#9867,6.249988563228E-02);
#9867 = AXIS2_PLACEMENT_3D('',#9868,#9869,#9870);
#9868 = CARTESIAN_POINT('',(134.07219011436,-80.20880927611,1.585));
#9869 = DIRECTION('',(0.,0.,-1.));
#9870 = DIRECTION('',(-0.923875520478,0.382693118126,0.));
#9871 = ORIENTED_EDGE('',*,*,#9872,.T.);
#9872 = EDGE_CURVE('',#9864,#9873,#9875,.T.);
#9873 = VERTEX_POINT('',#9874);
#9874 = CARTESIAN_POINT('',(134.13469,-80.708809,1.585));
#9875 = LINE('',#9876,#9877);
#9876 = CARTESIAN_POINT('',(134.13469,-80.208809,1.585));
#9877 = VECTOR('',#9878,1.);
#9878 = DIRECTION('',(0.,-1.,0.));
#9879 = ORIENTED_EDGE('',*,*,#9880,.T.);
#9880 = EDGE_CURVE('',#9873,#9881,#9883,.T.);
#9881 = VERTEX_POINT('',#9882);
#9882 = CARTESIAN_POINT('',(134.00969,-80.708809,1.585));
#9883 = CIRCLE('',#9884,6.250000000099E-02);
#9884 = AXIS2_PLACEMENT_3D('',#9885,#9886,#9887);
#9885 = CARTESIAN_POINT('',(134.07219,-80.70880864746,1.585));
#9886 = DIRECTION('',(-0.,0.,-1.));
#9887 = DIRECTION('',(0.999999999984,-5.640538802164E-06,-0.));
#9888 = ORIENTED_EDGE('',*,*,#9889,.T.);
#9889 = EDGE_CURVE('',#9881,#9890,#9892,.T.);
#9890 = VERTEX_POINT('',#9891);
#9891 = CARTESIAN_POINT('',(134.00969,-80.208809,1.585));
#9892 = LINE('',#9893,#9894);
#9893 = CARTESIAN_POINT('',(134.00969,-80.708809,1.585));
#9894 = VECTOR('',#9895,1.);
#9895 = DIRECTION('',(0.,1.,0.));
#9896 = ORIENTED_EDGE('',*,*,#9897,.T.);
#9897 = EDGE_CURVE('',#9890,#9862,#9898,.T.);
#9898 = LINE('',#9899,#9900);
#9899 = CARTESIAN_POINT('',(134.00969,-80.208809,1.585));
#9900 = VECTOR('',#9901,1.);
#9901 = DIRECTION('',(0.195106652234,0.98078203198,0.));
#9902 = PLANE('',#9903);
#9903 = AXIS2_PLACEMENT_3D('',#9904,#9905,#9906);
#9904 = CARTESIAN_POINT('',(0.,0.,1.585));
#9905 = DIRECTION('',(0.,0.,1.));
#9906 = DIRECTION('',(1.,0.,-0.));
#9907 = SHELL_BASED_SURFACE_MODEL('',(#9908));
#9908 = OPEN_SHELL('',(#9909));
#9909 = ADVANCED_FACE('',(#9910,#9980),#10014,.T.);
#9910 = FACE_BOUND('',#9911,.F.);
#9911 = EDGE_LOOP('',(#9912,#9923,#9931,#9940,#9948,#9957,#9965,#9974));
#9912 = ORIENTED_EDGE('',*,*,#9913,.T.);
#9913 = EDGE_CURVE('',#9914,#9916,#9918,.T.);
#9914 = VERTEX_POINT('',#9915);
#9915 = CARTESIAN_POINT('',(129.92,-77.726,1.585));
#9916 = VERTEX_POINT('',#9917);
#9917 = CARTESIAN_POINT('',(129.98,-77.666,1.585));
#9918 = CIRCLE('',#9919,5.999932016264E-02);
#9919 = AXIS2_PLACEMENT_3D('',#9920,#9921,#9922);
#9920 = CARTESIAN_POINT('',(129.97999932015,-77.72599932015,1.585));
#9921 = DIRECTION('',(0.,0.,-1.));
#9922 = DIRECTION('',(-0.999999999936,-1.133081541086E-05,-0.));
#9923 = ORIENTED_EDGE('',*,*,#9924,.T.);
#9924 = EDGE_CURVE('',#9916,#9925,#9927,.T.);
#9925 = VERTEX_POINT('',#9926);
#9926 = CARTESIAN_POINT('',(132.63,-77.666,1.585));
#9927 = LINE('',#9928,#9929);
#9928 = CARTESIAN_POINT('',(129.98,-77.666,1.585));
#9929 = VECTOR('',#9930,1.);
#9930 = DIRECTION('',(1.,0.,0.));
#9931 = ORIENTED_EDGE('',*,*,#9932,.T.);
#9932 = EDGE_CURVE('',#9925,#9933,#9935,.T.);
#9933 = VERTEX_POINT('',#9934);
#9934 = CARTESIAN_POINT('',(132.69,-77.726,1.585));
#9935 = CIRCLE('',#9936,5.999932016262E-02);
#9936 = AXIS2_PLACEMENT_3D('',#9937,#9938,#9939);
#9937 = CARTESIAN_POINT('',(132.63000067984,-77.72599932015,1.585));
#9938 = DIRECTION('',(0.,0.,-1.));
#9939 = DIRECTION('',(-1.133081564772E-05,0.999999999936,0.));
#9940 = ORIENTED_EDGE('',*,*,#9941,.T.);
#9941 = EDGE_CURVE('',#9933,#9942,#9944,.T.);
#9942 = VERTEX_POINT('',#9943);
#9943 = CARTESIAN_POINT('',(132.69,-80.486,1.585));
#9944 = LINE('',#9945,#9946);
#9945 = CARTESIAN_POINT('',(132.69,-77.726,1.585));
#9946 = VECTOR('',#9947,1.);
#9947 = DIRECTION('',(0.,-1.,0.));
#9948 = ORIENTED_EDGE('',*,*,#9949,.T.);
#9949 = EDGE_CURVE('',#9942,#9950,#9952,.T.);
#9950 = VERTEX_POINT('',#9951);
#9951 = CARTESIAN_POINT('',(132.63,-80.546,1.585));
#9952 = CIRCLE('',#9953,5.999932016265E-02);
#9953 = AXIS2_PLACEMENT_3D('',#9954,#9955,#9956);
#9954 = CARTESIAN_POINT('',(132.63000067984,-80.48600067984,1.585));
#9955 = DIRECTION('',(0.,0.,-1.));
#9956 = DIRECTION('',(0.999999999936,1.133081517401E-05,0.));
#9957 = ORIENTED_EDGE('',*,*,#9958,.T.);
#9958 = EDGE_CURVE('',#9950,#9959,#9961,.T.);
#9959 = VERTEX_POINT('',#9960);
#9960 = CARTESIAN_POINT('',(129.98,-80.546,1.585));
#9961 = LINE('',#9962,#9963);
#9962 = CARTESIAN_POINT('',(132.63,-80.546,1.585));
#9963 = VECTOR('',#9964,1.);
#9964 = DIRECTION('',(-1.,0.,0.));
#9965 = ORIENTED_EDGE('',*,*,#9966,.T.);
#9966 = EDGE_CURVE('',#9959,#9967,#9969,.T.);
#9967 = VERTEX_POINT('',#9968);
#9968 = CARTESIAN_POINT('',(129.92,-80.486,1.585));
#9969 = CIRCLE('',#9970,5.999932016268E-02);
#9970 = AXIS2_PLACEMENT_3D('',#9971,#9972,#9973);
#9971 = CARTESIAN_POINT('',(129.97999932015,-80.48600067984,1.585));
#9972 = DIRECTION('',(0.,0.,-1.));
#9973 = DIRECTION('',(1.133081470031E-05,-0.999999999936,0.));
#9974 = ORIENTED_EDGE('',*,*,#9975,.T.);
#9975 = EDGE_CURVE('',#9967,#9914,#9976,.T.);
#9976 = LINE('',#9977,#9978);
#9977 = CARTESIAN_POINT('',(129.92,-80.486,1.585));
#9978 = VECTOR('',#9979,1.);
#9979 = DIRECTION('',(0.,1.,0.));
#9980 = FACE_BOUND('',#9981,.F.);
#9981 = EDGE_LOOP('',(#9982,#9992,#10000,#10008));
#9982 = ORIENTED_EDGE('',*,*,#9983,.T.);
#9983 = EDGE_CURVE('',#9984,#9986,#9988,.T.);
#9984 = VERTEX_POINT('',#9985);
#9985 = CARTESIAN_POINT('',(132.57,-80.426,1.585));
#9986 = VERTEX_POINT('',#9987);
#9987 = CARTESIAN_POINT('',(132.57,-77.786,1.585));
#9988 = LINE('',#9989,#9990);
#9989 = CARTESIAN_POINT('',(132.57,-80.426,1.585));
#9990 = VECTOR('',#9991,1.);
#9991 = DIRECTION('',(0.,1.,0.));
#9992 = ORIENTED_EDGE('',*,*,#9993,.T.);
#9993 = EDGE_CURVE('',#9986,#9994,#9996,.T.);
#9994 = VERTEX_POINT('',#9995);
#9995 = CARTESIAN_POINT('',(130.04,-77.786,1.585));
#9996 = LINE('',#9997,#9998);
#9997 = CARTESIAN_POINT('',(132.57,-77.786,1.585));
#9998 = VECTOR('',#9999,1.);
#9999 = DIRECTION('',(-1.,0.,0.));
#10000 = ORIENTED_EDGE('',*,*,#10001,.T.);
#10001 = EDGE_CURVE('',#9994,#10002,#10004,.T.);
#10002 = VERTEX_POINT('',#10003);
#10003 = CARTESIAN_POINT('',(130.04,-80.426,1.585));
#10004 = LINE('',#10005,#10006);
#10005 = CARTESIAN_POINT('',(130.04,-77.786,1.585));
#10006 = VECTOR('',#10007,1.);
#10007 = DIRECTION('',(0.,-1.,0.));
#10008 = ORIENTED_EDGE('',*,*,#10009,.T.);
#10009 = EDGE_CURVE('',#10002,#9984,#10010,.T.);
#10010 = LINE('',#10011,#10012);
#10011 = CARTESIAN_POINT('',(130.04,-80.426,1.585));
#10012 = VECTOR('',#10013,1.);
#10013 = DIRECTION('',(1.,0.,0.));
#10014 = PLANE('',#10015);
#10015 = AXIS2_PLACEMENT_3D('',#10016,#10017,#10018);
#10016 = CARTESIAN_POINT('',(0.,0.,1.585));
#10017 = DIRECTION('',(0.,0.,1.));
#10018 = DIRECTION('',(1.,0.,-0.));
#10019 = SHELL_BASED_SURFACE_MODEL('',(#10020));
#10020 = OPEN_SHELL('',(#10021));
#10021 = ADVANCED_FACE('',(#10022),#10091,.T.);
#10022 = FACE_BOUND('',#10023,.F.);
#10023 = EDGE_LOOP('',(#10024,#10035,#10043,#10051,#10060,#10068,#10077,
    #10085));
#10024 = ORIENTED_EDGE('',*,*,#10025,.T.);
#10025 = EDGE_CURVE('',#10026,#10028,#10030,.T.);
#10026 = VERTEX_POINT('',#10027);
#10027 = CARTESIAN_POINT('',(136.214567,-79.083039,1.585));
#10028 = VERTEX_POINT('',#10029);
#10029 = CARTESIAN_POINT('',(136.33,-79.106,1.585));
#10030 = CIRCLE('',#10031,6.000007318649E-02);
#10031 = AXIS2_PLACEMENT_3D('',#10032,#10033,#10034);
#10032 = CARTESIAN_POINT('',(136.26999992681,-79.10599982331,1.585));
#10033 = DIRECTION('',(0.,0.,-1.));
#10034 = DIRECTION('',(-0.923880986636,0.382679921777,0.));
#10035 = ORIENTED_EDGE('',*,*,#10036,.T.);
#10036 = EDGE_CURVE('',#10028,#10037,#10039,.T.);
#10037 = VERTEX_POINT('',#10038);
#10038 = CARTESIAN_POINT('',(136.33,-80.426,1.585));
#10039 = LINE('',#10040,#10041);
#10040 = CARTESIAN_POINT('',(136.33,-79.106,1.585));
#10041 = VECTOR('',#10042,1.);
#10042 = DIRECTION('',(0.,-1.,0.));
#10043 = ORIENTED_EDGE('',*,*,#10044,.T.);
#10044 = EDGE_CURVE('',#10037,#10045,#10047,.T.);
#10045 = VERTEX_POINT('',#10046);
#10046 = CARTESIAN_POINT('',(137.65,-80.426,1.585));
#10047 = LINE('',#10048,#10049);
#10048 = CARTESIAN_POINT('',(136.33,-80.426,1.585));
#10049 = VECTOR('',#10050,1.);
#10050 = DIRECTION('',(1.,0.,0.));
#10051 = ORIENTED_EDGE('',*,*,#10052,.T.);
#10052 = EDGE_CURVE('',#10045,#10053,#10055,.T.);
#10053 = VERTEX_POINT('',#10054);
#10054 = CARTESIAN_POINT('',(137.65,-80.546,1.585));
#10055 = CIRCLE('',#10056,6.000000000042E-02);
#10056 = AXIS2_PLACEMENT_3D('',#10057,#10058,#10059);
#10057 = CARTESIAN_POINT('',(137.65000022558,-80.486,1.585));
#10058 = DIRECTION('',(0.,0.,-1.));
#10059 = DIRECTION('',(-3.759794253684E-06,0.999999999993,-0.));
#10060 = ORIENTED_EDGE('',*,*,#10061,.T.);
#10061 = EDGE_CURVE('',#10053,#10062,#10064,.T.);
#10062 = VERTEX_POINT('',#10063);
#10063 = CARTESIAN_POINT('',(136.27,-80.546,1.585));
#10064 = LINE('',#10065,#10066);
#10065 = CARTESIAN_POINT('',(137.65,-80.546,1.585));
#10066 = VECTOR('',#10067,1.);
#10067 = DIRECTION('',(-1.,0.,0.));
#10068 = ORIENTED_EDGE('',*,*,#10069,.T.);
#10069 = EDGE_CURVE('',#10062,#10070,#10072,.T.);
#10070 = VERTEX_POINT('',#10071);
#10071 = CARTESIAN_POINT('',(136.21,-80.486,1.585));
#10072 = CIRCLE('',#10073,5.999932016262E-02);
#10073 = AXIS2_PLACEMENT_3D('',#10074,#10075,#10076);
#10074 = CARTESIAN_POINT('',(136.26999932015,-80.48600067984,1.585));
#10075 = DIRECTION('',(0.,0.,-1.));
#10076 = DIRECTION('',(1.133081564772E-05,-0.999999999936,0.));
#10077 = ORIENTED_EDGE('',*,*,#10078,.T.);
#10078 = EDGE_CURVE('',#10070,#10079,#10081,.T.);
#10079 = VERTEX_POINT('',#10080);
#10080 = CARTESIAN_POINT('',(136.21,-79.106,1.585));
#10081 = LINE('',#10082,#10083);
#10082 = CARTESIAN_POINT('',(136.21,-80.486,1.585));
#10083 = VECTOR('',#10084,1.);
#10084 = DIRECTION('',(0.,1.,0.));
#10085 = ORIENTED_EDGE('',*,*,#10086,.T.);
#10086 = EDGE_CURVE('',#10079,#10026,#10087,.T.);
#10087 = LINE('',#10088,#10089);
#10088 = CARTESIAN_POINT('',(136.21,-79.106,1.585));
#10089 = VECTOR('',#10090,1.);
#10090 = DIRECTION('',(0.195081000117,0.980787134598,0.));
#10091 = PLANE('',#10092);
#10092 = AXIS2_PLACEMENT_3D('',#10093,#10094,#10095);
#10093 = CARTESIAN_POINT('',(0.,0.,1.585));
#10094 = DIRECTION('',(0.,0.,1.));
#10095 = DIRECTION('',(1.,0.,-0.));
#10096 = SHELL_BASED_SURFACE_MODEL('',(#10097));
#10097 = OPEN_SHELL('',(#10098));
#10098 = ADVANCED_FACE('',(#10099,#10169),#10203,.T.);
#10099 = FACE_BOUND('',#10100,.F.);
#10100 = EDGE_LOOP('',(#10101,#10112,#10120,#10129,#10137,#10146,#10154,
    #10163));
#10101 = ORIENTED_EDGE('',*,*,#10102,.T.);
#10102 = EDGE_CURVE('',#10103,#10105,#10107,.T.);
#10103 = VERTEX_POINT('',#10104);
#10104 = CARTESIAN_POINT('',(138.86,-77.726,1.585));
#10105 = VERTEX_POINT('',#10106);
#10106 = CARTESIAN_POINT('',(138.92,-77.666,1.585));
#10107 = CIRCLE('',#10108,5.999932016256E-02);
#10108 = AXIS2_PLACEMENT_3D('',#10109,#10110,#10111);
#10109 = CARTESIAN_POINT('',(138.91999932015,-77.72599932015,1.585));
#10110 = DIRECTION('',(0.,0.,-1.));
#10111 = DIRECTION('',(-0.999999999936,-1.133081683198E-05,-0.));
#10112 = ORIENTED_EDGE('',*,*,#10113,.T.);
#10113 = EDGE_CURVE('',#10105,#10114,#10116,.T.);
#10114 = VERTEX_POINT('',#10115);
#10115 = CARTESIAN_POINT('',(141.57,-77.666,1.585));
#10116 = LINE('',#10117,#10118);
#10117 = CARTESIAN_POINT('',(138.92,-77.666,1.585));
#10118 = VECTOR('',#10119,1.);
#10119 = DIRECTION('',(1.,0.,0.));
#10120 = ORIENTED_EDGE('',*,*,#10121,.T.);
#10121 = EDGE_CURVE('',#10114,#10122,#10124,.T.);
#10122 = VERTEX_POINT('',#10123);
#10123 = CARTESIAN_POINT('',(141.63,-77.726,1.585));
#10124 = CIRCLE('',#10125,5.999932016262E-02);
#10125 = AXIS2_PLACEMENT_3D('',#10126,#10127,#10128);
#10126 = CARTESIAN_POINT('',(141.57000067984,-77.72599932015,1.585));
#10127 = DIRECTION('',(0.,0.,-1.));
#10128 = DIRECTION('',(-1.133081564772E-05,0.999999999936,0.));
#10129 = ORIENTED_EDGE('',*,*,#10130,.T.);
#10130 = EDGE_CURVE('',#10122,#10131,#10133,.T.);
#10131 = VERTEX_POINT('',#10132);
#10132 = CARTESIAN_POINT('',(141.63,-80.486,1.585));
#10133 = LINE('',#10134,#10135);
#10134 = CARTESIAN_POINT('',(141.63,-77.726,1.585));
#10135 = VECTOR('',#10136,1.);
#10136 = DIRECTION('',(0.,-1.,0.));
#10137 = ORIENTED_EDGE('',*,*,#10138,.T.);
#10138 = EDGE_CURVE('',#10131,#10139,#10141,.T.);
#10139 = VERTEX_POINT('',#10140);
#10140 = CARTESIAN_POINT('',(141.57,-80.546,1.585));
#10141 = CIRCLE('',#10142,5.999932016265E-02);
#10142 = AXIS2_PLACEMENT_3D('',#10143,#10144,#10145);
#10143 = CARTESIAN_POINT('',(141.57000067984,-80.48600067984,1.585));
#10144 = DIRECTION('',(0.,0.,-1.));
#10145 = DIRECTION('',(0.999999999936,1.133081517401E-05,0.));
#10146 = ORIENTED_EDGE('',*,*,#10147,.T.);
#10147 = EDGE_CURVE('',#10139,#10148,#10150,.T.);
#10148 = VERTEX_POINT('',#10149);
#10149 = CARTESIAN_POINT('',(138.92,-80.546,1.585));
#10150 = LINE('',#10151,#10152);
#10151 = CARTESIAN_POINT('',(141.57,-80.546,1.585));
#10152 = VECTOR('',#10153,1.);
#10153 = DIRECTION('',(-1.,0.,0.));
#10154 = ORIENTED_EDGE('',*,*,#10155,.T.);
#10155 = EDGE_CURVE('',#10148,#10156,#10158,.T.);
#10156 = VERTEX_POINT('',#10157);
#10157 = CARTESIAN_POINT('',(138.86,-80.486,1.585));
#10158 = CIRCLE('',#10159,5.999932016264E-02);
#10159 = AXIS2_PLACEMENT_3D('',#10160,#10161,#10162);
#10160 = CARTESIAN_POINT('',(138.91999932015,-80.48600067984,1.585));
#10161 = DIRECTION('',(0.,0.,-1.));
#10162 = DIRECTION('',(1.133081470032E-05,-0.999999999936,0.));
#10163 = ORIENTED_EDGE('',*,*,#10164,.T.);
#10164 = EDGE_CURVE('',#10156,#10103,#10165,.T.);
#10165 = LINE('',#10166,#10167);
#10166 = CARTESIAN_POINT('',(138.86,-80.486,1.585));
#10167 = VECTOR('',#10168,1.);
#10168 = DIRECTION('',(0.,1.,0.));
#10169 = FACE_BOUND('',#10170,.F.);
#10170 = EDGE_LOOP('',(#10171,#10181,#10189,#10197));
#10171 = ORIENTED_EDGE('',*,*,#10172,.T.);
#10172 = EDGE_CURVE('',#10173,#10175,#10177,.T.);
#10173 = VERTEX_POINT('',#10174);
#10174 = CARTESIAN_POINT('',(141.51,-80.426,1.585));
#10175 = VERTEX_POINT('',#10176);
#10176 = CARTESIAN_POINT('',(141.51,-77.786,1.585));
#10177 = LINE('',#10178,#10179);
#10178 = CARTESIAN_POINT('',(141.51,-80.426,1.585));
#10179 = VECTOR('',#10180,1.);
#10180 = DIRECTION('',(0.,1.,0.));
#10181 = ORIENTED_EDGE('',*,*,#10182,.T.);
#10182 = EDGE_CURVE('',#10175,#10183,#10185,.T.);
#10183 = VERTEX_POINT('',#10184);
#10184 = CARTESIAN_POINT('',(138.98,-77.786,1.585));
#10185 = LINE('',#10186,#10187);
#10186 = CARTESIAN_POINT('',(141.51,-77.786,1.585));
#10187 = VECTOR('',#10188,1.);
#10188 = DIRECTION('',(-1.,0.,0.));
#10189 = ORIENTED_EDGE('',*,*,#10190,.T.);
#10190 = EDGE_CURVE('',#10183,#10191,#10193,.T.);
#10191 = VERTEX_POINT('',#10192);
#10192 = CARTESIAN_POINT('',(138.98,-80.426,1.585));
#10193 = LINE('',#10194,#10195);
#10194 = CARTESIAN_POINT('',(138.98,-77.786,1.585));
#10195 = VECTOR('',#10196,1.);
#10196 = DIRECTION('',(0.,-1.,0.));
#10197 = ORIENTED_EDGE('',*,*,#10198,.T.);
#10198 = EDGE_CURVE('',#10191,#10173,#10199,.T.);
#10199 = LINE('',#10200,#10201);
#10200 = CARTESIAN_POINT('',(138.98,-80.426,1.585));
#10201 = VECTOR('',#10202,1.);
#10202 = DIRECTION('',(1.,0.,0.));
#10203 = PLANE('',#10204);
#10204 = AXIS2_PLACEMENT_3D('',#10205,#10206,#10207);
#10205 = CARTESIAN_POINT('',(0.,0.,1.585));
#10206 = DIRECTION('',(0.,0.,1.));
#10207 = DIRECTION('',(1.,0.,-0.));
#10208 = SHELL_BASED_SURFACE_MODEL('',(#10209));
#10209 = OPEN_SHELL('',(#10210));
#10210 = ADVANCED_FACE('',(#10211),#10280,.T.);
#10211 = FACE_BOUND('',#10212,.F.);
#10212 = EDGE_LOOP('',(#10213,#10224,#10232,#10240,#10249,#10257,#10266,
    #10274));
#10213 = ORIENTED_EDGE('',*,*,#10214,.T.);
#10214 = EDGE_CURVE('',#10215,#10217,#10219,.T.);
#10215 = VERTEX_POINT('',#10216);
#10216 = CARTESIAN_POINT('',(142.514567,-79.083039,1.585));
#10217 = VERTEX_POINT('',#10218);
#10218 = CARTESIAN_POINT('',(142.63,-79.106,1.585));
#10219 = CIRCLE('',#10220,6.000007318647E-02);
#10220 = AXIS2_PLACEMENT_3D('',#10221,#10222,#10223);
#10221 = CARTESIAN_POINT('',(142.56999992681,-79.10599982331,1.585));
#10222 = DIRECTION('',(0.,0.,-1.));
#10223 = DIRECTION('',(-0.923880986637,0.382679921777,0.));
#10224 = ORIENTED_EDGE('',*,*,#10225,.T.);
#10225 = EDGE_CURVE('',#10217,#10226,#10228,.T.);
#10226 = VERTEX_POINT('',#10227);
#10227 = CARTESIAN_POINT('',(142.63,-80.426,1.585));
#10228 = LINE('',#10229,#10230);
#10229 = CARTESIAN_POINT('',(142.63,-79.106,1.585));
#10230 = VECTOR('',#10231,1.);
#10231 = DIRECTION('',(0.,-1.,0.));
#10232 = ORIENTED_EDGE('',*,*,#10233,.T.);
#10233 = EDGE_CURVE('',#10226,#10234,#10236,.T.);
#10234 = VERTEX_POINT('',#10235);
#10235 = CARTESIAN_POINT('',(143.95,-80.426,1.585));
#10236 = LINE('',#10237,#10238);
#10237 = CARTESIAN_POINT('',(142.63,-80.426,1.585));
#10238 = VECTOR('',#10239,1.);
#10239 = DIRECTION('',(1.,0.,0.));
#10240 = ORIENTED_EDGE('',*,*,#10241,.T.);
#10241 = EDGE_CURVE('',#10234,#10242,#10244,.T.);
#10242 = VERTEX_POINT('',#10243);
#10243 = CARTESIAN_POINT('',(143.95,-80.546,1.585));
#10244 = CIRCLE('',#10245,6.000000000043E-02);
#10245 = AXIS2_PLACEMENT_3D('',#10246,#10247,#10248);
#10246 = CARTESIAN_POINT('',(143.95000022558,-80.486,1.585));
#10247 = DIRECTION('',(0.,0.,-1.));
#10248 = DIRECTION('',(-3.759794253684E-06,0.999999999993,-0.));
#10249 = ORIENTED_EDGE('',*,*,#10250,.T.);
#10250 = EDGE_CURVE('',#10242,#10251,#10253,.T.);
#10251 = VERTEX_POINT('',#10252);
#10252 = CARTESIAN_POINT('',(142.57,-80.546,1.585));
#10253 = LINE('',#10254,#10255);
#10254 = CARTESIAN_POINT('',(143.95,-80.546,1.585));
#10255 = VECTOR('',#10256,1.);
#10256 = DIRECTION('',(-1.,0.,0.));
#10257 = ORIENTED_EDGE('',*,*,#10258,.T.);
#10258 = EDGE_CURVE('',#10251,#10259,#10261,.T.);
#10259 = VERTEX_POINT('',#10260);
#10260 = CARTESIAN_POINT('',(142.51,-80.486,1.585));
#10261 = CIRCLE('',#10262,5.999932016264E-02);
#10262 = AXIS2_PLACEMENT_3D('',#10263,#10264,#10265);
#10263 = CARTESIAN_POINT('',(142.56999932015,-80.48600067984,1.585));
#10264 = DIRECTION('',(0.,0.,-1.));
#10265 = DIRECTION('',(1.133081517402E-05,-0.999999999936,0.));
#10266 = ORIENTED_EDGE('',*,*,#10267,.T.);
#10267 = EDGE_CURVE('',#10259,#10268,#10270,.T.);
#10268 = VERTEX_POINT('',#10269);
#10269 = CARTESIAN_POINT('',(142.51,-79.106,1.585));
#10270 = LINE('',#10271,#10272);
#10271 = CARTESIAN_POINT('',(142.51,-80.486,1.585));
#10272 = VECTOR('',#10273,1.);
#10273 = DIRECTION('',(0.,1.,0.));
#10274 = ORIENTED_EDGE('',*,*,#10275,.T.);
#10275 = EDGE_CURVE('',#10268,#10215,#10276,.T.);
#10276 = LINE('',#10277,#10278);
#10277 = CARTESIAN_POINT('',(142.51,-79.106,1.585));
#10278 = VECTOR('',#10279,1.);
#10279 = DIRECTION('',(0.195081000118,0.980787134598,0.));
#10280 = PLANE('',#10281);
#10281 = AXIS2_PLACEMENT_3D('',#10282,#10283,#10284);
#10282 = CARTESIAN_POINT('',(0.,0.,1.585));
#10283 = DIRECTION('',(0.,0.,1.));
#10284 = DIRECTION('',(1.,0.,-0.));
#10285 = SHELL_BASED_SURFACE_MODEL('',(#10286));
#10286 = OPEN_SHELL('',(#10287));
#10287 = ADVANCED_FACE('',(#10288,#10358),#10392,.T.);
#10288 = FACE_BOUND('',#10289,.F.);
#10289 = EDGE_LOOP('',(#10290,#10301,#10309,#10318,#10326,#10335,#10343,
    #10352));
#10290 = ORIENTED_EDGE('',*,*,#10291,.T.);
#10291 = EDGE_CURVE('',#10292,#10294,#10296,.T.);
#10292 = VERTEX_POINT('',#10293);
#10293 = CARTESIAN_POINT('',(145.16,-77.726,1.585));
#10294 = VERTEX_POINT('',#10295);
#10295 = CARTESIAN_POINT('',(145.22,-77.666,1.585));
#10296 = CIRCLE('',#10297,5.999932016264E-02);
#10297 = AXIS2_PLACEMENT_3D('',#10298,#10299,#10300);
#10298 = CARTESIAN_POINT('',(145.21999932015,-77.72599932015,1.585));
#10299 = DIRECTION('',(0.,0.,-1.));
#10300 = DIRECTION('',(-0.999999999936,-1.133081541086E-05,-0.));
#10301 = ORIENTED_EDGE('',*,*,#10302,.T.);
#10302 = EDGE_CURVE('',#10294,#10303,#10305,.T.);
#10303 = VERTEX_POINT('',#10304);
#10304 = CARTESIAN_POINT('',(147.87,-77.666,1.585));
#10305 = LINE('',#10306,#10307);
#10306 = CARTESIAN_POINT('',(145.22,-77.666,1.585));
#10307 = VECTOR('',#10308,1.);
#10308 = DIRECTION('',(1.,0.,0.));
#10309 = ORIENTED_EDGE('',*,*,#10310,.T.);
#10310 = EDGE_CURVE('',#10303,#10311,#10313,.T.);
#10311 = VERTEX_POINT('',#10312);
#10312 = CARTESIAN_POINT('',(147.93,-77.726,1.585));
#10313 = CIRCLE('',#10314,5.999932016262E-02);
#10314 = AXIS2_PLACEMENT_3D('',#10315,#10316,#10317);
#10315 = CARTESIAN_POINT('',(147.87000067984,-77.72599932015,1.585));
#10316 = DIRECTION('',(0.,0.,-1.));
#10317 = DIRECTION('',(-1.133081564772E-05,0.999999999936,0.));
#10318 = ORIENTED_EDGE('',*,*,#10319,.T.);
#10319 = EDGE_CURVE('',#10311,#10320,#10322,.T.);
#10320 = VERTEX_POINT('',#10321);
#10321 = CARTESIAN_POINT('',(147.93,-80.486,1.585));
#10322 = LINE('',#10323,#10324);
#10323 = CARTESIAN_POINT('',(147.93,-77.726,1.585));
#10324 = VECTOR('',#10325,1.);
#10325 = DIRECTION('',(0.,-1.,0.));
#10326 = ORIENTED_EDGE('',*,*,#10327,.T.);
#10327 = EDGE_CURVE('',#10320,#10328,#10330,.T.);
#10328 = VERTEX_POINT('',#10329);
#10329 = CARTESIAN_POINT('',(147.87,-80.546,1.585));
#10330 = CIRCLE('',#10331,5.999932016265E-02);
#10331 = AXIS2_PLACEMENT_3D('',#10332,#10333,#10334);
#10332 = CARTESIAN_POINT('',(147.87000067984,-80.48600067984,1.585));
#10333 = DIRECTION('',(0.,0.,-1.));
#10334 = DIRECTION('',(0.999999999936,1.133081517401E-05,0.));
#10335 = ORIENTED_EDGE('',*,*,#10336,.T.);
#10336 = EDGE_CURVE('',#10328,#10337,#10339,.T.);
#10337 = VERTEX_POINT('',#10338);
#10338 = CARTESIAN_POINT('',(145.22,-80.546,1.585));
#10339 = LINE('',#10340,#10341);
#10340 = CARTESIAN_POINT('',(147.87,-80.546,1.585));
#10341 = VECTOR('',#10342,1.);
#10342 = DIRECTION('',(-1.,0.,0.));
#10343 = ORIENTED_EDGE('',*,*,#10344,.T.);
#10344 = EDGE_CURVE('',#10337,#10345,#10347,.T.);
#10345 = VERTEX_POINT('',#10346);
#10346 = CARTESIAN_POINT('',(145.16,-80.486,1.585));
#10347 = CIRCLE('',#10348,5.999932016262E-02);
#10348 = AXIS2_PLACEMENT_3D('',#10349,#10350,#10351);
#10349 = CARTESIAN_POINT('',(145.21999932015,-80.48600067984,1.585));
#10350 = DIRECTION('',(0.,0.,-1.));
#10351 = DIRECTION('',(1.133081564772E-05,-0.999999999936,0.));
#10352 = ORIENTED_EDGE('',*,*,#10353,.T.);
#10353 = EDGE_CURVE('',#10345,#10292,#10354,.T.);
#10354 = LINE('',#10355,#10356);
#10355 = CARTESIAN_POINT('',(145.16,-80.486,1.585));
#10356 = VECTOR('',#10357,1.);
#10357 = DIRECTION('',(0.,1.,0.));
#10358 = FACE_BOUND('',#10359,.F.);
#10359 = EDGE_LOOP('',(#10360,#10370,#10378,#10386));
#10360 = ORIENTED_EDGE('',*,*,#10361,.T.);
#10361 = EDGE_CURVE('',#10362,#10364,#10366,.T.);
#10362 = VERTEX_POINT('',#10363);
#10363 = CARTESIAN_POINT('',(147.81,-80.426,1.585));
#10364 = VERTEX_POINT('',#10365);
#10365 = CARTESIAN_POINT('',(147.81,-77.786,1.585));
#10366 = LINE('',#10367,#10368);
#10367 = CARTESIAN_POINT('',(147.81,-80.426,1.585));
#10368 = VECTOR('',#10369,1.);
#10369 = DIRECTION('',(0.,1.,0.));
#10370 = ORIENTED_EDGE('',*,*,#10371,.T.);
#10371 = EDGE_CURVE('',#10364,#10372,#10374,.T.);
#10372 = VERTEX_POINT('',#10373);
#10373 = CARTESIAN_POINT('',(145.28,-77.786,1.585));
#10374 = LINE('',#10375,#10376);
#10375 = CARTESIAN_POINT('',(147.81,-77.786,1.585));
#10376 = VECTOR('',#10377,1.);
#10377 = DIRECTION('',(-1.,0.,0.));
#10378 = ORIENTED_EDGE('',*,*,#10379,.T.);
#10379 = EDGE_CURVE('',#10372,#10380,#10382,.T.);
#10380 = VERTEX_POINT('',#10381);
#10381 = CARTESIAN_POINT('',(145.28,-80.426,1.585));
#10382 = LINE('',#10383,#10384);
#10383 = CARTESIAN_POINT('',(145.28,-77.786,1.585));
#10384 = VECTOR('',#10385,1.);
#10385 = DIRECTION('',(0.,-1.,0.));
#10386 = ORIENTED_EDGE('',*,*,#10387,.T.);
#10387 = EDGE_CURVE('',#10380,#10362,#10388,.T.);
#10388 = LINE('',#10389,#10390);
#10389 = CARTESIAN_POINT('',(145.28,-80.426,1.585));
#10390 = VECTOR('',#10391,1.);
#10391 = DIRECTION('',(1.,0.,0.));
#10392 = PLANE('',#10393);
#10393 = AXIS2_PLACEMENT_3D('',#10394,#10395,#10396);
#10394 = CARTESIAN_POINT('',(0.,0.,1.585));
#10395 = DIRECTION('',(0.,0.,1.));
#10396 = DIRECTION('',(1.,0.,-0.));
#10397 = SHELL_BASED_SURFACE_MODEL('',(#10398));
#10398 = OPEN_SHELL('',(#10399));
#10399 = ADVANCED_FACE('',(#10400),#10461,.T.);
#10400 = FACE_BOUND('',#10401,.F.);
#10401 = EDGE_LOOP('',(#10402,#10413,#10421,#10430,#10438,#10447,#10455)
  );
#10402 = ORIENTED_EDGE('',*,*,#10403,.T.);
#10403 = EDGE_CURVE('',#10404,#10406,#10408,.T.);
#10404 = VERTEX_POINT('',#10405);
#10405 = CARTESIAN_POINT('',(133.9,-77.786,1.585));
#10406 = VERTEX_POINT('',#10407);
#10407 = CARTESIAN_POINT('',(133.9,-77.666,1.585));
#10408 = CIRCLE('',#10409,6.000000000043E-02);
#10409 = AXIS2_PLACEMENT_3D('',#10410,#10411,#10412);
#10410 = CARTESIAN_POINT('',(133.89999977441,-77.726,1.585));
#10411 = DIRECTION('',(0.,0.,-1.));
#10412 = DIRECTION('',(3.759793779989E-06,-0.999999999993,0.));
#10413 = ORIENTED_EDGE('',*,*,#10414,.T.);
#10414 = EDGE_CURVE('',#10406,#10415,#10417,.T.);
#10415 = VERTEX_POINT('',#10416);
#10416 = CARTESIAN_POINT('',(135.28,-77.666,1.585));
#10417 = LINE('',#10418,#10419);
#10418 = CARTESIAN_POINT('',(133.9,-77.666,1.585));
#10419 = VECTOR('',#10420,1.);
#10420 = DIRECTION('',(1.,0.,0.));
#10421 = ORIENTED_EDGE('',*,*,#10422,.T.);
#10422 = EDGE_CURVE('',#10415,#10423,#10425,.T.);
#10423 = VERTEX_POINT('',#10424);
#10424 = CARTESIAN_POINT('',(135.34,-77.726,1.585));
#10425 = CIRCLE('',#10426,5.999932016262E-02);
#10426 = AXIS2_PLACEMENT_3D('',#10427,#10428,#10429);
#10427 = CARTESIAN_POINT('',(135.28000067984,-77.72599932015,1.585));
#10428 = DIRECTION('',(0.,0.,-1.));
#10429 = DIRECTION('',(-1.133081564772E-05,0.999999999936,0.));
#10430 = ORIENTED_EDGE('',*,*,#10431,.T.);
#10431 = EDGE_CURVE('',#10423,#10432,#10434,.T.);
#10432 = VERTEX_POINT('',#10433);
#10433 = CARTESIAN_POINT('',(135.34,-79.106,1.585));
#10434 = LINE('',#10435,#10436);
#10435 = CARTESIAN_POINT('',(135.34,-77.726,1.585));
#10436 = VECTOR('',#10437,1.);
#10437 = DIRECTION('',(0.,-1.,0.));
#10438 = ORIENTED_EDGE('',*,*,#10439,.T.);
#10439 = EDGE_CURVE('',#10432,#10440,#10442,.T.);
#10440 = VERTEX_POINT('',#10441);
#10441 = CARTESIAN_POINT('',(135.22,-79.106,1.585));
#10442 = CIRCLE('',#10443,6.000000000043E-02);
#10443 = AXIS2_PLACEMENT_3D('',#10444,#10445,#10446);
#10444 = CARTESIAN_POINT('',(135.28,-79.10600022558,1.585));
#10445 = DIRECTION('',(0.,0.,-1.));
#10446 = DIRECTION('',(0.999999999993,3.759794253684E-06,0.));
#10447 = ORIENTED_EDGE('',*,*,#10448,.T.);
#10448 = EDGE_CURVE('',#10440,#10449,#10451,.T.);
#10449 = VERTEX_POINT('',#10450);
#10450 = CARTESIAN_POINT('',(135.22,-77.786,1.585));
#10451 = LINE('',#10452,#10453);
#10452 = CARTESIAN_POINT('',(135.22,-79.106,1.585));
#10453 = VECTOR('',#10454,1.);
#10454 = DIRECTION('',(0.,1.,0.));
#10455 = ORIENTED_EDGE('',*,*,#10456,.T.);
#10456 = EDGE_CURVE('',#10449,#10404,#10457,.T.);
#10457 = LINE('',#10458,#10459);
#10458 = CARTESIAN_POINT('',(135.22,-77.786,1.585));
#10459 = VECTOR('',#10460,1.);
#10460 = DIRECTION('',(-1.,0.,0.));
#10461 = PLANE('',#10462);
#10462 = AXIS2_PLACEMENT_3D('',#10463,#10464,#10465);
#10463 = CARTESIAN_POINT('',(0.,0.,1.585));
#10464 = DIRECTION('',(0.,0.,1.));
#10465 = DIRECTION('',(1.,0.,-0.));
#10466 = SHELL_BASED_SURFACE_MODEL('',(#10467));
#10467 = OPEN_SHELL('',(#10468));
#10468 = ADVANCED_FACE('',(#10469,#10668),#10719,.T.);
#10469 = FACE_BOUND('',#10470,.F.);
#10470 = EDGE_LOOP('',(#10471,#10482,#10490,#10499,#10507,#10516,#10524,
    #10532,#10540,#10548,#10556,#10564,#10573,#10581,#10589,#10597,
    #10605,#10613,#10621,#10629,#10637,#10645,#10653,#10662));
#10471 = ORIENTED_EDGE('',*,*,#10472,.T.);
#10472 = EDGE_CURVE('',#10473,#10475,#10477,.T.);
#10473 = VERTEX_POINT('',#10474);
#10474 = CARTESIAN_POINT('',(136.008738,-77.526809,1.585));
#10475 = VERTEX_POINT('',#10476);
#10476 = CARTESIAN_POINT('',(136.071238,-77.464309,1.585));
#10477 = CIRCLE('',#10478,6.250106243079E-02);
#10478 = AXIS2_PLACEMENT_3D('',#10479,#10480,#10481);
#10479 = CARTESIAN_POINT('',(136.07123906242,-77.52681006242,1.585));
#10480 = DIRECTION('',(0.,0.,-1.));
#10481 = DIRECTION('',(-0.999999999856,1.699845896895E-05,0.));
#10482 = ORIENTED_EDGE('',*,*,#10483,.T.);
#10483 = EDGE_CURVE('',#10475,#10484,#10486,.T.);
#10484 = VERTEX_POINT('',#10485);
#10485 = CARTESIAN_POINT('',(136.264785,-77.46492,1.585));
#10486 = LINE('',#10487,#10488);
#10487 = CARTESIAN_POINT('',(136.071238,-77.464309,1.585));
#10488 = VECTOR('',#10489,1.);
#10489 = DIRECTION('',(0.999995017167,-3.156840227416E-03,0.));
#10490 = ORIENTED_EDGE('',*,*,#10491,.T.);
#10491 = EDGE_CURVE('',#10484,#10492,#10494,.T.);
#10492 = VERTEX_POINT('',#10493);
#10493 = CARTESIAN_POINT('',(136.389045,-77.546478,1.585));
#10494 = CIRCLE('',#10495,0.184763844111);
#10495 = AXIS2_PLACEMENT_3D('',#10496,#10497,#10498);
#10496 = CARTESIAN_POINT('',(136.23409522902,-77.64711719001,1.585));
#10497 = DIRECTION('',(0.,0.,-1.));
#10498 = DIRECTION('',(0.166102687027,0.986108461257,0.));
#10499 = ORIENTED_EDGE('',*,*,#10500,.T.);
#10500 = EDGE_CURVE('',#10492,#10501,#10503,.T.);
#10501 = VERTEX_POINT('',#10502);
#10502 = CARTESIAN_POINT('',(136.416648,-77.607956,1.585));
#10503 = LINE('',#10504,#10505);
#10504 = CARTESIAN_POINT('',(136.389045,-77.546478,1.585));
#10505 = VECTOR('',#10506,1.);
#10506 = DIRECTION('',(0.409598215745,-0.912266025707,0.));
#10507 = ORIENTED_EDGE('',*,*,#10508,.T.);
#10508 = EDGE_CURVE('',#10501,#10509,#10511,.T.);
#10509 = VERTEX_POINT('',#10510);
#10510 = CARTESIAN_POINT('',(136.301548,-77.838673,1.585));
#10511 = CIRCLE('',#10512,0.19446193138);
#10512 = AXIS2_PLACEMENT_3D('',#10513,#10514,#10515);
#10513 = CARTESIAN_POINT('',(136.22882182852,-77.65832237832,1.585));
#10514 = DIRECTION('',(0.,0.,-1.));
#10515 = DIRECTION('',(0.965876303608,0.259003795587,0.));
#10516 = ORIENTED_EDGE('',*,*,#10517,.T.);
#10517 = EDGE_CURVE('',#10509,#10518,#10520,.T.);
#10518 = VERTEX_POINT('',#10519);
#10519 = CARTESIAN_POINT('',(136.408154,-77.990968,1.585));
#10520 = LINE('',#10521,#10522);
#10521 = CARTESIAN_POINT('',(136.301548,-77.838673,1.585));
#10522 = VECTOR('',#10523,1.);
#10523 = DIRECTION('',(0.573460539244,-0.8192331841,0.));
#10524 = ORIENTED_EDGE('',*,*,#10525,.T.);
#10525 = EDGE_CURVE('',#10518,#10526,#10528,.T.);
#10526 = VERTEX_POINT('',#10527);
#10527 = CARTESIAN_POINT('',(136.417972,-78.013291,1.585));
#10528 = LINE('',#10529,#10530);
#10529 = CARTESIAN_POINT('',(136.408154,-77.990968,1.585));
#10530 = VECTOR('',#10531,1.);
#10531 = DIRECTION('',(0.402597067236,-0.915377300053,0.));
#10532 = ORIENTED_EDGE('',*,*,#10533,.T.);
#10533 = EDGE_CURVE('',#10526,#10534,#10536,.T.);
#10534 = VERTEX_POINT('',#10535);
#10535 = CARTESIAN_POINT('',(136.415037,-78.029921,1.585));
#10536 = LINE('',#10537,#10538);
#10537 = CARTESIAN_POINT('',(136.417972,-78.013291,1.585));
#10538 = VECTOR('',#10539,1.);
#10539 = DIRECTION('',(-0.173802224669,-0.984780577946,0.));
#10540 = ORIENTED_EDGE('',*,*,#10541,.T.);
#10541 = EDGE_CURVE('',#10534,#10542,#10544,.T.);
#10542 = VERTEX_POINT('',#10543);
#10543 = CARTESIAN_POINT('',(136.428273,-78.016686,1.585));
#10544 = LINE('',#10545,#10546);
#10545 = CARTESIAN_POINT('',(136.415037,-78.029921,1.585));
#10546 = VECTOR('',#10547,1.);
#10547 = DIRECTION('',(0.707133493189,0.707080068175,0.));
#10548 = ORIENTED_EDGE('',*,*,#10549,.T.);
#10549 = EDGE_CURVE('',#10542,#10550,#10552,.T.);
#10550 = VERTEX_POINT('',#10551);
#10551 = CARTESIAN_POINT('',(136.452191,-78.011928,1.585));
#10552 = LINE('',#10553,#10554);
#10553 = CARTESIAN_POINT('',(136.428273,-78.016686,1.585));
#10554 = VECTOR('',#10555,1.);
#10555 = DIRECTION('',(0.980782031979,0.195106652235,0.));
#10556 = ORIENTED_EDGE('',*,*,#10557,.T.);
#10557 = EDGE_CURVE('',#10550,#10558,#10560,.T.);
#10558 = VERTEX_POINT('',#10559);
#10559 = CARTESIAN_POINT('',(136.833143,-78.011928,1.585));
#10560 = LINE('',#10561,#10562);
#10561 = CARTESIAN_POINT('',(136.452191,-78.011928,1.585));
#10562 = VECTOR('',#10563,1.);
#10563 = DIRECTION('',(1.,0.,0.));
#10564 = ORIENTED_EDGE('',*,*,#10565,.T.);
#10565 = EDGE_CURVE('',#10558,#10566,#10568,.T.);
#10566 = VERTEX_POINT('',#10567);
#10567 = CARTESIAN_POINT('',(136.833143,-78.136928,1.585));
#10568 = CIRCLE('',#10569,6.250000000099E-02);
#10569 = AXIS2_PLACEMENT_3D('',#10570,#10571,#10572);
#10570 = CARTESIAN_POINT('',(136.83314264746,-78.074428,1.585));
#10571 = DIRECTION('',(0.,0.,-1.));
#10572 = DIRECTION('',(5.640539256913E-06,0.999999999984,0.));
#10573 = ORIENTED_EDGE('',*,*,#10574,.T.);
#10574 = EDGE_CURVE('',#10566,#10575,#10577,.T.);
#10575 = VERTEX_POINT('',#10576);
#10576 = CARTESIAN_POINT('',(136.452191,-78.136928,1.585));
#10577 = LINE('',#10578,#10579);
#10578 = CARTESIAN_POINT('',(136.833143,-78.136928,1.585));
#10579 = VECTOR('',#10580,1.);
#10580 = DIRECTION('',(-1.,0.,0.));
#10581 = ORIENTED_EDGE('',*,*,#10582,.T.);
#10582 = EDGE_CURVE('',#10575,#10583,#10585,.T.);
#10583 = VERTEX_POINT('',#10584);
#10584 = CARTESIAN_POINT('',(136.428273,-78.13217,1.585));
#10585 = LINE('',#10586,#10587);
#10586 = CARTESIAN_POINT('',(136.452191,-78.136928,1.585));
#10587 = VECTOR('',#10588,1.);
#10588 = DIRECTION('',(-0.980782031979,0.195106652235,0.));
#10589 = ORIENTED_EDGE('',*,*,#10590,.T.);
#10590 = EDGE_CURVE('',#10583,#10591,#10593,.T.);
#10591 = VERTEX_POINT('',#10592);
#10592 = CARTESIAN_POINT('',(136.394449,-78.098346,1.585));
#10593 = LINE('',#10594,#10595);
#10594 = CARTESIAN_POINT('',(136.428273,-78.13217,1.585));
#10595 = VECTOR('',#10596,1.);
#10596 = DIRECTION('',(-0.707106781186,0.707106781187,0.));
#10597 = ORIENTED_EDGE('',*,*,#10598,.T.);
#10598 = EDGE_CURVE('',#10591,#10599,#10601,.T.);
#10599 = VERTEX_POINT('',#10600);
#10600 = CARTESIAN_POINT('',(136.394449,-78.071044,1.585));
#10601 = LINE('',#10602,#10603);
#10602 = CARTESIAN_POINT('',(136.394449,-78.098346,1.585));
#10603 = VECTOR('',#10604,1.);
#10604 = DIRECTION('',(0.,1.,0.));
#10605 = ORIENTED_EDGE('',*,*,#10606,.T.);
#10606 = EDGE_CURVE('',#10599,#10607,#10609,.T.);
#10607 = VERTEX_POINT('',#10608);
#10608 = CARTESIAN_POINT('',(136.370471,-78.087829,1.585));
#10609 = LINE('',#10610,#10611);
#10610 = CARTESIAN_POINT('',(136.394449,-78.071044,1.585));
#10611 = VECTOR('',#10612,1.);
#10612 = DIRECTION('',(-0.819225500065,-0.573471516331,0.));
#10613 = ORIENTED_EDGE('',*,*,#10614,.T.);
#10614 = EDGE_CURVE('',#10607,#10615,#10617,.T.);
#10615 = VERTEX_POINT('',#10616);
#10616 = CARTESIAN_POINT('',(136.323364,-78.079516,1.585));
#10617 = LINE('',#10618,#10619);
#10618 = CARTESIAN_POINT('',(136.370471,-78.087829,1.585));
#10619 = VECTOR('',#10620,1.);
#10620 = DIRECTION('',(-0.984783558818,0.173785333909,0.));
#10621 = ORIENTED_EDGE('',*,*,#10622,.T.);
#10622 = EDGE_CURVE('',#10615,#10623,#10625,.T.);
#10623 = VERTEX_POINT('',#10624);
#10624 = CARTESIAN_POINT('',(136.30575,-78.062651,1.585));
#10625 = LINE('',#10626,#10627);
#10626 = CARTESIAN_POINT('',(136.323364,-78.079516,1.585));
#10627 = VECTOR('',#10628,1.);
#10628 = DIRECTION('',(-0.722297114298,0.691582879109,0.));
#10629 = ORIENTED_EDGE('',*,*,#10630,.T.);
#10630 = EDGE_CURVE('',#10623,#10631,#10633,.T.);
#10631 = VERTEX_POINT('',#10632);
#10632 = CARTESIAN_POINT('',(136.157745,-77.851214,1.585));
#10633 = LINE('',#10634,#10635);
#10634 = CARTESIAN_POINT('',(136.30575,-78.062651,1.585));
#10635 = VECTOR('',#10636,1.);
#10636 = DIRECTION('',(-0.573460003999,0.819233558769,0.));
#10637 = ORIENTED_EDGE('',*,*,#10638,.T.);
#10638 = EDGE_CURVE('',#10631,#10639,#10641,.T.);
#10639 = VERTEX_POINT('',#10640);
#10640 = CARTESIAN_POINT('',(136.133738,-77.851214,1.585));
#10641 = LINE('',#10642,#10643);
#10642 = CARTESIAN_POINT('',(136.157745,-77.851214,1.585));
#10643 = VECTOR('',#10644,1.);
#10644 = DIRECTION('',(-1.,0.,0.));
#10645 = ORIENTED_EDGE('',*,*,#10646,.T.);
#10646 = EDGE_CURVE('',#10639,#10647,#10649,.T.);
#10647 = VERTEX_POINT('',#10648);
#10648 = CARTESIAN_POINT('',(136.133738,-78.026809,1.585));
#10649 = LINE('',#10650,#10651);
#10650 = CARTESIAN_POINT('',(136.133738,-77.851214,1.585));
#10651 = VECTOR('',#10652,1.);
#10652 = DIRECTION('',(0.,-1.,0.));
#10653 = ORIENTED_EDGE('',*,*,#10654,.T.);
#10654 = EDGE_CURVE('',#10647,#10655,#10657,.T.);
#10655 = VERTEX_POINT('',#10656);
#10656 = CARTESIAN_POINT('',(136.008738,-78.026809,1.585));
#10657 = CIRCLE('',#10658,6.2500000001E-02);
#10658 = AXIS2_PLACEMENT_3D('',#10659,#10660,#10661);
#10659 = CARTESIAN_POINT('',(136.071238,-78.02680864746,1.585));
#10660 = DIRECTION('',(-0.,0.,-1.));
#10661 = DIRECTION('',(0.999999999984,-5.640539029538E-06,-0.));
#10662 = ORIENTED_EDGE('',*,*,#10663,.T.);
#10663 = EDGE_CURVE('',#10655,#10473,#10664,.T.);
#10664 = LINE('',#10665,#10666);
#10665 = CARTESIAN_POINT('',(136.008738,-78.026809,1.585));
#10666 = VECTOR('',#10667,1.);
#10667 = DIRECTION('',(0.,1.,0.));
#10668 = FACE_BOUND('',#10669,.F.);
#10669 = EDGE_LOOP('',(#10670,#10681,#10689,#10697,#10705,#10713));
#10670 = ORIENTED_EDGE('',*,*,#10671,.T.);
#10671 = EDGE_CURVE('',#10672,#10674,#10676,.T.);
#10672 = VERTEX_POINT('',#10673);
#10673 = CARTESIAN_POINT('',(136.281777,-77.704072,1.585));
#10674 = VERTEX_POINT('',#10675);
#10675 = CARTESIAN_POINT('',(136.272312,-77.601985,1.585));
#10676 = CIRCLE('',#10677,7.56493818491E-02);
#10677 = AXIS2_PLACEMENT_3D('',#10678,#10679,#10680);
#10678 = CARTESIAN_POINT('',(136.22164941477,-77.65816445738,1.585));
#10679 = DIRECTION('',(0.,-0.,1.));
#10680 = DIRECTION('',(0.794819253746,-0.606846235775,-0.));
#10681 = ORIENTED_EDGE('',*,*,#10682,.T.);
#10682 = EDGE_CURVE('',#10674,#10683,#10685,.T.);
#10683 = VERTEX_POINT('',#10684);
#10684 = CARTESIAN_POINT('',(136.24696,-77.589309,1.585));
#10685 = LINE('',#10686,#10687);
#10686 = CARTESIAN_POINT('',(136.272312,-77.601985,1.585));
#10687 = VECTOR('',#10688,1.);
#10688 = DIRECTION('',(-0.894427191,0.4472135955,0.));
#10689 = ORIENTED_EDGE('',*,*,#10690,.T.);
#10690 = EDGE_CURVE('',#10683,#10691,#10693,.T.);
#10691 = VERTEX_POINT('',#10692);
#10692 = CARTESIAN_POINT('',(136.133738,-77.589309,1.585));
#10693 = LINE('',#10694,#10695);
#10694 = CARTESIAN_POINT('',(136.24696,-77.589309,1.585));
#10695 = VECTOR('',#10696,1.);
#10696 = DIRECTION('',(-1.,0.,0.));
#10697 = ORIENTED_EDGE('',*,*,#10698,.T.);
#10698 = EDGE_CURVE('',#10691,#10699,#10701,.T.);
#10699 = VERTEX_POINT('',#10700);
#10700 = CARTESIAN_POINT('',(136.133738,-77.726214,1.585));
#10701 = LINE('',#10702,#10703);
#10702 = CARTESIAN_POINT('',(136.133738,-77.589309,1.585));
#10703 = VECTOR('',#10704,1.);
#10704 = DIRECTION('',(0.,-1.,0.));
#10705 = ORIENTED_EDGE('',*,*,#10706,.T.);
#10706 = EDGE_CURVE('',#10699,#10707,#10709,.T.);
#10707 = VERTEX_POINT('',#10708);
#10708 = CARTESIAN_POINT('',(136.24696,-77.726214,1.585));
#10709 = LINE('',#10710,#10711);
#10710 = CARTESIAN_POINT('',(136.133738,-77.726214,1.585));
#10711 = VECTOR('',#10712,1.);
#10712 = DIRECTION('',(1.,0.,0.));
#10713 = ORIENTED_EDGE('',*,*,#10714,.T.);
#10714 = EDGE_CURVE('',#10707,#10672,#10715,.T.);
#10715 = LINE('',#10716,#10717);
#10716 = CARTESIAN_POINT('',(136.24696,-77.726214,1.585));
#10717 = VECTOR('',#10718,1.);
#10718 = DIRECTION('',(0.843818129177,0.536629262034,0.));
#10719 = PLANE('',#10720);
#10720 = AXIS2_PLACEMENT_3D('',#10721,#10722,#10723);
#10721 = CARTESIAN_POINT('',(0.,0.,1.585));
#10722 = DIRECTION('',(0.,0.,1.));
#10723 = DIRECTION('',(1.,0.,-0.));
#10724 = SHELL_BASED_SURFACE_MODEL('',(#10725));
#10725 = OPEN_SHELL('',(#10726));
#10726 = ADVANCED_FACE('',(#10727),#10894,.T.);
#10727 = FACE_BOUND('',#10728,.F.);
#10728 = EDGE_LOOP('',(#10729,#10739,#10747,#10755,#10764,#10772,#10780,
    #10788,#10796,#10804,#10813,#10821,#10830,#10838,#10846,#10854,
    #10862,#10871,#10879,#10888));
#10729 = ORIENTED_EDGE('',*,*,#10730,.T.);
#10730 = EDGE_CURVE('',#10731,#10733,#10735,.T.);
#10731 = VERTEX_POINT('',#10732);
#10732 = CARTESIAN_POINT('',(138.098472,-77.506425,1.585));
#10733 = VERTEX_POINT('',#10734);
#10734 = CARTESIAN_POINT('',(138.166367,-77.469067,1.585));
#10735 = LINE('',#10736,#10737);
#10736 = CARTESIAN_POINT('',(138.098472,-77.506425,1.585));
#10737 = VECTOR('',#10738,1.);
#10738 = DIRECTION('',(0.876130073241,0.482074781297,0.));
#10739 = ORIENTED_EDGE('',*,*,#10740,.T.);
#10740 = EDGE_CURVE('',#10733,#10741,#10743,.T.);
#10741 = VERTEX_POINT('',#10742);
#10742 = CARTESIAN_POINT('',(138.190285,-77.464309,1.585));
#10743 = LINE('',#10744,#10745);
#10744 = CARTESIAN_POINT('',(138.166367,-77.469067,1.585));
#10745 = VECTOR('',#10746,1.);
#10746 = DIRECTION('',(0.980782031979,0.195106652235,0.));
#10747 = ORIENTED_EDGE('',*,*,#10748,.T.);
#10748 = EDGE_CURVE('',#10741,#10749,#10751,.T.);
#10749 = VERTEX_POINT('',#10750);
#10750 = CARTESIAN_POINT('',(138.312404,-77.46492,1.585));
#10751 = LINE('',#10752,#10753);
#10752 = CARTESIAN_POINT('',(138.190285,-77.464309,1.585));
#10753 = VECTOR('',#10754,1.);
#10754 = DIRECTION('',(0.999987483647,-5.003253814025E-03,0.));
#10755 = ORIENTED_EDGE('',*,*,#10756,.T.);
#10756 = EDGE_CURVE('',#10749,#10757,#10759,.T.);
#10757 = VERTEX_POINT('',#10758);
#10758 = CARTESIAN_POINT('',(138.436662,-77.546477,1.585));
#10759 = CIRCLE('',#10760,0.184759687064);
#10760 = AXIS2_PLACEMENT_3D('',#10761,#10762,#10763);
#10761 = CARTESIAN_POINT('',(138.28171520409,-77.64711313864,1.585));
#10762 = DIRECTION('',(0.,0.,-1.));
#10763 = DIRECTION('',(0.166101146827,0.986108720691,0.));
#10764 = ORIENTED_EDGE('',*,*,#10765,.T.);
#10765 = EDGE_CURVE('',#10757,#10766,#10768,.T.);
#10766 = VERTEX_POINT('',#10767);
#10767 = CARTESIAN_POINT('',(138.464267,-77.607954,1.585));
#10768 = LINE('',#10769,#10770);
#10769 = CARTESIAN_POINT('',(138.436662,-77.546477,1.585));
#10770 = VECTOR('',#10771,1.);
#10771 = DIRECTION('',(0.409628459042,-0.91225244617,0.));
#10772 = ORIENTED_EDGE('',*,*,#10773,.T.);
#10773 = EDGE_CURVE('',#10766,#10774,#10776,.T.);
#10774 = VERTEX_POINT('',#10775);
#10775 = CARTESIAN_POINT('',(138.465116,-77.679491,1.585));
#10776 = LINE('',#10777,#10778);
#10777 = CARTESIAN_POINT('',(138.464267,-77.607954,1.585));
#10778 = VECTOR('',#10779,1.);
#10779 = DIRECTION('',(1.186714869061E-02,-0.999929582912,0.));
#10780 = ORIENTED_EDGE('',*,*,#10781,.T.);
#10781 = EDGE_CURVE('',#10774,#10782,#10784,.T.);
#10782 = VERTEX_POINT('',#10783);
#10783 = CARTESIAN_POINT('',(138.432935,-77.773346,1.585));
#10784 = LINE('',#10785,#10786);
#10785 = CARTESIAN_POINT('',(138.465116,-77.679491,1.585));
#10786 = VECTOR('',#10787,1.);
#10787 = DIRECTION('',(-0.324343649801,-0.945939319848,0.));
#10788 = ORIENTED_EDGE('',*,*,#10789,.T.);
#10789 = EDGE_CURVE('',#10782,#10790,#10792,.T.);
#10790 = VERTEX_POINT('',#10791);
#10791 = CARTESIAN_POINT('',(138.245935,-77.964309,1.585));
#10792 = LINE('',#10793,#10794);
#10793 = CARTESIAN_POINT('',(138.432935,-77.773346,1.585));
#10794 = VECTOR('',#10795,1.);
#10795 = DIRECTION('',(-0.699654199792,-0.714481630774,0.));
#10796 = ORIENTED_EDGE('',*,*,#10797,.T.);
#10797 = EDGE_CURVE('',#10790,#10798,#10800,.T.);
#10798 = VERTEX_POINT('',#10799);
#10799 = CARTESIAN_POINT('',(138.404571,-77.964309,1.585));
#10800 = LINE('',#10801,#10802);
#10801 = CARTESIAN_POINT('',(138.245935,-77.964309,1.585));
#10802 = VECTOR('',#10803,1.);
#10803 = DIRECTION('',(1.,0.,0.));
#10804 = ORIENTED_EDGE('',*,*,#10805,.T.);
#10805 = EDGE_CURVE('',#10798,#10806,#10808,.T.);
#10806 = VERTEX_POINT('',#10807);
#10807 = CARTESIAN_POINT('',(138.404571,-78.089309,1.585));
#10808 = CIRCLE('',#10809,6.250000000099E-02);
#10809 = AXIS2_PLACEMENT_3D('',#10810,#10811,#10812);
#10810 = CARTESIAN_POINT('',(138.40457064746,-78.026809,1.585));
#10811 = DIRECTION('',(0.,0.,-1.));
#10812 = DIRECTION('',(5.640538802166E-06,0.999999999984,0.));
#10813 = ORIENTED_EDGE('',*,*,#10814,.T.);
#10814 = EDGE_CURVE('',#10806,#10815,#10817,.T.);
#10815 = VERTEX_POINT('',#10816);
#10816 = CARTESIAN_POINT('',(138.095047,-78.089309,1.585));
#10817 = LINE('',#10818,#10819);
#10818 = CARTESIAN_POINT('',(138.404571,-78.089309,1.585));
#10819 = VECTOR('',#10820,1.);
#10820 = DIRECTION('',(-1.,0.,0.));
#10821 = ORIENTED_EDGE('',*,*,#10822,.T.);
#10822 = EDGE_CURVE('',#10815,#10823,#10825,.T.);
#10823 = VERTEX_POINT('',#10824);
#10824 = CARTESIAN_POINT('',(138.050853,-77.982615,1.585));
#10825 = CIRCLE('',#10826,6.250000279859E-02);
#10826 = AXIS2_PLACEMENT_3D('',#10827,#10828,#10829);
#10827 = CARTESIAN_POINT('',(138.0950473544,-78.0268089972,1.585));
#10828 = DIRECTION('',(0.,0.,-1.));
#10829 = DIRECTION('',(-5.670447281613E-06,-0.999999999984,-0.));
#10830 = ORIENTED_EDGE('',*,*,#10831,.T.);
#10831 = EDGE_CURVE('',#10823,#10832,#10834,.T.);
#10832 = VERTEX_POINT('',#10833);
#10833 = CARTESIAN_POINT('',(138.326133,-77.707334,1.585));
#10834 = LINE('',#10835,#10836);
#10835 = CARTESIAN_POINT('',(138.050853,-77.982615,1.585));
#10836 = VECTOR('',#10837,1.);
#10837 = DIRECTION('',(0.707105496847,0.707108065524,0.));
#10838 = ORIENTED_EDGE('',*,*,#10839,.T.);
#10839 = EDGE_CURVE('',#10832,#10840,#10842,.T.);
#10840 = VERTEX_POINT('',#10841);
#10841 = CARTESIAN_POINT('',(138.342071,-77.659522,1.585));
#10842 = LINE('',#10843,#10844);
#10843 = CARTESIAN_POINT('',(138.326133,-77.707334,1.585));
#10844 = VECTOR('',#10845,1.);
#10845 = DIRECTION('',(0.316239671112,0.948679329602,0.));
#10846 = ORIENTED_EDGE('',*,*,#10847,.T.);
#10847 = EDGE_CURVE('',#10840,#10848,#10850,.T.);
#10848 = VERTEX_POINT('',#10849);
#10849 = CARTESIAN_POINT('',(138.342071,-77.6368,1.585));
#10850 = LINE('',#10851,#10852);
#10851 = CARTESIAN_POINT('',(138.342071,-77.659522,1.585));
#10852 = VECTOR('',#10853,1.);
#10853 = DIRECTION('',(0.,1.,0.));
#10854 = ORIENTED_EDGE('',*,*,#10855,.T.);
#10855 = EDGE_CURVE('',#10848,#10856,#10858,.T.);
#10856 = VERTEX_POINT('',#10857);
#10857 = CARTESIAN_POINT('',(138.31993,-77.601985,1.585));
#10858 = LINE('',#10859,#10860);
#10859 = CARTESIAN_POINT('',(138.342071,-77.6368,1.585));
#10860 = VECTOR('',#10861,1.);
#10861 = DIRECTION('',(-0.536633954476,0.843815144983,0.));
#10862 = ORIENTED_EDGE('',*,*,#10863,.T.);
#10863 = EDGE_CURVE('',#10856,#10864,#10866,.T.);
#10864 = VERTEX_POINT('',#10865);
#10865 = CARTESIAN_POINT('',(138.179689,-77.601983,1.585));
#10866 = CIRCLE('',#10867,0.129229743559);
#10867 = AXIS2_PLACEMENT_3D('',#10868,#10869,#10870);
#10868 = CARTESIAN_POINT('',(138.24980795192,-77.71053556422,1.585));
#10869 = DIRECTION('',(0.,0.,1.));
#10870 = DIRECTION('',(0.542615392872,0.839981270874,-0.));
#10871 = ORIENTED_EDGE('',*,*,#10872,.T.);
#10872 = EDGE_CURVE('',#10864,#10873,#10875,.T.);
#10873 = VERTEX_POINT('',#10874);
#10874 = CARTESIAN_POINT('',(138.142774,-77.63217,1.585));
#10875 = LINE('',#10876,#10877);
#10876 = CARTESIAN_POINT('',(138.179689,-77.601983,1.585));
#10877 = VECTOR('',#10878,1.);
#10878 = DIRECTION('',(-0.774123582589,-0.633034500545,0.));
#10879 = ORIENTED_EDGE('',*,*,#10880,.T.);
#10880 = EDGE_CURVE('',#10873,#10881,#10883,.T.);
#10881 = VERTEX_POINT('',#10882);
#10882 = CARTESIAN_POINT('',(138.061115,-77.550511,1.585));
#10883 = CIRCLE('',#10884,6.249929161998E-02);
#10884 = AXIS2_PLACEMENT_3D('',#10885,#10886,#10887);
#10885 = CARTESIAN_POINT('',(138.118857,-77.574428,1.585));
#10886 = DIRECTION('',(0.,0.,-1.));
#10887 = DIRECTION('',(0.382676337285,-0.923882471358,0.));
#10888 = ORIENTED_EDGE('',*,*,#10889,.T.);
#10889 = EDGE_CURVE('',#10881,#10731,#10890,.T.);
#10890 = LINE('',#10891,#10892);
#10891 = CARTESIAN_POINT('',(138.061115,-77.550511,1.585));
#10892 = VECTOR('',#10893,1.);
#10893 = DIRECTION('',(0.646481235926,0.762929886422,0.));
#10894 = PLANE('',#10895);
#10895 = AXIS2_PLACEMENT_3D('',#10896,#10897,#10898);
#10896 = CARTESIAN_POINT('',(0.,0.,1.585));
#10897 = DIRECTION('',(0.,0.,1.));
#10898 = DIRECTION('',(1.,0.,-0.));
#10899 = SHELL_BASED_SURFACE_MODEL('',(#10900));
#10900 = OPEN_SHELL('',(#10901));
#10901 = ADVANCED_FACE('',(#10902),#10963,.T.);
#10902 = FACE_BOUND('',#10903,.F.);
#10903 = EDGE_LOOP('',(#10904,#10915,#10923,#10932,#10940,#10949,#10957)
  );
#10904 = ORIENTED_EDGE('',*,*,#10905,.T.);
#10905 = EDGE_CURVE('',#10906,#10908,#10910,.T.);
#10906 = VERTEX_POINT('',#10907);
#10907 = CARTESIAN_POINT('',(137.916707,-77.507045,1.585));
#10908 = VERTEX_POINT('',#10909);
#10909 = CARTESIAN_POINT('',(138.035293,-77.546574,1.585));
#10910 = CIRCLE('',#10911,6.250036247773E-02);
#10911 = AXIS2_PLACEMENT_3D('',#10912,#10913,#10914);
#10912 = CARTESIAN_POINT('',(137.97599975528,-77.52681023415,1.585));
#10913 = DIRECTION('',(0.,0.,-1.));
#10914 = DIRECTION('',(-0.948678582502,0.316241912312,0.));
#10915 = ORIENTED_EDGE('',*,*,#10916,.T.);
#10916 = EDGE_CURVE('',#10908,#10917,#10919,.T.);
#10917 = VERTEX_POINT('',#10918);
#10918 = CARTESIAN_POINT('',(137.868626,-78.046573,1.585));
#10919 = LINE('',#10920,#10921);
#10920 = CARTESIAN_POINT('',(138.035293,-77.546574,1.585));
#10921 = VECTOR('',#10922,1.);
#10922 = DIRECTION('',(-0.316228904438,-0.948682918576,0.));
#10923 = ORIENTED_EDGE('',*,*,#10924,.T.);
#10924 = EDGE_CURVE('',#10917,#10925,#10927,.T.);
#10925 = VERTEX_POINT('',#10926);
#10926 = CARTESIAN_POINT('',(137.75004,-78.046573,1.585));
#10927 = CIRCLE('',#10928,6.250063817903E-02);
#10928 = AXIS2_PLACEMENT_3D('',#10929,#10930,#10931);
#10929 = CARTESIAN_POINT('',(137.809333,-78.02680762816,1.585));
#10930 = DIRECTION('',(-0.,0.,-1.));
#10931 = DIRECTION('',(0.948678313174,-0.316242720252,-0.));
#10932 = ORIENTED_EDGE('',*,*,#10933,.T.);
#10933 = EDGE_CURVE('',#10925,#10934,#10936,.T.);
#10934 = VERTEX_POINT('',#10935);
#10935 = CARTESIAN_POINT('',(137.583374,-77.546573,1.585));
#10936 = LINE('',#10937,#10938);
#10937 = CARTESIAN_POINT('',(137.75004,-78.046573,1.585));
#10938 = VECTOR('',#10939,1.);
#10939 = DIRECTION('',(-0.316226627596,0.948683677523,0.));
#10940 = ORIENTED_EDGE('',*,*,#10941,.T.);
#10941 = EDGE_CURVE('',#10934,#10942,#10944,.T.);
#10942 = VERTEX_POINT('',#10943);
#10943 = CARTESIAN_POINT('',(137.70196,-77.507045,1.585));
#10944 = CIRCLE('',#10945,6.250020436785E-02);
#10945 = AXIS2_PLACEMENT_3D('',#10946,#10947,#10948);
#10946 = CARTESIAN_POINT('',(137.64266731988,-77.52680995966,1.585));
#10947 = DIRECTION('',(0.,0.,-1.));
#10948 = DIRECTION('',(-0.948690016038,-0.316207611342,-0.));
#10949 = ORIENTED_EDGE('',*,*,#10950,.T.);
#10950 = EDGE_CURVE('',#10942,#10951,#10953,.T.);
#10951 = VERTEX_POINT('',#10952);
#10952 = CARTESIAN_POINT('',(137.809333,-77.829165,1.585));
#10953 = LINE('',#10954,#10955);
#10954 = CARTESIAN_POINT('',(137.70196,-77.507045,1.585));
#10955 = VECTOR('',#10956,1.);
#10956 = DIRECTION('',(0.316226882479,-0.948683592563,0.));
#10957 = ORIENTED_EDGE('',*,*,#10958,.T.);
#10958 = EDGE_CURVE('',#10951,#10906,#10959,.T.);
#10959 = LINE('',#10960,#10961);
#10960 = CARTESIAN_POINT('',(137.809333,-77.829165,1.585));
#10961 = VECTOR('',#10962,1.);
#10962 = DIRECTION('',(0.316229533089,0.948682709024,0.));
#10963 = PLANE('',#10964);
#10964 = AXIS2_PLACEMENT_3D('',#10965,#10966,#10967);
#10965 = CARTESIAN_POINT('',(0.,0.,1.585));
#10966 = DIRECTION('',(0.,0.,1.));
#10967 = DIRECTION('',(1.,0.,-0.));
#10968 = SHELL_BASED_SURFACE_MODEL('',(#10969));
#10969 = OPEN_SHELL('',(#10970));
#10970 = ADVANCED_FACE('',(#10971),#11089,.T.);
#10971 = FACE_BOUND('',#10972,.F.);
#10972 = EDGE_LOOP('',(#10973,#10984,#10992,#11000,#11008,#11016,#11024,
    #11032,#11041,#11049,#11058,#11066,#11074,#11083));
#10973 = ORIENTED_EDGE('',*,*,#10974,.T.);
#10974 = EDGE_CURVE('',#10975,#10977,#10979,.T.);
#10975 = VERTEX_POINT('',#10976);
#10976 = CARTESIAN_POINT('',(137.127785,-77.526809,1.585));
#10977 = VERTEX_POINT('',#10978);
#10978 = CARTESIAN_POINT('',(137.182404,-77.464808,1.585));
#10979 = CIRCLE('',#10980,6.250084144585E-02);
#10980 = AXIS2_PLACEMENT_3D('',#10981,#10982,#10983);
#10981 = CARTESIAN_POINT('',(137.19028584144,-77.52680986898,1.585));
#10982 = DIRECTION('',(0.,0.,-1.));
#10983 = DIRECTION('',(-0.999999999903,1.390348592257E-05,0.));
#10984 = ORIENTED_EDGE('',*,*,#10985,.T.);
#10985 = EDGE_CURVE('',#10977,#10986,#10988,.T.);
#10986 = VERTEX_POINT('',#10987);
#10987 = CARTESIAN_POINT('',(137.19802,-77.469067,1.585));
#10988 = LINE('',#10989,#10990);
#10989 = CARTESIAN_POINT('',(137.182404,-77.464808,1.585));
#10990 = VECTOR('',#10991,1.);
#10991 = DIRECTION('',(0.964762395523,-0.263122633358,0.));
#10992 = ORIENTED_EDGE('',*,*,#10993,.T.);
#10993 = EDGE_CURVE('',#10986,#10994,#10996,.T.);
#10994 = VERTEX_POINT('',#10995);
#10995 = CARTESIAN_POINT('',(137.214203,-77.469067,1.585));
#10996 = LINE('',#10997,#10998);
#10997 = CARTESIAN_POINT('',(137.19802,-77.469067,1.585));
#10998 = VECTOR('',#10999,1.);
#10999 = DIRECTION('',(1.,0.,0.));
#11000 = ORIENTED_EDGE('',*,*,#11001,.T.);
#11001 = EDGE_CURVE('',#10994,#11002,#11004,.T.);
#11002 = VERTEX_POINT('',#11003);
#11003 = CARTESIAN_POINT('',(137.228552,-77.477394,1.585));
#11004 = LINE('',#11005,#11006);
#11005 = CARTESIAN_POINT('',(137.214203,-77.469067,1.585));
#11006 = VECTOR('',#11007,1.);
#11007 = DIRECTION('',(0.864911350762,-0.501924651042,0.));
#11008 = ORIENTED_EDGE('',*,*,#11009,.T.);
#11009 = EDGE_CURVE('',#11002,#11010,#11012,.T.);
#11010 = VERTEX_POINT('',#11011);
#11011 = CARTESIAN_POINT('',(137.24455,-77.4958,1.585));
#11012 = LINE('',#11013,#11014);
#11013 = CARTESIAN_POINT('',(137.228552,-77.477394,1.585));
#11014 = VECTOR('',#11015,1.);
#11015 = DIRECTION('',(0.656010173268,-0.754752047079,0.));
#11016 = ORIENTED_EDGE('',*,*,#11017,.T.);
#11017 = EDGE_CURVE('',#11010,#11018,#11020,.T.);
#11018 = VERTEX_POINT('',#11019);
#11019 = CARTESIAN_POINT('',(137.413499,-77.791461,1.585));
#11020 = LINE('',#11021,#11022);
#11021 = CARTESIAN_POINT('',(137.24455,-77.4958,1.585));
#11022 = VECTOR('',#11023,1.);
#11023 = DIRECTION('',(0.496138622106,-0.868243322839,0.));
#11024 = ORIENTED_EDGE('',*,*,#11025,.T.);
#11025 = EDGE_CURVE('',#11018,#11026,#11028,.T.);
#11026 = VERTEX_POINT('',#11027);
#11027 = CARTESIAN_POINT('',(137.413499,-77.526809,1.585));
#11028 = LINE('',#11029,#11030);
#11029 = CARTESIAN_POINT('',(137.413499,-77.791461,1.585));
#11030 = VECTOR('',#11031,1.);
#11031 = DIRECTION('',(0.,1.,0.));
#11032 = ORIENTED_EDGE('',*,*,#11033,.T.);
#11033 = EDGE_CURVE('',#11026,#11034,#11036,.T.);
#11034 = VERTEX_POINT('',#11035);
#11035 = CARTESIAN_POINT('',(137.538499,-77.526809,1.585));
#11036 = CIRCLE('',#11037,6.2500000001E-02);
#11037 = AXIS2_PLACEMENT_3D('',#11038,#11039,#11040);
#11038 = CARTESIAN_POINT('',(137.475999,-77.52680935253,1.585));
#11039 = DIRECTION('',(0.,0.,-1.));
#11040 = DIRECTION('',(-0.999999999984,5.640539029538E-06,0.));
#11041 = ORIENTED_EDGE('',*,*,#11042,.T.);
#11042 = EDGE_CURVE('',#11034,#11043,#11045,.T.);
#11043 = VERTEX_POINT('',#11044);
#11044 = CARTESIAN_POINT('',(137.538499,-78.026809,1.585));
#11045 = LINE('',#11046,#11047);
#11046 = CARTESIAN_POINT('',(137.538499,-77.526809,1.585));
#11047 = VECTOR('',#11048,1.);
#11048 = DIRECTION('',(0.,-1.,0.));
#11049 = ORIENTED_EDGE('',*,*,#11050,.T.);
#11050 = EDGE_CURVE('',#11043,#11051,#11053,.T.);
#11051 = VERTEX_POINT('',#11052);
#11052 = CARTESIAN_POINT('',(137.421734,-78.057817,1.585));
#11053 = CIRCLE('',#11054,6.249978214522E-02);
#11054 = AXIS2_PLACEMENT_3D('',#11055,#11056,#11057);
#11055 = CARTESIAN_POINT('',(137.47599921785,-78.02680879303,1.585));
#11056 = DIRECTION('',(-0.,0.,-1.));
#11057 = DIRECTION('',(0.999999999995,-3.31149039214E-06,-0.));
#11058 = ORIENTED_EDGE('',*,*,#11059,.T.);
#11059 = EDGE_CURVE('',#11051,#11060,#11062,.T.);
#11060 = VERTEX_POINT('',#11061);
#11061 = CARTESIAN_POINT('',(137.252785,-77.762156,1.585));
#11062 = LINE('',#11063,#11064);
#11063 = CARTESIAN_POINT('',(137.421734,-78.057817,1.585));
#11064 = VECTOR('',#11065,1.);
#11065 = DIRECTION('',(-0.496138622106,0.868243322839,0.));
#11066 = ORIENTED_EDGE('',*,*,#11067,.T.);
#11067 = EDGE_CURVE('',#11060,#11068,#11070,.T.);
#11068 = VERTEX_POINT('',#11069);
#11069 = CARTESIAN_POINT('',(137.252785,-78.026809,1.585));
#11070 = LINE('',#11071,#11072);
#11071 = CARTESIAN_POINT('',(137.252785,-77.762156,1.585));
#11072 = VECTOR('',#11073,1.);
#11073 = DIRECTION('',(0.,-1.,0.));
#11074 = ORIENTED_EDGE('',*,*,#11075,.T.);
#11075 = EDGE_CURVE('',#11068,#11076,#11078,.T.);
#11076 = VERTEX_POINT('',#11077);
#11077 = CARTESIAN_POINT('',(137.127785,-78.026809,1.585));
#11078 = CIRCLE('',#11079,6.250000000099E-02);
#11079 = AXIS2_PLACEMENT_3D('',#11080,#11081,#11082);
#11080 = CARTESIAN_POINT('',(137.190285,-78.02680864746,1.585));
#11081 = DIRECTION('',(-0.,0.,-1.));
#11082 = DIRECTION('',(0.999999999984,-5.640539029541E-06,-0.));
#11083 = ORIENTED_EDGE('',*,*,#11084,.T.);
#11084 = EDGE_CURVE('',#11076,#10975,#11085,.T.);
#11085 = LINE('',#11086,#11087);
#11086 = CARTESIAN_POINT('',(137.127785,-78.026809,1.585));
#11087 = VECTOR('',#11088,1.);
#11088 = DIRECTION('',(0.,1.,0.));
#11089 = PLANE('',#11090);
#11090 = AXIS2_PLACEMENT_3D('',#11091,#11092,#11093);
#11091 = CARTESIAN_POINT('',(0.,0.,1.585));
#11092 = DIRECTION('',(0.,0.,1.));
#11093 = DIRECTION('',(1.,0.,-0.));
#11094 = SHELL_BASED_SURFACE_MODEL('',(#11095));
#11095 = OPEN_SHELL('',(#11096));
#11096 = ADVANCED_FACE('',(#11097),#11141,.T.);
#11097 = FACE_BOUND('',#11098,.F.);
#11098 = EDGE_LOOP('',(#11099,#11110,#11118,#11127,#11135));
#11099 = ORIENTED_EDGE('',*,*,#11100,.T.);
#11100 = EDGE_CURVE('',#11101,#11103,#11105,.T.);
#11101 = VERTEX_POINT('',#11102);
#11102 = CARTESIAN_POINT('',(136.894448,-77.502891,1.585));
#11103 = VERTEX_POINT('',#11104);
#11104 = CARTESIAN_POINT('',(137.01469,-77.526809,1.585));
#11105 = CIRCLE('',#11106,6.249988563227E-02);
#11106 = AXIS2_PLACEMENT_3D('',#11107,#11108,#11109);
#11107 = CARTESIAN_POINT('',(136.95219011436,-77.52680927611,1.585));
#11108 = DIRECTION('',(0.,0.,-1.));
#11109 = DIRECTION('',(-0.923875520478,0.382693118126,0.));
#11110 = ORIENTED_EDGE('',*,*,#11111,.T.);
#11111 = EDGE_CURVE('',#11103,#11112,#11114,.T.);
#11112 = VERTEX_POINT('',#11113);
#11113 = CARTESIAN_POINT('',(137.01469,-78.026809,1.585));
#11114 = LINE('',#11115,#11116);
#11115 = CARTESIAN_POINT('',(137.01469,-77.526809,1.585));
#11116 = VECTOR('',#11117,1.);
#11117 = DIRECTION('',(0.,-1.,0.));
#11118 = ORIENTED_EDGE('',*,*,#11119,.T.);
#11119 = EDGE_CURVE('',#11112,#11120,#11122,.T.);
#11120 = VERTEX_POINT('',#11121);
#11121 = CARTESIAN_POINT('',(136.88969,-78.026809,1.585));
#11122 = CIRCLE('',#11123,6.250000000099E-02);
#11123 = AXIS2_PLACEMENT_3D('',#11124,#11125,#11126);
#11124 = CARTESIAN_POINT('',(136.95219,-78.02680864746,1.585));
#11125 = DIRECTION('',(-0.,0.,-1.));
#11126 = DIRECTION('',(0.999999999984,-5.640539029541E-06,-0.));
#11127 = ORIENTED_EDGE('',*,*,#11128,.T.);
#11128 = EDGE_CURVE('',#11120,#11129,#11131,.T.);
#11129 = VERTEX_POINT('',#11130);
#11130 = CARTESIAN_POINT('',(136.88969,-77.526809,1.585));
#11131 = LINE('',#11132,#11133);
#11132 = CARTESIAN_POINT('',(136.88969,-78.026809,1.585));
#11133 = VECTOR('',#11134,1.);
#11134 = DIRECTION('',(0.,1.,0.));
#11135 = ORIENTED_EDGE('',*,*,#11136,.T.);
#11136 = EDGE_CURVE('',#11129,#11101,#11137,.T.);
#11137 = LINE('',#11138,#11139);
#11138 = CARTESIAN_POINT('',(136.88969,-77.526809,1.585));
#11139 = VECTOR('',#11140,1.);
#11140 = DIRECTION('',(0.195106652235,0.980782031979,0.));
#11141 = PLANE('',#11142);
#11142 = AXIS2_PLACEMENT_3D('',#11143,#11144,#11145);
#11143 = CARTESIAN_POINT('',(0.,0.,1.585));
#11144 = DIRECTION('',(0.,0.,1.));
#11145 = DIRECTION('',(1.,0.,-0.));
#11146 = SHELL_BASED_SURFACE_MODEL('',(#11147));
#11147 = OPEN_SHELL('',(#11148));
#11148 = ADVANCED_FACE('',(#11149,#11371),#11422,.T.);
#11149 = FACE_BOUND('',#11150,.F.);
#11150 = EDGE_LOOP('',(#11151,#11162,#11170,#11178,#11186,#11194,#11203,
    #11211,#11219,#11227,#11235,#11243,#11251,#11259,#11267,#11276,
    #11284,#11292,#11300,#11308,#11316,#11324,#11332,#11340,#11348,
    #11356,#11365));
#11151 = ORIENTED_EDGE('',*,*,#11152,.T.);
#11152 = EDGE_CURVE('',#11153,#11155,#11157,.T.);
#11153 = VERTEX_POINT('',#11154);
#11154 = CARTESIAN_POINT('',(141.814178,-77.479459,1.585));
#11155 = VERTEX_POINT('',#11156);
#11156 = CARTESIAN_POINT('',(141.870428,-77.423209,1.585));
#11157 = CIRCLE('',#11158,5.625060311153E-02);
#11158 = AXIS2_PLACEMENT_3D('',#11159,#11160,#11161);
#11159 = CARTESIAN_POINT('',(141.8704286031,-77.4794596031,1.585));
#11160 = DIRECTION('',(0.,0.,-1.));
#11161 = DIRECTION('',(-0.999999999943,1.072180995132E-05,0.));
#11162 = ORIENTED_EDGE('',*,*,#11163,.T.);
#11163 = EDGE_CURVE('',#11155,#11164,#11166,.T.);
#11164 = VERTEX_POINT('',#11165);
#11165 = CARTESIAN_POINT('',(142.046401,-77.424113,1.585));
#11166 = LINE('',#11167,#11168);
#11167 = CARTESIAN_POINT('',(141.870428,-77.423209,1.585));
#11168 = VECTOR('',#11169,1.);
#11169 = DIRECTION('',(0.999986805097,-5.137083937953E-03,0.));
#11170 = ORIENTED_EDGE('',*,*,#11171,.T.);
#11171 = EDGE_CURVE('',#11164,#11172,#11174,.T.);
#11172 = VERTEX_POINT('',#11173);
#11173 = CARTESIAN_POINT('',(142.069175,-77.430288,1.585));
#11174 = LINE('',#11175,#11176);
#11175 = CARTESIAN_POINT('',(142.046401,-77.424113,1.585));
#11176 = VECTOR('',#11177,1.);
#11177 = DIRECTION('',(0.965151032411,-0.261693493683,0.));
#11178 = ORIENTED_EDGE('',*,*,#11179,.T.);
#11179 = EDGE_CURVE('',#11172,#11180,#11182,.T.);
#11180 = VERTEX_POINT('',#11181);
#11181 = CARTESIAN_POINT('',(142.126524,-77.465639,1.585));
#11182 = LINE('',#11183,#11184);
#11183 = CARTESIAN_POINT('',(142.069175,-77.430288,1.585));
#11184 = VECTOR('',#11185,1.);
#11185 = DIRECTION('',(0.85126513625,-0.524735807626,0.));
#11186 = ORIENTED_EDGE('',*,*,#11187,.T.);
#11187 = EDGE_CURVE('',#11180,#11188,#11190,.T.);
#11188 = VERTEX_POINT('',#11189);
#11189 = CARTESIAN_POINT('',(142.157439,-77.503995,1.585));
#11190 = LINE('',#11191,#11192);
#11191 = CARTESIAN_POINT('',(142.126524,-77.465639,1.585));
#11192 = VECTOR('',#11193,1.);
#11193 = DIRECTION('',(0.627540159831,-0.778584194419,0.));
#11194 = ORIENTED_EDGE('',*,*,#11195,.T.);
#11195 = EDGE_CURVE('',#11188,#11196,#11198,.T.);
#11196 = VERTEX_POINT('',#11197);
#11197 = CARTESIAN_POINT('',(142.147952,-77.731375,1.585));
#11198 = CIRCLE('',#11199,0.206489087555);
#11199 = AXIS2_PLACEMENT_3D('',#11200,#11201,#11202);
#11200 = CARTESIAN_POINT('',(141.98053792209,-77.610502051,1.585));
#11201 = DIRECTION('',(0.,0.,-1.));
#11202 = DIRECTION('',(0.856709088125,0.515799901438,0.));
#11203 = ORIENTED_EDGE('',*,*,#11204,.T.);
#11204 = EDGE_CURVE('',#11196,#11205,#11207,.T.);
#11205 = VERTEX_POINT('',#11206);
#11206 = CARTESIAN_POINT('',(142.112032,-77.766725,1.585));
#11207 = LINE('',#11208,#11209);
#11208 = CARTESIAN_POINT('',(142.147952,-77.731375,1.585));
#11209 = VECTOR('',#11210,1.);
#11210 = DIRECTION('',(-0.7127392535,-0.701429081604,0.));
#11211 = ORIENTED_EDGE('',*,*,#11212,.T.);
#11212 = EDGE_CURVE('',#11205,#11213,#11215,.T.);
#11213 = VERTEX_POINT('',#11214);
#11214 = CARTESIAN_POINT('',(142.073512,-77.788125,1.585));
#11215 = LINE('',#11216,#11217);
#11216 = CARTESIAN_POINT('',(142.112032,-77.766725,1.585));
#11217 = VECTOR('',#11218,1.);
#11218 = DIRECTION('',(-0.874157276122,-0.485642931179,0.));
#11219 = ORIENTED_EDGE('',*,*,#11220,.T.);
#11220 = EDGE_CURVE('',#11213,#11221,#11223,.T.);
#11221 = VERTEX_POINT('',#11222);
#11222 = CARTESIAN_POINT('',(142.175164,-77.949476,1.585));
#11223 = LINE('',#11224,#11225);
#11224 = CARTESIAN_POINT('',(142.073512,-77.788125,1.585));
#11225 = VECTOR('',#11226,1.);
#11226 = DIRECTION('',(0.533040922228,-0.846089460536,0.));
#11227 = ORIENTED_EDGE('',*,*,#11228,.T.);
#11228 = EDGE_CURVE('',#11221,#11229,#11231,.T.);
#11229 = VERTEX_POINT('',#11230);
#11230 = CARTESIAN_POINT('',(142.183015,-77.969971,1.585));
#11231 = LINE('',#11232,#11233);
#11232 = CARTESIAN_POINT('',(142.175164,-77.949476,1.585));
#11233 = VECTOR('',#11234,1.);
#11234 = DIRECTION('',(0.357720818629,-0.933828579515,0.));
#11235 = ORIENTED_EDGE('',*,*,#11236,.T.);
#11236 = EDGE_CURVE('',#11229,#11237,#11239,.T.);
#11237 = VERTEX_POINT('',#11238);
#11238 = CARTESIAN_POINT('',(142.178938,-77.987931,1.585));
#11239 = LINE('',#11240,#11241);
#11240 = CARTESIAN_POINT('',(142.183015,-77.969971,1.585));
#11241 = VECTOR('',#11242,1.);
#11242 = DIRECTION('',(-0.221372329025,-0.975189362094,0.));
#11243 = ORIENTED_EDGE('',*,*,#11244,.T.);
#11244 = EDGE_CURVE('',#11237,#11245,#11247,.T.);
#11245 = VERTEX_POINT('',#11246);
#11246 = CARTESIAN_POINT('',(142.19176,-77.97511,1.585));
#11247 = LINE('',#11248,#11249);
#11248 = CARTESIAN_POINT('',(142.178938,-77.987931,1.585));
#11249 = VECTOR('',#11250,1.);
#11250 = DIRECTION('',(0.70713435569,0.707079205608,0.));
#11251 = ORIENTED_EDGE('',*,*,#11252,.T.);
#11252 = EDGE_CURVE('',#11245,#11253,#11255,.T.);
#11253 = VERTEX_POINT('',#11254);
#11254 = CARTESIAN_POINT('',(142.213286,-77.970828,1.585));
#11255 = LINE('',#11256,#11257);
#11256 = CARTESIAN_POINT('',(142.19176,-77.97511,1.585));
#11257 = VECTOR('',#11258,1.);
#11258 = DIRECTION('',(0.980783428821,0.195099630317,0.));
#11259 = ORIENTED_EDGE('',*,*,#11260,.T.);
#11260 = EDGE_CURVE('',#11253,#11261,#11263,.T.);
#11261 = VERTEX_POINT('',#11262);
#11262 = CARTESIAN_POINT('',(142.556143,-77.970828,1.585));
#11263 = LINE('',#11264,#11265);
#11264 = CARTESIAN_POINT('',(142.213286,-77.970828,1.585));
#11265 = VECTOR('',#11266,1.);
#11266 = DIRECTION('',(1.,0.,0.));
#11267 = ORIENTED_EDGE('',*,*,#11268,.T.);
#11268 = EDGE_CURVE('',#11261,#11269,#11271,.T.);
#11269 = VERTEX_POINT('',#11270);
#11270 = CARTESIAN_POINT('',(142.556143,-78.083328,1.585));
#11271 = CIRCLE('',#11272,5.625000000035E-02);
#11272 = AXIS2_PLACEMENT_3D('',#11273,#11274,#11275);
#11273 = CARTESIAN_POINT('',(142.55614279987,-78.027078,1.585));
#11274 = DIRECTION('',(0.,0.,-1.));
#11275 = DIRECTION('',(3.557744195028E-06,0.999999999994,0.));
#11276 = ORIENTED_EDGE('',*,*,#11277,.T.);
#11277 = EDGE_CURVE('',#11269,#11278,#11280,.T.);
#11278 = VERTEX_POINT('',#11279);
#11279 = CARTESIAN_POINT('',(142.213286,-78.083328,1.585));
#11280 = LINE('',#11281,#11282);
#11281 = CARTESIAN_POINT('',(142.556143,-78.083328,1.585));
#11282 = VECTOR('',#11283,1.);
#11283 = DIRECTION('',(-1.,0.,0.));
#11284 = ORIENTED_EDGE('',*,*,#11285,.T.);
#11285 = EDGE_CURVE('',#11278,#11286,#11288,.T.);
#11286 = VERTEX_POINT('',#11287);
#11287 = CARTESIAN_POINT('',(142.19176,-78.079046,1.585));
#11288 = LINE('',#11289,#11290);
#11289 = CARTESIAN_POINT('',(142.213286,-78.083328,1.585));
#11290 = VECTOR('',#11291,1.);
#11291 = DIRECTION('',(-0.980783428821,0.195099630317,0.));
#11292 = ORIENTED_EDGE('',*,*,#11293,.T.);
#11293 = EDGE_CURVE('',#11286,#11294,#11296,.T.);
#11294 = VERTEX_POINT('',#11295);
#11295 = CARTESIAN_POINT('',(142.161318,-78.048604,1.585));
#11296 = LINE('',#11297,#11298);
#11297 = CARTESIAN_POINT('',(142.19176,-78.079046,1.585));
#11298 = VECTOR('',#11299,1.);
#11299 = DIRECTION('',(-0.707106781186,0.707106781187,0.));
#11300 = ORIENTED_EDGE('',*,*,#11301,.T.);
#11301 = EDGE_CURVE('',#11294,#11302,#11304,.T.);
#11302 = VERTEX_POINT('',#11303);
#11303 = CARTESIAN_POINT('',(142.161318,-78.01962,1.585));
#11304 = LINE('',#11305,#11306);
#11305 = CARTESIAN_POINT('',(142.161318,-78.048604,1.585));
#11306 = VECTOR('',#11307,1.);
#11307 = DIRECTION('',(0.,1.,0.));
#11308 = ORIENTED_EDGE('',*,*,#11309,.T.);
#11309 = EDGE_CURVE('',#11302,#11310,#11312,.T.);
#11310 = VERTEX_POINT('',#11311);
#11311 = CARTESIAN_POINT('',(142.137059,-78.034903,1.585));
#11312 = LINE('',#11313,#11314);
#11313 = CARTESIAN_POINT('',(142.161318,-78.01962,1.585));
#11314 = VECTOR('',#11315,1.);
#11315 = DIRECTION('',(-0.846094192081,-0.53303341183,0.));
#11316 = ORIENTED_EDGE('',*,*,#11317,.T.);
#11317 = EDGE_CURVE('',#11310,#11318,#11320,.T.);
#11318 = VERTEX_POINT('',#11319);
#11319 = CARTESIAN_POINT('',(142.095076,-78.025373,1.585));
#11320 = LINE('',#11321,#11322);
#11321 = CARTESIAN_POINT('',(142.137059,-78.034903,1.585));
#11322 = VECTOR('',#11323,1.);
#11323 = DIRECTION('',(-0.975191006861,0.221365083376,0.));
#11324 = ORIENTED_EDGE('',*,*,#11325,.T.);
#11325 = EDGE_CURVE('',#11318,#11326,#11328,.T.);
#11326 = VERTEX_POINT('',#11327);
#11327 = CARTESIAN_POINT('',(142.079978,-78.009443,1.585));
#11328 = LINE('',#11329,#11330);
#11329 = CARTESIAN_POINT('',(142.095076,-78.025373,1.585));
#11330 = VECTOR('',#11331,1.);
#11331 = DIRECTION('',(-0.687898812385,0.725806602284,0.));
#11332 = ORIENTED_EDGE('',*,*,#11333,.T.);
#11333 = EDGE_CURVE('',#11326,#11334,#11336,.T.);
#11334 = VERTEX_POINT('',#11335);
#11335 = CARTESIAN_POINT('',(141.946526,-77.797614,1.585));
#11336 = LINE('',#11337,#11338);
#11337 = CARTESIAN_POINT('',(142.079978,-78.009443,1.585));
#11338 = VECTOR('',#11339,1.);
#11339 = DIRECTION('',(-0.533036884341,0.846092004413,0.));
#11340 = ORIENTED_EDGE('',*,*,#11341,.T.);
#11341 = EDGE_CURVE('',#11334,#11342,#11344,.T.);
#11342 = VERTEX_POINT('',#11343);
#11343 = CARTESIAN_POINT('',(141.926678,-77.797614,1.585));
#11344 = LINE('',#11345,#11346);
#11345 = CARTESIAN_POINT('',(141.946526,-77.797614,1.585));
#11346 = VECTOR('',#11347,1.);
#11347 = DIRECTION('',(-1.,0.,0.));
#11348 = ORIENTED_EDGE('',*,*,#11349,.T.);
#11349 = EDGE_CURVE('',#11342,#11350,#11352,.T.);
#11350 = VERTEX_POINT('',#11351);
#11351 = CARTESIAN_POINT('',(141.926678,-77.979459,1.585));
#11352 = LINE('',#11353,#11354);
#11353 = CARTESIAN_POINT('',(141.926678,-77.797614,1.585));
#11354 = VECTOR('',#11355,1.);
#11355 = DIRECTION('',(0.,-1.,0.));
#11356 = ORIENTED_EDGE('',*,*,#11357,.T.);
#11357 = EDGE_CURVE('',#11350,#11358,#11360,.T.);
#11358 = VERTEX_POINT('',#11359);
#11359 = CARTESIAN_POINT('',(141.814178,-77.979459,1.585));
#11360 = CIRCLE('',#11361,5.625000000036E-02);
#11361 = AXIS2_PLACEMENT_3D('',#11362,#11363,#11364);
#11362 = CARTESIAN_POINT('',(141.870428,-77.97945879987,1.585));
#11363 = DIRECTION('',(-0.,0.,-1.));
#11364 = DIRECTION('',(0.999999999994,-3.55774495294E-06,-0.));
#11365 = ORIENTED_EDGE('',*,*,#11366,.T.);
#11366 = EDGE_CURVE('',#11358,#11153,#11367,.T.);
#11367 = LINE('',#11368,#11369);
#11368 = CARTESIAN_POINT('',(141.814178,-77.979459,1.585));
#11369 = VECTOR('',#11370,1.);
#11370 = DIRECTION('',(0.,1.,0.));
#11371 = FACE_BOUND('',#11372,.F.);
#11372 = EDGE_LOOP('',(#11373,#11384,#11392,#11400,#11408,#11416));
#11373 = ORIENTED_EDGE('',*,*,#11374,.T.);
#11374 = EDGE_CURVE('',#11375,#11377,#11379,.T.);
#11375 = VERTEX_POINT('',#11376);
#11376 = CARTESIAN_POINT('',(142.058453,-77.662647,1.585));
#11377 = VERTEX_POINT('',#11378);
#11378 = CARTESIAN_POINT('',(142.049186,-77.547878,1.585));
#11379 = CIRCLE('',#11380,9.221101714023E-02);
#11380 = AXIS2_PLACEMENT_3D('',#11381,#11382,#11383);
#11381 = CARTESIAN_POINT('',(141.98202246967,-77.61105973688,1.585));
#11382 = DIRECTION('',(0.,-0.,1.));
#11383 = DIRECTION('',(0.828865494592,-0.559447934909,-0.));
#11384 = ORIENTED_EDGE('',*,*,#11385,.T.);
#11385 = EDGE_CURVE('',#11377,#11386,#11388,.T.);
#11386 = VERTEX_POINT('',#11387);
#11387 = CARTESIAN_POINT('',(142.027281,-77.535709,1.585));
#11388 = LINE('',#11389,#11390);
#11389 = CARTESIAN_POINT('',(142.049186,-77.547878,1.585));
#11390 = VECTOR('',#11391,1.);
#11391 = DIRECTION('',(-0.874164805656,0.485629377769,0.));
#11392 = ORIENTED_EDGE('',*,*,#11393,.T.);
#11393 = EDGE_CURVE('',#11386,#11394,#11396,.T.);
#11394 = VERTEX_POINT('',#11395);
#11395 = CARTESIAN_POINT('',(141.926678,-77.535709,1.585));
#11396 = LINE('',#11397,#11398);
#11397 = CARTESIAN_POINT('',(142.027281,-77.535709,1.585));
#11398 = VECTOR('',#11399,1.);
#11399 = DIRECTION('',(-1.,0.,0.));
#11400 = ORIENTED_EDGE('',*,*,#11401,.T.);
#11401 = EDGE_CURVE('',#11394,#11402,#11404,.T.);
#11402 = VERTEX_POINT('',#11403);
#11403 = CARTESIAN_POINT('',(141.926678,-77.685114,1.585));
#11404 = LINE('',#11405,#11406);
#11405 = CARTESIAN_POINT('',(141.926678,-77.535709,1.585));
#11406 = VECTOR('',#11407,1.);
#11407 = DIRECTION('',(0.,-1.,0.));
#11408 = ORIENTED_EDGE('',*,*,#11409,.T.);
#11409 = EDGE_CURVE('',#11402,#11410,#11412,.T.);
#11410 = VERTEX_POINT('',#11411);
#11411 = CARTESIAN_POINT('',(142.027281,-77.685114,1.585));
#11412 = LINE('',#11413,#11414);
#11413 = CARTESIAN_POINT('',(141.926678,-77.685114,1.585));
#11414 = VECTOR('',#11415,1.);
#11415 = DIRECTION('',(1.,0.,0.));
#11416 = ORIENTED_EDGE('',*,*,#11417,.T.);
#11417 = EDGE_CURVE('',#11410,#11375,#11418,.T.);
#11418 = LINE('',#11419,#11420);
#11419 = CARTESIAN_POINT('',(142.027281,-77.685114,1.585));
#11420 = VECTOR('',#11421,1.);
#11421 = DIRECTION('',(0.811248436578,0.584701611209,0.));
#11422 = PLANE('',#11423);
#11423 = AXIS2_PLACEMENT_3D('',#11424,#11425,#11426);
#11424 = CARTESIAN_POINT('',(0.,0.,1.585));
#11425 = DIRECTION('',(0.,0.,1.));
#11426 = DIRECTION('',(1.,0.,-0.));
#11427 = SHELL_BASED_SURFACE_MODEL('',(#11428));
#11428 = OPEN_SHELL('',(#11429));
#11429 = ADVANCED_FACE('',(#11430,#11540,#11591),#11634,.T.);
#11430 = FACE_BOUND('',#11431,.F.);
#11431 = EDGE_LOOP('',(#11432,#11443,#11451,#11459,#11467,#11475,#11484,
    #11492,#11501,#11509,#11517,#11525,#11534));
#11432 = ORIENTED_EDGE('',*,*,#11433,.T.);
#11433 = EDGE_CURVE('',#11434,#11436,#11438,.T.);
#11434 = VERTEX_POINT('',#11435);
#11435 = CARTESIAN_POINT('',(143.035606,-77.479459,1.585));
#11436 = VERTEX_POINT('',#11437);
#11437 = CARTESIAN_POINT('',(143.091856,-77.423209,1.585));
#11438 = CIRCLE('',#11439,5.625060311153E-02);
#11439 = AXIS2_PLACEMENT_3D('',#11440,#11441,#11442);
#11440 = CARTESIAN_POINT('',(143.0918566031,-77.4794596031,1.585));
#11441 = DIRECTION('',(0.,0.,-1.));
#11442 = DIRECTION('',(-0.999999999943,1.072180995132E-05,0.));
#11443 = ORIENTED_EDGE('',*,*,#11444,.T.);
#11444 = EDGE_CURVE('',#11436,#11445,#11447,.T.);
#11445 = VERTEX_POINT('',#11446);
#11446 = CARTESIAN_POINT('',(143.2464,-77.424113,1.585));
#11447 = LINE('',#11448,#11449);
#11448 = CARTESIAN_POINT('',(143.091856,-77.423209,1.585));
#11449 = VECTOR('',#11450,1.);
#11450 = DIRECTION('',(0.999982892308,-5.849366747671E-03,0.));
#11451 = ORIENTED_EDGE('',*,*,#11452,.T.);
#11452 = EDGE_CURVE('',#11445,#11453,#11455,.T.);
#11453 = VERTEX_POINT('',#11454);
#11454 = CARTESIAN_POINT('',(143.269173,-77.430288,1.585));
#11455 = LINE('',#11456,#11457);
#11456 = CARTESIAN_POINT('',(143.2464,-77.424113,1.585));
#11457 = VECTOR('',#11458,1.);
#11458 = DIRECTION('',(0.965148129936,-0.261704198057,0.));
#11459 = ORIENTED_EDGE('',*,*,#11460,.T.);
#11460 = EDGE_CURVE('',#11453,#11461,#11463,.T.);
#11461 = VERTEX_POINT('',#11462);
#11462 = CARTESIAN_POINT('',(143.326524,-77.46564,1.585));
#11463 = LINE('',#11464,#11465);
#11464 = CARTESIAN_POINT('',(143.269173,-77.430288,1.585));
#11465 = VECTOR('',#11466,1.);
#11466 = DIRECTION('',(0.851266680018,-0.524733303203,0.));
#11467 = ORIENTED_EDGE('',*,*,#11468,.T.);
#11468 = EDGE_CURVE('',#11461,#11469,#11471,.T.);
#11469 = VERTEX_POINT('',#11470);
#11470 = CARTESIAN_POINT('',(143.357437,-77.503995,1.585));
#11471 = LINE('',#11472,#11473);
#11472 = CARTESIAN_POINT('',(143.326524,-77.46564,1.585));
#11473 = VECTOR('',#11474,1.);
#11474 = DIRECTION('',(0.627525466901,-0.778596036716,0.));
#11475 = ORIENTED_EDGE('',*,*,#11476,.T.);
#11476 = EDGE_CURVE('',#11469,#11477,#11479,.T.);
#11477 = VERTEX_POINT('',#11478);
#11478 = CARTESIAN_POINT('',(143.349323,-77.705258,1.585));
#11479 = CIRCLE('',#11480,0.175928199561);
#11480 = AXIS2_PLACEMENT_3D('',#11481,#11482,#11483);
#11481 = CARTESIAN_POINT('',(143.20924877846,-77.59881579097,1.585));
#11482 = DIRECTION('',(0.,0.,-1.));
#11483 = DIRECTION('',(0.842322162683,0.538974372538,0.));
#11484 = ORIENTED_EDGE('',*,*,#11485,.T.);
#11485 = EDGE_CURVE('',#11477,#11486,#11488,.T.);
#11486 = VERTEX_POINT('',#11487);
#11487 = CARTESIAN_POINT('',(143.378867,-77.74209,1.585));
#11488 = LINE('',#11489,#11490);
#11489 = CARTESIAN_POINT('',(143.349323,-77.705258,1.585));
#11490 = VECTOR('',#11491,1.);
#11491 = DIRECTION('',(0.625706973239,-0.78005819247,0.));
#11492 = ORIENTED_EDGE('',*,*,#11493,.T.);
#11493 = EDGE_CURVE('',#11486,#11494,#11496,.T.);
#11494 = VERTEX_POINT('',#11495);
#11495 = CARTESIAN_POINT('',(143.369381,-77.969469,1.585));
#11496 = CIRCLE('',#11497,0.20648957391);
#11497 = AXIS2_PLACEMENT_3D('',#11498,#11499,#11500);
#11498 = CARTESIAN_POINT('',(143.20196546617,-77.84859723667,1.585));
#11499 = DIRECTION('',(0.,0.,-1.));
#11500 = DIRECTION('',(0.85670927821,0.51579958572,0.));
#11501 = ORIENTED_EDGE('',*,*,#11502,.T.);
#11502 = EDGE_CURVE('',#11494,#11503,#11505,.T.);
#11503 = VERTEX_POINT('',#11504);
#11504 = CARTESIAN_POINT('',(143.333459,-78.004822,1.585));
#11505 = LINE('',#11506,#11507);
#11506 = CARTESIAN_POINT('',(143.369381,-77.969469,1.585));
#11507 = VECTOR('',#11508,1.);
#11508 = DIRECTION('',(-0.712729019376,-0.701439480597,0.));
#11509 = ORIENTED_EDGE('',*,*,#11510,.T.);
#11510 = EDGE_CURVE('',#11503,#11511,#11513,.T.);
#11511 = VERTEX_POINT('',#11512);
#11512 = CARTESIAN_POINT('',(143.269705,-78.035341,1.585));
#11513 = LINE('',#11514,#11515);
#11514 = CARTESIAN_POINT('',(143.333459,-78.004822,1.585));
#11515 = VECTOR('',#11516,1.);
#11516 = DIRECTION('',(-0.901980214143,-0.431777365427,0.));
#11517 = ORIENTED_EDGE('',*,*,#11518,.T.);
#11518 = EDGE_CURVE('',#11511,#11519,#11521,.T.);
#11519 = VERTEX_POINT('',#11520);
#11520 = CARTESIAN_POINT('',(143.091856,-78.035709,1.585));
#11521 = LINE('',#11522,#11523);
#11522 = CARTESIAN_POINT('',(143.269705,-78.035341,1.585));
#11523 = VECTOR('',#11524,1.);
#11524 = DIRECTION('',(-0.999997859272,-2.069166608791E-03,0.));
#11525 = ORIENTED_EDGE('',*,*,#11526,.T.);
#11526 = EDGE_CURVE('',#11519,#11527,#11529,.T.);
#11527 = VERTEX_POINT('',#11528);
#11528 = CARTESIAN_POINT('',(143.035606,-77.979459,1.585));
#11529 = CIRCLE('',#11530,5.625060311157E-02);
#11530 = AXIS2_PLACEMENT_3D('',#11531,#11532,#11533);
#11531 = CARTESIAN_POINT('',(143.0918566031,-77.97945839689,1.585));
#11532 = DIRECTION('',(0.,0.,-1.));
#11533 = DIRECTION('',(-1.072181096186E-05,-0.999999999943,-0.));
#11534 = ORIENTED_EDGE('',*,*,#11535,.T.);
#11535 = EDGE_CURVE('',#11527,#11434,#11536,.T.);
#11536 = LINE('',#11537,#11538);
#11537 = CARTESIAN_POINT('',(143.035606,-77.979459,1.585));
#11538 = VECTOR('',#11539,1.);
#11539 = DIRECTION('',(0.,1.,0.));
#11540 = FACE_BOUND('',#11541,.F.);
#11541 = EDGE_LOOP('',(#11542,#11553,#11561,#11569,#11577,#11585));
#11542 = ORIENTED_EDGE('',*,*,#11543,.T.);
#11543 = EDGE_CURVE('',#11544,#11546,#11548,.T.);
#11544 = VERTEX_POINT('',#11545);
#11545 = CARTESIAN_POINT('',(143.27988,-77.900745,1.585));
#11546 = VERTEX_POINT('',#11547);
#11547 = CARTESIAN_POINT('',(143.273604,-77.789296,1.585));
#11548 = CIRCLE('',#11549,9.223109723821E-02);
#11549 = AXIS2_PLACEMENT_3D('',#11550,#11551,#11552);
#11550 = CARTESIAN_POINT('',(143.20343125558,-77.84914882983,1.585));
#11551 = DIRECTION('',(0.,-0.,1.));
#11552 = DIRECTION('',(0.828882521204,-0.559422707836,-0.));
#11553 = ORIENTED_EDGE('',*,*,#11554,.T.);
#11554 = EDGE_CURVE('',#11546,#11555,#11557,.T.);
#11555 = VERTEX_POINT('',#11556);
#11556 = CARTESIAN_POINT('',(143.231774,-77.773804,1.585));
#11557 = LINE('',#11558,#11559);
#11558 = CARTESIAN_POINT('',(143.273604,-77.789296,1.585));
#11559 = VECTOR('',#11560,1.);
#11560 = DIRECTION('',(-0.937753087444,0.347302673456,0.));
#11561 = ORIENTED_EDGE('',*,*,#11562,.T.);
#11562 = EDGE_CURVE('',#11555,#11563,#11565,.T.);
#11563 = VERTEX_POINT('',#11564);
#11564 = CARTESIAN_POINT('',(143.148106,-77.773804,1.585));
#11565 = LINE('',#11566,#11567);
#11566 = CARTESIAN_POINT('',(143.231774,-77.773804,1.585));
#11567 = VECTOR('',#11568,1.);
#11568 = DIRECTION('',(-1.,0.,0.));
#11569 = ORIENTED_EDGE('',*,*,#11570,.T.);
#11570 = EDGE_CURVE('',#11563,#11571,#11573,.T.);
#11571 = VERTEX_POINT('',#11572);
#11572 = CARTESIAN_POINT('',(143.148106,-77.923209,1.585));
#11573 = LINE('',#11574,#11575);
#11574 = CARTESIAN_POINT('',(143.148106,-77.773804,1.585));
#11575 = VECTOR('',#11576,1.);
#11576 = DIRECTION('',(0.,-1.,0.));
#11577 = ORIENTED_EDGE('',*,*,#11578,.T.);
#11578 = EDGE_CURVE('',#11571,#11579,#11581,.T.);
#11579 = VERTEX_POINT('',#11580);
#11580 = CARTESIAN_POINT('',(143.248709,-77.923209,1.585));
#11581 = LINE('',#11582,#11583);
#11582 = CARTESIAN_POINT('',(143.148106,-77.923209,1.585));
#11583 = VECTOR('',#11584,1.);
#11584 = DIRECTION('',(1.,0.,0.));
#11585 = ORIENTED_EDGE('',*,*,#11586,.T.);
#11586 = EDGE_CURVE('',#11579,#11544,#11587,.T.);
#11587 = LINE('',#11588,#11589);
#11588 = CARTESIAN_POINT('',(143.248709,-77.923209,1.585));
#11589 = VECTOR('',#11590,1.);
#11590 = DIRECTION('',(0.811276574056,0.584662569683,0.));
#11591 = FACE_BOUND('',#11592,.F.);
#11592 = EDGE_LOOP('',(#11593,#11604,#11612,#11620,#11628));
#11593 = ORIENTED_EDGE('',*,*,#11594,.T.);
#11594 = EDGE_CURVE('',#11595,#11597,#11599,.T.);
#11595 = VERTEX_POINT('',#11596);
#11596 = CARTESIAN_POINT('',(143.22728,-77.661304,1.585));
#11597 = VERTEX_POINT('',#11598);
#11598 = CARTESIAN_POINT('',(143.249186,-77.547878,1.585));
#11599 = CIRCLE('',#11600,6.648383855344E-02);
#11600 = AXIS2_PLACEMENT_3D('',#11601,#11602,#11603);
#11601 = CARTESIAN_POINT('',(143.20590966545,-77.59834838396,1.585));
#11602 = DIRECTION('',(0.,-0.,1.));
#11603 = DIRECTION('',(0.321436532633,-0.946931124998,-0.));
#11604 = ORIENTED_EDGE('',*,*,#11605,.T.);
#11605 = EDGE_CURVE('',#11597,#11606,#11608,.T.);
#11606 = VERTEX_POINT('',#11607);
#11607 = CARTESIAN_POINT('',(143.227281,-77.535709,1.585));
#11608 = LINE('',#11609,#11610);
#11609 = CARTESIAN_POINT('',(143.249186,-77.547878,1.585));
#11610 = VECTOR('',#11611,1.);
#11611 = DIRECTION('',(-0.874164805656,0.485629377769,0.));
#11612 = ORIENTED_EDGE('',*,*,#11613,.T.);
#11613 = EDGE_CURVE('',#11606,#11614,#11616,.T.);
#11614 = VERTEX_POINT('',#11615);
#11615 = CARTESIAN_POINT('',(143.148106,-77.535709,1.585));
#11616 = LINE('',#11617,#11618);
#11617 = CARTESIAN_POINT('',(143.227281,-77.535709,1.585));
#11618 = VECTOR('',#11619,1.);
#11619 = DIRECTION('',(-1.,0.,0.));
#11620 = ORIENTED_EDGE('',*,*,#11621,.T.);
#11621 = EDGE_CURVE('',#11614,#11622,#11624,.T.);
#11622 = VERTEX_POINT('',#11623);
#11623 = CARTESIAN_POINT('',(143.148106,-77.661304,1.585));
#11624 = LINE('',#11625,#11626);
#11625 = CARTESIAN_POINT('',(143.148106,-77.535709,1.585));
#11626 = VECTOR('',#11627,1.);
#11627 = DIRECTION('',(0.,-1.,0.));
#11628 = ORIENTED_EDGE('',*,*,#11629,.T.);
#11629 = EDGE_CURVE('',#11622,#11595,#11630,.T.);
#11630 = LINE('',#11631,#11632);
#11631 = CARTESIAN_POINT('',(143.148106,-77.661304,1.585));
#11632 = VECTOR('',#11633,1.);
#11633 = DIRECTION('',(1.,0.,0.));
#11634 = PLANE('',#11635);
#11635 = AXIS2_PLACEMENT_3D('',#11636,#11637,#11638);
#11636 = CARTESIAN_POINT('',(0.,0.,1.585));
#11637 = DIRECTION('',(0.,0.,1.));
#11638 = DIRECTION('',(1.,0.,-0.));
#11639 = SHELL_BASED_SURFACE_MODEL('',(#11640));
#11640 = OPEN_SHELL('',(#11641));
#11641 = ADVANCED_FACE('',(#11642),#11711,.T.);
#11642 = FACE_BOUND('',#11643,.F.);
#11643 = EDGE_LOOP('',(#11644,#11655,#11663,#11671,#11680,#11688,#11697,
    #11705));
#11644 = ORIENTED_EDGE('',*,*,#11645,.T.);
#11645 = EDGE_CURVE('',#11646,#11648,#11650,.T.);
#11646 = VERTEX_POINT('',#11647);
#11647 = CARTESIAN_POINT('',(143.489888,-77.457933,1.585));
#11648 = VERTEX_POINT('',#11649);
#11649 = CARTESIAN_POINT('',(143.598106,-77.479459,1.585));
#11650 = CIRCLE('',#11651,5.624993507598E-02);
#11651 = AXIS2_PLACEMENT_3D('',#11652,#11653,#11654);
#11652 = CARTESIAN_POINT('',(143.54185606492,-77.47945915674,1.585));
#11653 = DIRECTION('',(0.,0.,-1.));
#11654 = DIRECTION('',(-0.923877776108,0.38268767267,0.));
#11655 = ORIENTED_EDGE('',*,*,#11656,.T.);
#11656 = EDGE_CURVE('',#11648,#11657,#11659,.T.);
#11657 = VERTEX_POINT('',#11658);
#11658 = CARTESIAN_POINT('',(143.598106,-77.923209,1.585));
#11659 = LINE('',#11660,#11661);
#11660 = CARTESIAN_POINT('',(143.598106,-77.479459,1.585));
#11661 = VECTOR('',#11662,1.);
#11662 = DIRECTION('',(0.,-1.,0.));
#11663 = ORIENTED_EDGE('',*,*,#11664,.T.);
#11664 = EDGE_CURVE('',#11657,#11665,#11667,.T.);
#11665 = VERTEX_POINT('',#11666);
#11666 = CARTESIAN_POINT('',(143.756142,-77.923209,1.585));
#11667 = LINE('',#11668,#11669);
#11668 = CARTESIAN_POINT('',(143.598106,-77.923209,1.585));
#11669 = VECTOR('',#11670,1.);
#11670 = DIRECTION('',(1.,0.,0.));
#11671 = ORIENTED_EDGE('',*,*,#11672,.T.);
#11672 = EDGE_CURVE('',#11665,#11673,#11675,.T.);
#11673 = VERTEX_POINT('',#11674);
#11674 = CARTESIAN_POINT('',(143.756142,-78.035709,1.585));
#11675 = CIRCLE('',#11676,5.625000000036E-02);
#11676 = AXIS2_PLACEMENT_3D('',#11677,#11678,#11679);
#11677 = CARTESIAN_POINT('',(143.75614179987,-77.979459,1.585));
#11678 = DIRECTION('',(0.,0.,-1.));
#11679 = DIRECTION('',(3.557745205578E-06,0.999999999994,0.));
#11680 = ORIENTED_EDGE('',*,*,#11681,.T.);
#11681 = EDGE_CURVE('',#11673,#11682,#11684,.T.);
#11682 = VERTEX_POINT('',#11683);
#11683 = CARTESIAN_POINT('',(143.541856,-78.035709,1.585));
#11684 = LINE('',#11685,#11686);
#11685 = CARTESIAN_POINT('',(143.756142,-78.035709,1.585));
#11686 = VECTOR('',#11687,1.);
#11687 = DIRECTION('',(-1.,0.,0.));
#11688 = ORIENTED_EDGE('',*,*,#11689,.T.);
#11689 = EDGE_CURVE('',#11682,#11690,#11692,.T.);
#11690 = VERTEX_POINT('',#11691);
#11691 = CARTESIAN_POINT('',(143.485606,-77.979459,1.585));
#11692 = CIRCLE('',#11693,5.625060311157E-02);
#11693 = AXIS2_PLACEMENT_3D('',#11694,#11695,#11696);
#11694 = CARTESIAN_POINT('',(143.5418566031,-77.97945839689,1.585));
#11695 = DIRECTION('',(0.,0.,-1.));
#11696 = DIRECTION('',(-1.072181096186E-05,-0.999999999943,-0.));
#11697 = ORIENTED_EDGE('',*,*,#11698,.T.);
#11698 = EDGE_CURVE('',#11690,#11699,#11701,.T.);
#11699 = VERTEX_POINT('',#11700);
#11700 = CARTESIAN_POINT('',(143.485606,-77.479459,1.585));
#11701 = LINE('',#11702,#11703);
#11702 = CARTESIAN_POINT('',(143.485606,-77.979459,1.585));
#11703 = VECTOR('',#11704,1.);
#11704 = DIRECTION('',(0.,1.,0.));
#11705 = ORIENTED_EDGE('',*,*,#11706,.T.);
#11706 = EDGE_CURVE('',#11699,#11646,#11707,.T.);
#11707 = LINE('',#11708,#11709);
#11708 = CARTESIAN_POINT('',(143.485606,-77.479459,1.585));
#11709 = VECTOR('',#11710,1.);
#11710 = DIRECTION('',(0.195099630318,0.980783428821,0.));
#11711 = PLANE('',#11712);
#11712 = AXIS2_PLACEMENT_3D('',#11713,#11714,#11715);
#11713 = CARTESIAN_POINT('',(0.,0.,1.585));
#11714 = DIRECTION('',(0.,0.,1.));
#11715 = DIRECTION('',(1.,0.,-0.));
#11716 = SHELL_BASED_SURFACE_MODEL('',(#11717));
#11717 = OPEN_SHELL('',(#11718));
#11718 = ADVANCED_FACE('',(#11719),#11838,.T.);
#11719 = FACE_BOUND('',#11720,.F.);
#11720 = EDGE_LOOP('',(#11721,#11732,#11740,#11749,#11757,#11765,#11773,
    #11782,#11790,#11798,#11806,#11815,#11823,#11832));
#11721 = ORIENTED_EDGE('',*,*,#11722,.T.);
#11722 = EDGE_CURVE('',#11723,#11725,#11727,.T.);
#11723 = VERTEX_POINT('',#11724);
#11724 = CARTESIAN_POINT('',(143.849892,-77.479459,1.585));
#11725 = VERTEX_POINT('',#11726);
#11726 = CARTESIAN_POINT('',(143.906142,-77.423209,1.585));
#11727 = CIRCLE('',#11728,5.625060311151E-02);
#11728 = AXIS2_PLACEMENT_3D('',#11729,#11730,#11731);
#11729 = CARTESIAN_POINT('',(143.9061426031,-77.4794596031,1.585));
#11730 = DIRECTION('',(0.,0.,-1.));
#11731 = DIRECTION('',(-0.999999999943,1.072180995133E-05,0.));
#11732 = ORIENTED_EDGE('',*,*,#11733,.T.);
#11733 = EDGE_CURVE('',#11725,#11734,#11736,.T.);
#11734 = VERTEX_POINT('',#11735);
#11735 = CARTESIAN_POINT('',(144.120428,-77.423209,1.585));
#11736 = LINE('',#11737,#11738);
#11737 = CARTESIAN_POINT('',(143.906142,-77.423209,1.585));
#11738 = VECTOR('',#11739,1.);
#11739 = DIRECTION('',(1.,0.,0.));
#11740 = ORIENTED_EDGE('',*,*,#11741,.T.);
#11741 = EDGE_CURVE('',#11734,#11742,#11744,.T.);
#11742 = VERTEX_POINT('',#11743);
#11743 = CARTESIAN_POINT('',(144.120428,-77.535709,1.585));
#11744 = CIRCLE('',#11745,5.625000000036E-02);
#11745 = AXIS2_PLACEMENT_3D('',#11746,#11747,#11748);
#11746 = CARTESIAN_POINT('',(144.12042779987,-77.479459,1.585));
#11747 = DIRECTION('',(0.,0.,-1.));
#11748 = DIRECTION('',(3.557745205578E-06,0.999999999994,0.));
#11749 = ORIENTED_EDGE('',*,*,#11750,.T.);
#11750 = EDGE_CURVE('',#11742,#11751,#11753,.T.);
#11751 = VERTEX_POINT('',#11752);
#11752 = CARTESIAN_POINT('',(143.962392,-77.535709,1.585));
#11753 = LINE('',#11754,#11755);
#11754 = CARTESIAN_POINT('',(144.120428,-77.535709,1.585));
#11755 = VECTOR('',#11756,1.);
#11756 = DIRECTION('',(-1.,0.,0.));
#11757 = ORIENTED_EDGE('',*,*,#11758,.T.);
#11758 = EDGE_CURVE('',#11751,#11759,#11761,.T.);
#11759 = VERTEX_POINT('',#11760);
#11760 = CARTESIAN_POINT('',(143.962392,-77.661304,1.585));
#11761 = LINE('',#11762,#11763);
#11762 = CARTESIAN_POINT('',(143.962392,-77.535709,1.585));
#11763 = VECTOR('',#11764,1.);
#11764 = DIRECTION('',(0.,-1.,0.));
#11765 = ORIENTED_EDGE('',*,*,#11766,.T.);
#11766 = EDGE_CURVE('',#11759,#11767,#11769,.T.);
#11767 = VERTEX_POINT('',#11768);
#11768 = CARTESIAN_POINT('',(144.056142,-77.661304,1.585));
#11769 = LINE('',#11770,#11771);
#11770 = CARTESIAN_POINT('',(143.962392,-77.661304,1.585));
#11771 = VECTOR('',#11772,1.);
#11772 = DIRECTION('',(1.,0.,0.));
#11773 = ORIENTED_EDGE('',*,*,#11774,.T.);
#11774 = EDGE_CURVE('',#11767,#11775,#11777,.T.);
#11775 = VERTEX_POINT('',#11776);
#11776 = CARTESIAN_POINT('',(144.056142,-77.773804,1.585));
#11777 = CIRCLE('',#11778,5.625000000035E-02);
#11778 = AXIS2_PLACEMENT_3D('',#11779,#11780,#11781);
#11779 = CARTESIAN_POINT('',(144.05614179987,-77.717554,1.585));
#11780 = DIRECTION('',(0.,0.,-1.));
#11781 = DIRECTION('',(3.557744195029E-06,0.999999999994,0.));
#11782 = ORIENTED_EDGE('',*,*,#11783,.T.);
#11783 = EDGE_CURVE('',#11775,#11784,#11786,.T.);
#11784 = VERTEX_POINT('',#11785);
#11785 = CARTESIAN_POINT('',(143.962392,-77.773804,1.585));
#11786 = LINE('',#11787,#11788);
#11787 = CARTESIAN_POINT('',(144.056142,-77.773804,1.585));
#11788 = VECTOR('',#11789,1.);
#11789 = DIRECTION('',(-1.,0.,0.));
#11790 = ORIENTED_EDGE('',*,*,#11791,.T.);
#11791 = EDGE_CURVE('',#11784,#11792,#11794,.T.);
#11792 = VERTEX_POINT('',#11793);
#11793 = CARTESIAN_POINT('',(143.962392,-77.923209,1.585));
#11794 = LINE('',#11795,#11796);
#11795 = CARTESIAN_POINT('',(143.962392,-77.773804,1.585));
#11796 = VECTOR('',#11797,1.);
#11797 = DIRECTION('',(0.,-1.,0.));
#11798 = ORIENTED_EDGE('',*,*,#11799,.T.);
#11799 = EDGE_CURVE('',#11792,#11800,#11802,.T.);
#11800 = VERTEX_POINT('',#11801);
#11801 = CARTESIAN_POINT('',(144.120428,-77.923209,1.585));
#11802 = LINE('',#11803,#11804);
#11803 = CARTESIAN_POINT('',(143.962392,-77.923209,1.585));
#11804 = VECTOR('',#11805,1.);
#11805 = DIRECTION('',(1.,0.,0.));
#11806 = ORIENTED_EDGE('',*,*,#11807,.T.);
#11807 = EDGE_CURVE('',#11800,#11808,#11810,.T.);
#11808 = VERTEX_POINT('',#11809);
#11809 = CARTESIAN_POINT('',(144.120428,-78.035709,1.585));
#11810 = CIRCLE('',#11811,5.625000000036E-02);
#11811 = AXIS2_PLACEMENT_3D('',#11812,#11813,#11814);
#11812 = CARTESIAN_POINT('',(144.12042779987,-77.979459,1.585));
#11813 = DIRECTION('',(0.,0.,-1.));
#11814 = DIRECTION('',(3.557745205578E-06,0.999999999994,0.));
#11815 = ORIENTED_EDGE('',*,*,#11816,.T.);
#11816 = EDGE_CURVE('',#11808,#11817,#11819,.T.);
#11817 = VERTEX_POINT('',#11818);
#11818 = CARTESIAN_POINT('',(143.906142,-78.035709,1.585));
#11819 = LINE('',#11820,#11821);
#11820 = CARTESIAN_POINT('',(144.120428,-78.035709,1.585));
#11821 = VECTOR('',#11822,1.);
#11822 = DIRECTION('',(-1.,0.,0.));
#11823 = ORIENTED_EDGE('',*,*,#11824,.T.);
#11824 = EDGE_CURVE('',#11817,#11825,#11827,.T.);
#11825 = VERTEX_POINT('',#11826);
#11826 = CARTESIAN_POINT('',(143.849892,-77.979459,1.585));
#11827 = CIRCLE('',#11828,5.625060311155E-02);
#11828 = AXIS2_PLACEMENT_3D('',#11829,#11830,#11831);
#11829 = CARTESIAN_POINT('',(143.9061426031,-77.97945839689,1.585));
#11830 = DIRECTION('',(0.,0.,-1.));
#11831 = DIRECTION('',(-1.072181096186E-05,-0.999999999943,-0.));
#11832 = ORIENTED_EDGE('',*,*,#11833,.T.);
#11833 = EDGE_CURVE('',#11825,#11723,#11834,.T.);
#11834 = LINE('',#11835,#11836);
#11835 = CARTESIAN_POINT('',(143.849892,-77.979459,1.585));
#11836 = VECTOR('',#11837,1.);
#11837 = DIRECTION('',(0.,1.,0.));
#11838 = PLANE('',#11839);
#11839 = AXIS2_PLACEMENT_3D('',#11840,#11841,#11842);
#11840 = CARTESIAN_POINT('',(0.,0.,1.585));
#11841 = DIRECTION('',(0.,0.,1.));
#11842 = DIRECTION('',(1.,0.,-0.));
#11843 = SHELL_BASED_SURFACE_MODEL('',(#11844));
#11844 = OPEN_SHELL('',(#11845));
#11845 = ADVANCED_FACE('',(#11846,#11939),#12022,.T.);
#11846 = FACE_BOUND('',#11847,.F.);
#11847 = EDGE_LOOP('',(#11848,#11859,#11867,#11875,#11883,#11892,#11900,
    #11908,#11917,#11925,#11933));
#11848 = ORIENTED_EDGE('',*,*,#11849,.T.);
#11849 = EDGE_CURVE('',#11850,#11852,#11854,.T.);
#11850 = VERTEX_POINT('',#11851);
#11851 = CARTESIAN_POINT('',(144.257035,-77.479459,1.585));
#11852 = VERTEX_POINT('',#11853);
#11853 = CARTESIAN_POINT('',(144.313285,-77.423209,1.585));
#11854 = CIRCLE('',#11855,5.625060311153E-02);
#11855 = AXIS2_PLACEMENT_3D('',#11856,#11857,#11858);
#11856 = CARTESIAN_POINT('',(144.3132856031,-77.4794596031,1.585));
#11857 = DIRECTION('',(0.,0.,-1.));
#11858 = DIRECTION('',(-0.999999999943,1.072180995132E-05,0.));
#11859 = ORIENTED_EDGE('',*,*,#11860,.T.);
#11860 = EDGE_CURVE('',#11852,#11861,#11863,.T.);
#11861 = VERTEX_POINT('',#11862);
#11862 = CARTESIAN_POINT('',(144.430167,-77.425146,1.585));
#11863 = LINE('',#11864,#11865);
#11864 = CARTESIAN_POINT('',(144.313285,-77.423209,1.585));
#11865 = VECTOR('',#11866,1.);
#11866 = DIRECTION('',(0.999862708221,-1.656999423198E-02,0.));
#11867 = ORIENTED_EDGE('',*,*,#11868,.T.);
#11868 = EDGE_CURVE('',#11861,#11869,#11871,.T.);
#11869 = VERTEX_POINT('',#11870);
#11870 = CARTESIAN_POINT('',(144.515728,-77.457574,1.585));
#11871 = LINE('',#11872,#11873);
#11872 = CARTESIAN_POINT('',(144.430167,-77.425146,1.585));
#11873 = VECTOR('',#11874,1.);
#11874 = DIRECTION('',(0.935092343033,-0.354404161941,0.));
#11875 = ORIENTED_EDGE('',*,*,#11876,.T.);
#11876 = EDGE_CURVE('',#11869,#11877,#11879,.T.);
#11877 = VERTEX_POINT('',#11878);
#11878 = CARTESIAN_POINT('',(144.578866,-77.527805,1.585));
#11879 = LINE('',#11880,#11881);
#11880 = CARTESIAN_POINT('',(144.515728,-77.457574,1.585));
#11881 = VECTOR('',#11882,1.);
#11882 = DIRECTION('',(0.668555703769,-0.743662067715,0.));
#11883 = ORIENTED_EDGE('',*,*,#11884,.T.);
#11884 = EDGE_CURVE('',#11877,#11885,#11887,.T.);
#11885 = VERTEX_POINT('',#11886);
#11886 = CARTESIAN_POINT('',(144.600295,-77.883495,1.585));
#11887 = CIRCLE('',#11888,0.438232215693);
#11888 = AXIS2_PLACEMENT_3D('',#11889,#11890,#11891);
#11889 = CARTESIAN_POINT('',(144.18992553199,-77.72972772585,1.585));
#11890 = DIRECTION('',(0.,0.,-1.));
#11891 = DIRECTION('',(0.887521396375,0.460766503749,0.));
#11892 = ORIENTED_EDGE('',*,*,#11893,.T.);
#11893 = EDGE_CURVE('',#11885,#11894,#11896,.T.);
#11894 = VERTEX_POINT('',#11895);
#11895 = CARTESIAN_POINT('',(144.569381,-77.945659,1.585));
#11896 = LINE('',#11897,#11898);
#11897 = CARTESIAN_POINT('',(144.600295,-77.883495,1.585));
#11898 = VECTOR('',#11899,1.);
#11899 = DIRECTION('',(-0.445276687676,-0.895393026225,0.));
#11900 = ORIENTED_EDGE('',*,*,#11901,.T.);
#11901 = EDGE_CURVE('',#11894,#11902,#11904,.T.);
#11902 = VERTEX_POINT('',#11903);
#11903 = CARTESIAN_POINT('',(144.515731,-78.001342,1.585));
#11904 = LINE('',#11905,#11906);
#11905 = CARTESIAN_POINT('',(144.569381,-77.945659,1.585));
#11906 = VECTOR('',#11907,1.);
#11907 = DIRECTION('',(-0.693838495698,-0.720130642236,0.));
#11908 = ORIENTED_EDGE('',*,*,#11909,.T.);
#11909 = EDGE_CURVE('',#11902,#11910,#11912,.T.);
#11910 = VERTEX_POINT('',#11911);
#11911 = CARTESIAN_POINT('',(144.291759,-78.031427,1.585));
#11912 = CIRCLE('',#11913,0.305228887637);
#11913 = AXIS2_PLACEMENT_3D('',#11914,#11915,#11916);
#11914 = CARTESIAN_POINT('',(144.36599694721,-77.7353638293,1.585));
#11915 = DIRECTION('',(-0.,0.,-1.));
#11916 = DIRECTION('',(0.49056317684,-0.871405628584,-0.));
#11917 = ORIENTED_EDGE('',*,*,#11918,.T.);
#11918 = EDGE_CURVE('',#11910,#11919,#11921,.T.);
#11919 = VERTEX_POINT('',#11920);
#11920 = CARTESIAN_POINT('',(144.261317,-78.000985,1.585));
#11921 = LINE('',#11922,#11923);
#11922 = CARTESIAN_POINT('',(144.291759,-78.031427,1.585));
#11923 = VECTOR('',#11924,1.);
#11924 = DIRECTION('',(-0.707106781187,0.707106781186,0.));
#11925 = ORIENTED_EDGE('',*,*,#11926,.T.);
#11926 = EDGE_CURVE('',#11919,#11927,#11929,.T.);
#11927 = VERTEX_POINT('',#11928);
#11928 = CARTESIAN_POINT('',(144.257035,-77.979459,1.585));
#11929 = LINE('',#11930,#11931);
#11930 = CARTESIAN_POINT('',(144.261317,-78.000985,1.585));
#11931 = VECTOR('',#11932,1.);
#11932 = DIRECTION('',(-0.195099630317,0.980783428821,0.));
#11933 = ORIENTED_EDGE('',*,*,#11934,.T.);
#11934 = EDGE_CURVE('',#11927,#11850,#11935,.T.);
#11935 = LINE('',#11936,#11937);
#11936 = CARTESIAN_POINT('',(144.257035,-77.979459,1.585));
#11937 = VECTOR('',#11938,1.);
#11938 = DIRECTION('',(0.,1.,0.));
#11939 = FACE_BOUND('',#11940,.F.);
#11940 = EDGE_LOOP('',(#11941,#11951,#11959,#11967,#11975,#11983,#11991,
    #12000,#12008,#12016));
#11941 = ORIENTED_EDGE('',*,*,#11942,.T.);
#11942 = EDGE_CURVE('',#11943,#11945,#11947,.T.);
#11943 = VERTEX_POINT('',#11944);
#11944 = CARTESIAN_POINT('',(144.452177,-77.551202,1.585));
#11945 = VERTEX_POINT('',#11946);
#11946 = CARTESIAN_POINT('',(144.410346,-77.535709,1.585));
#11947 = LINE('',#11948,#11949);
#11948 = CARTESIAN_POINT('',(144.452177,-77.551202,1.585));
#11949 = VECTOR('',#11950,1.);
#11950 = DIRECTION('',(-0.937748490307,0.347315085949,0.));
#11951 = ORIENTED_EDGE('',*,*,#11952,.T.);
#11952 = EDGE_CURVE('',#11945,#11953,#11955,.T.);
#11953 = VERTEX_POINT('',#11954);
#11954 = CARTESIAN_POINT('',(144.369535,-77.535709,1.585));
#11955 = LINE('',#11956,#11957);
#11956 = CARTESIAN_POINT('',(144.410346,-77.535709,1.585));
#11957 = VECTOR('',#11958,1.);
#11958 = DIRECTION('',(-1.,0.,0.));
#11959 = ORIENTED_EDGE('',*,*,#11960,.T.);
#11960 = EDGE_CURVE('',#11953,#11961,#11963,.T.);
#11961 = VERTEX_POINT('',#11962);
#11962 = CARTESIAN_POINT('',(144.369535,-77.923209,1.585));
#11963 = LINE('',#11964,#11965);
#11964 = CARTESIAN_POINT('',(144.369535,-77.535709,1.585));
#11965 = VECTOR('',#11966,1.);
#11966 = DIRECTION('',(0.,-1.,0.));
#11967 = ORIENTED_EDGE('',*,*,#11968,.T.);
#11968 = EDGE_CURVE('',#11961,#11969,#11971,.T.);
#11969 = VERTEX_POINT('',#11970);
#11970 = CARTESIAN_POINT('',(144.410345,-77.923209,1.585));
#11971 = LINE('',#11972,#11973);
#11972 = CARTESIAN_POINT('',(144.369535,-77.923209,1.585));
#11973 = VECTOR('',#11974,1.);
#11974 = DIRECTION('',(1.,0.,0.));
#11975 = ORIENTED_EDGE('',*,*,#11976,.T.);
#11976 = EDGE_CURVE('',#11969,#11977,#11979,.T.);
#11977 = VERTEX_POINT('',#11978);
#11978 = CARTESIAN_POINT('',(144.452176,-77.907717,1.585));
#11979 = LINE('',#11980,#11981);
#11980 = CARTESIAN_POINT('',(144.410345,-77.923209,1.585));
#11981 = VECTOR('',#11982,1.);
#11982 = DIRECTION('',(0.937755791422,0.347295372348,0.));
#11983 = ORIENTED_EDGE('',*,*,#11984,.T.);
#11984 = EDGE_CURVE('',#11977,#11985,#11987,.T.);
#11985 = VERTEX_POINT('',#11986);
#11986 = CARTESIAN_POINT('',(144.479882,-77.876932,1.585));
#11987 = LINE('',#11988,#11989);
#11988 = CARTESIAN_POINT('',(144.452176,-77.907717,1.585));
#11989 = VECTOR('',#11990,1.);
#11990 = DIRECTION('',(0.668958061739,0.743300149088,0.));
#11991 = ORIENTED_EDGE('',*,*,#11992,.T.);
#11992 = EDGE_CURVE('',#11985,#11993,#11995,.T.);
#11993 = VERTEX_POINT('',#11994);
#11994 = CARTESIAN_POINT('',(144.514178,-77.699994,1.585));
#11995 = CIRCLE('',#11996,0.313409861853);
#11996 = AXIS2_PLACEMENT_3D('',#11997,#11998,#11999);
#11997 = CARTESIAN_POINT('',(144.2023399349,-77.7313430457,1.585));
#11998 = DIRECTION('',(0.,0.,1.));
#11999 = DIRECTION('',(0.885556259941,-0.464532141491,0.));
#12000 = ORIENTED_EDGE('',*,*,#12001,.T.);
#12001 = EDGE_CURVE('',#11993,#12002,#12004,.T.);
#12002 = VERTEX_POINT('',#12003);
#12003 = CARTESIAN_POINT('',(144.495371,-77.616405,1.585));
#12004 = LINE('',#12005,#12006);
#12005 = CARTESIAN_POINT('',(144.514178,-77.699994,1.585));
#12006 = VECTOR('',#12007,1.);
#12007 = DIRECTION('',(-0.219506362827,0.975611068346,0.));
#12008 = ORIENTED_EDGE('',*,*,#12009,.T.);
#12009 = EDGE_CURVE('',#12002,#12010,#12012,.T.);
#12010 = VERTEX_POINT('',#12011);
#12011 = CARTESIAN_POINT('',(144.479882,-77.581984,1.585));
#12012 = LINE('',#12013,#12014);
#12013 = CARTESIAN_POINT('',(144.495371,-77.616405,1.585));
#12014 = VECTOR('',#12015,1.);
#12015 = DIRECTION('',(-0.410354762971,0.911925966571,0.));
#12016 = ORIENTED_EDGE('',*,*,#12017,.T.);
#12017 = EDGE_CURVE('',#12010,#11943,#12018,.T.);
#12018 = LINE('',#12019,#12020);
#12019 = CARTESIAN_POINT('',(144.479882,-77.581984,1.585));
#12020 = VECTOR('',#12021,1.);
#12021 = DIRECTION('',(-0.668980740243,0.743279738176,0.));
#12022 = PLANE('',#12023);
#12023 = AXIS2_PLACEMENT_3D('',#12024,#12025,#12026);
#12024 = CARTESIAN_POINT('',(0.,0.,1.585));
#12025 = DIRECTION('',(0.,0.,1.));
#12026 = DIRECTION('',(1.,0.,-0.));
#12027 = SHELL_BASED_SURFACE_MODEL('',(#12028));
#12028 = OPEN_SHELL('',(#12029));
#12029 = ADVANCED_FACE('',(#12030),#12172,.T.);
#12030 = FACE_BOUND('',#12031,.F.);
#12031 = EDGE_LOOP('',(#12032,#12043,#12051,#12059,#12067,#12075,#12083,
    #12091,#12100,#12108,#12117,#12125,#12133,#12141,#12150,#12158,
    #12166));
#12032 = ORIENTED_EDGE('',*,*,#12033,.T.);
#12033 = EDGE_CURVE('',#12034,#12036,#12038,.T.);
#12034 = VERTEX_POINT('',#12035);
#12035 = CARTESIAN_POINT('',(144.822194,-77.450518,1.585));
#12036 = VERTEX_POINT('',#12037);
#12037 = CARTESIAN_POINT('',(144.878707,-77.423821,1.585));
#12038 = CIRCLE('',#12039,5.625303419795E-02);
#12039 = AXIS2_PLACEMENT_3D('',#12040,#12041,#12042);
#12040 = CARTESIAN_POINT('',(144.87042952819,-77.47946169838,1.585));
#12041 = DIRECTION('',(0.,0.,-1.));
#12042 = DIRECTION('',(-0.857474247956,0.514526883741,0.));
#12043 = ORIENTED_EDGE('',*,*,#12044,.T.);
#12044 = EDGE_CURVE('',#12036,#12045,#12047,.T.);
#12045 = VERTEX_POINT('',#12046);
#12046 = CARTESIAN_POINT('',(144.884824,-77.427491,1.585));
#12047 = LINE('',#12048,#12049);
#12048 = CARTESIAN_POINT('',(144.878707,-77.423821,1.585));
#12049 = VECTOR('',#12050,1.);
#12050 = DIRECTION('',(0.857505294639,-0.514475139989,0.));
#12051 = ORIENTED_EDGE('',*,*,#12052,.T.);
#12052 = EDGE_CURVE('',#12045,#12053,#12055,.T.);
#12053 = VERTEX_POINT('',#12054);
#12054 = CARTESIAN_POINT('',(144.891954,-77.427491,1.585));
#12055 = LINE('',#12056,#12057);
#12056 = CARTESIAN_POINT('',(144.884824,-77.427491,1.585));
#12057 = VECTOR('',#12058,1.);
#12058 = DIRECTION('',(1.,0.,0.));
#12059 = ORIENTED_EDGE('',*,*,#12060,.T.);
#12060 = EDGE_CURVE('',#12053,#12061,#12063,.T.);
#12061 = VERTEX_POINT('',#12062);
#12062 = CARTESIAN_POINT('',(144.915624,-77.445971,1.585));
#12063 = LINE('',#12064,#12065);
#12064 = CARTESIAN_POINT('',(144.891954,-77.427491,1.585));
#12065 = VECTOR('',#12066,1.);
#12066 = DIRECTION('',(0.788221228034,-0.615391985385,0.));
#12067 = ORIENTED_EDGE('',*,*,#12068,.T.);
#12068 = EDGE_CURVE('',#12061,#12069,#12071,.T.);
#12069 = VERTEX_POINT('',#12070);
#12070 = CARTESIAN_POINT('',(144.926678,-77.479459,1.585));
#12071 = LINE('',#12072,#12073);
#12072 = CARTESIAN_POINT('',(144.915624,-77.445971,1.585));
#12073 = VECTOR('',#12074,1.);
#12074 = DIRECTION('',(0.313453145647,-0.949603667581,0.));
#12075 = ORIENTED_EDGE('',*,*,#12076,.T.);
#12076 = EDGE_CURVE('',#12069,#12077,#12079,.T.);
#12077 = VERTEX_POINT('',#12078);
#12078 = CARTESIAN_POINT('',(144.926678,-77.923209,1.585));
#12079 = LINE('',#12080,#12081);
#12080 = CARTESIAN_POINT('',(144.926678,-77.479459,1.585));
#12081 = VECTOR('',#12082,1.);
#12082 = DIRECTION('',(0.,-1.,0.));
#12083 = ORIENTED_EDGE('',*,*,#12084,.T.);
#12084 = EDGE_CURVE('',#12077,#12085,#12087,.T.);
#12085 = VERTEX_POINT('',#12086);
#12086 = CARTESIAN_POINT('',(144.999,-77.923209,1.585));
#12087 = LINE('',#12088,#12089);
#12088 = CARTESIAN_POINT('',(144.926678,-77.923209,1.585));
#12089 = VECTOR('',#12090,1.);
#12090 = DIRECTION('',(1.,0.,0.));
#12091 = ORIENTED_EDGE('',*,*,#12092,.T.);
#12092 = EDGE_CURVE('',#12085,#12093,#12095,.T.);
#12093 = VERTEX_POINT('',#12094);
#12094 = CARTESIAN_POINT('',(144.999,-78.035709,1.585));
#12095 = CIRCLE('',#12096,5.625000000035E-02);
#12096 = AXIS2_PLACEMENT_3D('',#12097,#12098,#12099);
#12097 = CARTESIAN_POINT('',(144.99899979987,-77.979459,1.585));
#12098 = DIRECTION('',(0.,0.,-1.));
#12099 = DIRECTION('',(3.557744195028E-06,0.999999999994,0.));
#12100 = ORIENTED_EDGE('',*,*,#12101,.T.);
#12101 = EDGE_CURVE('',#12093,#12102,#12104,.T.);
#12102 = VERTEX_POINT('',#12103);
#12103 = CARTESIAN_POINT('',(144.741857,-78.035709,1.585));
#12104 = LINE('',#12105,#12106);
#12105 = CARTESIAN_POINT('',(144.999,-78.035709,1.585));
#12106 = VECTOR('',#12107,1.);
#12107 = DIRECTION('',(-1.,0.,0.));
#12108 = ORIENTED_EDGE('',*,*,#12109,.T.);
#12109 = EDGE_CURVE('',#12102,#12110,#12112,.T.);
#12110 = VERTEX_POINT('',#12111);
#12111 = CARTESIAN_POINT('',(144.741857,-77.923209,1.585));
#12112 = CIRCLE('',#12113,5.625000000035E-02);
#12113 = AXIS2_PLACEMENT_3D('',#12114,#12115,#12116);
#12114 = CARTESIAN_POINT('',(144.74185720012,-77.979459,1.585));
#12115 = DIRECTION('',(0.,0.,-1.));
#12116 = DIRECTION('',(-3.557744195029E-06,-0.999999999994,-0.));
#12117 = ORIENTED_EDGE('',*,*,#12118,.T.);
#12118 = EDGE_CURVE('',#12110,#12119,#12121,.T.);
#12119 = VERTEX_POINT('',#12120);
#12120 = CARTESIAN_POINT('',(144.814178,-77.923209,1.585));
#12121 = LINE('',#12122,#12123);
#12122 = CARTESIAN_POINT('',(144.741857,-77.923209,1.585));
#12123 = VECTOR('',#12124,1.);
#12124 = DIRECTION('',(1.,0.,0.));
#12125 = ORIENTED_EDGE('',*,*,#12126,.T.);
#12126 = EDGE_CURVE('',#12119,#12127,#12129,.T.);
#12127 = VERTEX_POINT('',#12128);
#12128 = CARTESIAN_POINT('',(144.812031,-77.647679,1.585));
#12129 = LINE('',#12130,#12131);
#12130 = CARTESIAN_POINT('',(144.814178,-77.923209,1.585));
#12131 = VECTOR('',#12132,1.);
#12132 = DIRECTION('',(-7.792018367783E-03,0.999969641764,0.));
#12133 = ORIENTED_EDGE('',*,*,#12134,.T.);
#12134 = EDGE_CURVE('',#12127,#12135,#12137,.T.);
#12135 = VERTEX_POINT('',#12136);
#12136 = CARTESIAN_POINT('',(144.748277,-77.678198,1.585));
#12137 = LINE('',#12138,#12139);
#12138 = CARTESIAN_POINT('',(144.812031,-77.647679,1.585));
#12139 = VECTOR('',#12140,1.);
#12140 = DIRECTION('',(-0.901980214143,-0.431777365427,0.));
#12141 = ORIENTED_EDGE('',*,*,#12142,.T.);
#12142 = EDGE_CURVE('',#12135,#12143,#12145,.T.);
#12143 = VERTEX_POINT('',#12144);
#12144 = CARTESIAN_POINT('',(144.697802,-77.587341,1.585));
#12145 = CIRCLE('',#12146,5.624957176807E-02);
#12146 = AXIS2_PLACEMENT_3D('',#12147,#12148,#12149);
#12147 = CARTESIAN_POINT('',(144.74185600932,-77.62231611382,1.585));
#12148 = DIRECTION('',(0.,0.,-1.));
#12149 = DIRECTION('',(0.114151814452,-0.99346331752,0.));
#12150 = ORIENTED_EDGE('',*,*,#12151,.T.);
#12151 = EDGE_CURVE('',#12143,#12152,#12154,.T.);
#12152 = VERTEX_POINT('',#12153);
#12153 = CARTESIAN_POINT('',(144.749187,-77.553896,1.585));
#12154 = LINE('',#12155,#12156);
#12155 = CARTESIAN_POINT('',(144.697802,-77.587341,1.585));
#12156 = VECTOR('',#12157,1.);
#12157 = DIRECTION('',(0.838109941701,0.545501352539,0.));
#12158 = ORIENTED_EDGE('',*,*,#12159,.T.);
#12159 = EDGE_CURVE('',#12152,#12160,#12162,.T.);
#12160 = VERTEX_POINT('',#12161);
#12161 = CARTESIAN_POINT('',(144.782128,-77.517294,1.585));
#12162 = LINE('',#12163,#12164);
#12163 = CARTESIAN_POINT('',(144.749187,-77.553896,1.585));
#12164 = VECTOR('',#12165,1.);
#12165 = DIRECTION('',(0.668955755797,0.743302224392,0.));
#12166 = ORIENTED_EDGE('',*,*,#12167,.T.);
#12167 = EDGE_CURVE('',#12160,#12034,#12168,.T.);
#12168 = LINE('',#12169,#12170);
#12169 = CARTESIAN_POINT('',(144.782128,-77.517294,1.585));
#12170 = VECTOR('',#12171,1.);
#12171 = DIRECTION('',(0.514499532275,0.857490659592,0.));
#12172 = PLANE('',#12173);
#12173 = AXIS2_PLACEMENT_3D('',#12174,#12175,#12176);
#12174 = CARTESIAN_POINT('',(0.,0.,1.585));
#12175 = DIRECTION('',(0.,0.,1.));
#12176 = DIRECTION('',(1.,0.,-0.));
#12177 = SHELL_BASED_SURFACE_MODEL('',(#12178));
#12178 = OPEN_SHELL('',(#12179));
#12179 = ADVANCED_FACE('',(#12180),#12380,.T.);
#12180 = FACE_BOUND('',#12181,.F.);
#12181 = EDGE_LOOP('',(#12182,#12193,#12201,#12209,#12217,#12225,#12234,
    #12242,#12250,#12259,#12267,#12275,#12283,#12292,#12300,#12308,
    #12316,#12324,#12333,#12341,#12349,#12358,#12366,#12374));
#12182 = ORIENTED_EDGE('',*,*,#12183,.T.);
#12183 = EDGE_CURVE('',#12184,#12186,#12188,.T.);
#12184 = VERTEX_POINT('',#12185);
#12185 = CARTESIAN_POINT('',(142.611989,-77.693017,1.585));
#12186 = VERTEX_POINT('',#12187);
#12187 = CARTESIAN_POINT('',(142.621475,-77.489448,1.585));
#12188 = CIRCLE('',#12189,0.176589105585);
#12189 = AXIS2_PLACEMENT_3D('',#12190,#12191,#12192);
#12190 = CARTESIAN_POINT('',(142.76080164179,-77.59794592209,1.585));
#12191 = DIRECTION('',(0.,0.,-1.));
#12192 = DIRECTION('',(-0.842705677103,-0.53837453671,-0.));
#12193 = ORIENTED_EDGE('',*,*,#12194,.T.);
#12194 = EDGE_CURVE('',#12186,#12195,#12197,.T.);
#12195 = VERTEX_POINT('',#12196);
#12196 = CARTESIAN_POINT('',(142.657396,-77.454098,1.585));
#12197 = LINE('',#12198,#12199);
#12198 = CARTESIAN_POINT('',(142.621475,-77.489448,1.585));
#12199 = VECTOR('',#12200,1.);
#12200 = DIRECTION('',(0.712749015812,0.701419161742,0.));
#12201 = ORIENTED_EDGE('',*,*,#12202,.T.);
#12202 = EDGE_CURVE('',#12195,#12203,#12205,.T.);
#12203 = VERTEX_POINT('',#12204);
#12204 = CARTESIAN_POINT('',(142.72115,-77.423577,1.585));
#12205 = LINE('',#12206,#12207);
#12206 = CARTESIAN_POINT('',(142.657396,-77.454098,1.585));
#12207 = VECTOR('',#12208,1.);
#12208 = DIRECTION('',(0.901969194114,0.431800385444,0.));
#12209 = ORIENTED_EDGE('',*,*,#12210,.T.);
#12210 = EDGE_CURVE('',#12203,#12211,#12213,.T.);
#12211 = VERTEX_POINT('',#12212);
#12212 = CARTESIAN_POINT('',(142.844453,-77.425146,1.585));
#12213 = LINE('',#12214,#12215);
#12214 = CARTESIAN_POINT('',(142.72115,-77.423577,1.585));
#12215 = VECTOR('',#12216,1.);
#12216 = DIRECTION('',(0.999919050184,-1.272372115635E-02,0.));
#12217 = ORIENTED_EDGE('',*,*,#12218,.T.);
#12218 = EDGE_CURVE('',#12211,#12219,#12221,.T.);
#12219 = VERTEX_POINT('',#12220);
#12220 = CARTESIAN_POINT('',(142.918537,-77.450521,1.585));
#12221 = LINE('',#12222,#12223);
#12222 = CARTESIAN_POINT('',(142.844453,-77.425146,1.585));
#12223 = VECTOR('',#12224,1.);
#12224 = DIRECTION('',(0.94604474043,-0.324036030565,0.));
#12225 = ORIENTED_EDGE('',*,*,#12226,.T.);
#12226 = EDGE_CURVE('',#12219,#12227,#12229,.T.);
#12227 = VERTEX_POINT('',#12228);
#12228 = CARTESIAN_POINT('',(142.879464,-77.556017,1.585));
#12229 = CIRCLE('',#12230,5.624967854512E-02);
#12230 = AXIS2_PLACEMENT_3D('',#12231,#12232,#12233);
#12231 = CARTESIAN_POINT('',(142.89900089743,-77.50326914719,1.585));
#12232 = DIRECTION('',(0.,0.,-1.));
#12233 = DIRECTION('',(0.347310474904,0.937750198092,0.));
#12234 = ORIENTED_EDGE('',*,*,#12235,.T.);
#12235 = EDGE_CURVE('',#12227,#12236,#12238,.T.);
#12236 = VERTEX_POINT('',#12237);
#12237 = CARTESIAN_POINT('',(142.824632,-77.535709,1.585));
#12238 = LINE('',#12239,#12240);
#12239 = CARTESIAN_POINT('',(142.879464,-77.556017,1.585));
#12240 = VECTOR('',#12241,1.);
#12241 = DIRECTION('',(-0.937749585919,0.347312127788,0.));
#12242 = ORIENTED_EDGE('',*,*,#12243,.T.);
#12243 = EDGE_CURVE('',#12236,#12244,#12246,.T.);
#12244 = VERTEX_POINT('',#12245);
#12245 = CARTESIAN_POINT('',(142.742147,-77.535709,1.585));
#12246 = LINE('',#12247,#12248);
#12247 = CARTESIAN_POINT('',(142.824632,-77.535709,1.585));
#12248 = VECTOR('',#12249,1.);
#12249 = DIRECTION('',(-1.,0.,0.));
#12250 = ORIENTED_EDGE('',*,*,#12251,.T.);
#12251 = EDGE_CURVE('',#12244,#12252,#12254,.T.);
#12252 = VERTEX_POINT('',#12253);
#12253 = CARTESIAN_POINT('',(142.749056,-77.665142,1.585));
#12254 = CIRCLE('',#12255,6.7486545297E-02);
#12255 = AXIS2_PLACEMENT_3D('',#12256,#12257,#12258);
#12256 = CARTESIAN_POINT('',(142.76439693245,-77.5994222192,1.585));
#12257 = DIRECTION('',(0.,0.,1.));
#12258 = DIRECTION('',(-0.329694346627,0.944087727811,0.));
#12259 = ORIENTED_EDGE('',*,*,#12260,.T.);
#12260 = EDGE_CURVE('',#12252,#12261,#12263,.T.);
#12261 = VERTEX_POINT('',#12262);
#12262 = CARTESIAN_POINT('',(142.840602,-77.692192,1.585));
#12263 = LINE('',#12264,#12265);
#12264 = CARTESIAN_POINT('',(142.749056,-77.665142,1.585));
#12265 = VECTOR('',#12266,1.);
#12266 = DIRECTION('',(0.959011108836,-0.283368475892,0.));
#12267 = ORIENTED_EDGE('',*,*,#12268,.T.);
#12268 = EDGE_CURVE('',#12261,#12269,#12271,.T.);
#12269 = VERTEX_POINT('',#12270);
#12270 = CARTESIAN_POINT('',(142.897954,-77.727545,1.585));
#12271 = LINE('',#12272,#12273);
#12272 = CARTESIAN_POINT('',(142.840602,-77.692192,1.585));
#12273 = VECTOR('',#12274,1.);
#12274 = DIRECTION('',(0.8512641368,-0.524737429005,0.));
#12275 = ORIENTED_EDGE('',*,*,#12276,.T.);
#12276 = EDGE_CURVE('',#12269,#12277,#12279,.T.);
#12277 = VERTEX_POINT('',#12278);
#12278 = CARTESIAN_POINT('',(142.928866,-77.7659,1.585));
#12279 = LINE('',#12280,#12281);
#12280 = CARTESIAN_POINT('',(142.897954,-77.727545,1.585));
#12281 = VECTOR('',#12282,1.);
#12282 = DIRECTION('',(0.627513160732,-0.778605954965,0.));
#12283 = ORIENTED_EDGE('',*,*,#12284,.T.);
#12284 = EDGE_CURVE('',#12277,#12285,#12287,.T.);
#12285 = VERTEX_POINT('',#12286);
#12286 = CARTESIAN_POINT('',(142.919382,-77.969469,1.585));
#12287 = CIRCLE('',#12288,0.176585058765);
#12288 = AXIS2_PLACEMENT_3D('',#12289,#12290,#12291);
#12289 = CARTESIAN_POINT('',(142.7800592091,-77.86097271934,1.585));
#12290 = DIRECTION('',(0.,0.,-1.));
#12291 = DIRECTION('',(0.842691855893,0.538396170131,0.));
#12292 = ORIENTED_EDGE('',*,*,#12293,.T.);
#12293 = EDGE_CURVE('',#12285,#12294,#12296,.T.);
#12294 = VERTEX_POINT('',#12295);
#12295 = CARTESIAN_POINT('',(142.883459,-78.004822,1.585));
#12296 = LINE('',#12297,#12298);
#12297 = CARTESIAN_POINT('',(142.919382,-77.969469,1.585));
#12298 = VECTOR('',#12299,1.);
#12299 = DIRECTION('',(-0.712738781294,-0.701429561425,0.));
#12300 = ORIENTED_EDGE('',*,*,#12301,.T.);
#12301 = EDGE_CURVE('',#12294,#12302,#12304,.T.);
#12302 = VERTEX_POINT('',#12303);
#12303 = CARTESIAN_POINT('',(142.819705,-78.035341,1.585));
#12304 = LINE('',#12305,#12306);
#12305 = CARTESIAN_POINT('',(142.883459,-78.004822,1.585));
#12306 = VECTOR('',#12307,1.);
#12307 = DIRECTION('',(-0.901980214143,-0.431777365427,0.));
#12308 = ORIENTED_EDGE('',*,*,#12309,.T.);
#12309 = EDGE_CURVE('',#12302,#12310,#12312,.T.);
#12310 = VERTEX_POINT('',#12311);
#12311 = CARTESIAN_POINT('',(142.696399,-78.03377,1.585));
#12312 = LINE('',#12313,#12314);
#12313 = CARTESIAN_POINT('',(142.819705,-78.035341,1.585));
#12314 = VECTOR('',#12315,1.);
#12315 = DIRECTION('',(-0.999918847653,1.273962750929E-02,0.));
#12316 = ORIENTED_EDGE('',*,*,#12317,.T.);
#12317 = EDGE_CURVE('',#12310,#12318,#12320,.T.);
#12318 = VERTEX_POINT('',#12319);
#12319 = CARTESIAN_POINT('',(142.622321,-78.008399,1.585));
#12320 = LINE('',#12321,#12322);
#12321 = CARTESIAN_POINT('',(142.696399,-78.03377,1.585));
#12322 = VECTOR('',#12323,1.);
#12323 = DIRECTION('',(-0.946052354439,0.324013800109,0.));
#12324 = ORIENTED_EDGE('',*,*,#12325,.T.);
#12325 = EDGE_CURVE('',#12318,#12326,#12328,.T.);
#12326 = VERTEX_POINT('',#12327);
#12327 = CARTESIAN_POINT('',(142.661393,-77.902901,1.585));
#12328 = CIRCLE('',#12329,5.62504426455E-02);
#12329 = AXIS2_PLACEMENT_3D('',#12330,#12331,#12332);
#12330 = CARTESIAN_POINT('',(142.64185784672,-77.95565031359,1.585));
#12331 = DIRECTION('',(0.,0.,-1.));
#12332 = DIRECTION('',(-0.347318986439,-0.937747045668,-0.));
#12333 = ORIENTED_EDGE('',*,*,#12334,.T.);
#12334 = EDGE_CURVE('',#12326,#12335,#12337,.T.);
#12335 = VERTEX_POINT('',#12336);
#12336 = CARTESIAN_POINT('',(142.716226,-77.923209,1.585));
#12337 = LINE('',#12338,#12339);
#12338 = CARTESIAN_POINT('',(142.661393,-77.902901,1.585));
#12339 = VECTOR('',#12340,1.);
#12340 = DIRECTION('',(0.937751648839,-0.347306557814,0.));
#12341 = ORIENTED_EDGE('',*,*,#12342,.T.);
#12342 = EDGE_CURVE('',#12335,#12343,#12345,.T.);
#12343 = VERTEX_POINT('',#12344);
#12344 = CARTESIAN_POINT('',(142.798709,-77.923209,1.585));
#12345 = LINE('',#12346,#12347);
#12346 = CARTESIAN_POINT('',(142.716226,-77.923209,1.585));
#12347 = VECTOR('',#12348,1.);
#12348 = DIRECTION('',(1.,0.,0.));
#12349 = ORIENTED_EDGE('',*,*,#12350,.T.);
#12350 = EDGE_CURVE('',#12343,#12351,#12353,.T.);
#12351 = VERTEX_POINT('',#12352);
#12352 = CARTESIAN_POINT('',(142.791799,-77.793775,1.585));
#12353 = CIRCLE('',#12354,6.74867111337E-02);
#12354 = AXIS2_PLACEMENT_3D('',#12355,#12356,#12357);
#12355 = CARTESIAN_POINT('',(142.77645978949,-77.85949535301,1.585));
#12356 = DIRECTION('',(0.,-0.,1.));
#12357 = DIRECTION('',(0.329682838702,-0.94409174653,-0.));
#12358 = ORIENTED_EDGE('',*,*,#12359,.T.);
#12359 = EDGE_CURVE('',#12351,#12360,#12362,.T.);
#12360 = VERTEX_POINT('',#12361);
#12361 = CARTESIAN_POINT('',(142.700254,-77.766725,1.585));
#12362 = LINE('',#12363,#12364);
#12363 = CARTESIAN_POINT('',(142.791799,-77.793775,1.585));
#12364 = VECTOR('',#12365,1.);
#12365 = DIRECTION('',(-0.959010267646,0.283371322736,0.));
#12366 = ORIENTED_EDGE('',*,*,#12367,.T.);
#12367 = EDGE_CURVE('',#12360,#12368,#12370,.T.);
#12368 = VERTEX_POINT('',#12369);
#12369 = CARTESIAN_POINT('',(142.642904,-77.731374,1.585));
#12370 = LINE('',#12371,#12372);
#12371 = CARTESIAN_POINT('',(142.700254,-77.766725,1.585));
#12372 = VECTOR('',#12373,1.);
#12373 = DIRECTION('',(-0.851269223321,0.524729177221,0.));
#12374 = ORIENTED_EDGE('',*,*,#12375,.T.);
#12375 = EDGE_CURVE('',#12368,#12184,#12376,.T.);
#12376 = LINE('',#12377,#12378);
#12377 = CARTESIAN_POINT('',(142.642904,-77.731374,1.585));
#12378 = VECTOR('',#12379,1.);
#12379 = DIRECTION('',(-0.627530242044,0.778592188067,0.));
#12380 = PLANE('',#12381);
#12381 = AXIS2_PLACEMENT_3D('',#12382,#12383,#12384);
#12382 = CARTESIAN_POINT('',(0.,0.,1.585));
#12383 = DIRECTION('',(0.,0.,1.));
#12384 = DIRECTION('',(1.,0.,-0.));
#12385 = SHELL_BASED_SURFACE_MODEL('',(#12386));
#12386 = OPEN_SHELL('',(#12387));
#12387 = ADVANCED_FACE('',(#12388),#12562,.T.);
#12388 = FACE_BOUND('',#12389,.F.);
#12389 = EDGE_LOOP('',(#12390,#12401,#12409,#12418,#12426,#12435,#12443,
    #12452,#12460,#12468,#12476,#12484,#12492,#12500,#12508,#12516,
    #12524,#12532,#12540,#12548,#12556));
#12390 = ORIENTED_EDGE('',*,*,#12391,.T.);
#12391 = EDGE_CURVE('',#12392,#12394,#12396,.T.);
#12392 = VERTEX_POINT('',#12393);
#12393 = CARTESIAN_POINT('',(133.078538,-56.813072,1.585));
#12394 = VERTEX_POINT('',#12395);
#12395 = CARTESIAN_POINT('',(133.232174,-56.87671,1.585));
#12396 = CIRCLE('',#12397,0.100000590676);
#12397 = AXIS2_PLACEMENT_3D('',#12398,#12399,#12400);
#12398 = CARTESIAN_POINT('',(133.134095,-56.89621968719,1.585));
#12399 = DIRECTION('',(0.,0.,-1.));
#12400 = DIRECTION('',(-0.555566718399,0.831471960686,0.));
#12401 = ORIENTED_EDGE('',*,*,#12402,.T.);
#12402 = EDGE_CURVE('',#12394,#12403,#12405,.T.);
#12403 = VERTEX_POINT('',#12404);
#12404 = CARTESIAN_POINT('',(133.234095,-57.682134,1.585));
#12405 = LINE('',#12406,#12407);
#12406 = CARTESIAN_POINT('',(133.232174,-56.87671,1.585));
#12407 = VECTOR('',#12408,1.);
#12408 = DIRECTION('',(2.385072379431E-03,-0.999997155711,0.));
#12409 = ORIENTED_EDGE('',*,*,#12410,.T.);
#12410 = EDGE_CURVE('',#12403,#12411,#12413,.T.);
#12411 = VERTEX_POINT('',#12412);
#12412 = CARTESIAN_POINT('',(133.348178,-57.796219,1.585));
#12413 = CIRCLE('',#12414,0.158669862334);
#12414 = AXIS2_PLACEMENT_3D('',#12415,#12416,#12417);
#12415 = CARTESIAN_POINT('',(133.38775138747,-57.64256330626,1.585));
#12416 = DIRECTION('',(0.,0.,1.));
#12417 = DIRECTION('',(-0.968403105732,-0.249390105677,0.));
#12418 = ORIENTED_EDGE('',*,*,#12419,.T.);
#12419 = EDGE_CURVE('',#12411,#12420,#12422,.T.);
#12420 = VERTEX_POINT('',#12421);
#12421 = CARTESIAN_POINT('',(133.49144,-57.796219,1.585));
#12422 = LINE('',#12423,#12424);
#12423 = CARTESIAN_POINT('',(133.348178,-57.796219,1.585));
#12424 = VECTOR('',#12425,1.);
#12425 = DIRECTION('',(1.,0.,0.));
#12426 = ORIENTED_EDGE('',*,*,#12427,.T.);
#12427 = EDGE_CURVE('',#12420,#12428,#12430,.T.);
#12428 = VERTEX_POINT('',#12429);
#12429 = CARTESIAN_POINT('',(133.605523,-57.682135,1.585));
#12430 = CIRCLE('',#12431,0.15867537267);
#12431 = AXIS2_PLACEMENT_3D('',#12432,#12433,#12434);
#12432 = CARTESIAN_POINT('',(133.45186236353,-57.64255871045,1.585));
#12433 = DIRECTION('',(0.,0.,1.));
#12434 = DIRECTION('',(0.249425199353,-0.968394067479,0.));
#12435 = ORIENTED_EDGE('',*,*,#12436,.T.);
#12436 = EDGE_CURVE('',#12428,#12437,#12439,.T.);
#12437 = VERTEX_POINT('',#12438);
#12438 = CARTESIAN_POINT('',(133.607444,-56.87671,1.585));
#12439 = LINE('',#12440,#12441);
#12440 = CARTESIAN_POINT('',(133.605523,-57.682135,1.585));
#12441 = VECTOR('',#12442,1.);
#12442 = DIRECTION('',(2.385069418153E-03,0.999997155718,0.));
#12443 = ORIENTED_EDGE('',*,*,#12444,.T.);
#12444 = EDGE_CURVE('',#12437,#12445,#12447,.T.);
#12445 = VERTEX_POINT('',#12446);
#12446 = CARTESIAN_POINT('',(133.803602,-56.87671,1.585));
#12447 = CIRCLE('',#12448,0.100000456609);
#12448 = AXIS2_PLACEMENT_3D('',#12449,#12450,#12451);
#12449 = CARTESIAN_POINT('',(133.705523,-56.896219,1.585));
#12450 = DIRECTION('',(0.,0.,-1.));
#12451 = DIRECTION('',(-0.980785521645,0.195089109206,0.));
#12452 = ORIENTED_EDGE('',*,*,#12453,.T.);
#12453 = EDGE_CURVE('',#12445,#12454,#12456,.T.);
#12454 = VERTEX_POINT('',#12455);
#12455 = CARTESIAN_POINT('',(133.803602,-57.725251,1.585));
#12456 = LINE('',#12457,#12458);
#12457 = CARTESIAN_POINT('',(133.803602,-56.87671,1.585));
#12458 = VECTOR('',#12459,1.);
#12459 = DIRECTION('',(0.,-1.,0.));
#12460 = ORIENTED_EDGE('',*,*,#12461,.T.);
#12461 = EDGE_CURVE('',#12454,#12462,#12464,.T.);
#12462 = VERTEX_POINT('',#12463);
#12463 = CARTESIAN_POINT('',(133.747347,-57.845701,1.585));
#12464 = LINE('',#12465,#12466);
#12465 = CARTESIAN_POINT('',(133.803602,-57.725251,1.585));
#12466 = VECTOR('',#12467,1.);
#12467 = DIRECTION('',(-0.42316341129,-0.906053379965,0.));
#12468 = ORIENTED_EDGE('',*,*,#12469,.T.);
#12469 = EDGE_CURVE('',#12462,#12470,#12472,.T.);
#12470 = VERTEX_POINT('',#12471);
#12471 = CARTESIAN_POINT('',(133.728615,-57.87169,1.585));
#12472 = LINE('',#12473,#12474);
#12473 = CARTESIAN_POINT('',(133.747347,-57.845701,1.585));
#12474 = VECTOR('',#12475,1.);
#12475 = DIRECTION('',(-0.584714159652,-0.811239392228,0.));
#12476 = ORIENTED_EDGE('',*,*,#12477,.T.);
#12477 = EDGE_CURVE('',#12470,#12478,#12480,.T.);
#12478 = VERTEX_POINT('',#12479);
#12479 = CARTESIAN_POINT('',(133.663401,-57.932758,1.585));
#12480 = LINE('',#12481,#12482);
#12481 = CARTESIAN_POINT('',(133.728615,-57.87169,1.585));
#12482 = VECTOR('',#12483,1.);
#12483 = DIRECTION('',(-0.729928716971,-0.683523275493,0.));
#12484 = ORIENTED_EDGE('',*,*,#12485,.T.);
#12485 = EDGE_CURVE('',#12478,#12486,#12488,.T.);
#12486 = VERTEX_POINT('',#12487);
#12487 = CARTESIAN_POINT('',(133.537876,-57.992922,1.585));
#12488 = LINE('',#12489,#12490);
#12489 = CARTESIAN_POINT('',(133.663401,-57.932758,1.585));
#12490 = VECTOR('',#12491,1.);
#12491 = DIRECTION('',(-0.901769539355,-0.432217188335,0.));
#12492 = ORIENTED_EDGE('',*,*,#12493,.T.);
#12493 = EDGE_CURVE('',#12486,#12494,#12496,.T.);
#12494 = VERTEX_POINT('',#12495);
#12495 = CARTESIAN_POINT('',(133.324571,-57.996219,1.585));
#12496 = LINE('',#12497,#12498);
#12497 = CARTESIAN_POINT('',(133.537876,-57.992922,1.585));
#12498 = VECTOR('',#12499,1.);
#12499 = DIRECTION('',(-0.999880565989,-1.545489428785E-02,0.));
#12500 = ORIENTED_EDGE('',*,*,#12501,.T.);
#12501 = EDGE_CURVE('',#12494,#12502,#12504,.T.);
#12502 = VERTEX_POINT('',#12503);
#12503 = CARTESIAN_POINT('',(133.279849,-57.985662,1.585));
#12504 = LINE('',#12505,#12506);
#12505 = CARTESIAN_POINT('',(133.324571,-57.996219,1.585));
#12506 = VECTOR('',#12507,1.);
#12507 = DIRECTION('',(-0.973251092056,0.229744013659,0.));
#12508 = ORIENTED_EDGE('',*,*,#12509,.T.);
#12509 = EDGE_CURVE('',#12502,#12510,#12512,.T.);
#12510 = VERTEX_POINT('',#12511);
#12511 = CARTESIAN_POINT('',(133.166289,-57.925603,1.585));
#12512 = LINE('',#12513,#12514);
#12513 = CARTESIAN_POINT('',(133.279849,-57.985662,1.585));
#12514 = VECTOR('',#12515,1.);
#12515 = DIRECTION('',(-0.883984192028,0.467516789265,0.));
#12516 = ORIENTED_EDGE('',*,*,#12517,.T.);
#12517 = EDGE_CURVE('',#12510,#12518,#12520,.T.);
#12518 = VERTEX_POINT('',#12519);
#12519 = CARTESIAN_POINT('',(133.097554,-57.854093,1.585));
#12520 = LINE('',#12521,#12522);
#12521 = CARTESIAN_POINT('',(133.166289,-57.925603,1.585));
#12522 = VECTOR('',#12523,1.);
#12523 = DIRECTION('',(-0.692979755966,0.720957042979,0.));
#12524 = ORIENTED_EDGE('',*,*,#12525,.T.);
#12525 = EDGE_CURVE('',#12518,#12526,#12528,.T.);
#12526 = VERTEX_POINT('',#12527);
#12527 = CARTESIAN_POINT('',(133.037391,-57.728571,1.585));
#12528 = LINE('',#12529,#12530);
#12529 = CARTESIAN_POINT('',(133.097554,-57.854093,1.585));
#12530 = VECTOR('',#12531,1.);
#12531 = DIRECTION('',(-0.432219746554,0.901768313198,0.));
#12532 = ORIENTED_EDGE('',*,*,#12533,.T.);
#12533 = EDGE_CURVE('',#12526,#12534,#12536,.T.);
#12534 = VERTEX_POINT('',#12535);
#12535 = CARTESIAN_POINT('',(133.034095,-57.705742,1.585));
#12536 = LINE('',#12537,#12538);
#12537 = CARTESIAN_POINT('',(133.037391,-57.728571,1.585));
#12538 = VECTOR('',#12539,1.);
#12539 = DIRECTION('',(-0.142896116105,0.989737692524,0.));
#12540 = ORIENTED_EDGE('',*,*,#12541,.T.);
#12541 = EDGE_CURVE('',#12534,#12542,#12544,.T.);
#12542 = VERTEX_POINT('',#12543);
#12543 = CARTESIAN_POINT('',(133.036016,-56.87671,1.585));
#12544 = LINE('',#12545,#12546);
#12545 = CARTESIAN_POINT('',(133.034095,-57.705742,1.585));
#12546 = VECTOR('',#12547,1.);
#12547 = DIRECTION('',(2.317154033687E-03,0.999997315395,0.));
#12548 = ORIENTED_EDGE('',*,*,#12549,.T.);
#12549 = EDGE_CURVE('',#12542,#12550,#12552,.T.);
#12550 = VERTEX_POINT('',#12551);
#12551 = CARTESIAN_POINT('',(133.050948,-56.840662,1.585));
#12552 = LINE('',#12553,#12554);
#12553 = CARTESIAN_POINT('',(133.036016,-56.87671,1.585));
#12554 = VECTOR('',#12555,1.);
#12555 = DIRECTION('',(0.38269282806,0.923875640631,0.));
#12556 = ORIENTED_EDGE('',*,*,#12557,.T.);
#12557 = EDGE_CURVE('',#12550,#12392,#12558,.T.);
#12558 = LINE('',#12559,#12560);
#12559 = CARTESIAN_POINT('',(133.050948,-56.840662,1.585));
#12560 = VECTOR('',#12561,1.);
#12561 = DIRECTION('',(0.707106781187,0.707106781187,0.));
#12562 = PLANE('',#12563);
#12563 = AXIS2_PLACEMENT_3D('',#12564,#12565,#12566);
#12564 = CARTESIAN_POINT('',(0.,0.,1.585));
#12565 = DIRECTION('',(0.,0.,1.));
#12566 = DIRECTION('',(1.,0.,-0.));
#12567 = SHELL_BASED_SURFACE_MODEL('',(#12568));
#12568 = OPEN_SHELL('',(#12569));
#12569 = ADVANCED_FACE('',(#12570),#12720,.T.);
#12570 = FACE_BOUND('',#12571,.F.);
#12571 = EDGE_LOOP('',(#12572,#12582,#12590,#12598,#12607,#12615,#12623,
    #12631,#12640,#12648,#12657,#12665,#12673,#12681,#12689,#12698,
    #12706,#12714));
#12572 = ORIENTED_EDGE('',*,*,#12573,.T.);
#12573 = EDGE_CURVE('',#12574,#12576,#12578,.T.);
#12574 = VERTEX_POINT('',#12575);
#12575 = CARTESIAN_POINT('',(134.349024,-56.825582,1.585));
#12576 = VERTEX_POINT('',#12577);
#12577 = CARTESIAN_POINT('',(134.381444,-56.803871,1.585));
#12578 = LINE('',#12579,#12580);
#12579 = CARTESIAN_POINT('',(134.349024,-56.825582,1.585));
#12580 = VECTOR('',#12581,1.);
#12581 = DIRECTION('',(0.830893211861,0.556431910016,0.));
#12582 = ORIENTED_EDGE('',*,*,#12583,.T.);
#12583 = EDGE_CURVE('',#12576,#12584,#12586,.T.);
#12584 = VERTEX_POINT('',#12585);
#12585 = CARTESIAN_POINT('',(134.419705,-56.796219,1.585));
#12586 = LINE('',#12587,#12588);
#12587 = CARTESIAN_POINT('',(134.381444,-56.803871,1.585));
#12588 = VECTOR('',#12589,1.);
#12589 = DIRECTION('',(0.9805816614,0.19611120653,0.));
#12590 = ORIENTED_EDGE('',*,*,#12591,.T.);
#12591 = EDGE_CURVE('',#12584,#12592,#12594,.T.);
#12592 = VERTEX_POINT('',#12593);
#12593 = CARTESIAN_POINT('',(134.429417,-56.79814,1.585));
#12594 = LINE('',#12595,#12596);
#12595 = CARTESIAN_POINT('',(134.419705,-56.796219,1.585));
#12596 = VECTOR('',#12597,1.);
#12597 = DIRECTION('',(0.980994161611,-0.194037251282,0.));
#12598 = ORIENTED_EDGE('',*,*,#12599,.T.);
#12599 = EDGE_CURVE('',#12592,#12600,#12602,.T.);
#12600 = VERTEX_POINT('',#12601);
#12601 = CARTESIAN_POINT('',(134.514098,-56.867561,1.585));
#12602 = CIRCLE('',#12603,9.854562070439E-02);
#12603 = AXIS2_PLACEMENT_3D('',#12604,#12605,#12606);
#12604 = CARTESIAN_POINT('',(134.41981059691,-56.89621627837,1.585));
#12605 = DIRECTION('',(0.,0.,-1.));
#12606 = DIRECTION('',(9.748178580263E-02,0.995237309106,0.));
#12607 = ORIENTED_EDGE('',*,*,#12608,.T.);
#12608 = EDGE_CURVE('',#12600,#12609,#12611,.T.);
#12609 = VERTEX_POINT('',#12610);
#12610 = CARTESIAN_POINT('',(134.519809,-56.896219,1.585));
#12611 = LINE('',#12612,#12613);
#12612 = CARTESIAN_POINT('',(134.514098,-56.867561,1.585));
#12613 = VECTOR('',#12614,1.);
#12614 = DIRECTION('',(0.195438241921,-0.980716010675,0.));
#12615 = ORIENTED_EDGE('',*,*,#12616,.T.);
#12616 = EDGE_CURVE('',#12609,#12617,#12619,.T.);
#12617 = VERTEX_POINT('',#12618);
#12618 = CARTESIAN_POINT('',(134.519809,-57.796219,1.585));
#12619 = LINE('',#12620,#12621);
#12620 = CARTESIAN_POINT('',(134.519809,-56.896219,1.585));
#12621 = VECTOR('',#12622,1.);
#12622 = DIRECTION('',(0.,-1.,0.));
#12623 = ORIENTED_EDGE('',*,*,#12624,.T.);
#12624 = EDGE_CURVE('',#12617,#12625,#12627,.T.);
#12625 = VERTEX_POINT('',#12626);
#12626 = CARTESIAN_POINT('',(134.725032,-57.79814,1.585));
#12627 = LINE('',#12628,#12629);
#12628 = CARTESIAN_POINT('',(134.519809,-57.796219,1.585));
#12629 = VECTOR('',#12630,1.);
#12630 = DIRECTION('',(0.999956192938,-9.36013919799E-03,0.));
#12631 = ORIENTED_EDGE('',*,*,#12632,.T.);
#12632 = EDGE_CURVE('',#12625,#12633,#12635,.T.);
#12633 = VERTEX_POINT('',#12634);
#12634 = CARTESIAN_POINT('',(134.725032,-57.994298,1.585));
#12635 = CIRCLE('',#12636,0.100000456609);
#12636 = AXIS2_PLACEMENT_3D('',#12637,#12638,#12639);
#12637 = CARTESIAN_POINT('',(134.705523,-57.896219,1.585));
#12638 = DIRECTION('',(0.,0.,-1.));
#12639 = DIRECTION('',(0.195089109206,0.980785521645,0.));
#12640 = ORIENTED_EDGE('',*,*,#12641,.T.);
#12641 = EDGE_CURVE('',#12633,#12642,#12644,.T.);
#12642 = VERTEX_POINT('',#12643);
#12643 = CARTESIAN_POINT('',(134.114586,-57.994298,1.585));
#12644 = LINE('',#12645,#12646);
#12645 = CARTESIAN_POINT('',(134.725032,-57.994298,1.585));
#12646 = VECTOR('',#12647,1.);
#12647 = DIRECTION('',(-1.,0.,0.));
#12648 = ORIENTED_EDGE('',*,*,#12649,.T.);
#12649 = EDGE_CURVE('',#12642,#12650,#12652,.T.);
#12650 = VERTEX_POINT('',#12651);
#12651 = CARTESIAN_POINT('',(134.114586,-57.79814,1.585));
#12652 = CIRCLE('',#12653,0.100000456609);
#12653 = AXIS2_PLACEMENT_3D('',#12654,#12655,#12656);
#12654 = CARTESIAN_POINT('',(134.134095,-57.896219,1.585));
#12655 = DIRECTION('',(0.,0.,-1.));
#12656 = DIRECTION('',(-0.195089109206,-0.980785521645,-0.));
#12657 = ORIENTED_EDGE('',*,*,#12658,.T.);
#12658 = EDGE_CURVE('',#12650,#12659,#12661,.T.);
#12659 = VERTEX_POINT('',#12660);
#12660 = CARTESIAN_POINT('',(134.319809,-57.796219,1.585));
#12661 = LINE('',#12662,#12663);
#12662 = CARTESIAN_POINT('',(134.114586,-57.79814,1.585));
#12663 = VECTOR('',#12664,1.);
#12664 = DIRECTION('',(0.999956192938,9.36013919799E-03,0.));
#12665 = ORIENTED_EDGE('',*,*,#12666,.T.);
#12666 = EDGE_CURVE('',#12659,#12667,#12669,.T.);
#12667 = VERTEX_POINT('',#12668);
#12668 = CARTESIAN_POINT('',(134.319809,-57.18526,1.585));
#12669 = LINE('',#12670,#12671);
#12670 = CARTESIAN_POINT('',(134.319809,-57.796219,1.585));
#12671 = VECTOR('',#12672,1.);
#12672 = DIRECTION('',(0.,1.,0.));
#12673 = ORIENTED_EDGE('',*,*,#12674,.T.);
#12674 = EDGE_CURVE('',#12667,#12675,#12677,.T.);
#12675 = VERTEX_POINT('',#12676);
#12676 = CARTESIAN_POINT('',(134.274054,-57.223757,1.585));
#12677 = LINE('',#12678,#12679);
#12678 = CARTESIAN_POINT('',(134.319809,-57.18526,1.585));
#12679 = VECTOR('',#12680,1.);
#12680 = DIRECTION('',(-0.765187378537,-0.643807638762,0.));
#12681 = ORIENTED_EDGE('',*,*,#12682,.T.);
#12682 = EDGE_CURVE('',#12675,#12683,#12685,.T.);
#12683 = VERTEX_POINT('',#12684);
#12684 = CARTESIAN_POINT('',(134.160508,-57.278382,1.585));
#12685 = LINE('',#12686,#12687);
#12686 = CARTESIAN_POINT('',(134.274054,-57.223757,1.585));
#12687 = VECTOR('',#12688,1.);
#12688 = DIRECTION('',(-0.901142134987,-0.433523762384,0.));
#12689 = ORIENTED_EDGE('',*,*,#12690,.T.);
#12690 = EDGE_CURVE('',#12683,#12691,#12693,.T.);
#12691 = VERTEX_POINT('',#12692);
#12692 = CARTESIAN_POINT('',(134.072783,-57.102933,1.585));
#12693 = CIRCLE('',#12694,0.100000465511);
#12694 = AXIS2_PLACEMENT_3D('',#12695,#12696,#12697);
#12695 = CARTESIAN_POINT('',(134.13409452125,-57.18193293964,1.585));
#12696 = DIRECTION('',(0.,0.,-1.));
#12697 = DIRECTION('',(0.264133557923,-0.964486113731,0.));
#12698 = ORIENTED_EDGE('',*,*,#12699,.T.);
#12699 = EDGE_CURVE('',#12691,#12700,#12702,.T.);
#12700 = VERTEX_POINT('',#12701);
#12701 = CARTESIAN_POINT('',(134.170096,-57.052128,1.585));
#12702 = LINE('',#12703,#12704);
#12703 = CARTESIAN_POINT('',(134.072783,-57.102933,1.585));
#12704 = VECTOR('',#12705,1.);
#12705 = DIRECTION('',(0.886461533439,0.462802279309,0.));
#12706 = ORIENTED_EDGE('',*,*,#12707,.T.);
#12707 = EDGE_CURVE('',#12700,#12708,#12710,.T.);
#12708 = VERTEX_POINT('',#12709);
#12709 = CARTESIAN_POINT('',(134.24686,-56.975365,1.585));
#12710 = LINE('',#12711,#12712);
#12711 = CARTESIAN_POINT('',(134.170096,-57.052128,1.585));
#12712 = VECTOR('',#12713,1.);
#12713 = DIRECTION('',(0.70711138692,0.707102175423,0.));
#12714 = ORIENTED_EDGE('',*,*,#12715,.T.);
#12715 = EDGE_CURVE('',#12708,#12574,#12716,.T.);
#12716 = LINE('',#12717,#12718);
#12717 = CARTESIAN_POINT('',(134.24686,-56.975365,1.585));
#12718 = VECTOR('',#12719,1.);
#12719 = DIRECTION('',(0.563484512526,0.826126627185,0.));
#12720 = PLANE('',#12721);
#12721 = AXIS2_PLACEMENT_3D('',#12722,#12723,#12724);
#12722 = CARTESIAN_POINT('',(0.,0.,1.585));
#12723 = DIRECTION('',(0.,0.,1.));
#12724 = DIRECTION('',(1.,0.,-0.));
#12725 = SHELL_BASED_SURFACE_MODEL('',(#12726));
#12726 = OPEN_SHELL('',(#12727));
#12727 = ADVANCED_FACE('',(#12728),#12739,.T.);
#12728 = FACE_BOUND('',#12729,.T.);
#12729 = EDGE_LOOP('',(#12730));
#12730 = ORIENTED_EDGE('',*,*,#12731,.T.);
#12731 = EDGE_CURVE('',#12732,#12732,#12734,.T.);
#12732 = VERTEX_POINT('',#12733);
#12733 = CARTESIAN_POINT('',(131.542999,-57.186,1.585));
#12734 = CIRCLE('',#12735,0.503999);
#12735 = AXIS2_PLACEMENT_3D('',#12736,#12737,#12738);
#12736 = CARTESIAN_POINT('',(131.039,-57.186,1.585));
#12737 = DIRECTION('',(0.,0.,1.));
#12738 = DIRECTION('',(1.,0.,-0.));
#12739 = PLANE('',#12740);
#12740 = AXIS2_PLACEMENT_3D('',#12741,#12742,#12743);
#12741 = CARTESIAN_POINT('',(0.,0.,1.585));
#12742 = DIRECTION('',(0.,0.,1.));
#12743 = DIRECTION('',(1.,0.,-0.));
#12744 = SHELL_BASED_SURFACE_MODEL('',(#12745));
#12745 = OPEN_SHELL('',(#12746));
#12746 = ADVANCED_FACE('',(#12747,#12881),#12959,.T.);
#12747 = FACE_BOUND('',#12748,.F.);
#12748 = EDGE_LOOP('',(#12749,#12759,#12767,#12775,#12783,#12791,#12799,
    #12807,#12815,#12824,#12832,#12841,#12849,#12858,#12866,#12875));
#12749 = ORIENTED_EDGE('',*,*,#12750,.T.);
#12750 = EDGE_CURVE('',#12751,#12753,#12755,.T.);
#12751 = VERTEX_POINT('',#12752);
#12752 = CARTESIAN_POINT('',(134.28776,-56.0015,1.585));
#12753 = VERTEX_POINT('',#12754);
#12754 = CARTESIAN_POINT('',(134.288881,-55.732,1.585));
#12755 = LINE('',#12756,#12757);
#12756 = CARTESIAN_POINT('',(134.28776,-56.0015,1.585));
#12757 = VECTOR('',#12758,1.);
#12758 = DIRECTION('',(4.159518747404E-03,0.999991349164,0.));
#12759 = ORIENTED_EDGE('',*,*,#12760,.T.);
#12760 = EDGE_CURVE('',#12753,#12761,#12763,.T.);
#12761 = VERTEX_POINT('',#12762);
#12762 = CARTESIAN_POINT('',(134.415802,-55.732,1.585));
#12763 = LINE('',#12764,#12765);
#12764 = CARTESIAN_POINT('',(134.288881,-55.732,1.585));
#12765 = VECTOR('',#12766,1.);
#12766 = DIRECTION('',(1.,0.,0.));
#12767 = ORIENTED_EDGE('',*,*,#12768,.T.);
#12768 = EDGE_CURVE('',#12761,#12769,#12771,.T.);
#12769 = VERTEX_POINT('',#12770);
#12770 = CARTESIAN_POINT('',(134.41476,-56.0015,1.585));
#12771 = LINE('',#12772,#12773);
#12772 = CARTESIAN_POINT('',(134.415802,-55.732,1.585));
#12773 = VECTOR('',#12774,1.);
#12774 = DIRECTION('',(-3.866390395427E-03,-0.999992525485,0.));
#12775 = ORIENTED_EDGE('',*,*,#12776,.T.);
#12776 = EDGE_CURVE('',#12769,#12777,#12779,.T.);
#12777 = VERTEX_POINT('',#12778);
#12778 = CARTESIAN_POINT('',(143.2865,-56.0015,1.585));
#12779 = LINE('',#12780,#12781);
#12780 = CARTESIAN_POINT('',(134.41476,-56.0015,1.585));
#12781 = VECTOR('',#12782,1.);
#12782 = DIRECTION('',(1.,0.,0.));
#12783 = ORIENTED_EDGE('',*,*,#12784,.T.);
#12784 = EDGE_CURVE('',#12777,#12785,#12787,.T.);
#12785 = VERTEX_POINT('',#12786);
#12786 = CARTESIAN_POINT('',(143.2865,-55.732,1.585));
#12787 = LINE('',#12788,#12789);
#12788 = CARTESIAN_POINT('',(143.2865,-56.0015,1.585));
#12789 = VECTOR('',#12790,1.);
#12790 = DIRECTION('',(0.,1.,0.));
#12791 = ORIENTED_EDGE('',*,*,#12792,.T.);
#12792 = EDGE_CURVE('',#12785,#12793,#12795,.T.);
#12793 = VERTEX_POINT('',#12794);
#12794 = CARTESIAN_POINT('',(143.4135,-55.732,1.585));
#12795 = LINE('',#12796,#12797);
#12796 = CARTESIAN_POINT('',(143.2865,-55.732,1.585));
#12797 = VECTOR('',#12798,1.);
#12798 = DIRECTION('',(1.,0.,0.));
#12799 = ORIENTED_EDGE('',*,*,#12800,.T.);
#12800 = EDGE_CURVE('',#12793,#12801,#12803,.T.);
#12801 = VERTEX_POINT('',#12802);
#12802 = CARTESIAN_POINT('',(143.4135,-56.0015,1.585));
#12803 = LINE('',#12804,#12805);
#12804 = CARTESIAN_POINT('',(143.4135,-55.732,1.585));
#12805 = VECTOR('',#12806,1.);
#12806 = DIRECTION('',(0.,-1.,0.));
#12807 = ORIENTED_EDGE('',*,*,#12808,.T.);
#12808 = EDGE_CURVE('',#12801,#12809,#12811,.T.);
#12809 = VERTEX_POINT('',#12810);
#12810 = CARTESIAN_POINT('',(145.831,-56.0015,1.585));
#12811 = LINE('',#12812,#12813);
#12812 = CARTESIAN_POINT('',(143.4135,-56.0015,1.585));
#12813 = VECTOR('',#12814,1.);
#12814 = DIRECTION('',(1.,0.,0.));
#12815 = ORIENTED_EDGE('',*,*,#12816,.T.);
#12816 = EDGE_CURVE('',#12809,#12817,#12819,.T.);
#12817 = VERTEX_POINT('',#12818);
#12818 = CARTESIAN_POINT('',(147.7995,-57.97,1.585));
#12819 = CIRCLE('',#12820,1.968498971523);
#12820 = AXIS2_PLACEMENT_3D('',#12821,#12822,#12823);
#12821 = CARTESIAN_POINT('',(145.83100102847,-57.96999897152,1.585));
#12822 = DIRECTION('',(0.,0.,-1.));
#12823 = DIRECTION('',(-5.224679161346E-07,1.,0.));
#12824 = ORIENTED_EDGE('',*,*,#12825,.T.);
#12825 = EDGE_CURVE('',#12817,#12826,#12828,.T.);
#12826 = VERTEX_POINT('',#12827);
#12827 = CARTESIAN_POINT('',(147.7995,-75.115,1.585));
#12828 = LINE('',#12829,#12830);
#12829 = CARTESIAN_POINT('',(147.7995,-57.97,1.585));
#12830 = VECTOR('',#12831,1.);
#12831 = DIRECTION('',(0.,-1.,0.));
#12832 = ORIENTED_EDGE('',*,*,#12833,.T.);
#12833 = EDGE_CURVE('',#12826,#12834,#12836,.T.);
#12834 = VERTEX_POINT('',#12835);
#12835 = CARTESIAN_POINT('',(145.831,-77.0835,1.585));
#12836 = CIRCLE('',#12837,1.968498971523);
#12837 = AXIS2_PLACEMENT_3D('',#12838,#12839,#12840);
#12838 = CARTESIAN_POINT('',(145.83100102847,-75.11500102847,1.585));
#12839 = DIRECTION('',(0.,0.,-1.));
#12840 = DIRECTION('',(1.,5.224679089155E-07,0.));
#12841 = ORIENTED_EDGE('',*,*,#12842,.T.);
#12842 = EDGE_CURVE('',#12834,#12843,#12845,.T.);
#12843 = VERTEX_POINT('',#12844);
#12844 = CARTESIAN_POINT('',(131.861,-77.0835,1.585));
#12845 = LINE('',#12846,#12847);
#12846 = CARTESIAN_POINT('',(145.831,-77.0835,1.585));
#12847 = VECTOR('',#12848,1.);
#12848 = DIRECTION('',(-1.,0.,0.));
#12849 = ORIENTED_EDGE('',*,*,#12850,.T.);
#12850 = EDGE_CURVE('',#12843,#12851,#12853,.T.);
#12851 = VERTEX_POINT('',#12852);
#12852 = CARTESIAN_POINT('',(129.8925,-75.115,1.585));
#12853 = CIRCLE('',#12854,1.968498971523);
#12854 = AXIS2_PLACEMENT_3D('',#12855,#12856,#12857);
#12855 = CARTESIAN_POINT('',(131.86099897152,-75.11500102847,1.585));
#12856 = DIRECTION('',(0.,0.,-1.));
#12857 = DIRECTION('',(5.224678872581E-07,-1.,0.));
#12858 = ORIENTED_EDGE('',*,*,#12859,.T.);
#12859 = EDGE_CURVE('',#12851,#12860,#12862,.T.);
#12860 = VERTEX_POINT('',#12861);
#12861 = CARTESIAN_POINT('',(129.8925,-57.97,1.585));
#12862 = LINE('',#12863,#12864);
#12863 = CARTESIAN_POINT('',(129.8925,-75.115,1.585));
#12864 = VECTOR('',#12865,1.);
#12865 = DIRECTION('',(0.,1.,0.));
#12866 = ORIENTED_EDGE('',*,*,#12867,.T.);
#12867 = EDGE_CURVE('',#12860,#12868,#12870,.T.);
#12868 = VERTEX_POINT('',#12869);
#12869 = CARTESIAN_POINT('',(131.861,-56.0015,1.585));
#12870 = CIRCLE('',#12871,1.968498971523);
#12871 = AXIS2_PLACEMENT_3D('',#12872,#12873,#12874);
#12872 = CARTESIAN_POINT('',(131.86099897152,-57.96999897152,1.585));
#12873 = DIRECTION('',(0.,0.,-1.));
#12874 = DIRECTION('',(-1.,-5.224679016964E-07,-0.));
#12875 = ORIENTED_EDGE('',*,*,#12876,.T.);
#12876 = EDGE_CURVE('',#12868,#12751,#12877,.T.);
#12877 = LINE('',#12878,#12879);
#12878 = CARTESIAN_POINT('',(131.861,-56.0015,1.585));
#12879 = VECTOR('',#12880,1.);
#12880 = DIRECTION('',(1.,0.,0.));
#12881 = FACE_BOUND('',#12882,.F.);
#12882 = EDGE_LOOP('',(#12883,#12894,#12902,#12910,#12919,#12927,#12936,
    #12944,#12953));
#12883 = ORIENTED_EDGE('',*,*,#12884,.T.);
#12884 = EDGE_CURVE('',#12885,#12887,#12889,.T.);
#12885 = VERTEX_POINT('',#12886);
#12886 = CARTESIAN_POINT('',(147.6725,-57.849302,1.585));
#12887 = VERTEX_POINT('',#12888);
#12888 = CARTESIAN_POINT('',(145.951698,-56.1285,1.585));
#12889 = CIRCLE('',#12890,1.845451650388);
#12890 = AXIS2_PLACEMENT_3D('',#12891,#12892,#12893);
#12891 = CARTESIAN_POINT('',(145.83099960842,-57.97000039158,1.585));
#12892 = DIRECTION('',(0.,0.,1.));
#12893 = DIRECTION('',(0.99785892044,6.540317193057E-02,-0.));
#12894 = ORIENTED_EDGE('',*,*,#12895,.T.);
#12895 = EDGE_CURVE('',#12887,#12896,#12898,.T.);
#12896 = VERTEX_POINT('',#12897);
#12897 = CARTESIAN_POINT('',(131.861,-56.1285,1.585));
#12898 = LINE('',#12899,#12900);
#12899 = CARTESIAN_POINT('',(145.951698,-56.1285,1.585));
#12900 = VECTOR('',#12901,1.);
#12901 = DIRECTION('',(-1.,0.,0.));
#12902 = ORIENTED_EDGE('',*,*,#12903,.T.);
#12903 = EDGE_CURVE('',#12896,#12904,#12906,.T.);
#12904 = VERTEX_POINT('',#12905);
#12905 = CARTESIAN_POINT('',(131.740302,-56.1285,1.585));
#12906 = LINE('',#12907,#12908);
#12907 = CARTESIAN_POINT('',(131.861,-56.1285,1.585));
#12908 = VECTOR('',#12909,1.);
#12909 = DIRECTION('',(-1.,0.,0.));
#12910 = ORIENTED_EDGE('',*,*,#12911,.T.);
#12911 = EDGE_CURVE('',#12904,#12912,#12914,.T.);
#12912 = VERTEX_POINT('',#12913);
#12913 = CARTESIAN_POINT('',(130.0195,-57.849302,1.585));
#12914 = CIRCLE('',#12915,1.845451650388);
#12915 = AXIS2_PLACEMENT_3D('',#12916,#12917,#12918);
#12916 = CARTESIAN_POINT('',(131.86100039158,-57.97000039158,1.585));
#12917 = DIRECTION('',(0.,0.,1.));
#12918 = DIRECTION('',(-6.540317193051E-02,0.99785892044,0.));
#12919 = ORIENTED_EDGE('',*,*,#12920,.T.);
#12920 = EDGE_CURVE('',#12912,#12921,#12923,.T.);
#12921 = VERTEX_POINT('',#12922);
#12922 = CARTESIAN_POINT('',(130.0195,-75.235698,1.585));
#12923 = LINE('',#12924,#12925);
#12924 = CARTESIAN_POINT('',(130.0195,-57.849302,1.585));
#12925 = VECTOR('',#12926,1.);
#12926 = DIRECTION('',(0.,-1.,0.));
#12927 = ORIENTED_EDGE('',*,*,#12928,.T.);
#12928 = EDGE_CURVE('',#12921,#12929,#12931,.T.);
#12929 = VERTEX_POINT('',#12930);
#12930 = CARTESIAN_POINT('',(131.740302,-76.9565,1.585));
#12931 = CIRCLE('',#12932,1.845451650388);
#12932 = AXIS2_PLACEMENT_3D('',#12933,#12934,#12935);
#12933 = CARTESIAN_POINT('',(131.86100039158,-75.11499960842,1.585));
#12934 = DIRECTION('',(0.,0.,1.));
#12935 = DIRECTION('',(-0.99785892044,-6.540317193054E-02,0.));
#12936 = ORIENTED_EDGE('',*,*,#12937,.T.);
#12937 = EDGE_CURVE('',#12929,#12938,#12940,.T.);
#12938 = VERTEX_POINT('',#12939);
#12939 = CARTESIAN_POINT('',(145.951698,-76.9565,1.585));
#12940 = LINE('',#12941,#12942);
#12941 = CARTESIAN_POINT('',(131.740302,-76.9565,1.585));
#12942 = VECTOR('',#12943,1.);
#12943 = DIRECTION('',(1.,0.,0.));
#12944 = ORIENTED_EDGE('',*,*,#12945,.T.);
#12945 = EDGE_CURVE('',#12938,#12946,#12948,.T.);
#12946 = VERTEX_POINT('',#12947);
#12947 = CARTESIAN_POINT('',(147.6725,-75.235698,1.585));
#12948 = CIRCLE('',#12949,1.845451650388);
#12949 = AXIS2_PLACEMENT_3D('',#12950,#12951,#12952);
#12950 = CARTESIAN_POINT('',(145.83099960842,-75.11499960842,1.585));
#12951 = DIRECTION('',(0.,0.,1.));
#12952 = DIRECTION('',(6.540317193056E-02,-0.99785892044,0.));
#12953 = ORIENTED_EDGE('',*,*,#12954,.T.);
#12954 = EDGE_CURVE('',#12946,#12885,#12955,.T.);
#12955 = LINE('',#12956,#12957);
#12956 = CARTESIAN_POINT('',(147.6725,-75.235698,1.585));
#12957 = VECTOR('',#12958,1.);
#12958 = DIRECTION('',(0.,1.,0.));
#12959 = PLANE('',#12960);
#12960 = AXIS2_PLACEMENT_3D('',#12961,#12962,#12963);
#12961 = CARTESIAN_POINT('',(0.,0.,1.585));
#12962 = DIRECTION('',(0.,0.,1.));
#12963 = DIRECTION('',(1.,0.,-0.));
#12964 = SHELL_BASED_SURFACE_MODEL('',(#12965));
#12965 = OPEN_SHELL('',(#12966));
#12966 = ADVANCED_FACE('',(#12967),#12978,.T.);
#12967 = FACE_BOUND('',#12968,.T.);
#12968 = EDGE_LOOP('',(#12969));
#12969 = ORIENTED_EDGE('',*,*,#12970,.T.);
#12970 = EDGE_CURVE('',#12971,#12971,#12973,.T.);
#12971 = VERTEX_POINT('',#12972);
#12972 = CARTESIAN_POINT('',(130.399999,-56.306,1.585));
#12973 = CIRCLE('',#12974,0.503999);
#12974 = AXIS2_PLACEMENT_3D('',#12975,#12976,#12977);
#12975 = CARTESIAN_POINT('',(129.896,-56.306,1.585));
#12976 = DIRECTION('',(0.,0.,1.));
#12977 = DIRECTION('',(1.,0.,-0.));
#12978 = PLANE('',#12979);
#12979 = AXIS2_PLACEMENT_3D('',#12980,#12981,#12982);
#12980 = CARTESIAN_POINT('',(0.,0.,1.585));
#12981 = DIRECTION('',(0.,0.,1.));
#12982 = DIRECTION('',(1.,0.,-0.));
#12983 = ( GEOMETRIC_REPRESENTATION_CONTEXT(3) 
GLOBAL_UNCERTAINTY_ASSIGNED_CONTEXT((#12987)) 
GLOBAL_UNIT_ASSIGNED_CONTEXT((#12984,#12985,#12986)) 
REPRESENTATION_CONTEXT('Context #1',
  '3D Context with UNIT and UNCERTAINTY') );
#12984 = ( LENGTH_UNIT() NAMED_UNIT(*) SI_UNIT(.MILLI.,.METRE.) );
#12985 = ( NAMED_UNIT(*) PLANE_ANGLE_UNIT() SI_UNIT($,.RADIAN.) );
#12986 = ( NAMED_UNIT(*) SI_UNIT($,.STERADIAN.) SOLID_ANGLE_UNIT() );
#12987 = UNCERTAINTY_MEASURE_WITH_UNIT(LENGTH_MEASURE(1.E-07),#12984,
  'distance_accuracy_value','confusion accuracy');
#12988 = CONTEXT_DEPENDENT_SHAPE_REPRESENTATION(#12989,#12991);
#12989 = ( REPRESENTATION_RELATIONSHIP('','',#7602,#10) 
REPRESENTATION_RELATIONSHIP_WITH_TRANSFORMATION(#12990) 
SHAPE_REPRESENTATION_RELATIONSHIP() );
#12990 = ITEM_DEFINED_TRANSFORMATION('','',#11,#23);
#12991 = PRODUCT_DEFINITION_SHAPE('Placement','Placement of an item',
  #12992);
#12992 = NEXT_ASSEMBLY_USAGE_OCCURRENCE('3','=>[0:1:1:5]','',#5,#7597,$
  );
#12993 = PRODUCT_RELATED_PRODUCT_CATEGORY('part',$,(#7599));
#12994 = SHAPE_DEFINITION_REPRESENTATION(#12995,#13001);
#12995 = PRODUCT_DEFINITION_SHAPE('','',#12996);
#12996 = PRODUCT_DEFINITION('design','',#12997,#13000);
#12997 = PRODUCT_DEFINITION_FORMATION('','',#12998);
#12998 = PRODUCT('TxTroller_silkscreen','TxTroller_silkscreen','',(
    #12999));
#12999 = PRODUCT_CONTEXT('',#2,'mechanical');
#13000 = PRODUCT_DEFINITION_CONTEXT('part definition',#2,'design');
#13001 = SHAPE_REPRESENTATION('',(#11,#13002,#13079,#13189,#13266,#13376
    ,#13776,#13845,#13963,#14029,#14079,#14357,#14492,#14610,#14957,
    #15035,#15428),#15538);
#13002 = SHELL_BASED_SURFACE_MODEL('',(#13003));
#13003 = OPEN_SHELL('',(#13004));
#13004 = ADVANCED_FACE('',(#13005),#13074,.T.);
#13005 = FACE_BOUND('',#13006,.T.);
#13006 = EDGE_LOOP('',(#13007,#13018,#13026,#13034,#13043,#13051,#13059,
    #13068));
#13007 = ORIENTED_EDGE('',*,*,#13008,.T.);
#13008 = EDGE_CURVE('',#13009,#13011,#13013,.T.);
#13009 = VERTEX_POINT('',#13010);
#13010 = CARTESIAN_POINT('',(138.730649,-70.698376,-7.5E-02));
#13011 = VERTEX_POINT('',#13012);
#13012 = CARTESIAN_POINT('',(138.230649,-70.698376,-7.5E-02));
#13013 = CIRCLE('',#13014,0.25);
#13014 = AXIS2_PLACEMENT_3D('',#13015,#13016,#13017);
#13015 = CARTESIAN_POINT('',(138.480649,-70.69837576334,-7.5E-02));
#13016 = DIRECTION('',(-0.,0.,-1.));
#13017 = DIRECTION('',(1.,-9.466303936275E-07,-0.));
#13018 = ORIENTED_EDGE('',*,*,#13019,.T.);
#13019 = EDGE_CURVE('',#13011,#13020,#13022,.T.);
#13020 = VERTEX_POINT('',#13021);
#13021 = CARTESIAN_POINT('',(138.230649,-70.376948,-7.5E-02));
#13022 = LINE('',#13023,#13024);
#13023 = CARTESIAN_POINT('',(138.230649,-70.698376,-7.5E-02));
#13024 = VECTOR('',#13025,1.);
#13025 = DIRECTION('',(0.,1.,0.));
#13026 = ORIENTED_EDGE('',*,*,#13027,.T.);
#13027 = EDGE_CURVE('',#13020,#13028,#13030,.T.);
#13028 = VERTEX_POINT('',#13029);
#13029 = CARTESIAN_POINT('',(136.480649,-70.376948,-7.5E-02));
#13030 = LINE('',#13031,#13032);
#13031 = CARTESIAN_POINT('',(138.230649,-70.376948,-7.5E-02));
#13032 = VECTOR('',#13033,1.);
#13033 = DIRECTION('',(-1.,0.,0.));
#13034 = ORIENTED_EDGE('',*,*,#13035,.T.);
#13035 = EDGE_CURVE('',#13028,#13036,#13038,.T.);
#13036 = VERTEX_POINT('',#13037);
#13037 = CARTESIAN_POINT('',(136.480649,-69.876948,-7.5E-02));
#13038 = CIRCLE('',#13039,0.25);
#13039 = AXIS2_PLACEMENT_3D('',#13040,#13041,#13042);
#13040 = CARTESIAN_POINT('',(136.48064923665,-70.126948,-7.5E-02));
#13041 = DIRECTION('',(0.,0.,-1.));
#13042 = DIRECTION('',(-9.466303936274E-07,-1.,-0.));
#13043 = ORIENTED_EDGE('',*,*,#13044,.T.);
#13044 = EDGE_CURVE('',#13036,#13045,#13047,.T.);
#13045 = VERTEX_POINT('',#13046);
#13046 = CARTESIAN_POINT('',(138.230649,-69.876948,-7.5E-02));
#13047 = LINE('',#13048,#13049);
#13048 = CARTESIAN_POINT('',(136.480649,-69.876948,-7.5E-02));
#13049 = VECTOR('',#13050,1.);
#13050 = DIRECTION('',(1.,0.,0.));
#13051 = ORIENTED_EDGE('',*,*,#13052,.T.);
#13052 = EDGE_CURVE('',#13045,#13053,#13055,.T.);
#13053 = VERTEX_POINT('',#13054);
#13054 = CARTESIAN_POINT('',(138.230649,-69.555519,-7.5E-02));
#13055 = LINE('',#13056,#13057);
#13056 = CARTESIAN_POINT('',(138.230649,-69.876948,-7.5E-02));
#13057 = VECTOR('',#13058,1.);
#13058 = DIRECTION('',(0.,1.,0.));
#13059 = ORIENTED_EDGE('',*,*,#13060,.T.);
#13060 = EDGE_CURVE('',#13053,#13061,#13063,.T.);
#13061 = VERTEX_POINT('',#13062);
#13062 = CARTESIAN_POINT('',(138.730649,-69.555519,-7.5E-02));
#13063 = CIRCLE('',#13064,0.250000000003);
#13064 = AXIS2_PLACEMENT_3D('',#13065,#13066,#13067);
#13065 = CARTESIAN_POINT('',(138.480649,-69.55552018974,-7.5E-02));
#13066 = DIRECTION('',(0.,0.,-1.));
#13067 = DIRECTION('',(-0.999999999989,4.758985710342E-06,0.));
#13068 = ORIENTED_EDGE('',*,*,#13069,.T.);
#13069 = EDGE_CURVE('',#13061,#13009,#13070,.T.);
#13070 = LINE('',#13071,#13072);
#13071 = CARTESIAN_POINT('',(138.730649,-69.555519,-7.5E-02));
#13072 = VECTOR('',#13073,1.);
#13073 = DIRECTION('',(0.,-1.,0.));
#13074 = PLANE('',#13075);
#13075 = AXIS2_PLACEMENT_3D('',#13076,#13077,#13078);
#13076 = CARTESIAN_POINT('',(0.,0.,-7.5E-02));
#13077 = DIRECTION('',(-0.,-0.,-1.));
#13078 = DIRECTION('',(-1.,0.,0.));
#13079 = SHELL_BASED_SURFACE_MODEL('',(#13080));
#13080 = OPEN_SHELL('',(#13081));
#13081 = ADVANCED_FACE('',(#13082),#13184,.T.);
#13082 = FACE_BOUND('',#13083,.T.);
#13083 = EDGE_LOOP('',(#13084,#13095,#13103,#13111,#13120,#13128,#13136,
    #13145,#13153,#13161,#13170,#13178));
#13084 = ORIENTED_EDGE('',*,*,#13085,.T.);
#13085 = EDGE_CURVE('',#13086,#13088,#13090,.T.);
#13086 = VERTEX_POINT('',#13087);
#13087 = CARTESIAN_POINT('',(137.659528,-67.835129,-7.5E-02));
#13088 = VERTEX_POINT('',#13089);
#13089 = CARTESIAN_POINT('',(137.968439,-68.228288,-7.5E-02));
#13090 = CIRCLE('',#13091,0.250000002602);
#13091 = AXIS2_PLACEMENT_3D('',#13092,#13093,#13094);
#13092 = CARTESIAN_POINT('',(137.81398301202,-68.0317088834,-7.5E-02));
#13093 = DIRECTION('',(0.,0.,-1.));
#13094 = DIRECTION('',(-0.617820041683,0.786319525444,-0.));
#13095 = ORIENTED_EDGE('',*,*,#13096,.T.);
#13096 = EDGE_CURVE('',#13088,#13097,#13099,.T.);
#13097 = VERTEX_POINT('',#13098);
#13098 = CARTESIAN_POINT('',(137.551963,-68.555518,-7.5E-02));
#13099 = LINE('',#13100,#13101);
#13100 = CARTESIAN_POINT('',(137.968439,-68.228288,-7.5E-02));
#13101 = VECTOR('',#13102,1.);
#13102 = DIRECTION('',(-0.786319387065,-0.617820217802,0.));
#13103 = ORIENTED_EDGE('',*,*,#13104,.T.);
#13104 = EDGE_CURVE('',#13097,#13105,#13107,.T.);
#13105 = VERTEX_POINT('',#13106);
#13106 = CARTESIAN_POINT('',(137.968439,-68.882749,-7.5E-02));
#13107 = LINE('',#13108,#13109);
#13108 = CARTESIAN_POINT('',(137.551963,-68.555518,-7.5E-02));
#13109 = VECTOR('',#13110,1.);
#13110 = DIRECTION('',(0.786318469853,-0.617821385166,0.));
#13111 = ORIENTED_EDGE('',*,*,#13112,.T.);
#13112 = EDGE_CURVE('',#13105,#13113,#13115,.T.);
#13113 = VERTEX_POINT('',#13114);
#13114 = CARTESIAN_POINT('',(137.659528,-69.275908,-7.5E-02));
#13115 = CIRCLE('',#13116,0.250000002604);
#13116 = AXIS2_PLACEMENT_3D('',#13117,#13118,#13119);
#13117 = CARTESIAN_POINT('',(137.81398258819,-69.07932778358,-7.5E-02));
#13118 = DIRECTION('',(0.,0.,-1.));
#13119 = DIRECTION('',(0.617825640783,0.786315126137,0.));
#13120 = ORIENTED_EDGE('',*,*,#13121,.T.);
#13121 = EDGE_CURVE('',#13113,#13122,#13124,.T.);
#13122 = VERTEX_POINT('',#13123);
#13123 = CARTESIAN_POINT('',(137.147315,-68.873455,-7.5E-02));
#13124 = LINE('',#13125,#13126);
#13125 = CARTESIAN_POINT('',(137.659528,-69.275908,-7.5E-02));
#13126 = VECTOR('',#13127,1.);
#13127 = DIRECTION('',(-0.786318392092,0.617821484134,0.));
#13128 = ORIENTED_EDGE('',*,*,#13129,.T.);
#13129 = EDGE_CURVE('',#13122,#13130,#13132,.T.);
#13130 = VERTEX_POINT('',#13131);
#13131 = CARTESIAN_POINT('',(136.635104,-69.275908,-7.5E-02));
#13132 = LINE('',#13133,#13134);
#13133 = CARTESIAN_POINT('',(137.147315,-68.873455,-7.5E-02));
#13134 = VECTOR('',#13135,1.);
#13135 = DIRECTION('',(-0.786317220152,-0.617822975691,0.));
#13136 = ORIENTED_EDGE('',*,*,#13137,.T.);
#13137 = EDGE_CURVE('',#13130,#13138,#13140,.T.);
#13138 = VERTEX_POINT('',#13139);
#13139 = CARTESIAN_POINT('',(136.326194,-68.882748,-7.5E-02));
#13140 = CIRCLE('',#13141,0.250000086851);
#13141 = AXIS2_PLACEMENT_3D('',#13142,#13143,#13144);
#13142 = CARTESIAN_POINT('',(136.48064959908,-69.07932752929,-7.5E-02));
#13143 = DIRECTION('',(0.,0.,-1.));
#13144 = DIRECTION('',(0.617817389037,-0.786321609651,0.));
#13145 = ORIENTED_EDGE('',*,*,#13146,.T.);
#13146 = EDGE_CURVE('',#13138,#13147,#13149,.T.);
#13147 = VERTEX_POINT('',#13148);
#13148 = CARTESIAN_POINT('',(136.742668,-68.555518,-7.5E-02));
#13149 = LINE('',#13150,#13151);
#13150 = CARTESIAN_POINT('',(136.326194,-68.882748,-7.5E-02));
#13151 = VECTOR('',#13152,1.);
#13152 = DIRECTION('',(0.78631794573,0.617822052232,0.));
#13153 = ORIENTED_EDGE('',*,*,#13154,.T.);
#13154 = EDGE_CURVE('',#13147,#13155,#13157,.T.);
#13155 = VERTEX_POINT('',#13156);
#13156 = CARTESIAN_POINT('',(136.326194,-68.228289,-7.5E-02));
#13157 = LINE('',#13158,#13159);
#13158 = CARTESIAN_POINT('',(136.742668,-68.555518,-7.5E-02));
#13159 = VECTOR('',#13160,1.);
#13160 = DIRECTION('',(-0.786318862946,0.617820884865,0.));
#13161 = ORIENTED_EDGE('',*,*,#13162,.T.);
#13162 = EDGE_CURVE('',#13155,#13163,#13165,.T.);
#13163 = VERTEX_POINT('',#13164);
#13164 = CARTESIAN_POINT('',(136.635104,-67.835129,-7.5E-02));
#13165 = CIRCLE('',#13166,0.250000086851);
#13166 = AXIS2_PLACEMENT_3D('',#13167,#13168,#13169);
#13167 = CARTESIAN_POINT('',(136.48064944047,-68.03170934608,-7.5E-02));
#13168 = DIRECTION('',(0.,0.,-1.));
#13169 = DIRECTION('',(-0.617821547266,-0.786318342488,-0.));
#13170 = ORIENTED_EDGE('',*,*,#13171,.T.);
#13171 = EDGE_CURVE('',#13163,#13172,#13174,.T.);
#13172 = VERTEX_POINT('',#13173);
#13173 = CARTESIAN_POINT('',(137.147315,-68.237581,-7.5E-02));
#13174 = LINE('',#13175,#13176);
#13175 = CARTESIAN_POINT('',(136.635104,-67.835129,-7.5E-02));
#13176 = VECTOR('',#13177,1.);
#13177 = DIRECTION('',(0.786317965932,-0.617822026519,0.));
#13178 = ORIENTED_EDGE('',*,*,#13179,.T.);
#13179 = EDGE_CURVE('',#13172,#13086,#13180,.T.);
#13180 = LINE('',#13181,#13182);
#13181 = CARTESIAN_POINT('',(137.147315,-68.237581,-7.5E-02));
#13182 = VECTOR('',#13183,1.);
#13183 = DIRECTION('',(0.78631913787,0.617820534961,0.));
#13184 = PLANE('',#13185);
#13185 = AXIS2_PLACEMENT_3D('',#13186,#13187,#13188);
#13186 = CARTESIAN_POINT('',(0.,0.,-7.5E-02));
#13187 = DIRECTION('',(-0.,-0.,-1.));
#13188 = DIRECTION('',(-1.,0.,0.));
#13189 = SHELL_BASED_SURFACE_MODEL('',(#13190));
#13190 = OPEN_SHELL('',(#13191));
#13191 = ADVANCED_FACE('',(#13192),#13261,.T.);
#13192 = FACE_BOUND('',#13193,.T.);
#13193 = EDGE_LOOP('',(#13194,#13205,#13213,#13221,#13230,#13238,#13246,
    #13255));
#13194 = ORIENTED_EDGE('',*,*,#13195,.T.);
#13195 = EDGE_CURVE('',#13196,#13198,#13200,.T.);
#13196 = VERTEX_POINT('',#13197);
#13197 = CARTESIAN_POINT('',(138.730649,-67.555518,-7.5E-02));
#13198 = VERTEX_POINT('',#13199);
#13199 = CARTESIAN_POINT('',(138.230649,-67.555518,-7.5E-02));
#13200 = CIRCLE('',#13201,0.25);
#13201 = AXIS2_PLACEMENT_3D('',#13202,#13203,#13204);
#13202 = CARTESIAN_POINT('',(138.480649,-67.55551776334,-7.5E-02));
#13203 = DIRECTION('',(-0.,0.,-1.));
#13204 = DIRECTION('',(1.,-9.46630450471E-07,-0.));
#13205 = ORIENTED_EDGE('',*,*,#13206,.T.);
#13206 = EDGE_CURVE('',#13198,#13207,#13209,.T.);
#13207 = VERTEX_POINT('',#13208);
#13208 = CARTESIAN_POINT('',(138.230649,-67.23409,-7.5E-02));
#13209 = LINE('',#13210,#13211);
#13210 = CARTESIAN_POINT('',(138.230649,-67.555518,-7.5E-02));
#13211 = VECTOR('',#13212,1.);
#13212 = DIRECTION('',(0.,1.,0.));
#13213 = ORIENTED_EDGE('',*,*,#13214,.T.);
#13214 = EDGE_CURVE('',#13207,#13215,#13217,.T.);
#13215 = VERTEX_POINT('',#13216);
#13216 = CARTESIAN_POINT('',(136.480649,-67.23409,-7.5E-02));
#13217 = LINE('',#13218,#13219);
#13218 = CARTESIAN_POINT('',(138.230649,-67.23409,-7.5E-02));
#13219 = VECTOR('',#13220,1.);
#13220 = DIRECTION('',(-1.,0.,0.));
#13221 = ORIENTED_EDGE('',*,*,#13222,.T.);
#13222 = EDGE_CURVE('',#13215,#13223,#13225,.T.);
#13223 = VERTEX_POINT('',#13224);
#13224 = CARTESIAN_POINT('',(136.480649,-66.73409,-7.5E-02));
#13225 = CIRCLE('',#13226,0.25);
#13226 = AXIS2_PLACEMENT_3D('',#13227,#13228,#13229);
#13227 = CARTESIAN_POINT('',(136.48064923665,-66.98409,-7.5E-02));
#13228 = DIRECTION('',(0.,0.,-1.));
#13229 = DIRECTION('',(-9.466303936274E-07,-1.,-0.));
#13230 = ORIENTED_EDGE('',*,*,#13231,.T.);
#13231 = EDGE_CURVE('',#13223,#13232,#13234,.T.);
#13232 = VERTEX_POINT('',#13233);
#13233 = CARTESIAN_POINT('',(138.230649,-66.73409,-7.5E-02));
#13234 = LINE('',#13235,#13236);
#13235 = CARTESIAN_POINT('',(136.480649,-66.73409,-7.5E-02));
#13236 = VECTOR('',#13237,1.);
#13237 = DIRECTION('',(1.,0.,0.));
#13238 = ORIENTED_EDGE('',*,*,#13239,.T.);
#13239 = EDGE_CURVE('',#13232,#13240,#13242,.T.);
#13240 = VERTEX_POINT('',#13241);
#13241 = CARTESIAN_POINT('',(138.230649,-66.412661,-7.5E-02));
#13242 = LINE('',#13243,#13244);
#13243 = CARTESIAN_POINT('',(138.230649,-66.73409,-7.5E-02));
#13244 = VECTOR('',#13245,1.);
#13245 = DIRECTION('',(0.,1.,0.));
#13246 = ORIENTED_EDGE('',*,*,#13247,.T.);
#13247 = EDGE_CURVE('',#13240,#13248,#13250,.T.);
#13248 = VERTEX_POINT('',#13249);
#13249 = CARTESIAN_POINT('',(138.730649,-66.412661,-7.5E-02));
#13250 = CIRCLE('',#13251,0.250000000003);
#13251 = AXIS2_PLACEMENT_3D('',#13252,#13253,#13254);
#13252 = CARTESIAN_POINT('',(138.480649,-66.41266218974,-7.5E-02));
#13253 = DIRECTION('',(0.,0.,-1.));
#13254 = DIRECTION('',(-0.999999999989,4.758985653499E-06,0.));
#13255 = ORIENTED_EDGE('',*,*,#13256,.T.);
#13256 = EDGE_CURVE('',#13248,#13196,#13257,.T.);
#13257 = LINE('',#13258,#13259);
#13258 = CARTESIAN_POINT('',(138.730649,-66.412661,-7.5E-02));
#13259 = VECTOR('',#13260,1.);
#13260 = DIRECTION('',(0.,-1.,0.));
#13261 = PLANE('',#13262);
#13262 = AXIS2_PLACEMENT_3D('',#13263,#13264,#13265);
#13263 = CARTESIAN_POINT('',(0.,0.,-7.5E-02));
#13264 = DIRECTION('',(-0.,-0.,-1.));
#13265 = DIRECTION('',(-1.,0.,0.));
#13266 = SHELL_BASED_SURFACE_MODEL('',(#13267));
#13267 = OPEN_SHELL('',(#13268));
#13268 = ADVANCED_FACE('',(#13269),#13371,.T.);
#13269 = FACE_BOUND('',#13270,.T.);
#13270 = EDGE_LOOP('',(#13271,#13281,#13289,#13297,#13305,#13314,#13322,
    #13331,#13339,#13348,#13356,#13365));
#13271 = ORIENTED_EDGE('',*,*,#13272,.T.);
#13272 = EDGE_CURVE('',#13273,#13275,#13277,.T.);
#13273 = VERTEX_POINT('',#13274);
#13274 = CARTESIAN_POINT('',(138.063983,-65.365042,-7.5E-02));
#13275 = VERTEX_POINT('',#13276);
#13276 = CARTESIAN_POINT('',(138.055105,-65.431073,-7.5E-02));
#13277 = LINE('',#13278,#13279);
#13278 = CARTESIAN_POINT('',(138.063983,-65.365042,-7.5E-02));
#13279 = VECTOR('',#13280,1.);
#13280 = DIRECTION('',(-0.133252964796,-0.991082058849,0.));
#13281 = ORIENTED_EDGE('',*,*,#13282,.T.);
#13282 = EDGE_CURVE('',#13275,#13283,#13285,.T.);
#13283 = VERTEX_POINT('',#13284);
#13284 = CARTESIAN_POINT('',(138.03759,-65.476845,-7.5E-02));
#13285 = LINE('',#13286,#13287);
#13286 = CARTESIAN_POINT('',(138.055105,-65.431073,-7.5E-02));
#13287 = VECTOR('',#13288,1.);
#13288 = DIRECTION('',(-0.357385634546,-0.933956909188,0.));
#13289 = ORIENTED_EDGE('',*,*,#13290,.T.);
#13290 = EDGE_CURVE('',#13283,#13291,#13293,.T.);
#13291 = VERTEX_POINT('',#13292);
#13292 = CARTESIAN_POINT('',(137.988924,-65.574175,-7.5E-02));
#13293 = LINE('',#13294,#13295);
#13294 = CARTESIAN_POINT('',(138.03759,-65.476845,-7.5E-02));
#13295 = VECTOR('',#13296,1.);
#13296 = DIRECTION('',(-0.447220947163,-0.894423515131,0.));
#13297 = ORIENTED_EDGE('',*,*,#13298,.T.);
#13298 = EDGE_CURVE('',#13291,#13299,#13301,.T.);
#13299 = VERTEX_POINT('',#13300);
#13300 = CARTESIAN_POINT('',(138.02185,-65.607101,-7.5E-02));
#13301 = LINE('',#13302,#13303);
#13302 = CARTESIAN_POINT('',(137.988924,-65.574175,-7.5E-02));
#13303 = VECTOR('',#13304,1.);
#13304 = DIRECTION('',(0.707106781187,-0.707106781187,0.));
#13305 = ORIENTED_EDGE('',*,*,#13306,.T.);
#13306 = EDGE_CURVE('',#13299,#13307,#13309,.T.);
#13307 = VERTEX_POINT('',#13308);
#13308 = CARTESIAN_POINT('',(137.813983,-65.995994,-7.5E-02));
#13309 = CIRCLE('',#13310,0.25);
#13310 = AXIS2_PLACEMENT_3D('',#13311,#13312,#13313);
#13311 = CARTESIAN_POINT('',(137.81398289209,-65.745994,-7.5E-02));
#13312 = DIRECTION('',(0.,0.,-1.));
#13313 = DIRECTION('',(0.831468431641,0.555572,0.));
#13314 = ORIENTED_EDGE('',*,*,#13315,.T.);
#13315 = EDGE_CURVE('',#13307,#13316,#13318,.T.);
#13316 = VERTEX_POINT('',#13317);
#13317 = CARTESIAN_POINT('',(136.480649,-65.995994,-7.5E-02));
#13318 = LINE('',#13319,#13320);
#13319 = CARTESIAN_POINT('',(137.813983,-65.995994,-7.5E-02));
#13320 = VECTOR('',#13321,1.);
#13321 = DIRECTION('',(-1.,0.,0.));
#13322 = ORIENTED_EDGE('',*,*,#13323,.T.);
#13323 = EDGE_CURVE('',#13316,#13324,#13326,.T.);
#13324 = VERTEX_POINT('',#13325);
#13325 = CARTESIAN_POINT('',(136.480649,-65.495994,-7.5E-02));
#13326 = CIRCLE('',#13327,0.25);
#13327 = AXIS2_PLACEMENT_3D('',#13328,#13329,#13330);
#13328 = CARTESIAN_POINT('',(136.48064923665,-65.745994,-7.5E-02));
#13329 = DIRECTION('',(0.,0.,-1.));
#13330 = DIRECTION('',(-9.466303936274E-07,-1.,-0.));
#13331 = ORIENTED_EDGE('',*,*,#13332,.T.);
#13332 = EDGE_CURVE('',#13324,#13333,#13335,.T.);
#13333 = VERTEX_POINT('',#13334);
#13334 = CARTESIAN_POINT('',(137.374013,-65.495994,-7.5E-02));
#13335 = LINE('',#13336,#13337);
#13336 = CARTESIAN_POINT('',(136.480649,-65.495994,-7.5E-02));
#13337 = VECTOR('',#13338,1.);
#13338 = DIRECTION('',(1.,0.,0.));
#13339 = ORIENTED_EDGE('',*,*,#13340,.T.);
#13340 = EDGE_CURVE('',#13333,#13341,#13343,.T.);
#13341 = VERTEX_POINT('',#13342);
#13342 = CARTESIAN_POINT('',(137.563983,-65.306024,-7.5E-02));
#13343 = CIRCLE('',#13344,0.260961367021);
#13344 = AXIS2_PLACEMENT_3D('',#13345,#13346,#13347);
#13345 = CARTESIAN_POINT('',(137.31079475315,-65.24280575315,-7.5E-02));
#13346 = DIRECTION('',(0.,0.,1.));
#13347 = DIRECTION('',(0.242251362993,-0.970213521411,0.));
#13348 = ORIENTED_EDGE('',*,*,#13349,.T.);
#13349 = EDGE_CURVE('',#13341,#13350,#13352,.T.);
#13350 = VERTEX_POINT('',#13351);
#13351 = CARTESIAN_POINT('',(137.563983,-65.174565,-7.5E-02));
#13352 = LINE('',#13353,#13354);
#13353 = CARTESIAN_POINT('',(137.563983,-65.306024,-7.5E-02));
#13354 = VECTOR('',#13355,1.);
#13355 = DIRECTION('',(0.,1.,0.));
#13356 = ORIENTED_EDGE('',*,*,#13357,.T.);
#13357 = EDGE_CURVE('',#13350,#13358,#13360,.T.);
#13358 = VERTEX_POINT('',#13359);
#13359 = CARTESIAN_POINT('',(138.063983,-65.174565,-7.5E-02));
#13360 = CIRCLE('',#13361,0.250000000003);
#13361 = AXIS2_PLACEMENT_3D('',#13362,#13363,#13364);
#13362 = CARTESIAN_POINT('',(137.813983,-65.17456618974,-7.5E-02));
#13363 = DIRECTION('',(0.,0.,-1.));
#13364 = DIRECTION('',(-0.999999999989,4.758985141908E-06,0.));
#13365 = ORIENTED_EDGE('',*,*,#13366,.T.);
#13366 = EDGE_CURVE('',#13358,#13273,#13367,.T.);
#13367 = LINE('',#13368,#13369);
#13368 = CARTESIAN_POINT('',(138.063983,-65.174565,-7.5E-02));
#13369 = VECTOR('',#13370,1.);
#13370 = DIRECTION('',(0.,-1.,0.));
#13371 = PLANE('',#13372);
#13372 = AXIS2_PLACEMENT_3D('',#13373,#13374,#13375);
#13373 = CARTESIAN_POINT('',(0.,0.,-7.5E-02));
#13374 = DIRECTION('',(-0.,-0.,-1.));
#13375 = DIRECTION('',(-1.,0.,0.));
#13376 = SHELL_BASED_SURFACE_MODEL('',(#13377));
#13377 = OPEN_SHELL('',(#13378));
#13378 = ADVANCED_FACE('',(#13379,#13701),#13771,.T.);
#13379 = FACE_BOUND('',#13380,.T.);
#13380 = EDGE_LOOP('',(#13381,#13391,#13399,#13407,#13415,#13423,#13431,
    #13439,#13447,#13455,#13463,#13471,#13479,#13487,#13495,#13503,
    #13511,#13519,#13527,#13535,#13543,#13551,#13559,#13567,#13575,
    #13583,#13591,#13599,#13607,#13615,#13623,#13631,#13639,#13647,
    #13655,#13663,#13671,#13679,#13687,#13695));
#13381 = ORIENTED_EDGE('',*,*,#13382,.T.);
#13382 = EDGE_CURVE('',#13383,#13385,#13387,.T.);
#13383 = VERTEX_POINT('',#13384);
#13384 = CARTESIAN_POINT('',(136.812829,-63.310322,-7.5E-02));
#13385 = VERTEX_POINT('',#13386);
#13386 = CARTESIAN_POINT('',(136.861602,-63.305518,-7.5E-02));
#13387 = LINE('',#13388,#13389);
#13388 = CARTESIAN_POINT('',(136.812829,-63.310322,-7.5E-02));
#13389 = VECTOR('',#13390,1.);
#13390 = DIRECTION('',(0.995184171778,9.802277410085E-02,0.));
#13391 = ORIENTED_EDGE('',*,*,#13392,.T.);
#13392 = EDGE_CURVE('',#13385,#13393,#13395,.T.);
#13393 = VERTEX_POINT('',#13394);
#13394 = CARTESIAN_POINT('',(137.43303,-63.305518,-7.5E-02));
#13395 = LINE('',#13396,#13397);
#13396 = CARTESIAN_POINT('',(136.861602,-63.305518,-7.5E-02));
#13397 = VECTOR('',#13398,1.);
#13398 = DIRECTION('',(1.,0.,0.));
#13399 = ORIENTED_EDGE('',*,*,#13400,.T.);
#13400 = EDGE_CURVE('',#13393,#13401,#13403,.T.);
#13401 = VERTEX_POINT('',#13402);
#13402 = CARTESIAN_POINT('',(137.481803,-63.310322,-7.5E-02));
#13403 = LINE('',#13404,#13405);
#13404 = CARTESIAN_POINT('',(137.43303,-63.305518,-7.5E-02));
#13405 = VECTOR('',#13406,1.);
#13406 = DIRECTION('',(0.995184171778,-9.802277410085E-02,0.));
#13407 = ORIENTED_EDGE('',*,*,#13408,.T.);
#13408 = EDGE_CURVE('',#13401,#13409,#13411,.T.);
#13409 = VERTEX_POINT('',#13410);
#13410 = CARTESIAN_POINT('',(137.544833,-63.331911,-7.5E-02));
#13411 = LINE('',#13412,#13413);
#13412 = CARTESIAN_POINT('',(137.481803,-63.310322,-7.5E-02));
#13413 = VECTOR('',#13414,1.);
#13414 = DIRECTION('',(0.946043918992,-0.324038428798,0.));
#13415 = ORIENTED_EDGE('',*,*,#13416,.T.);
#13416 = EDGE_CURVE('',#13409,#13417,#13419,.T.);
#13417 = VERTEX_POINT('',#13418);
#13418 = CARTESIAN_POINT('',(137.762399,-63.442889,-7.5E-02));
#13419 = LINE('',#13420,#13421);
#13420 = CARTESIAN_POINT('',(137.544833,-63.331911,-7.5E-02));
#13421 = VECTOR('',#13422,1.);
#13422 = DIRECTION('',(0.890803405394,-0.454388922552,0.));
#13423 = ORIENTED_EDGE('',*,*,#13424,.T.);
#13424 = EDGE_CURVE('',#13417,#13425,#13427,.T.);
#13425 = VERTEX_POINT('',#13426);
#13426 = CARTESIAN_POINT('',(137.800284,-63.473979,-7.5E-02));
#13427 = LINE('',#13428,#13429);
#13428 = CARTESIAN_POINT('',(137.762399,-63.442889,-7.5E-02));
#13429 = VECTOR('',#13430,1.);
#13430 = DIRECTION('',(0.773024621881,-0.634376019381,0.));
#13431 = ORIENTED_EDGE('',*,*,#13432,.T.);
#13432 = EDGE_CURVE('',#13425,#13433,#13435,.T.);
#13433 = VERTEX_POINT('',#13434);
#13434 = CARTESIAN_POINT('',(137.916243,-63.592715,-7.5E-02));
#13435 = LINE('',#13436,#13437);
#13436 = CARTESIAN_POINT('',(137.800284,-63.473979,-7.5E-02));
#13437 = VECTOR('',#13438,1.);
#13438 = DIRECTION('',(0.698691117855,-0.715423456305,0.));
#13439 = ORIENTED_EDGE('',*,*,#13440,.T.);
#13440 = EDGE_CURVE('',#13433,#13441,#13443,.T.);
#13441 = VERTEX_POINT('',#13442);
#13442 = CARTESIAN_POINT('',(137.942352,-63.634191,-7.5E-02));
#13443 = LINE('',#13444,#13445);
#13444 = CARTESIAN_POINT('',(137.916243,-63.592715,-7.5E-02));
#13445 = VECTOR('',#13446,1.);
#13446 = DIRECTION('',(0.532732632689,-0.846283606168,0.));
#13447 = ORIENTED_EDGE('',*,*,#13448,.T.);
#13448 = EDGE_CURVE('',#13441,#13449,#13451,.T.);
#13449 = VERTEX_POINT('',#13450);
#13450 = CARTESIAN_POINT('',(138.03759,-63.824667,-7.5E-02));
#13451 = LINE('',#13452,#13453);
#13452 = CARTESIAN_POINT('',(137.942352,-63.634191,-7.5E-02));
#13453 = VECTOR('',#13454,1.);
#13454 = DIRECTION('',(0.4472135955,-0.894427191,0.));
#13455 = ORIENTED_EDGE('',*,*,#13456,.T.);
#13456 = EDGE_CURVE('',#13449,#13457,#13459,.T.);
#13457 = VERTEX_POINT('',#13458);
#13458 = CARTESIAN_POINT('',(138.059179,-63.887697,-7.5E-02));
#13459 = LINE('',#13460,#13461);
#13460 = CARTESIAN_POINT('',(138.03759,-63.824667,-7.5E-02));
#13461 = VECTOR('',#13462,1.);
#13462 = DIRECTION('',(0.324038428798,-0.946043918992,0.));
#13463 = ORIENTED_EDGE('',*,*,#13464,.T.);
#13464 = EDGE_CURVE('',#13457,#13465,#13467,.T.);
#13465 = VERTEX_POINT('',#13466);
#13466 = CARTESIAN_POINT('',(138.063983,-63.93647,-7.5E-02));
#13467 = LINE('',#13468,#13469);
#13468 = CARTESIAN_POINT('',(138.059179,-63.887697,-7.5E-02));
#13469 = VECTOR('',#13470,1.);
#13470 = DIRECTION('',(9.802277410102E-02,-0.995184171778,0.));
#13471 = ORIENTED_EDGE('',*,*,#13472,.T.);
#13472 = EDGE_CURVE('',#13465,#13473,#13475,.T.);
#13473 = VERTEX_POINT('',#13474);
#13474 = CARTESIAN_POINT('',(138.063983,-64.222185,-7.5E-02));
#13475 = LINE('',#13476,#13477);
#13476 = CARTESIAN_POINT('',(138.063983,-63.93647,-7.5E-02));
#13477 = VECTOR('',#13478,1.);
#13478 = DIRECTION('',(0.,-1.,0.));
#13479 = ORIENTED_EDGE('',*,*,#13480,.T.);
#13480 = EDGE_CURVE('',#13473,#13481,#13483,.T.);
#13481 = VERTEX_POINT('',#13482);
#13482 = CARTESIAN_POINT('',(138.055105,-64.288216,-7.5E-02));
#13483 = LINE('',#13484,#13485);
#13484 = CARTESIAN_POINT('',(138.063983,-64.222185,-7.5E-02));
#13485 = VECTOR('',#13486,1.);
#13486 = DIRECTION('',(-0.133252964796,-0.991082058849,0.));
#13487 = ORIENTED_EDGE('',*,*,#13488,.T.);
#13488 = EDGE_CURVE('',#13481,#13489,#13491,.T.);
#13489 = VERTEX_POINT('',#13490);
#13490 = CARTESIAN_POINT('',(138.03759,-64.333988,-7.5E-02));
#13491 = LINE('',#13492,#13493);
#13492 = CARTESIAN_POINT('',(138.055105,-64.288216,-7.5E-02));
#13493 = VECTOR('',#13494,1.);
#13494 = DIRECTION('',(-0.357385634546,-0.933956909188,0.));
#13495 = ORIENTED_EDGE('',*,*,#13496,.T.);
#13496 = EDGE_CURVE('',#13489,#13497,#13499,.T.);
#13497 = VERTEX_POINT('',#13498);
#13498 = CARTESIAN_POINT('',(137.926613,-64.551553,-7.5E-02));
#13499 = LINE('',#13500,#13501);
#13500 = CARTESIAN_POINT('',(138.03759,-64.333988,-7.5E-02));
#13501 = VECTOR('',#13502,1.);
#13502 = DIRECTION('',(-0.454387330803,-0.890804217326,0.));
#13503 = ORIENTED_EDGE('',*,*,#13504,.T.);
#13504 = EDGE_CURVE('',#13497,#13505,#13507,.T.);
#13505 = VERTEX_POINT('',#13506);
#13506 = CARTESIAN_POINT('',(137.895522,-64.589438,-7.5E-02));
#13507 = LINE('',#13508,#13509);
#13508 = CARTESIAN_POINT('',(137.926613,-64.551553,-7.5E-02));
#13509 = VECTOR('',#13510,1.);
#13510 = DIRECTION('',(-0.634388212204,-0.773014615784,0.));
#13511 = ORIENTED_EDGE('',*,*,#13512,.T.);
#13512 = EDGE_CURVE('',#13505,#13513,#13515,.T.);
#13513 = VERTEX_POINT('',#13514);
#13514 = CARTESIAN_POINT('',(137.776786,-64.705397,-7.5E-02));
#13515 = LINE('',#13516,#13517);
#13516 = CARTESIAN_POINT('',(137.895522,-64.589438,-7.5E-02));
#13517 = VECTOR('',#13518,1.);
#13518 = DIRECTION('',(-0.715423456305,-0.698691117855,0.));
#13519 = ORIENTED_EDGE('',*,*,#13520,.T.);
#13520 = EDGE_CURVE('',#13513,#13521,#13523,.T.);
#13521 = VERTEX_POINT('',#13522);
#13522 = CARTESIAN_POINT('',(137.73531,-64.731506,-7.5E-02));
#13523 = LINE('',#13524,#13525);
#13524 = CARTESIAN_POINT('',(137.776786,-64.705397,-7.5E-02));
#13525 = VECTOR('',#13526,1.);
#13526 = DIRECTION('',(-0.846283606167,-0.532732632689,0.));
#13527 = ORIENTED_EDGE('',*,*,#13528,.T.);
#13528 = EDGE_CURVE('',#13521,#13529,#13531,.T.);
#13529 = VERTEX_POINT('',#13530);
#13530 = CARTESIAN_POINT('',(137.544833,-64.826744,-7.5E-02));
#13531 = LINE('',#13532,#13533);
#13532 = CARTESIAN_POINT('',(137.73531,-64.731506,-7.5E-02));
#13533 = VECTOR('',#13534,1.);
#13534 = DIRECTION('',(-0.894428130143,-0.447211717208,0.));
#13535 = ORIENTED_EDGE('',*,*,#13536,.T.);
#13536 = EDGE_CURVE('',#13529,#13537,#13539,.T.);
#13537 = VERTEX_POINT('',#13538);
#13538 = CARTESIAN_POINT('',(137.481803,-64.848333,-7.5E-02));
#13539 = LINE('',#13540,#13541);
#13540 = CARTESIAN_POINT('',(137.544833,-64.826744,-7.5E-02));
#13541 = VECTOR('',#13542,1.);
#13542 = DIRECTION('',(-0.946043918992,-0.324038428798,0.));
#13543 = ORIENTED_EDGE('',*,*,#13544,.T.);
#13544 = EDGE_CURVE('',#13537,#13545,#13547,.T.);
#13545 = VERTEX_POINT('',#13546);
#13546 = CARTESIAN_POINT('',(137.43303,-64.853137,-7.5E-02));
#13547 = LINE('',#13548,#13549);
#13548 = CARTESIAN_POINT('',(137.481803,-64.848333,-7.5E-02));
#13549 = VECTOR('',#13550,1.);
#13550 = DIRECTION('',(-0.995184171778,-9.802277410099E-02,0.));
#13551 = ORIENTED_EDGE('',*,*,#13552,.T.);
#13552 = EDGE_CURVE('',#13545,#13553,#13555,.T.);
#13553 = VERTEX_POINT('',#13554);
#13554 = CARTESIAN_POINT('',(136.861602,-64.853137,-7.5E-02));
#13555 = LINE('',#13556,#13557);
#13556 = CARTESIAN_POINT('',(137.43303,-64.853137,-7.5E-02));
#13557 = VECTOR('',#13558,1.);
#13558 = DIRECTION('',(-1.,0.,0.));
#13559 = ORIENTED_EDGE('',*,*,#13560,.T.);
#13560 = EDGE_CURVE('',#13553,#13561,#13563,.T.);
#13561 = VERTEX_POINT('',#13562);
#13562 = CARTESIAN_POINT('',(136.795571,-64.844259,-7.5E-02));
#13563 = LINE('',#13564,#13565);
#13564 = CARTESIAN_POINT('',(136.861602,-64.853137,-7.5E-02));
#13565 = VECTOR('',#13566,1.);
#13566 = DIRECTION('',(-0.991082058849,0.133252964796,0.));
#13567 = ORIENTED_EDGE('',*,*,#13568,.T.);
#13568 = EDGE_CURVE('',#13561,#13569,#13571,.T.);
#13569 = VERTEX_POINT('',#13570);
#13570 = CARTESIAN_POINT('',(136.749799,-64.826744,-7.5E-02));
#13571 = LINE('',#13572,#13573);
#13572 = CARTESIAN_POINT('',(136.795571,-64.844259,-7.5E-02));
#13573 = VECTOR('',#13574,1.);
#13574 = DIRECTION('',(-0.933956909188,0.357385634546,0.));
#13575 = ORIENTED_EDGE('',*,*,#13576,.T.);
#13576 = EDGE_CURVE('',#13569,#13577,#13579,.T.);
#13577 = VERTEX_POINT('',#13578);
#13578 = CARTESIAN_POINT('',(136.532234,-64.715767,-7.5E-02));
#13579 = LINE('',#13580,#13581);
#13580 = CARTESIAN_POINT('',(136.749799,-64.826744,-7.5E-02));
#13581 = VECTOR('',#13582,1.);
#13582 = DIRECTION('',(-0.890804217326,0.454387330803,0.));
#13583 = ORIENTED_EDGE('',*,*,#13584,.T.);
#13584 = EDGE_CURVE('',#13577,#13585,#13587,.T.);
#13585 = VERTEX_POINT('',#13586);
#13586 = CARTESIAN_POINT('',(136.494349,-64.684676,-7.5E-02));
#13587 = LINE('',#13588,#13589);
#13588 = CARTESIAN_POINT('',(136.532234,-64.715767,-7.5E-02));
#13589 = VECTOR('',#13590,1.);
#13590 = DIRECTION('',(-0.773014615784,0.634388212204,0.));
#13591 = ORIENTED_EDGE('',*,*,#13592,.T.);
#13592 = EDGE_CURVE('',#13585,#13593,#13595,.T.);
#13593 = VERTEX_POINT('',#13594);
#13594 = CARTESIAN_POINT('',(136.378391,-64.565941,-7.5E-02));
#13595 = LINE('',#13596,#13597);
#13596 = CARTESIAN_POINT('',(136.494349,-64.684676,-7.5E-02));
#13597 = VECTOR('',#13598,1.);
#13598 = DIRECTION('',(-0.698691045727,0.715423526746,0.));
#13599 = ORIENTED_EDGE('',*,*,#13600,.T.);
#13600 = EDGE_CURVE('',#13593,#13601,#13603,.T.);
#13601 = VERTEX_POINT('',#13602);
#13602 = CARTESIAN_POINT('',(136.352282,-64.524465,-7.5E-02));
#13603 = LINE('',#13604,#13605);
#13604 = CARTESIAN_POINT('',(136.378391,-64.565941,-7.5E-02));
#13605 = VECTOR('',#13606,1.);
#13606 = DIRECTION('',(-0.532732632689,0.846283606167,0.));
#13607 = ORIENTED_EDGE('',*,*,#13608,.T.);
#13608 = EDGE_CURVE('',#13601,#13609,#13611,.T.);
#13609 = VERTEX_POINT('',#13610);
#13610 = CARTESIAN_POINT('',(136.257043,-64.333989,-7.5E-02));
#13611 = LINE('',#13612,#13613);
#13612 = CARTESIAN_POINT('',(136.352282,-64.524465,-7.5E-02));
#13613 = VECTOR('',#13614,1.);
#13614 = DIRECTION('',(-0.447217352086,0.894425312697,0.));
#13615 = ORIENTED_EDGE('',*,*,#13616,.T.);
#13616 = EDGE_CURVE('',#13609,#13617,#13619,.T.);
#13617 = VERTEX_POINT('',#13618);
#13618 = CARTESIAN_POINT('',(136.235453,-64.270958,-7.5E-02));
#13619 = LINE('',#13620,#13621);
#13620 = CARTESIAN_POINT('',(136.257043,-64.333989,-7.5E-02));
#13621 = VECTOR('',#13622,1.);
#13622 = DIRECTION('',(-0.324047260828,0.946040893804,0.));
#13623 = ORIENTED_EDGE('',*,*,#13624,.T.);
#13624 = EDGE_CURVE('',#13617,#13625,#13627,.T.);
#13625 = VERTEX_POINT('',#13626);
#13626 = CARTESIAN_POINT('',(136.230649,-64.222185,-7.5E-02));
#13627 = LINE('',#13628,#13629);
#13628 = CARTESIAN_POINT('',(136.235453,-64.270958,-7.5E-02));
#13629 = VECTOR('',#13630,1.);
#13630 = DIRECTION('',(-9.802277410102E-02,0.995184171778,0.));
#13631 = ORIENTED_EDGE('',*,*,#13632,.T.);
#13632 = EDGE_CURVE('',#13625,#13633,#13635,.T.);
#13633 = VERTEX_POINT('',#13634);
#13634 = CARTESIAN_POINT('',(136.230649,-63.93647,-7.5E-02));
#13635 = LINE('',#13636,#13637);
#13636 = CARTESIAN_POINT('',(136.230649,-64.222185,-7.5E-02));
#13637 = VECTOR('',#13638,1.);
#13638 = DIRECTION('',(0.,1.,0.));
#13639 = ORIENTED_EDGE('',*,*,#13640,.T.);
#13640 = EDGE_CURVE('',#13633,#13641,#13643,.T.);
#13641 = VERTEX_POINT('',#13642);
#13642 = CARTESIAN_POINT('',(136.239527,-63.870438,-7.5E-02));
#13643 = LINE('',#13644,#13645);
#13644 = CARTESIAN_POINT('',(136.230649,-63.93647,-7.5E-02));
#13645 = VECTOR('',#13646,1.);
#13646 = DIRECTION('',(0.133250982622,0.991082325355,0.));
#13647 = ORIENTED_EDGE('',*,*,#13648,.T.);
#13648 = EDGE_CURVE('',#13641,#13649,#13651,.T.);
#13649 = VERTEX_POINT('',#13650);
#13650 = CARTESIAN_POINT('',(136.257043,-63.824666,-7.5E-02));
#13651 = LINE('',#13652,#13653);
#13652 = CARTESIAN_POINT('',(136.239527,-63.870438,-7.5E-02));
#13653 = VECTOR('',#13654,1.);
#13654 = DIRECTION('',(0.357403432737,0.933950098382,0.));
#13655 = ORIENTED_EDGE('',*,*,#13656,.T.);
#13656 = EDGE_CURVE('',#13649,#13657,#13659,.T.);
#13657 = VERTEX_POINT('',#13658);
#13658 = CARTESIAN_POINT('',(136.368021,-63.607102,-7.5E-02));
#13659 = LINE('',#13660,#13661);
#13660 = CARTESIAN_POINT('',(136.257043,-63.824666,-7.5E-02));
#13661 = VECTOR('',#13662,1.);
#13662 = DIRECTION('',(0.454392237167,0.890801714638,0.));
#13663 = ORIENTED_EDGE('',*,*,#13664,.T.);
#13664 = EDGE_CURVE('',#13657,#13665,#13667,.T.);
#13665 = VERTEX_POINT('',#13666);
#13666 = CARTESIAN_POINT('',(136.399111,-63.569217,-7.5E-02));
#13667 = LINE('',#13668,#13669);
#13668 = CARTESIAN_POINT('',(136.368021,-63.607102,-7.5E-02));
#13669 = VECTOR('',#13670,1.);
#13670 = DIRECTION('',(0.634376019382,0.773024621881,0.));
#13671 = ORIENTED_EDGE('',*,*,#13672,.T.);
#13672 = EDGE_CURVE('',#13665,#13673,#13675,.T.);
#13673 = VERTEX_POINT('',#13674);
#13674 = CARTESIAN_POINT('',(136.517847,-63.453258,-7.5E-02));
#13675 = LINE('',#13676,#13677);
#13676 = CARTESIAN_POINT('',(136.399111,-63.569217,-7.5E-02));
#13677 = VECTOR('',#13678,1.);
#13678 = DIRECTION('',(0.715423456304,0.698691117855,0.));
#13679 = ORIENTED_EDGE('',*,*,#13680,.T.);
#13680 = EDGE_CURVE('',#13673,#13681,#13683,.T.);
#13681 = VERTEX_POINT('',#13682);
#13682 = CARTESIAN_POINT('',(136.559323,-63.427149,-7.5E-02));
#13683 = LINE('',#13684,#13685);
#13684 = CARTESIAN_POINT('',(136.517847,-63.453258,-7.5E-02));
#13685 = VECTOR('',#13686,1.);
#13686 = DIRECTION('',(0.846283606168,0.532732632689,0.));
#13687 = ORIENTED_EDGE('',*,*,#13688,.T.);
#13688 = EDGE_CURVE('',#13681,#13689,#13691,.T.);
#13689 = VERTEX_POINT('',#13690);
#13690 = CARTESIAN_POINT('',(136.749799,-63.331911,-7.5E-02));
#13691 = LINE('',#13692,#13693);
#13692 = CARTESIAN_POINT('',(136.559323,-63.427149,-7.5E-02));
#13693 = VECTOR('',#13694,1.);
#13694 = DIRECTION('',(0.894427191,0.4472135955,0.));
#13695 = ORIENTED_EDGE('',*,*,#13696,.T.);
#13696 = EDGE_CURVE('',#13689,#13383,#13697,.T.);
#13697 = LINE('',#13698,#13699);
#13698 = CARTESIAN_POINT('',(136.749799,-63.331911,-7.5E-02));
#13699 = VECTOR('',#13700,1.);
#13700 = DIRECTION('',(0.946043918992,0.324038428798,0.));
#13701 = FACE_BOUND('',#13702,.T.);
#13702 = EDGE_LOOP('',(#13703,#13714,#13722,#13731,#13739,#13748,#13756,
    #13765));
#13703 = ORIENTED_EDGE('',*,*,#13704,.T.);
#13704 = EDGE_CURVE('',#13705,#13707,#13709,.T.);
#13705 = VERTEX_POINT('',#13706);
#13706 = CARTESIAN_POINT('',(137.475416,-63.856219,-7.5E-02));
#13707 = VERTEX_POINT('',#13708);
#13708 = CARTESIAN_POINT('',(136.819216,-63.856219,-7.5E-02));
#13709 = CIRCLE('',#13710,0.622875376388);
#13710 = AXIS2_PLACEMENT_3D('',#13711,#13712,#13713);
#13711 = CARTESIAN_POINT('',(137.147316,-64.3856754425,-7.5E-02));
#13712 = DIRECTION('',(0.,0.,1.));
#13713 = DIRECTION('',(0.526750634938,0.850019863646,-0.));
#13714 = ORIENTED_EDGE('',*,*,#13715,.T.);
#13715 = EDGE_CURVE('',#13707,#13716,#13718,.T.);
#13716 = VERTEX_POINT('',#13717);
#13717 = CARTESIAN_POINT('',(136.781349,-63.894086,-7.5E-02));
#13718 = LINE('',#13719,#13720);
#13719 = CARTESIAN_POINT('',(136.819216,-63.856219,-7.5E-02));
#13720 = VECTOR('',#13721,1.);
#13721 = DIRECTION('',(-0.707106781187,-0.707106781186,0.));
#13722 = ORIENTED_EDGE('',*,*,#13723,.T.);
#13723 = EDGE_CURVE('',#13716,#13724,#13726,.T.);
#13724 = VERTEX_POINT('',#13725);
#13725 = CARTESIAN_POINT('',(136.781349,-64.264568,-7.5E-02));
#13726 = CIRCLE('',#13727,0.306136433482);
#13727 = AXIS2_PLACEMENT_3D('',#13728,#13729,#13730);
#13728 = CARTESIAN_POINT('',(137.025081,-64.079327,-7.5E-02));
#13729 = DIRECTION('',(0.,0.,1.));
#13730 = DIRECTION('',(-0.796154829492,0.605092957715,0.));
#13731 = ORIENTED_EDGE('',*,*,#13732,.T.);
#13732 = EDGE_CURVE('',#13724,#13733,#13735,.T.);
#13733 = VERTEX_POINT('',#13734);
#13734 = CARTESIAN_POINT('',(136.819216,-64.302435,-7.5E-02));
#13735 = LINE('',#13736,#13737);
#13736 = CARTESIAN_POINT('',(136.781349,-64.264568,-7.5E-02));
#13737 = VECTOR('',#13738,1.);
#13738 = DIRECTION('',(0.707106781187,-0.707106781187,0.));
#13739 = ORIENTED_EDGE('',*,*,#13740,.T.);
#13740 = EDGE_CURVE('',#13733,#13741,#13743,.T.);
#13741 = VERTEX_POINT('',#13742);
#13742 = CARTESIAN_POINT('',(137.475416,-64.302435,-7.5E-02));
#13743 = CIRCLE('',#13744,0.62286565006);
#13744 = AXIS2_PLACEMENT_3D('',#13745,#13746,#13747);
#13745 = CARTESIAN_POINT('',(137.147316,-63.77299,-7.5E-02));
#13746 = DIRECTION('',(0.,0.,1.));
#13747 = DIRECTION('',(-0.526758860387,-0.850014766345,0.));
#13748 = ORIENTED_EDGE('',*,*,#13749,.T.);
#13749 = EDGE_CURVE('',#13741,#13750,#13752,.T.);
#13750 = VERTEX_POINT('',#13751);
#13751 = CARTESIAN_POINT('',(137.513281,-64.26457,-7.5E-02));
#13752 = LINE('',#13753,#13754);
#13753 = CARTESIAN_POINT('',(137.475416,-64.302435,-7.5E-02));
#13754 = VECTOR('',#13755,1.);
#13755 = DIRECTION('',(0.707106781187,0.707106781186,0.));
#13756 = ORIENTED_EDGE('',*,*,#13757,.T.);
#13757 = EDGE_CURVE('',#13750,#13758,#13760,.T.);
#13758 = VERTEX_POINT('',#13759);
#13759 = CARTESIAN_POINT('',(137.513281,-63.894084,-7.5E-02));
#13760 = CIRCLE('',#13761,0.306135531029);
#13761 = AXIS2_PLACEMENT_3D('',#13762,#13763,#13764);
#13762 = CARTESIAN_POINT('',(137.26955165357,-64.079327,-7.5E-02));
#13763 = DIRECTION('',(0.,-0.,1.));
#13764 = DIRECTION('',(0.796148508496,-0.605101274515,-0.));
#13765 = ORIENTED_EDGE('',*,*,#13766,.T.);
#13766 = EDGE_CURVE('',#13758,#13705,#13767,.T.);
#13767 = LINE('',#13768,#13769);
#13768 = CARTESIAN_POINT('',(137.513281,-63.894084,-7.5E-02));
#13769 = VECTOR('',#13770,1.);
#13770 = DIRECTION('',(-0.707106781187,0.707106781186,0.));
#13771 = PLANE('',#13772);
#13772 = AXIS2_PLACEMENT_3D('',#13773,#13774,#13775);
#13773 = CARTESIAN_POINT('',(0.,0.,-7.5E-02));
#13774 = DIRECTION('',(-0.,-0.,-1.));
#13775 = DIRECTION('',(-1.,0.,0.));
#13776 = SHELL_BASED_SURFACE_MODEL('',(#13777));
#13777 = OPEN_SHELL('',(#13778));
#13778 = ADVANCED_FACE('',(#13779),#13840,.T.);
#13779 = FACE_BOUND('',#13780,.T.);
#13780 = EDGE_LOOP('',(#13781,#13792,#13800,#13809,#13817,#13825,#13834)
  );
#13781 = ORIENTED_EDGE('',*,*,#13782,.T.);
#13782 = EDGE_CURVE('',#13783,#13785,#13787,.T.);
#13783 = VERTEX_POINT('',#13784);
#13784 = CARTESIAN_POINT('',(133.176677,-63.886193,-7.5E-02));
#13785 = VERTEX_POINT('',#13786);
#13786 = CARTESIAN_POINT('',(133.176677,-63.415322,-7.5E-02));
#13787 = CIRCLE('',#13788,0.250000367244);
#13788 = AXIS2_PLACEMENT_3D('',#13789,#13790,#13791);
#13789 = CARTESIAN_POINT('',(133.26076212925,-63.6507575,-7.5E-02));
#13790 = DIRECTION('',(0.,0.,-1.));
#13791 = DIRECTION('',(-0.336340022946,-0.941740616606,-0.));
#13792 = ORIENTED_EDGE('',*,*,#13793,.T.);
#13793 = EDGE_CURVE('',#13785,#13794,#13796,.T.);
#13794 = VERTEX_POINT('',#13795);
#13795 = CARTESIAN_POINT('',(134.510011,-62.93913,-7.5E-02));
#13796 = LINE('',#13797,#13798);
#13797 = CARTESIAN_POINT('',(133.176677,-63.415322,-7.5E-02));
#13798 = VECTOR('',#13799,1.);
#13799 = DIRECTION('',(0.941741623959,0.336337202378,0.));
#13800 = ORIENTED_EDGE('',*,*,#13801,.T.);
#13801 = EDGE_CURVE('',#13794,#13802,#13804,.T.);
#13802 = VERTEX_POINT('',#13803);
#13803 = CARTESIAN_POINT('',(134.678179,-63.410001,-7.5E-02));
#13804 = CIRCLE('',#13805,0.249999987433);
#13805 = AXIS2_PLACEMENT_3D('',#13806,#13807,#13808);
#13806 = CARTESIAN_POINT('',(134.59409440647,-63.17456571197,-7.5E-02));
#13807 = DIRECTION('',(0.,0.,-1.));
#13808 = DIRECTION('',(-0.336333642791,0.941742895236,-0.));
#13809 = ORIENTED_EDGE('',*,*,#13810,.T.);
#13810 = EDGE_CURVE('',#13802,#13811,#13813,.T.);
#13811 = VERTEX_POINT('',#13812);
#13812 = CARTESIAN_POINT('',(134.004064,-63.650756,-7.5E-02));
#13813 = LINE('',#13814,#13815);
#13814 = CARTESIAN_POINT('',(134.678179,-63.410001,-7.5E-02));
#13815 = VECTOR('',#13816,1.);
#13816 = DIRECTION('',(-0.941742069627,-0.336335954508,0.));
#13817 = ORIENTED_EDGE('',*,*,#13818,.T.);
#13818 = EDGE_CURVE('',#13811,#13819,#13821,.T.);
#13819 = VERTEX_POINT('',#13820);
#13820 = CARTESIAN_POINT('',(134.678179,-63.891512,-7.5E-02));
#13821 = LINE('',#13822,#13823);
#13822 = CARTESIAN_POINT('',(134.004064,-63.650756,-7.5E-02));
#13823 = VECTOR('',#13824,1.);
#13824 = DIRECTION('',(0.941741627137,-0.33633719348,0.));
#13825 = ORIENTED_EDGE('',*,*,#13826,.T.);
#13826 = EDGE_CURVE('',#13819,#13827,#13829,.T.);
#13827 = VERTEX_POINT('',#13828);
#13828 = CARTESIAN_POINT('',(134.510011,-64.362383,-7.5E-02));
#13829 = CIRCLE('',#13830,0.249999987433);
#13830 = AXIS2_PLACEMENT_3D('',#13831,#13832,#13833);
#13831 = CARTESIAN_POINT('',(134.59409524191,-64.12694758639,-7.5E-02));
#13832 = DIRECTION('',(0.,0.,-1.));
#13833 = DIRECTION('',(0.33633504925,0.941742392933,0.));
#13834 = ORIENTED_EDGE('',*,*,#13835,.T.);
#13835 = EDGE_CURVE('',#13827,#13783,#13836,.T.);
#13836 = LINE('',#13837,#13838);
#13837 = CARTESIAN_POINT('',(134.510011,-64.362383,-7.5E-02));
#13838 = VECTOR('',#13839,1.);
#13839 = DIRECTION('',(-0.941742071393,0.336335949564,0.));
#13840 = PLANE('',#13841);
#13841 = AXIS2_PLACEMENT_3D('',#13842,#13843,#13844);
#13842 = CARTESIAN_POINT('',(0.,0.,-7.5E-02));
#13843 = DIRECTION('',(-0.,-0.,-1.));
#13844 = DIRECTION('',(-1.,0.,0.));
#13845 = SHELL_BASED_SURFACE_MODEL('',(#13846));
#13846 = OPEN_SHELL('',(#13847));
#13847 = ADVANCED_FACE('',(#13848),#13958,.T.);
#13848 = FACE_BOUND('',#13849,.T.);
#13849 = EDGE_LOOP('',(#13850,#13861,#13869,#13877,#13885,#13894,#13902,
    #13910,#13919,#13927,#13936,#13944,#13952));
#13850 = ORIENTED_EDGE('',*,*,#13851,.T.);
#13851 = EDGE_CURVE('',#13852,#13854,#13856,.T.);
#13852 = VERTEX_POINT('',#13853);
#13853 = CARTESIAN_POINT('',(136.327369,-62.215164,-7.5E-02));
#13854 = VERTEX_POINT('',#13855);
#13855 = CARTESIAN_POINT('',(136.704255,-62.300857,-7.5E-02));
#13856 = CIRCLE('',#13857,0.24999934861);
#13857 = AXIS2_PLACEMENT_3D('',#13858,#13859,#13860);
#13858 = CARTESIAN_POINT('',(136.4806490305,-62.41266059883,-7.5E-02));
#13859 = DIRECTION('',(0.,0.,-1.));
#13860 = DIRECTION('',(-0.613121719561,0.789988453715,0.));
#13861 = ORIENTED_EDGE('',*,*,#13862,.T.);
#13862 = EDGE_CURVE('',#13854,#13863,#13865,.T.);
#13863 = VERTEX_POINT('',#13864);
#13864 = CARTESIAN_POINT('',(136.762225,-62.416797,-7.5E-02));
#13865 = LINE('',#13866,#13867);
#13866 = CARTESIAN_POINT('',(136.704255,-62.300857,-7.5E-02));
#13867 = VECTOR('',#13868,1.);
#13868 = DIRECTION('',(0.4472135955,-0.894427191,0.));
#13869 = ORIENTED_EDGE('',*,*,#13870,.T.);
#13870 = EDGE_CURVE('',#13863,#13871,#13873,.T.);
#13871 = VERTEX_POINT('',#13872);
#13872 = CARTESIAN_POINT('',(136.825382,-62.448375,-7.5E-02));
#13873 = LINE('',#13874,#13875);
#13874 = CARTESIAN_POINT('',(136.762225,-62.416797,-7.5E-02));
#13875 = VECTOR('',#13876,1.);
#13876 = DIRECTION('',(0.894430023384,-0.447207930687,0.));
#13877 = ORIENTED_EDGE('',*,*,#13878,.T.);
#13878 = EDGE_CURVE('',#13871,#13879,#13881,.T.);
#13879 = VERTEX_POINT('',#13880);
#13880 = CARTESIAN_POINT('',(138.480649,-62.448375,-7.5E-02));
#13881 = LINE('',#13882,#13883);
#13882 = CARTESIAN_POINT('',(136.825382,-62.448375,-7.5E-02));
#13883 = VECTOR('',#13884,1.);
#13884 = DIRECTION('',(1.,0.,0.));
#13885 = ORIENTED_EDGE('',*,*,#13886,.T.);
#13886 = EDGE_CURVE('',#13879,#13887,#13889,.T.);
#13887 = VERTEX_POINT('',#13888);
#13888 = CARTESIAN_POINT('',(138.480649,-62.948375,-7.5E-02));
#13889 = CIRCLE('',#13890,0.25);
#13890 = AXIS2_PLACEMENT_3D('',#13891,#13892,#13893);
#13891 = CARTESIAN_POINT('',(138.48064876334,-62.698375,-7.5E-02));
#13892 = DIRECTION('',(0.,0.,-1.));
#13893 = DIRECTION('',(9.466303936274E-07,1.,0.));
#13894 = ORIENTED_EDGE('',*,*,#13895,.T.);
#13895 = EDGE_CURVE('',#13887,#13896,#13898,.T.);
#13896 = VERTEX_POINT('',#13897);
#13897 = CARTESIAN_POINT('',(136.766364,-62.948375,-7.5E-02));
#13898 = LINE('',#13899,#13900);
#13899 = CARTESIAN_POINT('',(138.480649,-62.948375,-7.5E-02));
#13900 = VECTOR('',#13901,1.);
#13901 = DIRECTION('',(-1.,0.,0.));
#13902 = ORIENTED_EDGE('',*,*,#13903,.T.);
#13903 = EDGE_CURVE('',#13896,#13904,#13906,.T.);
#13904 = VERTEX_POINT('',#13905);
#13905 = CARTESIAN_POINT('',(136.700333,-62.939497,-7.5E-02));
#13906 = LINE('',#13907,#13908);
#13907 = CARTESIAN_POINT('',(136.766364,-62.948375,-7.5E-02));
#13908 = VECTOR('',#13909,1.);
#13909 = DIRECTION('',(-0.991082058849,0.133252964796,0.));
#13910 = ORIENTED_EDGE('',*,*,#13911,.T.);
#13911 = EDGE_CURVE('',#13904,#13912,#13914,.T.);
#13912 = VERTEX_POINT('',#13913);
#13913 = CARTESIAN_POINT('',(136.422609,-62.800635,-7.5E-02));
#13914 = CIRCLE('',#13915,1.335282670793);
#13915 = AXIS2_PLACEMENT_3D('',#13916,#13917,#13918);
#13916 = CARTESIAN_POINT('',(137.15457748152,-61.68385303695,-7.5E-02));
#13917 = DIRECTION('',(0.,0.,-1.));
#13918 = DIRECTION('',(-0.340186008145,-0.940358165734,-0.));
#13919 = ORIENTED_EDGE('',*,*,#13920,.T.);
#13920 = EDGE_CURVE('',#13912,#13921,#13923,.T.);
#13921 = VERTEX_POINT('',#13922);
#13922 = CARTESIAN_POINT('',(136.378391,-62.756417,-7.5E-02));
#13923 = LINE('',#13924,#13925);
#13924 = CARTESIAN_POINT('',(136.422609,-62.800635,-7.5E-02));
#13925 = VECTOR('',#13926,1.);
#13926 = DIRECTION('',(-0.707106781187,0.707106781187,0.));
#13927 = ORIENTED_EDGE('',*,*,#13928,.T.);
#13928 = EDGE_CURVE('',#13921,#13929,#13931,.T.);
#13929 = VERTEX_POINT('',#13930);
#13930 = CARTESIAN_POINT('',(136.239527,-62.478693,-7.5E-02));
#13931 = CIRCLE('',#13932,1.335384863557);
#13932 = AXIS2_PLACEMENT_3D('',#13933,#13934,#13935);
#13933 = CARTESIAN_POINT('',(137.49526052709,-62.02439569343,-7.5E-02));
#13934 = DIRECTION('',(0.,0.,-1.));
#13935 = DIRECTION('',(-0.83636527384,-0.548172535534,-0.));
#13936 = ORIENTED_EDGE('',*,*,#13937,.T.);
#13937 = EDGE_CURVE('',#13929,#13938,#13940,.T.);
#13938 = VERTEX_POINT('',#13939);
#13939 = CARTESIAN_POINT('',(136.232612,-62.381393,-7.5E-02));
#13940 = LINE('',#13941,#13942);
#13941 = CARTESIAN_POINT('',(136.239527,-62.478693,-7.5E-02));
#13942 = VECTOR('',#13943,1.);
#13943 = DIRECTION('',(-7.089005953891E-02,0.997484134941,0.));
#13944 = ORIENTED_EDGE('',*,*,#13945,.T.);
#13945 = EDGE_CURVE('',#13938,#13946,#13948,.T.);
#13946 = VERTEX_POINT('',#13947);
#13947 = CARTESIAN_POINT('',(136.263458,-62.288855,-7.5E-02));
#13948 = LINE('',#13949,#13950);
#13949 = CARTESIAN_POINT('',(136.232612,-62.381393,-7.5E-02));
#13950 = VECTOR('',#13951,1.);
#13951 = DIRECTION('',(0.316227766017,0.94868329805,0.));
#13952 = ORIENTED_EDGE('',*,*,#13953,.T.);
#13953 = EDGE_CURVE('',#13946,#13852,#13954,.T.);
#13954 = LINE('',#13955,#13956);
#13955 = CARTESIAN_POINT('',(136.263458,-62.288855,-7.5E-02));
#13956 = VECTOR('',#13957,1.);
#13957 = DIRECTION('',(0.655196677829,0.755458346543,0.));
#13958 = PLANE('',#13959);
#13959 = AXIS2_PLACEMENT_3D('',#13960,#13961,#13962);
#13960 = CARTESIAN_POINT('',(0.,0.,-7.5E-02));
#13961 = DIRECTION('',(-0.,-0.,-1.));
#13962 = DIRECTION('',(-1.,0.,0.));
#13963 = SHELL_BASED_SURFACE_MODEL('',(#13964));
#13964 = OPEN_SHELL('',(#13965));
#13965 = ADVANCED_FACE('',(#13966),#14024,.T.);
#13966 = FACE_BOUND('',#13967,.T.);
#13967 = EDGE_LOOP('',(#13968,#13978,#13986,#13994,#14002,#14010,#14018)
  );
#13968 = ORIENTED_EDGE('',*,*,#13969,.T.);
#13969 = EDGE_CURVE('',#13970,#13972,#13974,.T.);
#13970 = VERTEX_POINT('',#13971);
#13971 = CARTESIAN_POINT('',(141.607748,-61.267313,-7.5E-02));
#13972 = VERTEX_POINT('',#13973);
#13973 = CARTESIAN_POINT('',(141.609901,-60.963468,-7.5E-02));
#13974 = LINE('',#13975,#13976);
#13975 = CARTESIAN_POINT('',(141.607748,-61.267313,-7.5E-02));
#13976 = VECTOR('',#13977,1.);
#13977 = DIRECTION('',(7.085671812213E-03,0.999974896312,0.));
#13978 = ORIENTED_EDGE('',*,*,#13979,.T.);
#13979 = EDGE_CURVE('',#13972,#13980,#13982,.T.);
#13980 = VERTEX_POINT('',#13981);
#13981 = CARTESIAN_POINT('',(142.166281,-60.957664,-7.5E-02));
#13982 = LINE('',#13983,#13984);
#13983 = CARTESIAN_POINT('',(141.609901,-60.963468,-7.5E-02));
#13984 = VECTOR('',#13985,1.);
#13985 = DIRECTION('',(0.999945594056,1.043115178098E-02,0.));
#13986 = ORIENTED_EDGE('',*,*,#13987,.T.);
#13987 = EDGE_CURVE('',#13980,#13988,#13990,.T.);
#13988 = VERTEX_POINT('',#13989);
#13989 = CARTESIAN_POINT('',(142.166281,-61.16444,-7.5E-02));
#13990 = LINE('',#13991,#13992);
#13991 = CARTESIAN_POINT('',(142.166281,-60.957664,-7.5E-02));
#13992 = VECTOR('',#13993,1.);
#13993 = DIRECTION('',(0.,-1.,0.));
#13994 = ORIENTED_EDGE('',*,*,#13995,.T.);
#13995 = EDGE_CURVE('',#13988,#13996,#13998,.T.);
#13996 = VERTEX_POINT('',#13997);
#13997 = CARTESIAN_POINT('',(142.166281,-61.371216,-7.5E-02));
#13998 = LINE('',#13999,#14000);
#13999 = CARTESIAN_POINT('',(142.166281,-61.16444,-7.5E-02));
#14000 = VECTOR('',#14001,1.);
#14001 = DIRECTION('',(0.,-1.,0.));
#14002 = ORIENTED_EDGE('',*,*,#14003,.T.);
#14003 = EDGE_CURVE('',#13996,#14004,#14006,.T.);
#14004 = VERTEX_POINT('',#14005);
#14005 = CARTESIAN_POINT('',(141.65966,-61.368432,-7.5E-02));
#14006 = LINE('',#14007,#14008);
#14007 = CARTESIAN_POINT('',(142.166281,-61.371216,-7.5E-02));
#14008 = VECTOR('',#14009,1.);
#14009 = DIRECTION('',(-0.999984901554,5.495149166585E-03,0.));
#14010 = ORIENTED_EDGE('',*,*,#14011,.T.);
#14011 = EDGE_CURVE('',#14004,#14012,#14014,.T.);
#14012 = VERTEX_POINT('',#14013);
#14013 = CARTESIAN_POINT('',(141.61261,-61.358618,-7.5E-02));
#14014 = LINE('',#14015,#14016);
#14015 = CARTESIAN_POINT('',(141.65966,-61.368432,-7.5E-02));
#14016 = VECTOR('',#14017,1.);
#14017 = DIRECTION('',(-0.978930885339,0.204191874787,0.));
#14018 = ORIENTED_EDGE('',*,*,#14019,.T.);
#14019 = EDGE_CURVE('',#14012,#13970,#14020,.T.);
#14020 = LINE('',#14021,#14022);
#14021 = CARTESIAN_POINT('',(141.61261,-61.358618,-7.5E-02));
#14022 = VECTOR('',#14023,1.);
#14023 = DIRECTION('',(-5.317475875353E-02,0.998585221717,0.));
#14024 = PLANE('',#14025);
#14025 = AXIS2_PLACEMENT_3D('',#14026,#14027,#14028);
#14026 = CARTESIAN_POINT('',(0.,0.,-7.5E-02));
#14027 = DIRECTION('',(-0.,-0.,-1.));
#14028 = DIRECTION('',(-1.,0.,0.));
#14029 = SHELL_BASED_SURFACE_MODEL('',(#14030));
#14030 = OPEN_SHELL('',(#14031));
#14031 = ADVANCED_FACE('',(#14032),#14074,.T.);
#14032 = FACE_BOUND('',#14033,.T.);
#14033 = EDGE_LOOP('',(#14034,#14044,#14052,#14060,#14068));
#14034 = ORIENTED_EDGE('',*,*,#14035,.T.);
#14035 = EDGE_CURVE('',#14036,#14038,#14040,.T.);
#14036 = VERTEX_POINT('',#14037);
#14037 = CARTESIAN_POINT('',(141.742223,-60.09922,-7.5E-02));
#14038 = VERTEX_POINT('',#14039);
#14039 = CARTESIAN_POINT('',(141.742223,-59.685856,-7.5E-02));
#14040 = LINE('',#14041,#14042);
#14041 = CARTESIAN_POINT('',(141.742223,-60.09922,-7.5E-02));
#14042 = VECTOR('',#14043,1.);
#14043 = DIRECTION('',(0.,1.,0.));
#14044 = ORIENTED_EDGE('',*,*,#14045,.T.);
#14045 = EDGE_CURVE('',#14038,#14046,#14048,.T.);
#14046 = VERTEX_POINT('',#14047);
#14047 = CARTESIAN_POINT('',(142.993131,-59.685856,-7.5E-02));
#14048 = LINE('',#14049,#14050);
#14049 = CARTESIAN_POINT('',(141.742223,-59.685856,-7.5E-02));
#14050 = VECTOR('',#14051,1.);
#14051 = DIRECTION('',(1.,0.,0.));
#14052 = ORIENTED_EDGE('',*,*,#14053,.T.);
#14053 = EDGE_CURVE('',#14046,#14054,#14056,.T.);
#14054 = VERTEX_POINT('',#14055);
#14055 = CARTESIAN_POINT('',(142.990173,-59.889731,-7.5E-02));
#14056 = LINE('',#14057,#14058);
#14057 = CARTESIAN_POINT('',(142.993131,-59.685856,-7.5E-02));
#14058 = VECTOR('',#14059,1.);
#14059 = DIRECTION('',(-1.450736337449E-02,-0.999894762667,0.));
#14060 = ORIENTED_EDGE('',*,*,#14061,.T.);
#14061 = EDGE_CURVE('',#14054,#14062,#14064,.T.);
#14062 = VERTEX_POINT('',#14063);
#14063 = CARTESIAN_POINT('',(142.987214,-60.093605,-7.5E-02));
#14064 = LINE('',#14065,#14066);
#14065 = CARTESIAN_POINT('',(142.990173,-59.889731,-7.5E-02));
#14066 = VECTOR('',#14067,1.);
#14067 = DIRECTION('',(-1.451233795938E-02,-0.999894690478,0.));
#14068 = ORIENTED_EDGE('',*,*,#14069,.T.);
#14069 = EDGE_CURVE('',#14062,#14036,#14070,.T.);
#14070 = LINE('',#14071,#14072);
#14071 = CARTESIAN_POINT('',(142.987214,-60.093605,-7.5E-02));
#14072 = VECTOR('',#14073,1.);
#14073 = DIRECTION('',(-0.999989829777,-4.510026895137E-03,0.));
#14074 = PLANE('',#14075);
#14075 = AXIS2_PLACEMENT_3D('',#14076,#14077,#14078);
#14076 = CARTESIAN_POINT('',(0.,0.,-7.5E-02));
#14077 = DIRECTION('',(-0.,-0.,-1.));
#14078 = DIRECTION('',(-1.,0.,0.));
#14079 = SHELL_BASED_SURFACE_MODEL('',(#14080));
#14080 = OPEN_SHELL('',(#14081));
#14081 = ADVANCED_FACE('',(#14082,#14124,#14246),#14352,.T.);
#14082 = FACE_BOUND('',#14083,.T.);
#14083 = EDGE_LOOP('',(#14084,#14094,#14102,#14110,#14118));
#14084 = ORIENTED_EDGE('',*,*,#14085,.T.);
#14085 = EDGE_CURVE('',#14086,#14088,#14090,.T.);
#14086 = VERTEX_POINT('',#14087);
#14087 = CARTESIAN_POINT('',(139.861144,-62.860856,-7.5E-02));
#14088 = VERTEX_POINT('',#14089);
#14089 = CARTESIAN_POINT('',(139.861144,-57.859144,-7.5E-02));
#14090 = LINE('',#14091,#14092);
#14091 = CARTESIAN_POINT('',(139.861144,-62.860856,-7.5E-02));
#14092 = VECTOR('',#14093,1.);
#14093 = DIRECTION('',(0.,1.,0.));
#14094 = ORIENTED_EDGE('',*,*,#14095,.T.);
#14095 = EDGE_CURVE('',#14088,#14096,#14098,.T.);
#14096 = VERTEX_POINT('',#14097);
#14097 = CARTESIAN_POINT('',(144.862856,-57.859144,-7.5E-02));
#14098 = LINE('',#14099,#14100);
#14099 = CARTESIAN_POINT('',(139.861144,-57.859144,-7.5E-02));
#14100 = VECTOR('',#14101,1.);
#14101 = DIRECTION('',(1.,0.,0.));
#14102 = ORIENTED_EDGE('',*,*,#14103,.T.);
#14103 = EDGE_CURVE('',#14096,#14104,#14106,.T.);
#14104 = VERTEX_POINT('',#14105);
#14105 = CARTESIAN_POINT('',(144.862856,-60.36,-7.5E-02));
#14106 = LINE('',#14107,#14108);
#14107 = CARTESIAN_POINT('',(144.862856,-57.859144,-7.5E-02));
#14108 = VECTOR('',#14109,1.);
#14109 = DIRECTION('',(0.,-1.,0.));
#14110 = ORIENTED_EDGE('',*,*,#14111,.T.);
#14111 = EDGE_CURVE('',#14104,#14112,#14114,.T.);
#14112 = VERTEX_POINT('',#14113);
#14113 = CARTESIAN_POINT('',(144.862856,-62.860856,-7.5E-02));
#14114 = LINE('',#14115,#14116);
#14115 = CARTESIAN_POINT('',(144.862856,-60.36,-7.5E-02));
#14116 = VECTOR('',#14117,1.);
#14117 = DIRECTION('',(0.,-1.,0.));
#14118 = ORIENTED_EDGE('',*,*,#14119,.T.);
#14119 = EDGE_CURVE('',#14112,#14086,#14120,.T.);
#14120 = LINE('',#14121,#14122);
#14121 = CARTESIAN_POINT('',(144.862856,-62.860856,-7.5E-02));
#14122 = VECTOR('',#14123,1.);
#14123 = DIRECTION('',(-1.,0.,0.));
#14124 = FACE_BOUND('',#14125,.T.);
#14125 = EDGE_LOOP('',(#14126,#14136,#14144,#14152,#14160,#14168,#14176,
    #14184,#14192,#14200,#14208,#14216,#14224,#14232,#14240));
#14126 = ORIENTED_EDGE('',*,*,#14127,.T.);
#14127 = EDGE_CURVE('',#14128,#14130,#14132,.T.);
#14128 = VERTEX_POINT('',#14129);
#14129 = CARTESIAN_POINT('',(142.45986,-60.806843,-7.5E-02));
#14130 = VERTEX_POINT('',#14131);
#14131 = CARTESIAN_POINT('',(142.323944,-60.800368,-7.5E-02));
#14132 = LINE('',#14133,#14134);
#14133 = CARTESIAN_POINT('',(142.45986,-60.806843,-7.5E-02));
#14134 = VECTOR('',#14135,1.);
#14135 = DIRECTION('',(-0.998867156517,4.758575030496E-02,0.));
#14136 = ORIENTED_EDGE('',*,*,#14137,.T.);
#14137 = EDGE_CURVE('',#14130,#14138,#14140,.T.);
#14138 = VERTEX_POINT('',#14139);
#14139 = CARTESIAN_POINT('',(142.313071,-60.655022,-7.5E-02));
#14140 = LINE('',#14141,#14142);
#14141 = CARTESIAN_POINT('',(142.323944,-60.800368,-7.5E-02));
#14142 = VECTOR('',#14143,1.);
#14143 = DIRECTION('',(-7.459925558431E-02,0.997213593503,0.));
#14144 = ORIENTED_EDGE('',*,*,#14145,.T.);
#14145 = EDGE_CURVE('',#14138,#14146,#14148,.T.);
#14146 = VERTEX_POINT('',#14147);
#14147 = CARTESIAN_POINT('',(141.883576,-60.657019,-7.5E-02));
#14148 = LINE('',#14149,#14150);
#14149 = CARTESIAN_POINT('',(142.313071,-60.655022,-7.5E-02));
#14150 = VECTOR('',#14151,1.);
#14151 = DIRECTION('',(-0.999989190568,-4.649596418027E-03,0.));
#14152 = ORIENTED_EDGE('',*,*,#14153,.T.);
#14153 = EDGE_CURVE('',#14146,#14154,#14156,.T.);
#14154 = VERTEX_POINT('',#14155);
#14155 = CARTESIAN_POINT('',(141.454081,-60.659016,-7.5E-02));
#14156 = LINE('',#14157,#14158);
#14157 = CARTESIAN_POINT('',(141.883576,-60.657019,-7.5E-02));
#14158 = VECTOR('',#14159,1.);
#14159 = DIRECTION('',(-0.999989190568,-4.649596418043E-03,0.));
#14160 = ORIENTED_EDGE('',*,*,#14161,.T.);
#14161 = EDGE_CURVE('',#14154,#14162,#14164,.T.);
#14162 = VERTEX_POINT('',#14163);
#14163 = CARTESIAN_POINT('',(141.447651,-60.805805,-7.5E-02));
#14164 = LINE('',#14165,#14166);
#14165 = CARTESIAN_POINT('',(141.454081,-60.659016,-7.5E-02));
#14166 = VECTOR('',#14167,1.);
#14167 = DIRECTION('',(-4.376240622745E-02,-0.999041966987,0.));
#14168 = ORIENTED_EDGE('',*,*,#14169,.T.);
#14169 = EDGE_CURVE('',#14162,#14170,#14172,.T.);
#14170 = VERTEX_POINT('',#14171);
#14171 = CARTESIAN_POINT('',(141.318165,-60.805805,-7.5E-02));
#14172 = LINE('',#14173,#14174);
#14173 = CARTESIAN_POINT('',(141.447651,-60.805805,-7.5E-02));
#14174 = VECTOR('',#14175,1.);
#14175 = DIRECTION('',(-1.,0.,0.));
#14176 = ORIENTED_EDGE('',*,*,#14177,.T.);
#14177 = EDGE_CURVE('',#14170,#14178,#14180,.T.);
#14178 = VERTEX_POINT('',#14179);
#14179 = CARTESIAN_POINT('',(141.318165,-61.370585,-7.5E-02));
#14180 = LINE('',#14181,#14182);
#14181 = CARTESIAN_POINT('',(141.318165,-60.805805,-7.5E-02));
#14182 = VECTOR('',#14183,1.);
#14183 = DIRECTION('',(0.,-1.,0.));
#14184 = ORIENTED_EDGE('',*,*,#14185,.T.);
#14185 = EDGE_CURVE('',#14178,#14186,#14188,.T.);
#14186 = VERTEX_POINT('',#14187);
#14187 = CARTESIAN_POINT('',(141.030023,-61.376653,-7.5E-02));
#14188 = LINE('',#14189,#14190);
#14189 = CARTESIAN_POINT('',(141.318165,-61.370585,-7.5E-02));
#14190 = VECTOR('',#14191,1.);
#14191 = DIRECTION('',(-0.999778331699,-2.105439303103E-02,0.));
#14192 = ORIENTED_EDGE('',*,*,#14193,.T.);
#14193 = EDGE_CURVE('',#14186,#14194,#14196,.T.);
#14194 = VERTEX_POINT('',#14195);
#14195 = CARTESIAN_POINT('',(141.023955,-61.664795,-7.5E-02));
#14196 = LINE('',#14197,#14198);
#14197 = CARTESIAN_POINT('',(141.030023,-61.376653,-7.5E-02));
#14198 = VECTOR('',#14199,1.);
#14199 = DIRECTION('',(-2.105439303103E-02,-0.999778331699,0.));
#14200 = ORIENTED_EDGE('',*,*,#14201,.T.);
#14201 = EDGE_CURVE('',#14194,#14202,#14204,.T.);
#14202 = VERTEX_POINT('',#14203);
#14203 = CARTESIAN_POINT('',(142.45986,-61.664795,-7.5E-02));
#14204 = LINE('',#14205,#14206);
#14205 = CARTESIAN_POINT('',(141.023955,-61.664795,-7.5E-02));
#14206 = VECTOR('',#14207,1.);
#14207 = DIRECTION('',(1.,0.,0.));
#14208 = ORIENTED_EDGE('',*,*,#14209,.T.);
#14209 = EDGE_CURVE('',#14202,#14210,#14212,.T.);
#14210 = VERTEX_POINT('',#14211);
#14211 = CARTESIAN_POINT('',(142.45986,-61.371216,-7.5E-02));
#14212 = LINE('',#14213,#14214);
#14213 = CARTESIAN_POINT('',(142.45986,-61.664795,-7.5E-02));
#14214 = VECTOR('',#14215,1.);
#14215 = DIRECTION('',(0.,1.,0.));
#14216 = ORIENTED_EDGE('',*,*,#14217,.T.);
#14217 = EDGE_CURVE('',#14210,#14218,#14220,.T.);
#14218 = VERTEX_POINT('',#14219);
#14219 = CARTESIAN_POINT('',(142.318507,-61.371216,-7.5E-02));
#14220 = LINE('',#14221,#14222);
#14221 = CARTESIAN_POINT('',(142.45986,-61.371216,-7.5E-02));
#14222 = VECTOR('',#14223,1.);
#14223 = DIRECTION('',(-1.,0.,0.));
#14224 = ORIENTED_EDGE('',*,*,#14225,.T.);
#14225 = EDGE_CURVE('',#14218,#14226,#14228,.T.);
#14226 = VERTEX_POINT('',#14227);
#14227 = CARTESIAN_POINT('',(142.318507,-61.240737,-7.5E-02));
#14228 = LINE('',#14229,#14230);
#14229 = CARTESIAN_POINT('',(142.318507,-61.371216,-7.5E-02));
#14230 = VECTOR('',#14231,1.);
#14231 = DIRECTION('',(0.,1.,0.));
#14232 = ORIENTED_EDGE('',*,*,#14233,.T.);
#14233 = EDGE_CURVE('',#14226,#14234,#14236,.T.);
#14234 = VERTEX_POINT('',#14235);
#14235 = CARTESIAN_POINT('',(142.45986,-61.240737,-7.5E-02));
#14236 = LINE('',#14237,#14238);
#14237 = CARTESIAN_POINT('',(142.318507,-61.240737,-7.5E-02));
#14238 = VECTOR('',#14239,1.);
#14239 = DIRECTION('',(1.,0.,0.));
#14240 = ORIENTED_EDGE('',*,*,#14241,.T.);
#14241 = EDGE_CURVE('',#14234,#14128,#14242,.T.);
#14242 = LINE('',#14243,#14244);
#14243 = CARTESIAN_POINT('',(142.45986,-61.240737,-7.5E-02));
#14244 = VECTOR('',#14245,1.);
#14245 = DIRECTION('',(0.,1.,0.));
#14246 = FACE_BOUND('',#14247,.T.);
#14247 = EDGE_LOOP('',(#14248,#14258,#14266,#14274,#14282,#14290,#14298,
    #14306,#14314,#14322,#14330,#14338,#14346));
#14248 = ORIENTED_EDGE('',*,*,#14249,.T.);
#14249 = EDGE_CURVE('',#14250,#14252,#14254,.T.);
#14250 = VERTEX_POINT('',#14251);
#14251 = CARTESIAN_POINT('',(143.210117,-59.468391,-7.5E-02));
#14252 = VERTEX_POINT('',#14253);
#14253 = CARTESIAN_POINT('',(143.210117,-59.261798,-7.5E-02));
#14254 = LINE('',#14255,#14256);
#14255 = CARTESIAN_POINT('',(143.210117,-59.468391,-7.5E-02));
#14256 = VECTOR('',#14257,1.);
#14257 = DIRECTION('',(0.,1.,0.));
#14258 = ORIENTED_EDGE('',*,*,#14259,.T.);
#14259 = EDGE_CURVE('',#14252,#14260,#14262,.T.);
#14260 = VERTEX_POINT('',#14261);
#14261 = CARTESIAN_POINT('',(141.524757,-59.261798,-7.5E-02));
#14262 = LINE('',#14263,#14264);
#14263 = CARTESIAN_POINT('',(143.210117,-59.261798,-7.5E-02));
#14264 = VECTOR('',#14265,1.);
#14265 = DIRECTION('',(-1.,0.,0.));
#14266 = ORIENTED_EDGE('',*,*,#14267,.T.);
#14267 = EDGE_CURVE('',#14260,#14268,#14270,.T.);
#14268 = VERTEX_POINT('',#14269);
#14269 = CARTESIAN_POINT('',(141.524757,-59.365095,-7.5E-02));
#14270 = LINE('',#14271,#14272);
#14271 = CARTESIAN_POINT('',(141.524757,-59.261798,-7.5E-02));
#14272 = VECTOR('',#14273,1.);
#14273 = DIRECTION('',(0.,-1.,0.));
#14274 = ORIENTED_EDGE('',*,*,#14275,.T.);
#14275 = EDGE_CURVE('',#14268,#14276,#14278,.T.);
#14276 = VERTEX_POINT('',#14277);
#14277 = CARTESIAN_POINT('',(141.524757,-59.468391,-7.5E-02));
#14278 = LINE('',#14279,#14280);
#14279 = CARTESIAN_POINT('',(141.524757,-59.365095,-7.5E-02));
#14280 = VECTOR('',#14281,1.);
#14281 = DIRECTION('',(0.,-1.,0.));
#14282 = ORIENTED_EDGE('',*,*,#14283,.T.);
#14283 = EDGE_CURVE('',#14276,#14284,#14286,.T.);
#14284 = VERTEX_POINT('',#14285);
#14285 = CARTESIAN_POINT('',(141.318165,-59.468391,-7.5E-02));
#14286 = LINE('',#14287,#14288);
#14287 = CARTESIAN_POINT('',(141.524757,-59.468391,-7.5E-02));
#14288 = VECTOR('',#14289,1.);
#14289 = DIRECTION('',(-1.,0.,0.));
#14290 = ORIENTED_EDGE('',*,*,#14291,.T.);
#14291 = EDGE_CURVE('',#14284,#14292,#14294,.T.);
#14292 = VERTEX_POINT('',#14293);
#14293 = CARTESIAN_POINT('',(141.318165,-60.316507,-7.5E-02));
#14294 = LINE('',#14295,#14296);
#14295 = CARTESIAN_POINT('',(141.318165,-59.468391,-7.5E-02));
#14296 = VECTOR('',#14297,1.);
#14297 = DIRECTION('',(0.,-1.,0.));
#14298 = ORIENTED_EDGE('',*,*,#14299,.T.);
#14299 = EDGE_CURVE('',#14292,#14300,#14302,.T.);
#14300 = VERTEX_POINT('',#14301);
#14301 = CARTESIAN_POINT('',(141.526249,-60.316507,-7.5E-02));
#14302 = LINE('',#14303,#14304);
#14303 = CARTESIAN_POINT('',(141.318165,-60.316507,-7.5E-02));
#14304 = VECTOR('',#14305,1.);
#14305 = DIRECTION('',(1.,0.,0.));
#14306 = ORIENTED_EDGE('',*,*,#14307,.T.);
#14307 = EDGE_CURVE('',#14300,#14308,#14310,.T.);
#14308 = VERTEX_POINT('',#14309);
#14309 = CARTESIAN_POINT('',(141.519321,-60.523148,-7.5E-02));
#14310 = LINE('',#14311,#14312);
#14311 = CARTESIAN_POINT('',(141.526249,-60.316507,-7.5E-02));
#14312 = VECTOR('',#14313,1.);
#14313 = DIRECTION('',(-3.350791757638E-02,-0.999438452062,0.));
#14314 = ORIENTED_EDGE('',*,*,#14315,.T.);
#14315 = EDGE_CURVE('',#14308,#14316,#14318,.T.);
#14316 = VERTEX_POINT('',#14317);
#14317 = CARTESIAN_POINT('',(143.210117,-60.5231,-7.5E-02));
#14318 = LINE('',#14319,#14320);
#14319 = CARTESIAN_POINT('',(141.519321,-60.523148,-7.5E-02));
#14320 = VECTOR('',#14321,1.);
#14321 = DIRECTION('',(0.999999999597,2.838899546738E-05,0.));
#14322 = ORIENTED_EDGE('',*,*,#14323,.T.);
#14323 = EDGE_CURVE('',#14316,#14324,#14326,.T.);
#14324 = VERTEX_POINT('',#14325);
#14325 = CARTESIAN_POINT('',(143.210117,-60.316507,-7.5E-02));
#14326 = LINE('',#14327,#14328);
#14327 = CARTESIAN_POINT('',(143.210117,-60.5231,-7.5E-02));
#14328 = VECTOR('',#14329,1.);
#14329 = DIRECTION('',(0.,1.,0.));
#14330 = ORIENTED_EDGE('',*,*,#14331,.T.);
#14331 = EDGE_CURVE('',#14324,#14332,#14334,.T.);
#14332 = VERTEX_POINT('',#14333);
#14333 = CARTESIAN_POINT('',(143.416709,-60.316507,-7.5E-02));
#14334 = LINE('',#14335,#14336);
#14335 = CARTESIAN_POINT('',(143.210117,-60.316507,-7.5E-02));
#14336 = VECTOR('',#14337,1.);
#14337 = DIRECTION('',(1.,0.,0.));
#14338 = ORIENTED_EDGE('',*,*,#14339,.T.);
#14339 = EDGE_CURVE('',#14332,#14340,#14342,.T.);
#14340 = VERTEX_POINT('',#14341);
#14341 = CARTESIAN_POINT('',(143.416709,-59.468391,-7.5E-02));
#14342 = LINE('',#14343,#14344);
#14343 = CARTESIAN_POINT('',(143.416709,-60.316507,-7.5E-02));
#14344 = VECTOR('',#14345,1.);
#14345 = DIRECTION('',(0.,1.,0.));
#14346 = ORIENTED_EDGE('',*,*,#14347,.T.);
#14347 = EDGE_CURVE('',#14340,#14250,#14348,.T.);
#14348 = LINE('',#14349,#14350);
#14349 = CARTESIAN_POINT('',(143.416709,-59.468391,-7.5E-02));
#14350 = VECTOR('',#14351,1.);
#14351 = DIRECTION('',(-1.,0.,0.));
#14352 = PLANE('',#14353);
#14353 = AXIS2_PLACEMENT_3D('',#14354,#14355,#14356);
#14354 = CARTESIAN_POINT('',(0.,0.,-7.5E-02));
#14355 = DIRECTION('',(-0.,-0.,-1.));
#14356 = DIRECTION('',(-1.,0.,0.));
#14357 = SHELL_BASED_SURFACE_MODEL('',(#14358));
#14358 = OPEN_SHELL('',(#14359));
#14359 = ADVANCED_FACE('',(#14360),#14487,.T.);
#14360 = FACE_BOUND('',#14361,.T.);
#14361 = EDGE_LOOP('',(#14362,#14372,#14381,#14389,#14398,#14406,#14414,
    #14422,#14431,#14439,#14447,#14455,#14464,#14472,#14481));
#14362 = ORIENTED_EDGE('',*,*,#14363,.T.);
#14363 = EDGE_CURVE('',#14364,#14366,#14368,.T.);
#14364 = VERTEX_POINT('',#14365);
#14365 = CARTESIAN_POINT('',(133.510761,-61.686471,-7.5E-02));
#14366 = VERTEX_POINT('',#14367);
#14367 = CARTESIAN_POINT('',(135.261267,-61.68652,-7.5E-02));
#14368 = LINE('',#14369,#14370);
#14369 = CARTESIAN_POINT('',(133.510761,-61.686471,-7.5E-02));
#14370 = VECTOR('',#14371,1.);
#14371 = DIRECTION('',(0.999999999608,-2.799190633165E-05,0.));
#14372 = ORIENTED_EDGE('',*,*,#14373,.T.);
#14373 = EDGE_CURVE('',#14366,#14374,#14376,.T.);
#14374 = VERTEX_POINT('',#14375);
#14375 = CARTESIAN_POINT('',(135.51076,-61.936733,-7.5E-02));
#14376 = CIRCLE('',#14377,0.249915974885);
#14377 = AXIS2_PLACEMENT_3D('',#14378,#14379,#14380);
#14378 = CARTESIAN_POINT('',(135.26084420204,-61.93643561724,-7.5E-02));
#14379 = DIRECTION('',(0.,0.,-1.));
#14380 = DIRECTION('',(1.691760412002E-03,0.999998568972,0.));
#14381 = ORIENTED_EDGE('',*,*,#14382,.T.);
#14382 = EDGE_CURVE('',#14374,#14383,#14385,.T.);
#14383 = VERTEX_POINT('',#14384);
#14384 = CARTESIAN_POINT('',(135.505957,-61.985244,-7.5E-02));
#14385 = LINE('',#14386,#14387);
#14386 = CARTESIAN_POINT('',(135.51076,-61.936733,-7.5E-02));
#14387 = VECTOR('',#14388,1.);
#14388 = DIRECTION('',(-9.852673708139E-02,-0.995134404028,0.));
#14389 = ORIENTED_EDGE('',*,*,#14390,.T.);
#14390 = EDGE_CURVE('',#14383,#14391,#14393,.T.);
#14391 = VERTEX_POINT('',#14392);
#14392 = CARTESIAN_POINT('',(135.399436,-62.144484,-7.5E-02));
#14393 = CIRCLE('',#14394,0.250001706799);
#14394 = AXIS2_PLACEMENT_3D('',#14395,#14396,#14397);
#14395 = CARTESIAN_POINT('',(135.260759101,-61.93647060839,-7.5E-02));
#14396 = DIRECTION('',(0.,0.,-1.));
#14397 = DIRECTION('',(0.980784899989,-0.195092234479,0.));
#14398 = ORIENTED_EDGE('',*,*,#14399,.T.);
#14399 = EDGE_CURVE('',#14391,#14400,#14402,.T.);
#14400 = VERTEX_POINT('',#14401);
#14401 = CARTESIAN_POINT('',(135.13432,-62.321228,-7.5E-02));
#14402 = LINE('',#14403,#14404);
#14403 = CARTESIAN_POINT('',(135.399436,-62.144484,-7.5E-02));
#14404 = VECTOR('',#14405,1.);
#14405 = DIRECTION('',(-0.832050294338,-0.554700196225,0.));
#14406 = ORIENTED_EDGE('',*,*,#14407,.T.);
#14407 = EDGE_CURVE('',#14400,#14408,#14410,.T.);
#14408 = VERTEX_POINT('',#14409);
#14409 = CARTESIAN_POINT('',(134.990034,-62.465514,-7.5E-02));
#14410 = LINE('',#14411,#14412);
#14411 = CARTESIAN_POINT('',(135.13432,-62.321228,-7.5E-02));
#14412 = VECTOR('',#14413,1.);
#14413 = DIRECTION('',(-0.707106781187,-0.707106781187,0.));
#14414 = ORIENTED_EDGE('',*,*,#14415,.T.);
#14415 = EDGE_CURVE('',#14408,#14416,#14418,.T.);
#14416 = VERTEX_POINT('',#14417);
#14417 = CARTESIAN_POINT('',(134.91294,-62.619702,-7.5E-02));
#14418 = LINE('',#14419,#14420);
#14419 = CARTESIAN_POINT('',(134.990034,-62.465514,-7.5E-02));
#14420 = VECTOR('',#14421,1.);
#14421 = DIRECTION('',(-0.4472135955,-0.894427191,0.));
#14422 = ORIENTED_EDGE('',*,*,#14423,.T.);
#14423 = EDGE_CURVE('',#14416,#14424,#14426,.T.);
#14424 = VERTEX_POINT('',#14425);
#14425 = CARTESIAN_POINT('',(134.465726,-62.396096,-7.5E-02));
#14426 = CIRCLE('',#14427,0.250000002516);
#14427 = AXIS2_PLACEMENT_3D('',#14428,#14429,#14430);
#14428 = CARTESIAN_POINT('',(134.68933308154,-62.50789883691,-7.5E-02));
#14429 = DIRECTION('',(-0.,0.,-1.));
#14430 = DIRECTION('',(0.894427664838,-0.447212647822,-0.));
#14431 = ORIENTED_EDGE('',*,*,#14432,.T.);
#14432 = EDGE_CURVE('',#14424,#14433,#14435,.T.);
#14433 = VERTEX_POINT('',#14434);
#14434 = CARTESIAN_POINT('',(134.573018,-62.186471,-7.5E-02));
#14435 = LINE('',#14436,#14437);
#14436 = CARTESIAN_POINT('',(134.465726,-62.396096,-7.5E-02));
#14437 = VECTOR('',#14438,1.);
#14438 = DIRECTION('',(0.455617151298,0.890175831756,0.));
#14439 = ORIENTED_EDGE('',*,*,#14440,.T.);
#14440 = EDGE_CURVE('',#14433,#14441,#14443,.T.);
#14441 = VERTEX_POINT('',#14442);
#14442 = CARTESIAN_POINT('',(133.510761,-62.186471,-7.5E-02));
#14443 = LINE('',#14444,#14445);
#14444 = CARTESIAN_POINT('',(134.573018,-62.186471,-7.5E-02));
#14445 = VECTOR('',#14446,1.);
#14446 = DIRECTION('',(-1.,0.,0.));
#14447 = ORIENTED_EDGE('',*,*,#14448,.T.);
#14448 = EDGE_CURVE('',#14441,#14449,#14451,.T.);
#14449 = VERTEX_POINT('',#14450);
#14450 = CARTESIAN_POINT('',(133.510761,-62.507899,-7.5E-02));
#14451 = LINE('',#14452,#14453);
#14452 = CARTESIAN_POINT('',(133.510761,-62.186471,-7.5E-02));
#14453 = VECTOR('',#14454,1.);
#14454 = DIRECTION('',(0.,-1.,0.));
#14455 = ORIENTED_EDGE('',*,*,#14456,.T.);
#14456 = EDGE_CURVE('',#14449,#14457,#14459,.T.);
#14457 = VERTEX_POINT('',#14458);
#14458 = CARTESIAN_POINT('',(133.010761,-62.507899,-7.5E-02));
#14459 = CIRCLE('',#14460,0.25);
#14460 = AXIS2_PLACEMENT_3D('',#14461,#14462,#14463);
#14461 = CARTESIAN_POINT('',(133.260761,-62.50789876334,-7.5E-02));
#14462 = DIRECTION('',(-0.,0.,-1.));
#14463 = DIRECTION('',(1.,-9.466304220491E-07,-0.));
#14464 = ORIENTED_EDGE('',*,*,#14465,.T.);
#14465 = EDGE_CURVE('',#14457,#14466,#14468,.T.);
#14466 = VERTEX_POINT('',#14467);
#14467 = CARTESIAN_POINT('',(133.010761,-61.365042,-7.5E-02));
#14468 = LINE('',#14469,#14470);
#14469 = CARTESIAN_POINT('',(133.010761,-62.507899,-7.5E-02));
#14470 = VECTOR('',#14471,1.);
#14471 = DIRECTION('',(0.,1.,0.));
#14472 = ORIENTED_EDGE('',*,*,#14473,.T.);
#14473 = EDGE_CURVE('',#14466,#14474,#14476,.T.);
#14474 = VERTEX_POINT('',#14475);
#14475 = CARTESIAN_POINT('',(133.510761,-61.365042,-7.5E-02));
#14476 = CIRCLE('',#14477,0.250000000003);
#14477 = AXIS2_PLACEMENT_3D('',#14478,#14479,#14480);
#14478 = CARTESIAN_POINT('',(133.260761,-61.36504318974,-7.5E-02));
#14479 = DIRECTION('',(0.,0.,-1.));
#14480 = DIRECTION('',(-0.999999999989,4.758985625077E-06,0.));
#14481 = ORIENTED_EDGE('',*,*,#14482,.T.);
#14482 = EDGE_CURVE('',#14474,#14364,#14483,.T.);
#14483 = LINE('',#14484,#14485);
#14484 = CARTESIAN_POINT('',(133.510761,-61.365042,-7.5E-02));
#14485 = VECTOR('',#14486,1.);
#14486 = DIRECTION('',(0.,-1.,0.));
#14487 = PLANE('',#14488);
#14488 = AXIS2_PLACEMENT_3D('',#14489,#14490,#14491);
#14489 = CARTESIAN_POINT('',(0.,0.,-7.5E-02));
#14490 = DIRECTION('',(-0.,-0.,-1.));
#14491 = DIRECTION('',(-1.,0.,0.));
#14492 = SHELL_BASED_SURFACE_MODEL('',(#14493));
#14493 = OPEN_SHELL('',(#14494));
#14494 = ADVANCED_FACE('',(#14495),#14605,.T.);
#14495 = FACE_BOUND('',#14496,.T.);
#14496 = EDGE_LOOP('',(#14497,#14508,#14516,#14524,#14532,#14541,#14549,
    #14557,#14566,#14574,#14583,#14591,#14599));
#14497 = ORIENTED_EDGE('',*,*,#14498,.T.);
#14498 = EDGE_CURVE('',#14499,#14501,#14503,.T.);
#14499 = VERTEX_POINT('',#14500);
#14500 = CARTESIAN_POINT('',(136.327369,-61.167545,-7.5E-02));
#14501 = VERTEX_POINT('',#14502);
#14502 = CARTESIAN_POINT('',(136.704255,-61.253238,-7.5E-02));
#14503 = CIRCLE('',#14504,0.24999934861);
#14504 = AXIS2_PLACEMENT_3D('',#14505,#14506,#14507);
#14505 = CARTESIAN_POINT('',(136.4806490305,-61.36504159883,-7.5E-02));
#14506 = DIRECTION('',(0.,0.,-1.));
#14507 = DIRECTION('',(-0.613121719561,0.789988453715,0.));
#14508 = ORIENTED_EDGE('',*,*,#14509,.T.);
#14509 = EDGE_CURVE('',#14501,#14510,#14512,.T.);
#14510 = VERTEX_POINT('',#14511);
#14511 = CARTESIAN_POINT('',(136.762225,-61.369178,-7.5E-02));
#14512 = LINE('',#14513,#14514);
#14513 = CARTESIAN_POINT('',(136.704255,-61.253238,-7.5E-02));
#14514 = VECTOR('',#14515,1.);
#14515 = DIRECTION('',(0.4472135955,-0.894427191,0.));
#14516 = ORIENTED_EDGE('',*,*,#14517,.T.);
#14517 = EDGE_CURVE('',#14510,#14518,#14520,.T.);
#14518 = VERTEX_POINT('',#14519);
#14519 = CARTESIAN_POINT('',(136.825382,-61.400756,-7.5E-02));
#14520 = LINE('',#14521,#14522);
#14521 = CARTESIAN_POINT('',(136.762225,-61.369178,-7.5E-02));
#14522 = VECTOR('',#14523,1.);
#14523 = DIRECTION('',(0.894430023384,-0.447207930687,0.));
#14524 = ORIENTED_EDGE('',*,*,#14525,.T.);
#14525 = EDGE_CURVE('',#14518,#14526,#14528,.T.);
#14526 = VERTEX_POINT('',#14527);
#14527 = CARTESIAN_POINT('',(138.480649,-61.400756,-7.5E-02));
#14528 = LINE('',#14529,#14530);
#14529 = CARTESIAN_POINT('',(136.825382,-61.400756,-7.5E-02));
#14530 = VECTOR('',#14531,1.);
#14531 = DIRECTION('',(1.,0.,0.));
#14532 = ORIENTED_EDGE('',*,*,#14533,.T.);
#14533 = EDGE_CURVE('',#14526,#14534,#14536,.T.);
#14534 = VERTEX_POINT('',#14535);
#14535 = CARTESIAN_POINT('',(138.480649,-61.900756,-7.5E-02));
#14536 = CIRCLE('',#14537,0.25);
#14537 = AXIS2_PLACEMENT_3D('',#14538,#14539,#14540);
#14538 = CARTESIAN_POINT('',(138.48064876334,-61.650756,-7.5E-02));
#14539 = DIRECTION('',(0.,0.,-1.));
#14540 = DIRECTION('',(9.466303936274E-07,1.,0.));
#14541 = ORIENTED_EDGE('',*,*,#14542,.T.);
#14542 = EDGE_CURVE('',#14534,#14543,#14545,.T.);
#14543 = VERTEX_POINT('',#14544);
#14544 = CARTESIAN_POINT('',(136.766364,-61.900756,-7.5E-02));
#14545 = LINE('',#14546,#14547);
#14546 = CARTESIAN_POINT('',(138.480649,-61.900756,-7.5E-02));
#14547 = VECTOR('',#14548,1.);
#14548 = DIRECTION('',(-1.,0.,0.));
#14549 = ORIENTED_EDGE('',*,*,#14550,.T.);
#14550 = EDGE_CURVE('',#14543,#14551,#14553,.T.);
#14551 = VERTEX_POINT('',#14552);
#14552 = CARTESIAN_POINT('',(136.700333,-61.891878,-7.5E-02));
#14553 = LINE('',#14554,#14555);
#14554 = CARTESIAN_POINT('',(136.766364,-61.900756,-7.5E-02));
#14555 = VECTOR('',#14556,1.);
#14556 = DIRECTION('',(-0.991082058849,0.133252964796,0.));
#14557 = ORIENTED_EDGE('',*,*,#14558,.T.);
#14558 = EDGE_CURVE('',#14551,#14559,#14561,.T.);
#14559 = VERTEX_POINT('',#14560);
#14560 = CARTESIAN_POINT('',(136.422609,-61.753016,-7.5E-02));
#14561 = CIRCLE('',#14562,1.335282670791);
#14562 = AXIS2_PLACEMENT_3D('',#14563,#14564,#14565);
#14563 = CARTESIAN_POINT('',(137.15457748152,-60.63623403695,-7.5E-02));
#14564 = DIRECTION('',(0.,0.,-1.));
#14565 = DIRECTION('',(-0.340186008144,-0.940358165734,-0.));
#14566 = ORIENTED_EDGE('',*,*,#14567,.T.);
#14567 = EDGE_CURVE('',#14559,#14568,#14570,.T.);
#14568 = VERTEX_POINT('',#14569);
#14569 = CARTESIAN_POINT('',(136.378391,-61.708798,-7.5E-02));
#14570 = LINE('',#14571,#14572);
#14571 = CARTESIAN_POINT('',(136.422609,-61.753016,-7.5E-02));
#14572 = VECTOR('',#14573,1.);
#14573 = DIRECTION('',(-0.707106781187,0.707106781187,0.));
#14574 = ORIENTED_EDGE('',*,*,#14575,.T.);
#14575 = EDGE_CURVE('',#14568,#14576,#14578,.T.);
#14576 = VERTEX_POINT('',#14577);
#14577 = CARTESIAN_POINT('',(136.239527,-61.431074,-7.5E-02));
#14578 = CIRCLE('',#14579,1.335384863558);
#14579 = AXIS2_PLACEMENT_3D('',#14580,#14581,#14582);
#14580 = CARTESIAN_POINT('',(137.49526052709,-60.97677669342,-7.5E-02));
#14581 = DIRECTION('',(0.,0.,-1.));
#14582 = DIRECTION('',(-0.83636527384,-0.548172535534,-0.));
#14583 = ORIENTED_EDGE('',*,*,#14584,.T.);
#14584 = EDGE_CURVE('',#14576,#14585,#14587,.T.);
#14585 = VERTEX_POINT('',#14586);
#14586 = CARTESIAN_POINT('',(136.232612,-61.333774,-7.5E-02));
#14587 = LINE('',#14588,#14589);
#14588 = CARTESIAN_POINT('',(136.239527,-61.431074,-7.5E-02));
#14589 = VECTOR('',#14590,1.);
#14590 = DIRECTION('',(-7.089005953891E-02,0.997484134941,0.));
#14591 = ORIENTED_EDGE('',*,*,#14592,.T.);
#14592 = EDGE_CURVE('',#14585,#14593,#14595,.T.);
#14593 = VERTEX_POINT('',#14594);
#14594 = CARTESIAN_POINT('',(136.263458,-61.241236,-7.5E-02));
#14595 = LINE('',#14596,#14597);
#14596 = CARTESIAN_POINT('',(136.232612,-61.333774,-7.5E-02));
#14597 = VECTOR('',#14598,1.);
#14598 = DIRECTION('',(0.316227766017,0.94868329805,0.));
#14599 = ORIENTED_EDGE('',*,*,#14600,.T.);
#14600 = EDGE_CURVE('',#14593,#14499,#14601,.T.);
#14601 = LINE('',#14602,#14603);
#14602 = CARTESIAN_POINT('',(136.263458,-61.241236,-7.5E-02));
#14603 = VECTOR('',#14604,1.);
#14604 = DIRECTION('',(0.655196677829,0.755458346543,0.));
#14605 = PLANE('',#14606);
#14606 = AXIS2_PLACEMENT_3D('',#14607,#14608,#14609);
#14607 = CARTESIAN_POINT('',(0.,0.,-7.5E-02));
#14608 = DIRECTION('',(-0.,-0.,-1.));
#14609 = DIRECTION('',(-1.,0.,0.));
#14610 = SHELL_BASED_SURFACE_MODEL('',(#14611));
#14611 = OPEN_SHELL('',(#14612));
#14612 = ADVANCED_FACE('',(#14613,#14917),#14952,.T.);
#14613 = FACE_BOUND('',#14614,.T.);
#14614 = EDGE_LOOP('',(#14615,#14626,#14634,#14642,#14650,#14658,#14666,
    #14674,#14682,#14690,#14698,#14706,#14715,#14723,#14731,#14739,
    #14747,#14755,#14763,#14771,#14780,#14788,#14796,#14804,#14812,
    #14820,#14828,#14836,#14845,#14853,#14862,#14870,#14878,#14886,
    #14894,#14902,#14910));
#14615 = ORIENTED_EDGE('',*,*,#14616,.T.);
#14616 = EDGE_CURVE('',#14617,#14619,#14621,.T.);
#14617 = VERTEX_POINT('',#14618);
#14618 = CARTESIAN_POINT('',(137.289019,-59.500798,-7.5E-02));
#14619 = VERTEX_POINT('',#14620);
#14620 = CARTESIAN_POINT('',(137.577041,-59.500798,-7.5E-02));
#14621 = CIRCLE('',#14622,1.220620556246);
#14622 = AXIS2_PLACEMENT_3D('',#14623,#14624,#14625);
#14623 = CARTESIAN_POINT('',(137.43303,-60.71289344764,-7.5E-02));
#14624 = DIRECTION('',(0.,0.,-1.));
#14625 = DIRECTION('',(-0.117981791527,0.99301575862,0.));
#14626 = ORIENTED_EDGE('',*,*,#14627,.T.);
#14627 = EDGE_CURVE('',#14619,#14628,#14630,.T.);
#14628 = VERTEX_POINT('',#14629);
#14629 = CARTESIAN_POINT('',(137.640071,-59.522387,-7.5E-02));
#14630 = LINE('',#14631,#14632);
#14631 = CARTESIAN_POINT('',(137.577041,-59.500798,-7.5E-02));
#14632 = VECTOR('',#14633,1.);
#14633 = DIRECTION('',(0.946043918992,-0.324038428798,0.));
#14634 = ORIENTED_EDGE('',*,*,#14635,.T.);
#14635 = EDGE_CURVE('',#14628,#14636,#14638,.T.);
#14636 = VERTEX_POINT('',#14637);
#14637 = CARTESIAN_POINT('',(137.847347,-59.6282,-7.5E-02));
#14638 = LINE('',#14639,#14640);
#14639 = CARTESIAN_POINT('',(137.640071,-59.522387,-7.5E-02));
#14640 = VECTOR('',#14641,1.);
#14641 = DIRECTION('',(0.89065758169,-0.454674688297,0.));
#14642 = ORIENTED_EDGE('',*,*,#14643,.T.);
#14643 = EDGE_CURVE('',#14636,#14644,#14646,.T.);
#14644 = VERTEX_POINT('',#14645);
#14645 = CARTESIAN_POINT('',(137.872024,-59.643734,-7.5E-02));
#14646 = LINE('',#14647,#14648);
#14647 = CARTESIAN_POINT('',(137.847347,-59.6282,-7.5E-02));
#14648 = VECTOR('',#14649,1.);
#14649 = DIRECTION('',(0.846284951528,-0.532730495483,0.));
#14650 = ORIENTED_EDGE('',*,*,#14651,.T.);
#14651 = EDGE_CURVE('',#14644,#14652,#14654,.T.);
#14652 = VERTEX_POINT('',#14653);
#14653 = CARTESIAN_POINT('',(137.916243,-59.687953,-7.5E-02));
#14654 = LINE('',#14655,#14656);
#14655 = CARTESIAN_POINT('',(137.872024,-59.643734,-7.5E-02));
#14656 = VECTOR('',#14657,1.);
#14657 = DIRECTION('',(0.707106781187,-0.707106781187,0.));
#14658 = ORIENTED_EDGE('',*,*,#14659,.T.);
#14659 = EDGE_CURVE('',#14652,#14660,#14662,.T.);
#14660 = VERTEX_POINT('',#14661);
#14661 = CARTESIAN_POINT('',(137.942352,-59.729429,-7.5E-02));
#14662 = LINE('',#14663,#14664);
#14663 = CARTESIAN_POINT('',(137.916243,-59.687953,-7.5E-02));
#14664 = VECTOR('',#14665,1.);
#14665 = DIRECTION('',(0.532732632689,-0.846283606168,0.));
#14666 = ORIENTED_EDGE('',*,*,#14667,.T.);
#14667 = EDGE_CURVE('',#14660,#14668,#14670,.T.);
#14668 = VERTEX_POINT('',#14669);
#14669 = CARTESIAN_POINT('',(138.03759,-59.919905,-7.5E-02));
#14670 = LINE('',#14671,#14672);
#14671 = CARTESIAN_POINT('',(137.942352,-59.729429,-7.5E-02));
#14672 = VECTOR('',#14673,1.);
#14673 = DIRECTION('',(0.4472135955,-0.894427191,0.));
#14674 = ORIENTED_EDGE('',*,*,#14675,.T.);
#14675 = EDGE_CURVE('',#14668,#14676,#14678,.T.);
#14676 = VERTEX_POINT('',#14677);
#14677 = CARTESIAN_POINT('',(138.059179,-59.982935,-7.5E-02));
#14678 = LINE('',#14679,#14680);
#14679 = CARTESIAN_POINT('',(138.03759,-59.919905,-7.5E-02));
#14680 = VECTOR('',#14681,1.);
#14681 = DIRECTION('',(0.324038428798,-0.946043918992,0.));
#14682 = ORIENTED_EDGE('',*,*,#14683,.T.);
#14683 = EDGE_CURVE('',#14676,#14684,#14686,.T.);
#14684 = VERTEX_POINT('',#14685);
#14685 = CARTESIAN_POINT('',(138.063983,-60.031708,-7.5E-02));
#14686 = LINE('',#14687,#14688);
#14687 = CARTESIAN_POINT('',(138.059179,-59.982935,-7.5E-02));
#14688 = VECTOR('',#14689,1.);
#14689 = DIRECTION('',(9.802277410101E-02,-0.995184171778,0.));
#14690 = ORIENTED_EDGE('',*,*,#14691,.T.);
#14691 = EDGE_CURVE('',#14684,#14692,#14694,.T.);
#14692 = VERTEX_POINT('',#14693);
#14693 = CARTESIAN_POINT('',(138.063983,-60.412661,-7.5E-02));
#14694 = LINE('',#14695,#14696);
#14695 = CARTESIAN_POINT('',(138.063983,-60.031708,-7.5E-02));
#14696 = VECTOR('',#14697,1.);
#14697 = DIRECTION('',(0.,-1.,0.));
#14698 = ORIENTED_EDGE('',*,*,#14699,.T.);
#14699 = EDGE_CURVE('',#14692,#14700,#14702,.T.);
#14700 = VERTEX_POINT('',#14701);
#14701 = CARTESIAN_POINT('',(138.055105,-60.478692,-7.5E-02));
#14702 = LINE('',#14703,#14704);
#14703 = CARTESIAN_POINT('',(138.063983,-60.412661,-7.5E-02));
#14704 = VECTOR('',#14705,1.);
#14705 = DIRECTION('',(-0.133252964796,-0.991082058849,0.));
#14706 = ORIENTED_EDGE('',*,*,#14707,.T.);
#14707 = EDGE_CURVE('',#14700,#14708,#14710,.T.);
#14708 = VERTEX_POINT('',#14709);
#14709 = CARTESIAN_POINT('',(137.916243,-60.756416,-7.5E-02));
#14710 = CIRCLE('',#14711,1.335282670793);
#14711 = AXIS2_PLACEMENT_3D('',#14712,#14713,#14714);
#14712 = CARTESIAN_POINT('',(136.79946103695,-60.02444751847,-7.5E-02));
#14713 = DIRECTION('',(0.,0.,-1.));
#14714 = DIRECTION('',(0.940358165734,-0.340186008145,0.));
#14715 = ORIENTED_EDGE('',*,*,#14716,.T.);
#14716 = EDGE_CURVE('',#14708,#14717,#14719,.T.);
#14717 = VERTEX_POINT('',#14718);
#14718 = CARTESIAN_POINT('',(137.872024,-60.800635,-7.5E-02));
#14719 = LINE('',#14720,#14721);
#14720 = CARTESIAN_POINT('',(137.916243,-60.756416,-7.5E-02));
#14721 = VECTOR('',#14722,1.);
#14722 = DIRECTION('',(-0.707106781187,-0.707106781187,0.));
#14723 = ORIENTED_EDGE('',*,*,#14724,.T.);
#14724 = EDGE_CURVE('',#14717,#14725,#14727,.T.);
#14725 = VERTEX_POINT('',#14726);
#14726 = CARTESIAN_POINT('',(137.830548,-60.826744,-7.5E-02));
#14727 = LINE('',#14728,#14729);
#14728 = CARTESIAN_POINT('',(137.872024,-60.800635,-7.5E-02));
#14729 = VECTOR('',#14730,1.);
#14730 = DIRECTION('',(-0.846283606168,-0.532732632689,0.));
#14731 = ORIENTED_EDGE('',*,*,#14732,.T.);
#14732 = EDGE_CURVE('',#14725,#14733,#14735,.T.);
#14733 = VERTEX_POINT('',#14734);
#14734 = CARTESIAN_POINT('',(137.640071,-60.921982,-7.5E-02));
#14735 = LINE('',#14736,#14737);
#14736 = CARTESIAN_POINT('',(137.830548,-60.826744,-7.5E-02));
#14737 = VECTOR('',#14738,1.);
#14738 = DIRECTION('',(-0.894428130143,-0.447211717208,0.));
#14739 = ORIENTED_EDGE('',*,*,#14740,.T.);
#14740 = EDGE_CURVE('',#14733,#14741,#14743,.T.);
#14741 = VERTEX_POINT('',#14742);
#14742 = CARTESIAN_POINT('',(137.577041,-60.943571,-7.5E-02));
#14743 = LINE('',#14744,#14745);
#14744 = CARTESIAN_POINT('',(137.640071,-60.921982,-7.5E-02));
#14745 = VECTOR('',#14746,1.);
#14746 = DIRECTION('',(-0.946043918992,-0.324038428798,0.));
#14747 = ORIENTED_EDGE('',*,*,#14748,.T.);
#14748 = EDGE_CURVE('',#14741,#14749,#14751,.T.);
#14749 = VERTEX_POINT('',#14750);
#14750 = CARTESIAN_POINT('',(137.528268,-60.948375,-7.5E-02));
#14751 = LINE('',#14752,#14753);
#14752 = CARTESIAN_POINT('',(137.577041,-60.943571,-7.5E-02));
#14753 = VECTOR('',#14754,1.);
#14754 = DIRECTION('',(-0.995184171778,-9.802277410085E-02,0.));
#14755 = ORIENTED_EDGE('',*,*,#14756,.T.);
#14756 = EDGE_CURVE('',#14749,#14757,#14759,.T.);
#14757 = VERTEX_POINT('',#14758);
#14758 = CARTESIAN_POINT('',(136.766364,-60.948375,-7.5E-02));
#14759 = LINE('',#14760,#14761);
#14760 = CARTESIAN_POINT('',(137.528268,-60.948375,-7.5E-02));
#14761 = VECTOR('',#14762,1.);
#14762 = DIRECTION('',(-1.,0.,0.));
#14763 = ORIENTED_EDGE('',*,*,#14764,.T.);
#14764 = EDGE_CURVE('',#14757,#14765,#14767,.T.);
#14765 = VERTEX_POINT('',#14766);
#14766 = CARTESIAN_POINT('',(136.700333,-60.939497,-7.5E-02));
#14767 = LINE('',#14768,#14769);
#14768 = CARTESIAN_POINT('',(136.766364,-60.948375,-7.5E-02));
#14769 = VECTOR('',#14770,1.);
#14770 = DIRECTION('',(-0.991082058849,0.133252964796,0.));
#14771 = ORIENTED_EDGE('',*,*,#14772,.T.);
#14772 = EDGE_CURVE('',#14765,#14773,#14775,.T.);
#14773 = VERTEX_POINT('',#14774);
#14774 = CARTESIAN_POINT('',(136.422609,-60.800635,-7.5E-02));
#14775 = CIRCLE('',#14776,1.335282670793);
#14776 = AXIS2_PLACEMENT_3D('',#14777,#14778,#14779);
#14777 = CARTESIAN_POINT('',(137.15457748152,-59.68385303695,-7.5E-02));
#14778 = DIRECTION('',(0.,0.,-1.));
#14779 = DIRECTION('',(-0.340186008145,-0.940358165734,-0.));
#14780 = ORIENTED_EDGE('',*,*,#14781,.T.);
#14781 = EDGE_CURVE('',#14773,#14782,#14784,.T.);
#14782 = VERTEX_POINT('',#14783);
#14783 = CARTESIAN_POINT('',(136.378391,-60.756417,-7.5E-02));
#14784 = LINE('',#14785,#14786);
#14785 = CARTESIAN_POINT('',(136.422609,-60.800635,-7.5E-02));
#14786 = VECTOR('',#14787,1.);
#14787 = DIRECTION('',(-0.707106781187,0.707106781187,0.));
#14788 = ORIENTED_EDGE('',*,*,#14789,.T.);
#14789 = EDGE_CURVE('',#14782,#14790,#14792,.T.);
#14790 = VERTEX_POINT('',#14791);
#14791 = CARTESIAN_POINT('',(136.352282,-60.714941,-7.5E-02));
#14792 = LINE('',#14793,#14794);
#14793 = CARTESIAN_POINT('',(136.378391,-60.756417,-7.5E-02));
#14794 = VECTOR('',#14795,1.);
#14795 = DIRECTION('',(-0.532732632689,0.846283606168,0.));
#14796 = ORIENTED_EDGE('',*,*,#14797,.T.);
#14797 = EDGE_CURVE('',#14790,#14798,#14800,.T.);
#14798 = VERTEX_POINT('',#14799);
#14799 = CARTESIAN_POINT('',(136.257043,-60.524465,-7.5E-02));
#14800 = LINE('',#14801,#14802);
#14801 = CARTESIAN_POINT('',(136.352282,-60.714941,-7.5E-02));
#14802 = VECTOR('',#14803,1.);
#14803 = DIRECTION('',(-0.447217352086,0.894425312697,0.));
#14804 = ORIENTED_EDGE('',*,*,#14805,.T.);
#14805 = EDGE_CURVE('',#14798,#14806,#14808,.T.);
#14806 = VERTEX_POINT('',#14807);
#14807 = CARTESIAN_POINT('',(136.235453,-60.461434,-7.5E-02));
#14808 = LINE('',#14809,#14810);
#14809 = CARTESIAN_POINT('',(136.257043,-60.524465,-7.5E-02));
#14810 = VECTOR('',#14811,1.);
#14811 = DIRECTION('',(-0.324047260828,0.946040893804,0.));
#14812 = ORIENTED_EDGE('',*,*,#14813,.T.);
#14813 = EDGE_CURVE('',#14806,#14814,#14816,.T.);
#14814 = VERTEX_POINT('',#14815);
#14815 = CARTESIAN_POINT('',(136.230649,-60.412661,-7.5E-02));
#14816 = LINE('',#14817,#14818);
#14817 = CARTESIAN_POINT('',(136.235453,-60.461434,-7.5E-02));
#14818 = VECTOR('',#14819,1.);
#14819 = DIRECTION('',(-9.802277410102E-02,0.995184171778,0.));
#14820 = ORIENTED_EDGE('',*,*,#14821,.T.);
#14821 = EDGE_CURVE('',#14814,#14822,#14824,.T.);
#14822 = VERTEX_POINT('',#14823);
#14823 = CARTESIAN_POINT('',(136.230649,-60.031708,-7.5E-02));
#14824 = LINE('',#14825,#14826);
#14825 = CARTESIAN_POINT('',(136.230649,-60.412661,-7.5E-02));
#14826 = VECTOR('',#14827,1.);
#14827 = DIRECTION('',(0.,1.,0.));
#14828 = ORIENTED_EDGE('',*,*,#14829,.T.);
#14829 = EDGE_CURVE('',#14822,#14830,#14832,.T.);
#14830 = VERTEX_POINT('',#14831);
#14831 = CARTESIAN_POINT('',(136.239527,-59.965676,-7.5E-02));
#14832 = LINE('',#14833,#14834);
#14833 = CARTESIAN_POINT('',(136.230649,-60.031708,-7.5E-02));
#14834 = VECTOR('',#14835,1.);
#14835 = DIRECTION('',(0.133250982622,0.991082325355,0.));
#14836 = ORIENTED_EDGE('',*,*,#14837,.T.);
#14837 = EDGE_CURVE('',#14830,#14838,#14840,.T.);
#14838 = VERTEX_POINT('',#14839);
#14839 = CARTESIAN_POINT('',(136.378391,-59.687952,-7.5E-02));
#14840 = CIRCLE('',#14841,1.335465304471);
#14841 = AXIS2_PLACEMENT_3D('',#14842,#14843,#14844);
#14842 = CARTESIAN_POINT('',(137.49533296662,-60.42000952686,-7.5E-02));
#14843 = DIRECTION('',(0.,0.,-1.));
#14844 = DIRECTION('',(-0.940350874278,0.340206162855,0.));
#14845 = ORIENTED_EDGE('',*,*,#14846,.T.);
#14846 = EDGE_CURVE('',#14838,#14847,#14849,.T.);
#14847 = VERTEX_POINT('',#14848);
#14848 = CARTESIAN_POINT('',(136.452082,-59.624041,-7.5E-02));
#14849 = LINE('',#14850,#14851);
#14850 = CARTESIAN_POINT('',(136.378391,-59.687952,-7.5E-02));
#14851 = VECTOR('',#14852,1.);
#14852 = DIRECTION('',(0.755458346543,0.655196677829,0.));
#14853 = ORIENTED_EDGE('',*,*,#14854,.T.);
#14854 = EDGE_CURVE('',#14847,#14855,#14857,.T.);
#14855 = VERTEX_POINT('',#14856);
#14856 = CARTESIAN_POINT('',(136.799494,-59.953036,-7.5E-02));
#14857 = CIRCLE('',#14858,0.249999631705);
#14858 = AXIS2_PLACEMENT_3D('',#14859,#14860,#14861);
#14859 = CARTESIAN_POINT('',(136.57588794535,-59.84123193845,-7.5E-02));
#14860 = DIRECTION('',(0.,0.,-1.));
#14861 = DIRECTION('',(-0.495224510967,0.868765033676,0.));
#14862 = ORIENTED_EDGE('',*,*,#14863,.T.);
#14863 = EDGE_CURVE('',#14855,#14864,#14866,.T.);
#14864 = VERTEX_POINT('',#14865);
#14865 = CARTESIAN_POINT('',(136.730649,-60.090724,-7.5E-02));
#14866 = LINE('',#14867,#14868);
#14867 = CARTESIAN_POINT('',(136.799494,-59.953036,-7.5E-02));
#14868 = VECTOR('',#14869,1.);
#14869 = DIRECTION('',(-0.447218792312,-0.894424592575,0.));
#14870 = ORIENTED_EDGE('',*,*,#14871,.T.);
#14871 = EDGE_CURVE('',#14864,#14872,#14874,.T.);
#14872 = VERTEX_POINT('',#14873);
#14873 = CARTESIAN_POINT('',(136.730649,-60.353644,-7.5E-02));
#14874 = LINE('',#14875,#14876);
#14875 = CARTESIAN_POINT('',(136.730649,-60.090724,-7.5E-02));
#14876 = VECTOR('',#14877,1.);
#14877 = DIRECTION('',(0.,-1.,0.));
#14878 = ORIENTED_EDGE('',*,*,#14879,.T.);
#14879 = EDGE_CURVE('',#14872,#14880,#14882,.T.);
#14880 = VERTEX_POINT('',#14881);
#14881 = CARTESIAN_POINT('',(136.762225,-60.416797,-7.5E-02));
#14882 = LINE('',#14883,#14884);
#14883 = CARTESIAN_POINT('',(136.730649,-60.353644,-7.5E-02));
#14884 = VECTOR('',#14885,1.);
#14885 = DIRECTION('',(0.447207930328,-0.894430023563,0.));
#14886 = ORIENTED_EDGE('',*,*,#14887,.T.);
#14887 = EDGE_CURVE('',#14880,#14888,#14890,.T.);
#14888 = VERTEX_POINT('',#14889);
#14889 = CARTESIAN_POINT('',(136.825382,-60.448375,-7.5E-02));
#14890 = LINE('',#14891,#14892);
#14891 = CARTESIAN_POINT('',(136.762225,-60.416797,-7.5E-02));
#14892 = VECTOR('',#14893,1.);
#14893 = DIRECTION('',(0.894430023384,-0.447207930687,0.));
#14894 = ORIENTED_EDGE('',*,*,#14895,.T.);
#14895 = EDGE_CURVE('',#14888,#14896,#14898,.T.);
#14896 = VERTEX_POINT('',#14897);
#14897 = CARTESIAN_POINT('',(136.942365,-60.448375,-7.5E-02));
#14898 = LINE('',#14899,#14900);
#14899 = CARTESIAN_POINT('',(136.825382,-60.448375,-7.5E-02));
#14900 = VECTOR('',#14901,1.);
#14901 = DIRECTION('',(1.,0.,0.));
#14902 = ORIENTED_EDGE('',*,*,#14903,.T.);
#14903 = EDGE_CURVE('',#14896,#14904,#14906,.T.);
#14904 = VERTEX_POINT('',#14905);
#14905 = CARTESIAN_POINT('',(137.092647,-59.696965,-7.5E-02));
#14906 = LINE('',#14907,#14908);
#14907 = CARTESIAN_POINT('',(136.942365,-60.448375,-7.5E-02));
#14908 = VECTOR('',#14909,1.);
#14909 = DIRECTION('',(0.196116135138,0.980580675691,0.));
#14910 = ORIENTED_EDGE('',*,*,#14911,.T.);
#14911 = EDGE_CURVE('',#14904,#14617,#14912,.T.);
#14912 = CIRCLE('',#14913,0.249999483045);
#14913 = AXIS2_PLACEMENT_3D('',#14914,#14915,#14916);
#14914 = CARTESIAN_POINT('',(137.33779169441,-59.74599377036,-7.5E-02));
#14915 = DIRECTION('',(0.,0.,-1.));
#14916 = DIRECTION('',(-0.980580805324,0.19611548697,0.));
#14917 = FACE_BOUND('',#14918,.T.);
#14918 = EDGE_LOOP('',(#14919,#14930,#14938,#14946));
#14919 = ORIENTED_EDGE('',*,*,#14920,.T.);
#14920 = EDGE_CURVE('',#14921,#14923,#14925,.T.);
#14921 = VERTEX_POINT('',#14922);
#14922 = CARTESIAN_POINT('',(137.532405,-60.416797,-7.5E-02));
#14923 = VERTEX_POINT('',#14924);
#14924 = CARTESIAN_POINT('',(137.535278,-60.033316,-7.5E-02));
#14925 = CIRCLE('',#14926,0.365042080625);
#14926 = AXIS2_PLACEMENT_3D('',#14927,#14928,#14929);
#14927 = CARTESIAN_POINT('',(137.22322304874,-60.22272937868,-7.5E-02));
#14928 = DIRECTION('',(0.,-0.,1.));
#14929 = DIRECTION('',(0.846976191695,-0.531630821813,-0.));
#14930 = ORIENTED_EDGE('',*,*,#14931,.T.);
#14931 = EDGE_CURVE('',#14923,#14932,#14934,.T.);
#14932 = VERTEX_POINT('',#14933);
#14933 = CARTESIAN_POINT('',(137.452267,-60.448375,-7.5E-02));
#14934 = LINE('',#14935,#14936);
#14935 = CARTESIAN_POINT('',(137.535278,-60.033316,-7.5E-02));
#14936 = VECTOR('',#14937,1.);
#14937 = DIRECTION('',(-0.196114317822,-0.980581039152,0.));
#14938 = ORIENTED_EDGE('',*,*,#14939,.T.);
#14939 = EDGE_CURVE('',#14932,#14940,#14942,.T.);
#14940 = VERTEX_POINT('',#14941);
#14941 = CARTESIAN_POINT('',(137.469251,-60.448375,-7.5E-02));
#14942 = LINE('',#14943,#14944);
#14943 = CARTESIAN_POINT('',(137.452267,-60.448375,-7.5E-02));
#14944 = VECTOR('',#14945,1.);
#14945 = DIRECTION('',(1.,0.,0.));
#14946 = ORIENTED_EDGE('',*,*,#14947,.T.);
#14947 = EDGE_CURVE('',#14940,#14921,#14948,.T.);
#14948 = LINE('',#14949,#14950);
#14949 = CARTESIAN_POINT('',(137.469251,-60.448375,-7.5E-02));
#14950 = VECTOR('',#14951,1.);
#14951 = DIRECTION('',(0.894421525909,0.447224925502,0.));
#14952 = PLANE('',#14953);
#14953 = AXIS2_PLACEMENT_3D('',#14954,#14955,#14956);
#14954 = CARTESIAN_POINT('',(0.,0.,-7.5E-02));
#14955 = DIRECTION('',(-0.,-0.,-1.));
#14956 = DIRECTION('',(-1.,0.,0.));
#14957 = SHELL_BASED_SURFACE_MODEL('',(#14958));
#14958 = OPEN_SHELL('',(#14959));
#14959 = ADVANCED_FACE('',(#14960),#15030,.T.);
#14960 = FACE_BOUND('',#14961,.T.);
#14961 = EDGE_LOOP('',(#14962,#14973,#14981,#14990,#14998,#15007,#15015,
    #15024));
#14962 = ORIENTED_EDGE('',*,*,#14963,.T.);
#14963 = EDGE_CURVE('',#14964,#14966,#14968,.T.);
#14964 = VERTEX_POINT('',#14965);
#14965 = CARTESIAN_POINT('',(133.179225,-60.235883,-7.5E-02));
#14966 = VERTEX_POINT('',#14967);
#14967 = CARTESIAN_POINT('',(133.532777,-60.235884,-7.5E-02));
#14968 = CIRCLE('',#14969,0.250000624938);
#14969 = AXIS2_PLACEMENT_3D('',#14970,#14971,#14972);
#14970 = CARTESIAN_POINT('',(133.35600049999,-60.41266177438,-7.5E-02));
#14971 = DIRECTION('',(0.,0.,-1.));
#14972 = DIRECTION('',(-0.707100232399,0.707113329913,0.));
#14973 = ORIENTED_EDGE('',*,*,#14974,.T.);
#14974 = EDGE_CURVE('',#14966,#14975,#14977,.T.);
#14975 = VERTEX_POINT('',#14976);
#14976 = CARTESIAN_POINT('',(133.628015,-60.331122,-7.5E-02));
#14977 = LINE('',#14978,#14979);
#14978 = CARTESIAN_POINT('',(133.532777,-60.235884,-7.5E-02));
#14979 = VECTOR('',#14980,1.);
#14980 = DIRECTION('',(0.707106781187,-0.707106781187,0.));
#14981 = ORIENTED_EDGE('',*,*,#14982,.T.);
#14982 = EDGE_CURVE('',#14975,#14983,#14985,.T.);
#14983 = VERTEX_POINT('',#14984);
#14984 = CARTESIAN_POINT('',(133.628015,-60.684676,-7.5E-02));
#14985 = CIRCLE('',#14986,0.250002144006);
#14986 = AXIS2_PLACEMENT_3D('',#14987,#14988,#14989);
#14987 = CARTESIAN_POINT('',(133.45123557733,-60.507899,-7.5E-02));
#14988 = DIRECTION('',(0.,0.,-1.));
#14989 = DIRECTION('',(0.707111626464,0.707101935876,0.));
#14990 = ORIENTED_EDGE('',*,*,#14991,.T.);
#14991 = EDGE_CURVE('',#14983,#14992,#14994,.T.);
#14992 = VERTEX_POINT('',#14993);
#14993 = CARTESIAN_POINT('',(133.532777,-60.779914,-7.5E-02));
#14994 = LINE('',#14995,#14996);
#14995 = CARTESIAN_POINT('',(133.628015,-60.684676,-7.5E-02));
#14996 = VECTOR('',#14997,1.);
#14997 = DIRECTION('',(-0.707106781187,-0.707106781187,0.));
#14998 = ORIENTED_EDGE('',*,*,#14999,.T.);
#14999 = EDGE_CURVE('',#14992,#15000,#15002,.T.);
#15000 = VERTEX_POINT('',#15001);
#15001 = CARTESIAN_POINT('',(133.179225,-60.779915,-7.5E-02));
#15002 = CIRCLE('',#15003,0.250000624938);
#15003 = AXIS2_PLACEMENT_3D('',#15004,#15005,#15006);
#15004 = CARTESIAN_POINT('',(133.35600049999,-60.60313622562,-7.5E-02));
#15005 = DIRECTION('',(-0.,0.,-1.));
#15006 = DIRECTION('',(0.707104232441,-0.707109329923,-0.));
#15007 = ORIENTED_EDGE('',*,*,#15008,.T.);
#15008 = EDGE_CURVE('',#15000,#15009,#15011,.T.);
#15009 = VERTEX_POINT('',#15010);
#15010 = CARTESIAN_POINT('',(133.083985,-60.684677,-7.5E-02));
#15011 = LINE('',#15012,#15013);
#15012 = CARTESIAN_POINT('',(133.179225,-60.779915,-7.5E-02));
#15013 = VECTOR('',#15014,1.);
#15014 = DIRECTION('',(-0.707114205698,0.707099356597,0.));
#15015 = ORIENTED_EDGE('',*,*,#15016,.T.);
#15016 = EDGE_CURVE('',#15009,#15017,#15019,.T.);
#15017 = VERTEX_POINT('',#15018);
#15018 = CARTESIAN_POINT('',(133.083985,-60.331121,-7.5E-02));
#15019 = CIRCLE('',#15020,0.250000618027);
#15020 = AXIS2_PLACEMENT_3D('',#15021,#15022,#15023);
#15021 = CARTESIAN_POINT('',(133.26076126461,-60.507899,-7.5E-02));
#15022 = DIRECTION('',(0.,0.,-1.));
#15023 = DIRECTION('',(-0.70710331041,-0.707110251946,-0.));
#15024 = ORIENTED_EDGE('',*,*,#15025,.T.);
#15025 = EDGE_CURVE('',#15017,#14964,#15026,.T.);
#15026 = LINE('',#15027,#15028);
#15027 = CARTESIAN_POINT('',(133.083985,-60.331121,-7.5E-02));
#15028 = VECTOR('',#15029,1.);
#15029 = DIRECTION('',(0.707114205698,0.707099356597,0.));
#15030 = PLANE('',#15031);
#15031 = AXIS2_PLACEMENT_3D('',#15032,#15033,#15034);
#15032 = CARTESIAN_POINT('',(0.,0.,-7.5E-02));
#15033 = DIRECTION('',(-0.,-0.,-1.));
#15034 = DIRECTION('',(-1.,0.,0.));
#15035 = SHELL_BASED_SURFACE_MODEL('',(#15036));
#15036 = OPEN_SHELL('',(#15037));
#15037 = ADVANCED_FACE('',(#15038,#15321),#15423,.T.);
#15038 = FACE_BOUND('',#15039,.T.);
#15039 = EDGE_LOOP('',(#15040,#15050,#15058,#15066,#15074,#15082,#15090,
    #15098,#15106,#15114,#15122,#15130,#15138,#15146,#15154,#15162,
    #15170,#15178,#15186,#15194,#15203,#15211,#15219,#15227,#15235,
    #15243,#15251,#15259,#15267,#15275,#15283,#15291,#15299,#15307,
    #15315));
#15040 = ORIENTED_EDGE('',*,*,#15041,.T.);
#15041 = EDGE_CURVE('',#15042,#15044,#15046,.T.);
#15042 = VERTEX_POINT('',#15043);
#15043 = CARTESIAN_POINT('',(133.555401,-58.369775,-7.5E-02));
#15044 = VERTEX_POINT('',#15045);
#15045 = CARTESIAN_POINT('',(133.992258,-58.260894,-7.5E-02));
#15046 = LINE('',#15047,#15048);
#15047 = CARTESIAN_POINT('',(133.555401,-58.369775,-7.5E-02));
#15048 = VECTOR('',#15049,1.);
#15049 = DIRECTION('',(0.970316412779,0.241838911451,0.));
#15050 = ORIENTED_EDGE('',*,*,#15051,.T.);
#15051 = EDGE_CURVE('',#15044,#15052,#15054,.T.);
#15052 = VERTEX_POINT('',#15053);
#15053 = CARTESIAN_POINT('',(134.507365,-58.258737,-7.5E-02));
#15054 = LINE('',#15055,#15056);
#15055 = CARTESIAN_POINT('',(133.992258,-58.260894,-7.5E-02));
#15056 = VECTOR('',#15057,1.);
#15057 = DIRECTION('',(0.999991232623,4.187442781334E-03,0.));
#15058 = ORIENTED_EDGE('',*,*,#15059,.T.);
#15059 = EDGE_CURVE('',#15052,#15060,#15062,.T.);
#15060 = VERTEX_POINT('',#15061);
#15061 = CARTESIAN_POINT('',(134.559491,-58.265363,-7.5E-02));
#15062 = LINE('',#15063,#15064);
#15063 = CARTESIAN_POINT('',(134.507365,-58.258737,-7.5E-02));
#15064 = VECTOR('',#15065,1.);
#15065 = DIRECTION('',(0.99201748812,-0.126100369802,0.));
#15066 = ORIENTED_EDGE('',*,*,#15067,.T.);
#15067 = EDGE_CURVE('',#15060,#15068,#15070,.T.);
#15068 = VERTEX_POINT('',#15069);
#15069 = CARTESIAN_POINT('',(134.966129,-58.369778,-7.5E-02));
#15070 = LINE('',#15071,#15072);
#15071 = CARTESIAN_POINT('',(134.559491,-58.265363,-7.5E-02));
#15072 = VECTOR('',#15073,1.);
#15073 = DIRECTION('',(0.9685785095,-0.248708003358,0.));
#15074 = ORIENTED_EDGE('',*,*,#15075,.T.);
#15075 = EDGE_CURVE('',#15068,#15076,#15078,.T.);
#15076 = VERTEX_POINT('',#15077);
#15077 = CARTESIAN_POINT('',(135.209177,-58.490508,-7.5E-02));
#15078 = LINE('',#15079,#15080);
#15079 = CARTESIAN_POINT('',(134.966129,-58.369778,-7.5E-02));
#15080 = VECTOR('',#15081,1.);
#15081 = DIRECTION('',(0.895594435504,-0.444871450077,0.));
#15082 = ORIENTED_EDGE('',*,*,#15083,.T.);
#15083 = EDGE_CURVE('',#15076,#15084,#15086,.T.);
#15084 = VERTEX_POINT('',#15085);
#15085 = CARTESIAN_POINT('',(135.247062,-58.521598,-7.5E-02));
#15086 = LINE('',#15087,#15088);
#15087 = CARTESIAN_POINT('',(135.209177,-58.490508,-7.5E-02));
#15088 = VECTOR('',#15089,1.);
#15089 = DIRECTION('',(0.773024621881,-0.634376019382,0.));
#15090 = ORIENTED_EDGE('',*,*,#15091,.T.);
#15091 = EDGE_CURVE('',#15084,#15092,#15094,.T.);
#15092 = VERTEX_POINT('',#15093);
#15093 = CARTESIAN_POINT('',(135.363021,-58.640334,-7.5E-02));
#15094 = LINE('',#15095,#15096);
#15095 = CARTESIAN_POINT('',(135.247062,-58.521598,-7.5E-02));
#15096 = VECTOR('',#15097,1.);
#15097 = DIRECTION('',(0.698691117855,-0.715423456305,0.));
#15098 = ORIENTED_EDGE('',*,*,#15099,.T.);
#15099 = EDGE_CURVE('',#15092,#15100,#15102,.T.);
#15100 = VERTEX_POINT('',#15101);
#15101 = CARTESIAN_POINT('',(135.38913,-58.68181,-7.5E-02));
#15102 = LINE('',#15103,#15104);
#15103 = CARTESIAN_POINT('',(135.363021,-58.640334,-7.5E-02));
#15104 = VECTOR('',#15105,1.);
#15105 = DIRECTION('',(0.532732632689,-0.846283606168,0.));
#15106 = ORIENTED_EDGE('',*,*,#15107,.T.);
#15107 = EDGE_CURVE('',#15100,#15108,#15110,.T.);
#15108 = VERTEX_POINT('',#15109);
#15109 = CARTESIAN_POINT('',(135.484368,-58.872286,-7.5E-02));
#15110 = LINE('',#15111,#15112);
#15111 = CARTESIAN_POINT('',(135.38913,-58.68181,-7.5E-02));
#15112 = VECTOR('',#15113,1.);
#15113 = DIRECTION('',(0.4472135955,-0.894427191,0.));
#15114 = ORIENTED_EDGE('',*,*,#15115,.T.);
#15115 = EDGE_CURVE('',#15108,#15116,#15118,.T.);
#15116 = VERTEX_POINT('',#15117);
#15117 = CARTESIAN_POINT('',(135.505957,-58.935316,-7.5E-02));
#15118 = LINE('',#15119,#15120);
#15119 = CARTESIAN_POINT('',(135.484368,-58.872286,-7.5E-02));
#15120 = VECTOR('',#15121,1.);
#15121 = DIRECTION('',(0.324038428798,-0.946043918992,0.));
#15122 = ORIENTED_EDGE('',*,*,#15123,.T.);
#15123 = EDGE_CURVE('',#15116,#15124,#15126,.T.);
#15124 = VERTEX_POINT('',#15125);
#15125 = CARTESIAN_POINT('',(135.510761,-58.984089,-7.5E-02));
#15126 = LINE('',#15127,#15128);
#15127 = CARTESIAN_POINT('',(135.505957,-58.935316,-7.5E-02));
#15128 = VECTOR('',#15129,1.);
#15129 = DIRECTION('',(9.802277410102E-02,-0.995184171778,0.));
#15130 = ORIENTED_EDGE('',*,*,#15131,.T.);
#15131 = EDGE_CURVE('',#15124,#15132,#15134,.T.);
#15132 = VERTEX_POINT('',#15133);
#15133 = CARTESIAN_POINT('',(135.510761,-59.174566,-7.5E-02));
#15134 = LINE('',#15135,#15136);
#15135 = CARTESIAN_POINT('',(135.510761,-58.984089,-7.5E-02));
#15136 = VECTOR('',#15137,1.);
#15137 = DIRECTION('',(0.,-1.,0.));
#15138 = ORIENTED_EDGE('',*,*,#15139,.T.);
#15139 = EDGE_CURVE('',#15132,#15140,#15142,.T.);
#15140 = VERTEX_POINT('',#15141);
#15141 = CARTESIAN_POINT('',(135.501883,-59.240597,-7.5E-02));
#15142 = LINE('',#15143,#15144);
#15143 = CARTESIAN_POINT('',(135.510761,-59.174566,-7.5E-02));
#15144 = VECTOR('',#15145,1.);
#15145 = DIRECTION('',(-0.133252964796,-0.991082058849,0.));
#15146 = ORIENTED_EDGE('',*,*,#15147,.T.);
#15147 = EDGE_CURVE('',#15140,#15148,#15150,.T.);
#15148 = VERTEX_POINT('',#15149);
#15149 = CARTESIAN_POINT('',(135.484368,-59.286369,-7.5E-02));
#15150 = LINE('',#15151,#15152);
#15151 = CARTESIAN_POINT('',(135.501883,-59.240597,-7.5E-02));
#15152 = VECTOR('',#15153,1.);
#15153 = DIRECTION('',(-0.357385634546,-0.933956909188,0.));
#15154 = ORIENTED_EDGE('',*,*,#15155,.T.);
#15155 = EDGE_CURVE('',#15148,#15156,#15158,.T.);
#15156 = VERTEX_POINT('',#15157);
#15157 = CARTESIAN_POINT('',(135.373391,-59.503934,-7.5E-02));
#15158 = LINE('',#15159,#15160);
#15159 = CARTESIAN_POINT('',(135.484368,-59.286369,-7.5E-02));
#15160 = VECTOR('',#15161,1.);
#15161 = DIRECTION('',(-0.454387330803,-0.890804217326,0.));
#15162 = ORIENTED_EDGE('',*,*,#15163,.T.);
#15163 = EDGE_CURVE('',#15156,#15164,#15166,.T.);
#15164 = VERTEX_POINT('',#15165);
#15165 = CARTESIAN_POINT('',(135.3423,-59.541819,-7.5E-02));
#15166 = LINE('',#15167,#15168);
#15167 = CARTESIAN_POINT('',(135.373391,-59.503934,-7.5E-02));
#15168 = VECTOR('',#15169,1.);
#15169 = DIRECTION('',(-0.634388212204,-0.773014615784,0.));
#15170 = ORIENTED_EDGE('',*,*,#15171,.T.);
#15171 = EDGE_CURVE('',#15164,#15172,#15174,.T.);
#15172 = VERTEX_POINT('',#15173);
#15173 = CARTESIAN_POINT('',(135.223564,-59.657778,-7.5E-02));
#15174 = LINE('',#15175,#15176);
#15175 = CARTESIAN_POINT('',(135.3423,-59.541819,-7.5E-02));
#15176 = VECTOR('',#15177,1.);
#15177 = DIRECTION('',(-0.715423456304,-0.698691117855,0.));
#15178 = ORIENTED_EDGE('',*,*,#15179,.T.);
#15179 = EDGE_CURVE('',#15172,#15180,#15182,.T.);
#15180 = VERTEX_POINT('',#15181);
#15181 = CARTESIAN_POINT('',(135.182089,-59.683887,-7.5E-02));
#15182 = LINE('',#15183,#15184);
#15183 = CARTESIAN_POINT('',(135.223564,-59.657778,-7.5E-02));
#15184 = VECTOR('',#15185,1.);
#15185 = DIRECTION('',(-0.84627781523,-0.532741831894,0.));
#15186 = ORIENTED_EDGE('',*,*,#15187,.T.);
#15187 = EDGE_CURVE('',#15180,#15188,#15190,.T.);
#15188 = VERTEX_POINT('',#15189);
#15189 = CARTESIAN_POINT('',(134.966129,-59.788876,-7.5E-02));
#15190 = LINE('',#15191,#15192);
#15191 = CARTESIAN_POINT('',(135.182089,-59.683887,-7.5E-02));
#15192 = VECTOR('',#15193,1.);
#15193 = DIRECTION('',(-0.899354026346,-0.437221151473,0.));
#15194 = ORIENTED_EDGE('',*,*,#15195,.T.);
#15195 = EDGE_CURVE('',#15188,#15196,#15198,.T.);
#15196 = VERTEX_POINT('',#15197);
#15197 = CARTESIAN_POINT('',(133.555401,-59.788879,-7.5E-02));
#15198 = CIRCLE('',#15199,2.025998524033);
#15199 = AXIS2_PLACEMENT_3D('',#15200,#15201,#15202);
#15200 = CARTESIAN_POINT('',(134.26076096113,-57.88963247977,-7.5E-02));
#15201 = DIRECTION('',(-0.,0.,-1.));
#15202 = DIRECTION('',(0.348158219512,-0.9374357867,-0.));
#15203 = ORIENTED_EDGE('',*,*,#15204,.T.);
#15204 = EDGE_CURVE('',#15196,#15205,#15207,.T.);
#15205 = VERTEX_POINT('',#15206);
#15206 = CARTESIAN_POINT('',(133.312346,-59.668148,-7.5E-02));
#15207 = LINE('',#15208,#15209);
#15208 = CARTESIAN_POINT('',(133.555401,-59.788879,-7.5E-02));
#15209 = VECTOR('',#15210,1.);
#15210 = DIRECTION('',(-0.895598072142,0.444864128892,0.));
#15211 = ORIENTED_EDGE('',*,*,#15212,.T.);
#15212 = EDGE_CURVE('',#15205,#15213,#15215,.T.);
#15213 = VERTEX_POINT('',#15214);
#15214 = CARTESIAN_POINT('',(133.274461,-59.637057,-7.5E-02));
#15215 = LINE('',#15216,#15217);
#15216 = CARTESIAN_POINT('',(133.312346,-59.668148,-7.5E-02));
#15217 = VECTOR('',#15218,1.);
#15218 = DIRECTION('',(-0.773014615784,0.634388212204,0.));
#15219 = ORIENTED_EDGE('',*,*,#15220,.T.);
#15220 = EDGE_CURVE('',#15213,#15221,#15223,.T.);
#15221 = VERTEX_POINT('',#15222);
#15222 = CARTESIAN_POINT('',(133.158503,-59.518322,-7.5E-02));
#15223 = LINE('',#15224,#15225);
#15224 = CARTESIAN_POINT('',(133.274461,-59.637057,-7.5E-02));
#15225 = VECTOR('',#15226,1.);
#15226 = DIRECTION('',(-0.698691045727,0.715423526746,0.));
#15227 = ORIENTED_EDGE('',*,*,#15228,.T.);
#15228 = EDGE_CURVE('',#15221,#15229,#15231,.T.);
#15229 = VERTEX_POINT('',#15230);
#15230 = CARTESIAN_POINT('',(133.132394,-59.476846,-7.5E-02));
#15231 = LINE('',#15232,#15233);
#15232 = CARTESIAN_POINT('',(133.158503,-59.518322,-7.5E-02));
#15233 = VECTOR('',#15234,1.);
#15234 = DIRECTION('',(-0.532732632689,0.846283606168,0.));
#15235 = ORIENTED_EDGE('',*,*,#15236,.T.);
#15236 = EDGE_CURVE('',#15229,#15237,#15239,.T.);
#15237 = VERTEX_POINT('',#15238);
#15238 = CARTESIAN_POINT('',(133.037155,-59.28637,-7.5E-02));
#15239 = LINE('',#15240,#15241);
#15240 = CARTESIAN_POINT('',(133.132394,-59.476846,-7.5E-02));
#15241 = VECTOR('',#15242,1.);
#15242 = DIRECTION('',(-0.447217352086,0.894425312697,0.));
#15243 = ORIENTED_EDGE('',*,*,#15244,.T.);
#15244 = EDGE_CURVE('',#15237,#15245,#15247,.T.);
#15245 = VERTEX_POINT('',#15246);
#15246 = CARTESIAN_POINT('',(133.015565,-59.223339,-7.5E-02));
#15247 = LINE('',#15248,#15249);
#15248 = CARTESIAN_POINT('',(133.037155,-59.28637,-7.5E-02));
#15249 = VECTOR('',#15250,1.);
#15250 = DIRECTION('',(-0.324047260828,0.946040893804,0.));
#15251 = ORIENTED_EDGE('',*,*,#15252,.T.);
#15252 = EDGE_CURVE('',#15245,#15253,#15255,.T.);
#15253 = VERTEX_POINT('',#15254);
#15254 = CARTESIAN_POINT('',(133.010761,-59.174566,-7.5E-02));
#15255 = LINE('',#15256,#15257);
#15256 = CARTESIAN_POINT('',(133.015565,-59.223339,-7.5E-02));
#15257 = VECTOR('',#15258,1.);
#15258 = DIRECTION('',(-9.802277410101E-02,0.995184171778,0.));
#15259 = ORIENTED_EDGE('',*,*,#15260,.T.);
#15260 = EDGE_CURVE('',#15253,#15261,#15263,.T.);
#15261 = VERTEX_POINT('',#15262);
#15262 = CARTESIAN_POINT('',(133.010761,-58.984089,-7.5E-02));
#15263 = LINE('',#15264,#15265);
#15264 = CARTESIAN_POINT('',(133.010761,-59.174566,-7.5E-02));
#15265 = VECTOR('',#15266,1.);
#15266 = DIRECTION('',(0.,1.,0.));
#15267 = ORIENTED_EDGE('',*,*,#15268,.T.);
#15268 = EDGE_CURVE('',#15261,#15269,#15271,.T.);
#15269 = VERTEX_POINT('',#15270);
#15270 = CARTESIAN_POINT('',(133.019639,-58.918057,-7.5E-02));
#15271 = LINE('',#15272,#15273);
#15272 = CARTESIAN_POINT('',(133.010761,-58.984089,-7.5E-02));
#15273 = VECTOR('',#15274,1.);
#15274 = DIRECTION('',(0.133250982622,0.991082325355,0.));
#15275 = ORIENTED_EDGE('',*,*,#15276,.T.);
#15276 = EDGE_CURVE('',#15269,#15277,#15279,.T.);
#15277 = VERTEX_POINT('',#15278);
#15278 = CARTESIAN_POINT('',(133.037155,-58.872285,-7.5E-02));
#15279 = LINE('',#15280,#15281);
#15280 = CARTESIAN_POINT('',(133.019639,-58.918057,-7.5E-02));
#15281 = VECTOR('',#15282,1.);
#15282 = DIRECTION('',(0.357403432737,0.933950098382,0.));
#15283 = ORIENTED_EDGE('',*,*,#15284,.T.);
#15284 = EDGE_CURVE('',#15277,#15285,#15287,.T.);
#15285 = VERTEX_POINT('',#15286);
#15286 = CARTESIAN_POINT('',(133.148133,-58.654721,-7.5E-02));
#15287 = LINE('',#15288,#15289);
#15288 = CARTESIAN_POINT('',(133.037155,-58.872285,-7.5E-02));
#15289 = VECTOR('',#15290,1.);
#15290 = DIRECTION('',(0.454392237167,0.890801714638,0.));
#15291 = ORIENTED_EDGE('',*,*,#15292,.T.);
#15292 = EDGE_CURVE('',#15285,#15293,#15295,.T.);
#15293 = VERTEX_POINT('',#15294);
#15294 = CARTESIAN_POINT('',(133.179223,-58.616836,-7.5E-02));
#15295 = LINE('',#15296,#15297);
#15296 = CARTESIAN_POINT('',(133.148133,-58.654721,-7.5E-02));
#15297 = VECTOR('',#15298,1.);
#15298 = DIRECTION('',(0.634376019382,0.773024621881,0.));
#15299 = ORIENTED_EDGE('',*,*,#15300,.T.);
#15300 = EDGE_CURVE('',#15293,#15301,#15303,.T.);
#15301 = VERTEX_POINT('',#15302);
#15302 = CARTESIAN_POINT('',(133.297959,-58.500877,-7.5E-02));
#15303 = LINE('',#15304,#15305);
#15304 = CARTESIAN_POINT('',(133.179223,-58.616836,-7.5E-02));
#15305 = VECTOR('',#15306,1.);
#15306 = DIRECTION('',(0.715423456304,0.698691117855,0.));
#15307 = ORIENTED_EDGE('',*,*,#15308,.T.);
#15308 = EDGE_CURVE('',#15301,#15309,#15311,.T.);
#15309 = VERTEX_POINT('',#15310);
#15310 = CARTESIAN_POINT('',(133.339435,-58.474768,-7.5E-02));
#15311 = LINE('',#15312,#15313);
#15312 = CARTESIAN_POINT('',(133.297959,-58.500877,-7.5E-02));
#15313 = VECTOR('',#15314,1.);
#15314 = DIRECTION('',(0.846283606168,0.532732632689,0.));
#15315 = ORIENTED_EDGE('',*,*,#15316,.T.);
#15316 = EDGE_CURVE('',#15309,#15042,#15317,.T.);
#15317 = LINE('',#15318,#15319);
#15318 = CARTESIAN_POINT('',(133.339435,-58.474768,-7.5E-02));
#15319 = VECTOR('',#15320,1.);
#15320 = DIRECTION('',(0.899352252785,0.437224799629,0.));
#15321 = FACE_BOUND('',#15322,.T.);
#15322 = EDGE_LOOP('',(#15323,#15334,#15342,#15350,#15359,#15367,#15375,
    #15384,#15392,#15400,#15409,#15417));
#15323 = ORIENTED_EDGE('',*,*,#15324,.T.);
#15324 = EDGE_CURVE('',#15325,#15327,#15329,.T.);
#15325 = VERTEX_POINT('',#15326);
#15326 = CARTESIAN_POINT('',(134.792553,-58.839017,-7.5E-02));
#15327 = VERTEX_POINT('',#15328);
#15328 = CARTESIAN_POINT('',(133.728971,-58.839017,-7.5E-02));
#15329 = CIRCLE('',#15330,1.532865997814);
#15330 = AXIS2_PLACEMENT_3D('',#15331,#15332,#15333);
#15331 = CARTESIAN_POINT('',(134.260762,-60.27668055576,-7.5E-02));
#15332 = DIRECTION('',(0.,0.,1.));
#15333 = DIRECTION('',(0.346925954883,0.937892521469,-0.));
#15334 = ORIENTED_EDGE('',*,*,#15335,.T.);
#15335 = EDGE_CURVE('',#15327,#15336,#15338,.T.);
#15336 = VERTEX_POINT('',#15337);
#15337 = CARTESIAN_POINT('',(133.599328,-58.903838,-7.5E-02));
#15338 = LINE('',#15339,#15340);
#15339 = CARTESIAN_POINT('',(133.728971,-58.839017,-7.5E-02));
#15340 = VECTOR('',#15341,1.);
#15341 = DIRECTION('',(-0.894428570829,-0.447210835831,0.));
#15342 = ORIENTED_EDGE('',*,*,#15343,.T.);
#15343 = EDGE_CURVE('',#15336,#15344,#15346,.T.);
#15344 = VERTEX_POINT('',#15345);
#15345 = CARTESIAN_POINT('',(133.561461,-58.941705,-7.5E-02));
#15346 = LINE('',#15347,#15348);
#15347 = CARTESIAN_POINT('',(133.599328,-58.903838,-7.5E-02));
#15348 = VECTOR('',#15349,1.);
#15349 = DIRECTION('',(-0.707106781187,-0.707106781186,0.));
#15350 = ORIENTED_EDGE('',*,*,#15351,.T.);
#15351 = EDGE_CURVE('',#15344,#15352,#15354,.T.);
#15352 = VERTEX_POINT('',#15353);
#15353 = CARTESIAN_POINT('',(133.561461,-59.216949,-7.5E-02));
#15354 = CIRCLE('',#15355,0.202460571273);
#15355 = AXIS2_PLACEMENT_3D('',#15356,#15357,#15358);
#15356 = CARTESIAN_POINT('',(133.709955,-59.079327,-7.5E-02));
#15357 = DIRECTION('',(0.,0.,1.));
#15358 = DIRECTION('',(-0.733446512902,0.679747168226,0.));
#15359 = ORIENTED_EDGE('',*,*,#15360,.T.);
#15360 = EDGE_CURVE('',#15352,#15361,#15363,.T.);
#15361 = VERTEX_POINT('',#15362);
#15362 = CARTESIAN_POINT('',(133.599328,-59.254816,-7.5E-02));
#15363 = LINE('',#15364,#15365);
#15364 = CARTESIAN_POINT('',(133.561461,-59.216949,-7.5E-02));
#15365 = VECTOR('',#15366,1.);
#15366 = DIRECTION('',(0.707106781187,-0.707106781186,0.));
#15367 = ORIENTED_EDGE('',*,*,#15368,.T.);
#15368 = EDGE_CURVE('',#15361,#15369,#15371,.T.);
#15369 = VERTEX_POINT('',#15370);
#15370 = CARTESIAN_POINT('',(133.728971,-59.319637,-7.5E-02));
#15371 = LINE('',#15372,#15373);
#15372 = CARTESIAN_POINT('',(133.599328,-59.254816,-7.5E-02));
#15373 = VECTOR('',#15374,1.);
#15374 = DIRECTION('',(0.894428570829,-0.447210835831,0.));
#15375 = ORIENTED_EDGE('',*,*,#15376,.T.);
#15376 = EDGE_CURVE('',#15369,#15377,#15379,.T.);
#15377 = VERTEX_POINT('',#15378);
#15378 = CARTESIAN_POINT('',(134.792553,-59.319637,-7.5E-02));
#15379 = CIRCLE('',#15380,1.53284843777);
#15380 = AXIS2_PLACEMENT_3D('',#15381,#15382,#15383);
#15381 = CARTESIAN_POINT('',(134.260762,-57.88199216712,-7.5E-02));
#15382 = DIRECTION('',(0.,0.,1.));
#15383 = DIRECTION('',(-0.346929929207,-0.93789105136,0.));
#15384 = ORIENTED_EDGE('',*,*,#15385,.T.);
#15385 = EDGE_CURVE('',#15377,#15386,#15388,.T.);
#15386 = VERTEX_POINT('',#15387);
#15387 = CARTESIAN_POINT('',(134.922194,-59.254817,-7.5E-02));
#15388 = LINE('',#15389,#15390);
#15389 = CARTESIAN_POINT('',(134.792553,-59.319637,-7.5E-02));
#15390 = VECTOR('',#15391,1.);
#15391 = DIRECTION('',(0.89442857085,0.447210835789,0.));
#15392 = ORIENTED_EDGE('',*,*,#15393,.T.);
#15393 = EDGE_CURVE('',#15386,#15394,#15396,.T.);
#15394 = VERTEX_POINT('',#15395);
#15395 = CARTESIAN_POINT('',(134.960059,-59.216951,-7.5E-02));
#15396 = LINE('',#15397,#15398);
#15397 = CARTESIAN_POINT('',(134.922194,-59.254817,-7.5E-02));
#15398 = VECTOR('',#15399,1.);
#15399 = DIRECTION('',(0.70709744404,0.70711611821,0.));
#15400 = ORIENTED_EDGE('',*,*,#15401,.T.);
#15401 = EDGE_CURVE('',#15394,#15402,#15404,.T.);
#15402 = VERTEX_POINT('',#15403);
#15403 = CARTESIAN_POINT('',(134.960059,-58.941703,-7.5E-02));
#15404 = CIRCLE('',#15405,0.202460673378);
#15405 = AXIS2_PLACEMENT_3D('',#15406,#15407,#15408);
#15406 = CARTESIAN_POINT('',(134.81156671438,-59.079327,-7.5E-02));
#15407 = DIRECTION('',(0.,-0.,1.));
#15408 = DIRECTION('',(0.73343767529,-0.679756703877,-0.));
#15409 = ORIENTED_EDGE('',*,*,#15410,.T.);
#15410 = EDGE_CURVE('',#15402,#15411,#15413,.T.);
#15411 = VERTEX_POINT('',#15412);
#15412 = CARTESIAN_POINT('',(134.922194,-58.903838,-7.5E-02));
#15413 = LINE('',#15414,#15415);
#15414 = CARTESIAN_POINT('',(134.960059,-58.941703,-7.5E-02));
#15415 = VECTOR('',#15416,1.);
#15416 = DIRECTION('',(-0.707106781187,0.707106781186,0.));
#15417 = ORIENTED_EDGE('',*,*,#15418,.T.);
#15418 = EDGE_CURVE('',#15411,#15325,#15419,.T.);
#15419 = LINE('',#15420,#15421);
#15420 = CARTESIAN_POINT('',(134.922194,-58.903838,-7.5E-02));
#15421 = VECTOR('',#15422,1.);
#15422 = DIRECTION('',(-0.894425811145,0.447216355198,0.));
#15423 = PLANE('',#15424);
#15424 = AXIS2_PLACEMENT_3D('',#15425,#15426,#15427);
#15425 = CARTESIAN_POINT('',(0.,0.,-7.5E-02));
#15426 = DIRECTION('',(-0.,-0.,-1.));
#15427 = DIRECTION('',(-1.,0.,0.));
#15428 = SHELL_BASED_SURFACE_MODEL('',(#15429));
#15429 = OPEN_SHELL('',(#15430));
#15430 = ADVANCED_FACE('',(#15431),#15533,.T.);
#15431 = FACE_BOUND('',#15432,.T.);
#15432 = EDGE_LOOP('',(#15433,#15443,#15451,#15459,#15467,#15476,#15484,
    #15493,#15501,#15510,#15518,#15527));
#15433 = ORIENTED_EDGE('',*,*,#15434,.T.);
#15434 = EDGE_CURVE('',#15435,#15437,#15439,.T.);
#15435 = VERTEX_POINT('',#15436);
#15436 = CARTESIAN_POINT('',(138.063983,-58.507899,-7.5E-02));
#15437 = VERTEX_POINT('',#15438);
#15438 = CARTESIAN_POINT('',(138.055105,-58.57393,-7.5E-02));
#15439 = LINE('',#15440,#15441);
#15440 = CARTESIAN_POINT('',(138.063983,-58.507899,-7.5E-02));
#15441 = VECTOR('',#15442,1.);
#15442 = DIRECTION('',(-0.133252964796,-0.991082058849,0.));
#15443 = ORIENTED_EDGE('',*,*,#15444,.T.);
#15444 = EDGE_CURVE('',#15437,#15445,#15447,.T.);
#15445 = VERTEX_POINT('',#15446);
#15446 = CARTESIAN_POINT('',(138.03759,-58.619702,-7.5E-02));
#15447 = LINE('',#15448,#15449);
#15448 = CARTESIAN_POINT('',(138.055105,-58.57393,-7.5E-02));
#15449 = VECTOR('',#15450,1.);
#15450 = DIRECTION('',(-0.357385634546,-0.933956909188,0.));
#15451 = ORIENTED_EDGE('',*,*,#15452,.T.);
#15452 = EDGE_CURVE('',#15445,#15453,#15455,.T.);
#15453 = VERTEX_POINT('',#15454);
#15454 = CARTESIAN_POINT('',(137.988924,-58.717032,-7.5E-02));
#15455 = LINE('',#15456,#15457);
#15456 = CARTESIAN_POINT('',(138.03759,-58.619702,-7.5E-02));
#15457 = VECTOR('',#15458,1.);
#15458 = DIRECTION('',(-0.447220947163,-0.894423515131,0.));
#15459 = ORIENTED_EDGE('',*,*,#15460,.T.);
#15460 = EDGE_CURVE('',#15453,#15461,#15463,.T.);
#15461 = VERTEX_POINT('',#15462);
#15462 = CARTESIAN_POINT('',(138.02185,-58.749958,-7.5E-02));
#15463 = LINE('',#15464,#15465);
#15464 = CARTESIAN_POINT('',(137.988924,-58.717032,-7.5E-02));
#15465 = VECTOR('',#15466,1.);
#15466 = DIRECTION('',(0.707106781187,-0.707106781186,0.));
#15467 = ORIENTED_EDGE('',*,*,#15468,.T.);
#15468 = EDGE_CURVE('',#15461,#15469,#15471,.T.);
#15469 = VERTEX_POINT('',#15470);
#15470 = CARTESIAN_POINT('',(137.813983,-59.138851,-7.5E-02));
#15471 = CIRCLE('',#15472,0.25);
#15472 = AXIS2_PLACEMENT_3D('',#15473,#15474,#15475);
#15473 = CARTESIAN_POINT('',(137.81398289209,-58.888851,-7.5E-02));
#15474 = DIRECTION('',(0.,0.,-1.));
#15475 = DIRECTION('',(0.831468431641,0.555572,0.));
#15476 = ORIENTED_EDGE('',*,*,#15477,.T.);
#15477 = EDGE_CURVE('',#15469,#15478,#15480,.T.);
#15478 = VERTEX_POINT('',#15479);
#15479 = CARTESIAN_POINT('',(136.480649,-59.138851,-7.5E-02));
#15480 = LINE('',#15481,#15482);
#15481 = CARTESIAN_POINT('',(137.813983,-59.138851,-7.5E-02));
#15482 = VECTOR('',#15483,1.);
#15483 = DIRECTION('',(-1.,0.,0.));
#15484 = ORIENTED_EDGE('',*,*,#15485,.T.);
#15485 = EDGE_CURVE('',#15478,#15486,#15488,.T.);
#15486 = VERTEX_POINT('',#15487);
#15487 = CARTESIAN_POINT('',(136.480649,-58.638851,-7.5E-02));
#15488 = CIRCLE('',#15489,0.25);
#15489 = AXIS2_PLACEMENT_3D('',#15490,#15491,#15492);
#15490 = CARTESIAN_POINT('',(136.48064923665,-58.888851,-7.5E-02));
#15491 = DIRECTION('',(0.,0.,-1.));
#15492 = DIRECTION('',(-9.466303936274E-07,-1.,-0.));
#15493 = ORIENTED_EDGE('',*,*,#15494,.T.);
#15494 = EDGE_CURVE('',#15486,#15495,#15497,.T.);
#15495 = VERTEX_POINT('',#15496);
#15496 = CARTESIAN_POINT('',(137.374013,-58.638851,-7.5E-02));
#15497 = LINE('',#15498,#15499);
#15498 = CARTESIAN_POINT('',(136.480649,-58.638851,-7.5E-02));
#15499 = VECTOR('',#15500,1.);
#15500 = DIRECTION('',(1.,0.,0.));
#15501 = ORIENTED_EDGE('',*,*,#15502,.T.);
#15502 = EDGE_CURVE('',#15495,#15503,#15505,.T.);
#15503 = VERTEX_POINT('',#15504);
#15504 = CARTESIAN_POINT('',(137.563983,-58.448881,-7.5E-02));
#15505 = CIRCLE('',#15506,0.260961367021);
#15506 = AXIS2_PLACEMENT_3D('',#15507,#15508,#15509);
#15507 = CARTESIAN_POINT('',(137.31079475315,-58.38566275315,-7.5E-02));
#15508 = DIRECTION('',(0.,0.,1.));
#15509 = DIRECTION('',(0.242251362993,-0.970213521411,0.));
#15510 = ORIENTED_EDGE('',*,*,#15511,.T.);
#15511 = EDGE_CURVE('',#15503,#15512,#15514,.T.);
#15512 = VERTEX_POINT('',#15513);
#15513 = CARTESIAN_POINT('',(137.563983,-58.317422,-7.5E-02));
#15514 = LINE('',#15515,#15516);
#15515 = CARTESIAN_POINT('',(137.563983,-58.448881,-7.5E-02));
#15516 = VECTOR('',#15517,1.);
#15517 = DIRECTION('',(0.,1.,0.));
#15518 = ORIENTED_EDGE('',*,*,#15519,.T.);
#15519 = EDGE_CURVE('',#15512,#15520,#15522,.T.);
#15520 = VERTEX_POINT('',#15521);
#15521 = CARTESIAN_POINT('',(138.063983,-58.317422,-7.5E-02));
#15522 = CIRCLE('',#15523,0.250000000003);
#15523 = AXIS2_PLACEMENT_3D('',#15524,#15525,#15526);
#15524 = CARTESIAN_POINT('',(137.813983,-58.31742318974,-7.5E-02));
#15525 = DIRECTION('',(0.,0.,-1.));
#15526 = DIRECTION('',(-0.999999999989,4.758985085064E-06,0.));
#15527 = ORIENTED_EDGE('',*,*,#15528,.T.);
#15528 = EDGE_CURVE('',#15520,#15435,#15529,.T.);
#15529 = LINE('',#15530,#15531);
#15530 = CARTESIAN_POINT('',(138.063983,-58.317422,-7.5E-02));
#15531 = VECTOR('',#15532,1.);
#15532 = DIRECTION('',(0.,-1.,0.));
#15533 = PLANE('',#15534);
#15534 = AXIS2_PLACEMENT_3D('',#15535,#15536,#15537);
#15535 = CARTESIAN_POINT('',(0.,0.,-7.5E-02));
#15536 = DIRECTION('',(-0.,-0.,-1.));
#15537 = DIRECTION('',(-1.,0.,0.));
#15538 = ( GEOMETRIC_REPRESENTATION_CONTEXT(3) 
GLOBAL_UNCERTAINTY_ASSIGNED_CONTEXT((#15542)) 
GLOBAL_UNIT_ASSIGNED_CONTEXT((#15539,#15540,#15541)) 
REPRESENTATION_CONTEXT('Context #1',
  '3D Context with UNIT and UNCERTAINTY') );
#15539 = ( LENGTH_UNIT() NAMED_UNIT(*) SI_UNIT(.MILLI.,.METRE.) );
#15540 = ( NAMED_UNIT(*) PLANE_ANGLE_UNIT() SI_UNIT($,.RADIAN.) );
#15541 = ( NAMED_UNIT(*) SI_UNIT($,.STERADIAN.) SOLID_ANGLE_UNIT() );
#15542 = UNCERTAINTY_MEASURE_WITH_UNIT(LENGTH_MEASURE(1.E-07),#15539,
  'distance_accuracy_value','confusion accuracy');
#15543 = CONTEXT_DEPENDENT_SHAPE_REPRESENTATION(#15544,#15546);
#15544 = ( REPRESENTATION_RELATIONSHIP('','',#13001,#10) 
REPRESENTATION_RELATIONSHIP_WITH_TRANSFORMATION(#15545) 
SHAPE_REPRESENTATION_RELATIONSHIP() );
#15545 = ITEM_DEFINED_TRANSFORMATION('','',#11,#27);
#15546 = PRODUCT_DEFINITION_SHAPE('Placement','Placement of an item',
  #15547);
#15547 = NEXT_ASSEMBLY_USAGE_OCCURRENCE('4','=>[0:1:1:6]','',#5,#12996,$
  );
#15548 = PRODUCT_RELATED_PRODUCT_CATEGORY('part',$,(#12998));
#15549 = SHAPE_DEFINITION_REPRESENTATION(#15550,#15556);
#15550 = PRODUCT_DEFINITION_SHAPE('','',#15551);
#15551 = PRODUCT_DEFINITION('design','',#15552,#15555);
#15552 = PRODUCT_DEFINITION_FORMATION('','',#15553);
#15553 = PRODUCT('TxTroller_soldermask','TxTroller_soldermask','',(
    #15554));
#15554 = PRODUCT_CONTEXT('',#2,'mechanical');
#15555 = PRODUCT_DEFINITION_CONTEXT('part definition',#2,'design');
#15556 = MANIFOLD_SURFACE_SHAPE_REPRESENTATION('',(#11,#15557),#15918);
#15557 = SHELL_BASED_SURFACE_MODEL('',(#15558));
#15558 = OPEN_SHELL('',(#15559));
#15559 = ADVANCED_FACE('',(#15560,#15594,#15605,#15616,#15627,#15638,
    #15649,#15660,#15671,#15682,#15693,#15704,#15715,#15726,#15737,
    #15748,#15759,#15770,#15781,#15792,#15803,#15814,#15825,#15836,
    #15847,#15858,#15869,#15880,#15891,#15902),#15913,.T.);
#15560 = FACE_BOUND('',#15561,.F.);
#15561 = EDGE_LOOP('',(#15562,#15572,#15580,#15588));
#15562 = ORIENTED_EDGE('',*,*,#15563,.T.);
#15563 = EDGE_CURVE('',#15564,#15566,#15568,.T.);
#15564 = VERTEX_POINT('',#15565);
#15565 = CARTESIAN_POINT('',(128.952,-89.744,1.56));
#15566 = VERTEX_POINT('',#15567);
#15567 = CARTESIAN_POINT('',(128.952,-55.732,1.56));
#15568 = LINE('',#15569,#15570);
#15569 = CARTESIAN_POINT('',(128.952,-89.744,1.56));
#15570 = VECTOR('',#15571,1.);
#15571 = DIRECTION('',(0.,1.,0.));
#15572 = ORIENTED_EDGE('',*,*,#15573,.T.);
#15573 = EDGE_CURVE('',#15566,#15574,#15576,.T.);
#15574 = VERTEX_POINT('',#15575);
#15575 = CARTESIAN_POINT('',(148.806,-55.732,1.56));
#15576 = LINE('',#15577,#15578);
#15577 = CARTESIAN_POINT('',(128.952,-55.732,1.56));
#15578 = VECTOR('',#15579,1.);
#15579 = DIRECTION('',(1.,0.,0.));
#15580 = ORIENTED_EDGE('',*,*,#15581,.T.);
#15581 = EDGE_CURVE('',#15574,#15582,#15584,.T.);
#15582 = VERTEX_POINT('',#15583);
#15583 = CARTESIAN_POINT('',(148.806,-89.744,1.56));
#15584 = LINE('',#15585,#15586);
#15585 = CARTESIAN_POINT('',(148.806,-55.732,1.56));
#15586 = VECTOR('',#15587,1.);
#15587 = DIRECTION('',(0.,-1.,0.));
#15588 = ORIENTED_EDGE('',*,*,#15589,.T.);
#15589 = EDGE_CURVE('',#15582,#15564,#15590,.T.);
#15590 = LINE('',#15591,#15592);
#15591 = CARTESIAN_POINT('',(148.806,-89.744,1.56));
#15592 = VECTOR('',#15593,1.);
#15593 = DIRECTION('',(-1.,0.,0.));
#15594 = FACE_BOUND('',#15595,.F.);
#15595 = EDGE_LOOP('',(#15596));
#15596 = ORIENTED_EDGE('',*,*,#15597,.T.);
#15597 = EDGE_CURVE('',#15598,#15598,#15600,.T.);
#15598 = VERTEX_POINT('',#15599);
#15599 = CARTESIAN_POINT('',(135.213392,-87.606,1.56));
#15600 = CIRCLE('',#15601,0.487392);
#15601 = AXIS2_PLACEMENT_3D('',#15602,#15603,#15604);
#15602 = CARTESIAN_POINT('',(134.726,-87.606,1.56));
#15603 = DIRECTION('',(0.,0.,1.));
#15604 = DIRECTION('',(1.,0.,-0.));
#15605 = FACE_BOUND('',#15606,.F.);
#15606 = EDGE_LOOP('',(#15607));
#15607 = ORIENTED_EDGE('',*,*,#15608,.T.);
#15608 = EDGE_CURVE('',#15609,#15609,#15611,.T.);
#15609 = VERTEX_POINT('',#15610);
#15610 = CARTESIAN_POINT('',(137.753392,-87.606,1.56));
#15611 = CIRCLE('',#15612,0.487392);
#15612 = AXIS2_PLACEMENT_3D('',#15613,#15614,#15615);
#15613 = CARTESIAN_POINT('',(137.266,-87.606,1.56));
#15614 = DIRECTION('',(0.,0.,1.));
#15615 = DIRECTION('',(1.,0.,-0.));
#15616 = FACE_BOUND('',#15617,.F.);
#15617 = EDGE_LOOP('',(#15618));
#15618 = ORIENTED_EDGE('',*,*,#15619,.T.);
#15619 = EDGE_CURVE('',#15620,#15620,#15622,.T.);
#15620 = VERTEX_POINT('',#15621);
#15621 = CARTESIAN_POINT('',(140.293392,-87.606,1.56));
#15622 = CIRCLE('',#15623,0.487392);
#15623 = AXIS2_PLACEMENT_3D('',#15624,#15625,#15626);
#15624 = CARTESIAN_POINT('',(139.806,-87.606,1.56));
#15625 = DIRECTION('',(0.,0.,1.));
#15626 = DIRECTION('',(1.,0.,-0.));
#15627 = FACE_BOUND('',#15628,.F.);
#15628 = EDGE_LOOP('',(#15629));
#15629 = ORIENTED_EDGE('',*,*,#15630,.T.);
#15630 = EDGE_CURVE('',#15631,#15631,#15633,.T.);
#15631 = VERTEX_POINT('',#15632);
#15632 = CARTESIAN_POINT('',(142.833392,-87.606,1.56));
#15633 = CIRCLE('',#15634,0.487392);
#15634 = AXIS2_PLACEMENT_3D('',#15635,#15636,#15637);
#15635 = CARTESIAN_POINT('',(142.346,-87.606,1.56));
#15636 = DIRECTION('',(0.,0.,1.));
#15637 = DIRECTION('',(1.,0.,-0.));
#15638 = FACE_BOUND('',#15639,.F.);
#15639 = EDGE_LOOP('',(#15640));
#15640 = ORIENTED_EDGE('',*,*,#15641,.T.);
#15641 = EDGE_CURVE('',#15642,#15642,#15644,.T.);
#15642 = VERTEX_POINT('',#15643);
#15643 = CARTESIAN_POINT('',(142.441392,-82.908,1.56));
#15644 = CIRCLE('',#15645,0.487392);
#15645 = AXIS2_PLACEMENT_3D('',#15646,#15647,#15648);
#15646 = CARTESIAN_POINT('',(141.954,-82.908,1.56));
#15647 = DIRECTION('',(0.,0.,1.));
#15648 = DIRECTION('',(1.,0.,-0.));
#15649 = FACE_BOUND('',#15650,.F.);
#15650 = EDGE_LOOP('',(#15651));
#15651 = ORIENTED_EDGE('',*,*,#15652,.T.);
#15652 = EDGE_CURVE('',#15653,#15653,#15655,.T.);
#15653 = VERTEX_POINT('',#15654);
#15654 = CARTESIAN_POINT('',(144.981392,-82.908,1.56));
#15655 = CIRCLE('',#15656,0.487392);
#15656 = AXIS2_PLACEMENT_3D('',#15657,#15658,#15659);
#15657 = CARTESIAN_POINT('',(144.494,-82.908,1.56));
#15658 = DIRECTION('',(0.,0.,1.));
#15659 = DIRECTION('',(1.,0.,-0.));
#15660 = FACE_BOUND('',#15661,.F.);
#15661 = EDGE_LOOP('',(#15662));
#15662 = ORIENTED_EDGE('',*,*,#15663,.T.);
#15663 = EDGE_CURVE('',#15664,#15664,#15666,.T.);
#15664 = VERTEX_POINT('',#15665);
#15665 = CARTESIAN_POINT('',(131.843392,-82.818,1.56));
#15666 = CIRCLE('',#15667,0.487392);
#15667 = AXIS2_PLACEMENT_3D('',#15668,#15669,#15670);
#15668 = CARTESIAN_POINT('',(131.356,-82.818,1.56));
#15669 = DIRECTION('',(0.,0.,1.));
#15670 = DIRECTION('',(1.,0.,-0.));
#15671 = FACE_BOUND('',#15672,.F.);
#15672 = EDGE_LOOP('',(#15673));
#15673 = ORIENTED_EDGE('',*,*,#15674,.T.);
#15674 = EDGE_CURVE('',#15675,#15675,#15677,.T.);
#15675 = VERTEX_POINT('',#15676);
#15676 = CARTESIAN_POINT('',(134.383392,-82.818,1.56));
#15677 = CIRCLE('',#15678,0.487392);
#15678 = AXIS2_PLACEMENT_3D('',#15679,#15680,#15681);
#15679 = CARTESIAN_POINT('',(133.896,-82.818,1.56));
#15680 = DIRECTION('',(0.,0.,1.));
#15681 = DIRECTION('',(1.,0.,-0.));
#15682 = FACE_BOUND('',#15683,.F.);
#15683 = EDGE_LOOP('',(#15684));
#15684 = ORIENTED_EDGE('',*,*,#15685,.T.);
#15685 = EDGE_CURVE('',#15686,#15686,#15688,.T.);
#15686 = VERTEX_POINT('',#15687);
#15687 = CARTESIAN_POINT('',(136.923392,-82.818,1.56));
#15688 = CIRCLE('',#15689,0.487392);
#15689 = AXIS2_PLACEMENT_3D('',#15690,#15691,#15692);
#15690 = CARTESIAN_POINT('',(136.436,-82.818,1.56));
#15691 = DIRECTION('',(0.,0.,1.));
#15692 = DIRECTION('',(1.,0.,-0.));
#15693 = FACE_BOUND('',#15694,.F.);
#15694 = EDGE_LOOP('',(#15695));
#15695 = ORIENTED_EDGE('',*,*,#15696,.T.);
#15696 = EDGE_CURVE('',#15697,#15697,#15699,.T.);
#15697 = VERTEX_POINT('',#15698);
#15698 = CARTESIAN_POINT('',(131.847392,-79.106,1.56));
#15699 = CIRCLE('',#15700,0.487392);
#15700 = AXIS2_PLACEMENT_3D('',#15701,#15702,#15703);
#15701 = CARTESIAN_POINT('',(131.36,-79.106,1.56));
#15702 = DIRECTION('',(0.,0.,1.));
#15703 = DIRECTION('',(1.,0.,-0.));
#15704 = FACE_BOUND('',#15705,.F.);
#15705 = EDGE_LOOP('',(#15706));
#15706 = ORIENTED_EDGE('',*,*,#15707,.T.);
#15707 = EDGE_CURVE('',#15708,#15708,#15710,.T.);
#15708 = VERTEX_POINT('',#15709);
#15709 = CARTESIAN_POINT('',(134.387392,-79.106,1.56));
#15710 = CIRCLE('',#15711,0.487392);
#15711 = AXIS2_PLACEMENT_3D('',#15712,#15713,#15714);
#15712 = CARTESIAN_POINT('',(133.9,-79.106,1.56));
#15713 = DIRECTION('',(0.,0.,1.));
#15714 = DIRECTION('',(1.,0.,-0.));
#15715 = FACE_BOUND('',#15716,.F.);
#15716 = EDGE_LOOP('',(#15717));
#15717 = ORIENTED_EDGE('',*,*,#15718,.T.);
#15718 = EDGE_CURVE('',#15719,#15719,#15721,.T.);
#15719 = VERTEX_POINT('',#15720);
#15720 = CARTESIAN_POINT('',(138.137392,-79.106,1.56));
#15721 = CIRCLE('',#15722,0.487392);
#15722 = AXIS2_PLACEMENT_3D('',#15723,#15724,#15725);
#15723 = CARTESIAN_POINT('',(137.65,-79.106,1.56));
#15724 = DIRECTION('',(0.,0.,1.));
#15725 = DIRECTION('',(1.,0.,-0.));
#15726 = FACE_BOUND('',#15727,.F.);
#15727 = EDGE_LOOP('',(#15728));
#15728 = ORIENTED_EDGE('',*,*,#15729,.T.);
#15729 = EDGE_CURVE('',#15730,#15730,#15732,.T.);
#15730 = VERTEX_POINT('',#15731);
#15731 = CARTESIAN_POINT('',(140.677392,-79.106,1.56));
#15732 = CIRCLE('',#15733,0.487392);
#15733 = AXIS2_PLACEMENT_3D('',#15734,#15735,#15736);
#15734 = CARTESIAN_POINT('',(140.19,-79.106,1.56));
#15735 = DIRECTION('',(0.,0.,1.));
#15736 = DIRECTION('',(1.,0.,-0.));
#15737 = FACE_BOUND('',#15738,.F.);
#15738 = EDGE_LOOP('',(#15739));
#15739 = ORIENTED_EDGE('',*,*,#15740,.T.);
#15740 = EDGE_CURVE('',#15741,#15741,#15743,.T.);
#15741 = VERTEX_POINT('',#15742);
#15742 = CARTESIAN_POINT('',(144.437392,-79.106,1.56));
#15743 = CIRCLE('',#15744,0.487392);
#15744 = AXIS2_PLACEMENT_3D('',#15745,#15746,#15747);
#15745 = CARTESIAN_POINT('',(143.95,-79.106,1.56));
#15746 = DIRECTION('',(0.,0.,1.));
#15747 = DIRECTION('',(1.,0.,-0.));
#15748 = FACE_BOUND('',#15749,.F.);
#15749 = EDGE_LOOP('',(#15750));
#15750 = ORIENTED_EDGE('',*,*,#15751,.T.);
#15751 = EDGE_CURVE('',#15752,#15752,#15754,.T.);
#15752 = VERTEX_POINT('',#15753);
#15753 = CARTESIAN_POINT('',(146.977392,-79.106,1.56));
#15754 = CIRCLE('',#15755,0.487392);
#15755 = AXIS2_PLACEMENT_3D('',#15756,#15757,#15758);
#15756 = CARTESIAN_POINT('',(146.49,-79.106,1.56));
#15757 = DIRECTION('',(0.,0.,1.));
#15758 = DIRECTION('',(1.,0.,-0.));
#15759 = FACE_BOUND('',#15760,.F.);
#15760 = EDGE_LOOP('',(#15761));
#15761 = ORIENTED_EDGE('',*,*,#15762,.T.);
#15762 = EDGE_CURVE('',#15763,#15763,#15765,.T.);
#15763 = VERTEX_POINT('',#15764);
#15764 = CARTESIAN_POINT('',(131.657891,-74.226,1.56));
#15765 = CIRCLE('',#15766,0.431891);
#15766 = AXIS2_PLACEMENT_3D('',#15767,#15768,#15769);
#15767 = CARTESIAN_POINT('',(131.226,-74.226,1.56));
#15768 = DIRECTION('',(0.,0.,1.));
#15769 = DIRECTION('',(1.,0.,-0.));
#15770 = FACE_BOUND('',#15771,.F.);
#15771 = EDGE_LOOP('',(#15772));
#15772 = ORIENTED_EDGE('',*,*,#15773,.T.);
#15773 = EDGE_CURVE('',#15774,#15774,#15776,.T.);
#15774 = VERTEX_POINT('',#15775);
#15775 = CARTESIAN_POINT('',(146.897891,-74.226,1.56));
#15776 = CIRCLE('',#15777,0.431891);
#15777 = AXIS2_PLACEMENT_3D('',#15778,#15779,#15780);
#15778 = CARTESIAN_POINT('',(146.466,-74.226,1.56));
#15779 = DIRECTION('',(0.,0.,1.));
#15780 = DIRECTION('',(1.,0.,-0.));
#15781 = FACE_BOUND('',#15782,.F.);
#15782 = EDGE_LOOP('',(#15783));
#15783 = ORIENTED_EDGE('',*,*,#15784,.T.);
#15784 = EDGE_CURVE('',#15785,#15785,#15787,.T.);
#15785 = VERTEX_POINT('',#15786);
#15786 = CARTESIAN_POINT('',(131.657891,-71.686,1.56));
#15787 = CIRCLE('',#15788,0.431891);
#15788 = AXIS2_PLACEMENT_3D('',#15789,#15790,#15791);
#15789 = CARTESIAN_POINT('',(131.226,-71.686,1.56));
#15790 = DIRECTION('',(0.,0.,1.));
#15791 = DIRECTION('',(1.,0.,-0.));
#15792 = FACE_BOUND('',#15793,.F.);
#15793 = EDGE_LOOP('',(#15794));
#15794 = ORIENTED_EDGE('',*,*,#15795,.T.);
#15795 = EDGE_CURVE('',#15796,#15796,#15798,.T.);
#15796 = VERTEX_POINT('',#15797);
#15797 = CARTESIAN_POINT('',(146.897891,-71.686,1.56));
#15798 = CIRCLE('',#15799,0.431891);
#15799 = AXIS2_PLACEMENT_3D('',#15800,#15801,#15802);
#15800 = CARTESIAN_POINT('',(146.466,-71.686,1.56));
#15801 = DIRECTION('',(0.,0.,1.));
#15802 = DIRECTION('',(1.,0.,-0.));
#15803 = FACE_BOUND('',#15804,.F.);
#15804 = EDGE_LOOP('',(#15805));
#15805 = ORIENTED_EDGE('',*,*,#15806,.T.);
#15806 = EDGE_CURVE('',#15807,#15807,#15809,.T.);
#15807 = VERTEX_POINT('',#15808);
#15808 = CARTESIAN_POINT('',(131.657891,-69.146,1.56));
#15809 = CIRCLE('',#15810,0.431891);
#15810 = AXIS2_PLACEMENT_3D('',#15811,#15812,#15813);
#15811 = CARTESIAN_POINT('',(131.226,-69.146,1.56));
#15812 = DIRECTION('',(0.,0.,1.));
#15813 = DIRECTION('',(1.,0.,-0.));
#15814 = FACE_BOUND('',#15815,.F.);
#15815 = EDGE_LOOP('',(#15816));
#15816 = ORIENTED_EDGE('',*,*,#15817,.T.);
#15817 = EDGE_CURVE('',#15818,#15818,#15820,.T.);
#15818 = VERTEX_POINT('',#15819);
#15819 = CARTESIAN_POINT('',(146.897891,-69.146,1.56));
#15820 = CIRCLE('',#15821,0.431891);
#15821 = AXIS2_PLACEMENT_3D('',#15822,#15823,#15824);
#15822 = CARTESIAN_POINT('',(146.466,-69.146,1.56));
#15823 = DIRECTION('',(0.,0.,1.));
#15824 = DIRECTION('',(1.,0.,-0.));
#15825 = FACE_BOUND('',#15826,.F.);
#15826 = EDGE_LOOP('',(#15827));
#15827 = ORIENTED_EDGE('',*,*,#15828,.T.);
#15828 = EDGE_CURVE('',#15829,#15829,#15831,.T.);
#15829 = VERTEX_POINT('',#15830);
#15830 = CARTESIAN_POINT('',(131.657891,-66.606,1.56));
#15831 = CIRCLE('',#15832,0.431891);
#15832 = AXIS2_PLACEMENT_3D('',#15833,#15834,#15835);
#15833 = CARTESIAN_POINT('',(131.226,-66.606,1.56));
#15834 = DIRECTION('',(0.,0.,1.));
#15835 = DIRECTION('',(1.,0.,-0.));
#15836 = FACE_BOUND('',#15837,.F.);
#15837 = EDGE_LOOP('',(#15838));
#15838 = ORIENTED_EDGE('',*,*,#15839,.T.);
#15839 = EDGE_CURVE('',#15840,#15840,#15842,.T.);
#15840 = VERTEX_POINT('',#15841);
#15841 = CARTESIAN_POINT('',(146.897891,-66.606,1.56));
#15842 = CIRCLE('',#15843,0.431891);
#15843 = AXIS2_PLACEMENT_3D('',#15844,#15845,#15846);
#15844 = CARTESIAN_POINT('',(146.466,-66.606,1.56));
#15845 = DIRECTION('',(0.,0.,1.));
#15846 = DIRECTION('',(1.,0.,-0.));
#15847 = FACE_BOUND('',#15848,.F.);
#15848 = EDGE_LOOP('',(#15849));
#15849 = ORIENTED_EDGE('',*,*,#15850,.T.);
#15850 = EDGE_CURVE('',#15851,#15851,#15853,.T.);
#15851 = VERTEX_POINT('',#15852);
#15852 = CARTESIAN_POINT('',(131.657891,-64.066,1.56));
#15853 = CIRCLE('',#15854,0.431891);
#15854 = AXIS2_PLACEMENT_3D('',#15855,#15856,#15857);
#15855 = CARTESIAN_POINT('',(131.226,-64.066,1.56));
#15856 = DIRECTION('',(0.,0.,1.));
#15857 = DIRECTION('',(1.,0.,-0.));
#15858 = FACE_BOUND('',#15859,.F.);
#15859 = EDGE_LOOP('',(#15860));
#15860 = ORIENTED_EDGE('',*,*,#15861,.T.);
#15861 = EDGE_CURVE('',#15862,#15862,#15864,.T.);
#15862 = VERTEX_POINT('',#15863);
#15863 = CARTESIAN_POINT('',(146.897891,-64.066,1.56));
#15864 = CIRCLE('',#15865,0.431891);
#15865 = AXIS2_PLACEMENT_3D('',#15866,#15867,#15868);
#15866 = CARTESIAN_POINT('',(146.466,-64.066,1.56));
#15867 = DIRECTION('',(0.,0.,1.));
#15868 = DIRECTION('',(1.,0.,-0.));
#15869 = FACE_BOUND('',#15870,.F.);
#15870 = EDGE_LOOP('',(#15871));
#15871 = ORIENTED_EDGE('',*,*,#15872,.T.);
#15872 = EDGE_CURVE('',#15873,#15873,#15875,.T.);
#15873 = VERTEX_POINT('',#15874);
#15874 = CARTESIAN_POINT('',(131.657891,-61.526,1.56));
#15875 = CIRCLE('',#15876,0.431891);
#15876 = AXIS2_PLACEMENT_3D('',#15877,#15878,#15879);
#15877 = CARTESIAN_POINT('',(131.226,-61.526,1.56));
#15878 = DIRECTION('',(0.,0.,1.));
#15879 = DIRECTION('',(1.,0.,-0.));
#15880 = FACE_BOUND('',#15881,.F.);
#15881 = EDGE_LOOP('',(#15882));
#15882 = ORIENTED_EDGE('',*,*,#15883,.T.);
#15883 = EDGE_CURVE('',#15884,#15884,#15886,.T.);
#15884 = VERTEX_POINT('',#15885);
#15885 = CARTESIAN_POINT('',(146.897891,-61.526,1.56));
#15886 = CIRCLE('',#15887,0.431891);
#15887 = AXIS2_PLACEMENT_3D('',#15888,#15889,#15890);
#15888 = CARTESIAN_POINT('',(146.466,-61.526,1.56));
#15889 = DIRECTION('',(0.,0.,1.));
#15890 = DIRECTION('',(1.,0.,-0.));
#15891 = FACE_BOUND('',#15892,.F.);
#15892 = EDGE_LOOP('',(#15893));
#15893 = ORIENTED_EDGE('',*,*,#15894,.T.);
#15894 = EDGE_CURVE('',#15895,#15895,#15897,.T.);
#15895 = VERTEX_POINT('',#15896);
#15896 = CARTESIAN_POINT('',(131.657891,-58.986,1.56));
#15897 = CIRCLE('',#15898,0.431891);
#15898 = AXIS2_PLACEMENT_3D('',#15899,#15900,#15901);
#15899 = CARTESIAN_POINT('',(131.226,-58.986,1.56));
#15900 = DIRECTION('',(0.,0.,1.));
#15901 = DIRECTION('',(1.,0.,-0.));
#15902 = FACE_BOUND('',#15903,.F.);
#15903 = EDGE_LOOP('',(#15904));
#15904 = ORIENTED_EDGE('',*,*,#15905,.T.);
#15905 = EDGE_CURVE('',#15906,#15906,#15908,.T.);
#15906 = VERTEX_POINT('',#15907);
#15907 = CARTESIAN_POINT('',(146.897891,-58.986,1.56));
#15908 = CIRCLE('',#15909,0.431891);
#15909 = AXIS2_PLACEMENT_3D('',#15910,#15911,#15912);
#15910 = CARTESIAN_POINT('',(146.466,-58.986,1.56));
#15911 = DIRECTION('',(0.,0.,1.));
#15912 = DIRECTION('',(1.,0.,-0.));
#15913 = PLANE('',#15914);
#15914 = AXIS2_PLACEMENT_3D('',#15915,#15916,#15917);
#15915 = CARTESIAN_POINT('',(0.,0.,1.56));
#15916 = DIRECTION('',(0.,0.,1.));
#15917 = DIRECTION('',(1.,0.,-0.));
#15918 = ( GEOMETRIC_REPRESENTATION_CONTEXT(3) 
GLOBAL_UNCERTAINTY_ASSIGNED_CONTEXT((#15922)) 
GLOBAL_UNIT_ASSIGNED_CONTEXT((#15919,#15920,#15921)) 
REPRESENTATION_CONTEXT('Context #1',
  '3D Context with UNIT and UNCERTAINTY') );
#15919 = ( LENGTH_UNIT() NAMED_UNIT(*) SI_UNIT(.MILLI.,.METRE.) );
#15920 = ( NAMED_UNIT(*) PLANE_ANGLE_UNIT() SI_UNIT($,.RADIAN.) );
#15921 = ( NAMED_UNIT(*) SI_UNIT($,.STERADIAN.) SOLID_ANGLE_UNIT() );
#15922 = UNCERTAINTY_MEASURE_WITH_UNIT(LENGTH_MEASURE(1.E-07),#15919,
  'distance_accuracy_value','confusion accuracy');
#15923 = CONTEXT_DEPENDENT_SHAPE_REPRESENTATION(#15924,#15926);
#15924 = ( REPRESENTATION_RELATIONSHIP('','',#15556,#10) 
REPRESENTATION_RELATIONSHIP_WITH_TRANSFORMATION(#15925) 
SHAPE_REPRESENTATION_RELATIONSHIP() );
#15925 = ITEM_DEFINED_TRANSFORMATION('','',#11,#31);
#15926 = PRODUCT_DEFINITION_SHAPE('Placement','Placement of an item',
  #15927);
#15927 = NEXT_ASSEMBLY_USAGE_OCCURRENCE('5','=>[0:1:1:7]','',#5,#15551,$
  );
#15928 = PRODUCT_RELATED_PRODUCT_CATEGORY('part',$,(#15553));
#15929 = SHAPE_DEFINITION_REPRESENTATION(#15930,#15936);
#15930 = PRODUCT_DEFINITION_SHAPE('','',#15931);
#15931 = PRODUCT_DEFINITION('design','',#15932,#15935);
#15932 = PRODUCT_DEFINITION_FORMATION('','',#15933);
#15933 = PRODUCT('TxTroller_soldermask','TxTroller_soldermask','',(
    #15934));
#15934 = PRODUCT_CONTEXT('',#2,'mechanical');
#15935 = PRODUCT_DEFINITION_CONTEXT('part definition',#2,'design');
#15936 = MANIFOLD_SURFACE_SHAPE_REPRESENTATION('',(#11,#15937),#16298);
#15937 = SHELL_BASED_SURFACE_MODEL('',(#15938));
#15938 = OPEN_SHELL('',(#15939));
#15939 = ADVANCED_FACE('',(#15940,#15974,#15985,#15996,#16007,#16018,
    #16029,#16040,#16051,#16062,#16073,#16084,#16095,#16106,#16117,
    #16128,#16139,#16150,#16161,#16172,#16183,#16194,#16205,#16216,
    #16227,#16238,#16249,#16260,#16271,#16282),#16293,.T.);
#15940 = FACE_BOUND('',#15941,.T.);
#15941 = EDGE_LOOP('',(#15942,#15952,#15960,#15968));
#15942 = ORIENTED_EDGE('',*,*,#15943,.T.);
#15943 = EDGE_CURVE('',#15944,#15946,#15948,.T.);
#15944 = VERTEX_POINT('',#15945);
#15945 = CARTESIAN_POINT('',(128.952,-89.744,-5.E-02));
#15946 = VERTEX_POINT('',#15947);
#15947 = CARTESIAN_POINT('',(128.952,-55.732,-5.E-02));
#15948 = LINE('',#15949,#15950);
#15949 = CARTESIAN_POINT('',(128.952,-89.744,-5.E-02));
#15950 = VECTOR('',#15951,1.);
#15951 = DIRECTION('',(0.,1.,0.));
#15952 = ORIENTED_EDGE('',*,*,#15953,.T.);
#15953 = EDGE_CURVE('',#15946,#15954,#15956,.T.);
#15954 = VERTEX_POINT('',#15955);
#15955 = CARTESIAN_POINT('',(148.806,-55.732,-5.E-02));
#15956 = LINE('',#15957,#15958);
#15957 = CARTESIAN_POINT('',(128.952,-55.732,-5.E-02));
#15958 = VECTOR('',#15959,1.);
#15959 = DIRECTION('',(1.,0.,0.));
#15960 = ORIENTED_EDGE('',*,*,#15961,.T.);
#15961 = EDGE_CURVE('',#15954,#15962,#15964,.T.);
#15962 = VERTEX_POINT('',#15963);
#15963 = CARTESIAN_POINT('',(148.806,-89.744,-5.E-02));
#15964 = LINE('',#15965,#15966);
#15965 = CARTESIAN_POINT('',(148.806,-55.732,-5.E-02));
#15966 = VECTOR('',#15967,1.);
#15967 = DIRECTION('',(0.,-1.,0.));
#15968 = ORIENTED_EDGE('',*,*,#15969,.T.);
#15969 = EDGE_CURVE('',#15962,#15944,#15970,.T.);
#15970 = LINE('',#15971,#15972);
#15971 = CARTESIAN_POINT('',(148.806,-89.744,-5.E-02));
#15972 = VECTOR('',#15973,1.);
#15973 = DIRECTION('',(-1.,0.,0.));
#15974 = FACE_BOUND('',#15975,.T.);
#15975 = EDGE_LOOP('',(#15976));
#15976 = ORIENTED_EDGE('',*,*,#15977,.T.);
#15977 = EDGE_CURVE('',#15978,#15978,#15980,.T.);
#15978 = VERTEX_POINT('',#15979);
#15979 = CARTESIAN_POINT('',(135.213392,-87.606,-5.E-02));
#15980 = CIRCLE('',#15981,0.487392);
#15981 = AXIS2_PLACEMENT_3D('',#15982,#15983,#15984);
#15982 = CARTESIAN_POINT('',(134.726,-87.606,-5.E-02));
#15983 = DIRECTION('',(0.,0.,1.));
#15984 = DIRECTION('',(1.,0.,-0.));
#15985 = FACE_BOUND('',#15986,.T.);
#15986 = EDGE_LOOP('',(#15987));
#15987 = ORIENTED_EDGE('',*,*,#15988,.T.);
#15988 = EDGE_CURVE('',#15989,#15989,#15991,.T.);
#15989 = VERTEX_POINT('',#15990);
#15990 = CARTESIAN_POINT('',(137.753392,-87.606,-5.E-02));
#15991 = CIRCLE('',#15992,0.487392);
#15992 = AXIS2_PLACEMENT_3D('',#15993,#15994,#15995);
#15993 = CARTESIAN_POINT('',(137.266,-87.606,-5.E-02));
#15994 = DIRECTION('',(0.,0.,1.));
#15995 = DIRECTION('',(1.,0.,-0.));
#15996 = FACE_BOUND('',#15997,.T.);
#15997 = EDGE_LOOP('',(#15998));
#15998 = ORIENTED_EDGE('',*,*,#15999,.T.);
#15999 = EDGE_CURVE('',#16000,#16000,#16002,.T.);
#16000 = VERTEX_POINT('',#16001);
#16001 = CARTESIAN_POINT('',(140.293392,-87.606,-5.E-02));
#16002 = CIRCLE('',#16003,0.487392);
#16003 = AXIS2_PLACEMENT_3D('',#16004,#16005,#16006);
#16004 = CARTESIAN_POINT('',(139.806,-87.606,-5.E-02));
#16005 = DIRECTION('',(0.,0.,1.));
#16006 = DIRECTION('',(1.,0.,-0.));
#16007 = FACE_BOUND('',#16008,.T.);
#16008 = EDGE_LOOP('',(#16009));
#16009 = ORIENTED_EDGE('',*,*,#16010,.T.);
#16010 = EDGE_CURVE('',#16011,#16011,#16013,.T.);
#16011 = VERTEX_POINT('',#16012);
#16012 = CARTESIAN_POINT('',(142.833392,-87.606,-5.E-02));
#16013 = CIRCLE('',#16014,0.487392);
#16014 = AXIS2_PLACEMENT_3D('',#16015,#16016,#16017);
#16015 = CARTESIAN_POINT('',(142.346,-87.606,-5.E-02));
#16016 = DIRECTION('',(0.,0.,1.));
#16017 = DIRECTION('',(1.,0.,-0.));
#16018 = FACE_BOUND('',#16019,.T.);
#16019 = EDGE_LOOP('',(#16020));
#16020 = ORIENTED_EDGE('',*,*,#16021,.T.);
#16021 = EDGE_CURVE('',#16022,#16022,#16024,.T.);
#16022 = VERTEX_POINT('',#16023);
#16023 = CARTESIAN_POINT('',(142.441392,-82.908,-5.E-02));
#16024 = CIRCLE('',#16025,0.487392);
#16025 = AXIS2_PLACEMENT_3D('',#16026,#16027,#16028);
#16026 = CARTESIAN_POINT('',(141.954,-82.908,-5.E-02));
#16027 = DIRECTION('',(0.,0.,1.));
#16028 = DIRECTION('',(1.,0.,-0.));
#16029 = FACE_BOUND('',#16030,.T.);
#16030 = EDGE_LOOP('',(#16031));
#16031 = ORIENTED_EDGE('',*,*,#16032,.T.);
#16032 = EDGE_CURVE('',#16033,#16033,#16035,.T.);
#16033 = VERTEX_POINT('',#16034);
#16034 = CARTESIAN_POINT('',(144.981392,-82.908,-5.E-02));
#16035 = CIRCLE('',#16036,0.487392);
#16036 = AXIS2_PLACEMENT_3D('',#16037,#16038,#16039);
#16037 = CARTESIAN_POINT('',(144.494,-82.908,-5.E-02));
#16038 = DIRECTION('',(0.,0.,1.));
#16039 = DIRECTION('',(1.,0.,-0.));
#16040 = FACE_BOUND('',#16041,.T.);
#16041 = EDGE_LOOP('',(#16042));
#16042 = ORIENTED_EDGE('',*,*,#16043,.T.);
#16043 = EDGE_CURVE('',#16044,#16044,#16046,.T.);
#16044 = VERTEX_POINT('',#16045);
#16045 = CARTESIAN_POINT('',(131.843392,-82.818,-5.E-02));
#16046 = CIRCLE('',#16047,0.487392);
#16047 = AXIS2_PLACEMENT_3D('',#16048,#16049,#16050);
#16048 = CARTESIAN_POINT('',(131.356,-82.818,-5.E-02));
#16049 = DIRECTION('',(0.,0.,1.));
#16050 = DIRECTION('',(1.,0.,-0.));
#16051 = FACE_BOUND('',#16052,.T.);
#16052 = EDGE_LOOP('',(#16053));
#16053 = ORIENTED_EDGE('',*,*,#16054,.T.);
#16054 = EDGE_CURVE('',#16055,#16055,#16057,.T.);
#16055 = VERTEX_POINT('',#16056);
#16056 = CARTESIAN_POINT('',(134.383392,-82.818,-5.E-02));
#16057 = CIRCLE('',#16058,0.487392);
#16058 = AXIS2_PLACEMENT_3D('',#16059,#16060,#16061);
#16059 = CARTESIAN_POINT('',(133.896,-82.818,-5.E-02));
#16060 = DIRECTION('',(0.,0.,1.));
#16061 = DIRECTION('',(1.,0.,-0.));
#16062 = FACE_BOUND('',#16063,.T.);
#16063 = EDGE_LOOP('',(#16064));
#16064 = ORIENTED_EDGE('',*,*,#16065,.T.);
#16065 = EDGE_CURVE('',#16066,#16066,#16068,.T.);
#16066 = VERTEX_POINT('',#16067);
#16067 = CARTESIAN_POINT('',(136.923392,-82.818,-5.E-02));
#16068 = CIRCLE('',#16069,0.487392);
#16069 = AXIS2_PLACEMENT_3D('',#16070,#16071,#16072);
#16070 = CARTESIAN_POINT('',(136.436,-82.818,-5.E-02));
#16071 = DIRECTION('',(0.,0.,1.));
#16072 = DIRECTION('',(1.,0.,-0.));
#16073 = FACE_BOUND('',#16074,.T.);
#16074 = EDGE_LOOP('',(#16075));
#16075 = ORIENTED_EDGE('',*,*,#16076,.T.);
#16076 = EDGE_CURVE('',#16077,#16077,#16079,.T.);
#16077 = VERTEX_POINT('',#16078);
#16078 = CARTESIAN_POINT('',(131.847392,-79.106,-5.E-02));
#16079 = CIRCLE('',#16080,0.487392);
#16080 = AXIS2_PLACEMENT_3D('',#16081,#16082,#16083);
#16081 = CARTESIAN_POINT('',(131.36,-79.106,-5.E-02));
#16082 = DIRECTION('',(0.,0.,1.));
#16083 = DIRECTION('',(1.,0.,-0.));
#16084 = FACE_BOUND('',#16085,.T.);
#16085 = EDGE_LOOP('',(#16086));
#16086 = ORIENTED_EDGE('',*,*,#16087,.T.);
#16087 = EDGE_CURVE('',#16088,#16088,#16090,.T.);
#16088 = VERTEX_POINT('',#16089);
#16089 = CARTESIAN_POINT('',(134.387392,-79.106,-5.E-02));
#16090 = CIRCLE('',#16091,0.487392);
#16091 = AXIS2_PLACEMENT_3D('',#16092,#16093,#16094);
#16092 = CARTESIAN_POINT('',(133.9,-79.106,-5.E-02));
#16093 = DIRECTION('',(0.,0.,1.));
#16094 = DIRECTION('',(1.,0.,-0.));
#16095 = FACE_BOUND('',#16096,.T.);
#16096 = EDGE_LOOP('',(#16097));
#16097 = ORIENTED_EDGE('',*,*,#16098,.T.);
#16098 = EDGE_CURVE('',#16099,#16099,#16101,.T.);
#16099 = VERTEX_POINT('',#16100);
#16100 = CARTESIAN_POINT('',(138.137392,-79.106,-5.E-02));
#16101 = CIRCLE('',#16102,0.487392);
#16102 = AXIS2_PLACEMENT_3D('',#16103,#16104,#16105);
#16103 = CARTESIAN_POINT('',(137.65,-79.106,-5.E-02));
#16104 = DIRECTION('',(0.,0.,1.));
#16105 = DIRECTION('',(1.,0.,-0.));
#16106 = FACE_BOUND('',#16107,.T.);
#16107 = EDGE_LOOP('',(#16108));
#16108 = ORIENTED_EDGE('',*,*,#16109,.T.);
#16109 = EDGE_CURVE('',#16110,#16110,#16112,.T.);
#16110 = VERTEX_POINT('',#16111);
#16111 = CARTESIAN_POINT('',(140.677392,-79.106,-5.E-02));
#16112 = CIRCLE('',#16113,0.487392);
#16113 = AXIS2_PLACEMENT_3D('',#16114,#16115,#16116);
#16114 = CARTESIAN_POINT('',(140.19,-79.106,-5.E-02));
#16115 = DIRECTION('',(0.,0.,1.));
#16116 = DIRECTION('',(1.,0.,-0.));
#16117 = FACE_BOUND('',#16118,.T.);
#16118 = EDGE_LOOP('',(#16119));
#16119 = ORIENTED_EDGE('',*,*,#16120,.T.);
#16120 = EDGE_CURVE('',#16121,#16121,#16123,.T.);
#16121 = VERTEX_POINT('',#16122);
#16122 = CARTESIAN_POINT('',(144.437392,-79.106,-5.E-02));
#16123 = CIRCLE('',#16124,0.487392);
#16124 = AXIS2_PLACEMENT_3D('',#16125,#16126,#16127);
#16125 = CARTESIAN_POINT('',(143.95,-79.106,-5.E-02));
#16126 = DIRECTION('',(0.,0.,1.));
#16127 = DIRECTION('',(1.,0.,-0.));
#16128 = FACE_BOUND('',#16129,.T.);
#16129 = EDGE_LOOP('',(#16130));
#16130 = ORIENTED_EDGE('',*,*,#16131,.T.);
#16131 = EDGE_CURVE('',#16132,#16132,#16134,.T.);
#16132 = VERTEX_POINT('',#16133);
#16133 = CARTESIAN_POINT('',(146.977392,-79.106,-5.E-02));
#16134 = CIRCLE('',#16135,0.487392);
#16135 = AXIS2_PLACEMENT_3D('',#16136,#16137,#16138);
#16136 = CARTESIAN_POINT('',(146.49,-79.106,-5.E-02));
#16137 = DIRECTION('',(0.,0.,1.));
#16138 = DIRECTION('',(1.,0.,-0.));
#16139 = FACE_BOUND('',#16140,.T.);
#16140 = EDGE_LOOP('',(#16141));
#16141 = ORIENTED_EDGE('',*,*,#16142,.T.);
#16142 = EDGE_CURVE('',#16143,#16143,#16145,.T.);
#16143 = VERTEX_POINT('',#16144);
#16144 = CARTESIAN_POINT('',(131.657891,-74.226,-5.E-02));
#16145 = CIRCLE('',#16146,0.431891);
#16146 = AXIS2_PLACEMENT_3D('',#16147,#16148,#16149);
#16147 = CARTESIAN_POINT('',(131.226,-74.226,-5.E-02));
#16148 = DIRECTION('',(0.,0.,1.));
#16149 = DIRECTION('',(1.,0.,-0.));
#16150 = FACE_BOUND('',#16151,.T.);
#16151 = EDGE_LOOP('',(#16152));
#16152 = ORIENTED_EDGE('',*,*,#16153,.T.);
#16153 = EDGE_CURVE('',#16154,#16154,#16156,.T.);
#16154 = VERTEX_POINT('',#16155);
#16155 = CARTESIAN_POINT('',(146.897891,-74.226,-5.E-02));
#16156 = CIRCLE('',#16157,0.431891);
#16157 = AXIS2_PLACEMENT_3D('',#16158,#16159,#16160);
#16158 = CARTESIAN_POINT('',(146.466,-74.226,-5.E-02));
#16159 = DIRECTION('',(0.,0.,1.));
#16160 = DIRECTION('',(1.,0.,-0.));
#16161 = FACE_BOUND('',#16162,.T.);
#16162 = EDGE_LOOP('',(#16163));
#16163 = ORIENTED_EDGE('',*,*,#16164,.T.);
#16164 = EDGE_CURVE('',#16165,#16165,#16167,.T.);
#16165 = VERTEX_POINT('',#16166);
#16166 = CARTESIAN_POINT('',(131.657891,-71.686,-5.E-02));
#16167 = CIRCLE('',#16168,0.431891);
#16168 = AXIS2_PLACEMENT_3D('',#16169,#16170,#16171);
#16169 = CARTESIAN_POINT('',(131.226,-71.686,-5.E-02));
#16170 = DIRECTION('',(0.,0.,1.));
#16171 = DIRECTION('',(1.,0.,-0.));
#16172 = FACE_BOUND('',#16173,.T.);
#16173 = EDGE_LOOP('',(#16174));
#16174 = ORIENTED_EDGE('',*,*,#16175,.T.);
#16175 = EDGE_CURVE('',#16176,#16176,#16178,.T.);
#16176 = VERTEX_POINT('',#16177);
#16177 = CARTESIAN_POINT('',(146.897891,-71.686,-5.E-02));
#16178 = CIRCLE('',#16179,0.431891);
#16179 = AXIS2_PLACEMENT_3D('',#16180,#16181,#16182);
#16180 = CARTESIAN_POINT('',(146.466,-71.686,-5.E-02));
#16181 = DIRECTION('',(0.,0.,1.));
#16182 = DIRECTION('',(1.,0.,-0.));
#16183 = FACE_BOUND('',#16184,.T.);
#16184 = EDGE_LOOP('',(#16185));
#16185 = ORIENTED_EDGE('',*,*,#16186,.T.);
#16186 = EDGE_CURVE('',#16187,#16187,#16189,.T.);
#16187 = VERTEX_POINT('',#16188);
#16188 = CARTESIAN_POINT('',(131.657891,-69.146,-5.E-02));
#16189 = CIRCLE('',#16190,0.431891);
#16190 = AXIS2_PLACEMENT_3D('',#16191,#16192,#16193);
#16191 = CARTESIAN_POINT('',(131.226,-69.146,-5.E-02));
#16192 = DIRECTION('',(0.,0.,1.));
#16193 = DIRECTION('',(1.,0.,-0.));
#16194 = FACE_BOUND('',#16195,.T.);
#16195 = EDGE_LOOP('',(#16196));
#16196 = ORIENTED_EDGE('',*,*,#16197,.T.);
#16197 = EDGE_CURVE('',#16198,#16198,#16200,.T.);
#16198 = VERTEX_POINT('',#16199);
#16199 = CARTESIAN_POINT('',(146.897891,-69.146,-5.E-02));
#16200 = CIRCLE('',#16201,0.431891);
#16201 = AXIS2_PLACEMENT_3D('',#16202,#16203,#16204);
#16202 = CARTESIAN_POINT('',(146.466,-69.146,-5.E-02));
#16203 = DIRECTION('',(0.,0.,1.));
#16204 = DIRECTION('',(1.,0.,-0.));
#16205 = FACE_BOUND('',#16206,.T.);
#16206 = EDGE_LOOP('',(#16207));
#16207 = ORIENTED_EDGE('',*,*,#16208,.T.);
#16208 = EDGE_CURVE('',#16209,#16209,#16211,.T.);
#16209 = VERTEX_POINT('',#16210);
#16210 = CARTESIAN_POINT('',(131.657891,-66.606,-5.E-02));
#16211 = CIRCLE('',#16212,0.431891);
#16212 = AXIS2_PLACEMENT_3D('',#16213,#16214,#16215);
#16213 = CARTESIAN_POINT('',(131.226,-66.606,-5.E-02));
#16214 = DIRECTION('',(0.,0.,1.));
#16215 = DIRECTION('',(1.,0.,-0.));
#16216 = FACE_BOUND('',#16217,.T.);
#16217 = EDGE_LOOP('',(#16218));
#16218 = ORIENTED_EDGE('',*,*,#16219,.T.);
#16219 = EDGE_CURVE('',#16220,#16220,#16222,.T.);
#16220 = VERTEX_POINT('',#16221);
#16221 = CARTESIAN_POINT('',(146.897891,-66.606,-5.E-02));
#16222 = CIRCLE('',#16223,0.431891);
#16223 = AXIS2_PLACEMENT_3D('',#16224,#16225,#16226);
#16224 = CARTESIAN_POINT('',(146.466,-66.606,-5.E-02));
#16225 = DIRECTION('',(0.,0.,1.));
#16226 = DIRECTION('',(1.,0.,-0.));
#16227 = FACE_BOUND('',#16228,.T.);
#16228 = EDGE_LOOP('',(#16229));
#16229 = ORIENTED_EDGE('',*,*,#16230,.T.);
#16230 = EDGE_CURVE('',#16231,#16231,#16233,.T.);
#16231 = VERTEX_POINT('',#16232);
#16232 = CARTESIAN_POINT('',(131.657891,-64.066,-5.E-02));
#16233 = CIRCLE('',#16234,0.431891);
#16234 = AXIS2_PLACEMENT_3D('',#16235,#16236,#16237);
#16235 = CARTESIAN_POINT('',(131.226,-64.066,-5.E-02));
#16236 = DIRECTION('',(0.,0.,1.));
#16237 = DIRECTION('',(1.,0.,-0.));
#16238 = FACE_BOUND('',#16239,.T.);
#16239 = EDGE_LOOP('',(#16240));
#16240 = ORIENTED_EDGE('',*,*,#16241,.T.);
#16241 = EDGE_CURVE('',#16242,#16242,#16244,.T.);
#16242 = VERTEX_POINT('',#16243);
#16243 = CARTESIAN_POINT('',(146.897891,-64.066,-5.E-02));
#16244 = CIRCLE('',#16245,0.431891);
#16245 = AXIS2_PLACEMENT_3D('',#16246,#16247,#16248);
#16246 = CARTESIAN_POINT('',(146.466,-64.066,-5.E-02));
#16247 = DIRECTION('',(0.,0.,1.));
#16248 = DIRECTION('',(1.,0.,-0.));
#16249 = FACE_BOUND('',#16250,.T.);
#16250 = EDGE_LOOP('',(#16251));
#16251 = ORIENTED_EDGE('',*,*,#16252,.T.);
#16252 = EDGE_CURVE('',#16253,#16253,#16255,.T.);
#16253 = VERTEX_POINT('',#16254);
#16254 = CARTESIAN_POINT('',(131.657891,-61.526,-5.E-02));
#16255 = CIRCLE('',#16256,0.431891);
#16256 = AXIS2_PLACEMENT_3D('',#16257,#16258,#16259);
#16257 = CARTESIAN_POINT('',(131.226,-61.526,-5.E-02));
#16258 = DIRECTION('',(0.,0.,1.));
#16259 = DIRECTION('',(1.,0.,-0.));
#16260 = FACE_BOUND('',#16261,.T.);
#16261 = EDGE_LOOP('',(#16262));
#16262 = ORIENTED_EDGE('',*,*,#16263,.T.);
#16263 = EDGE_CURVE('',#16264,#16264,#16266,.T.);
#16264 = VERTEX_POINT('',#16265);
#16265 = CARTESIAN_POINT('',(146.897891,-61.526,-5.E-02));
#16266 = CIRCLE('',#16267,0.431891);
#16267 = AXIS2_PLACEMENT_3D('',#16268,#16269,#16270);
#16268 = CARTESIAN_POINT('',(146.466,-61.526,-5.E-02));
#16269 = DIRECTION('',(0.,0.,1.));
#16270 = DIRECTION('',(1.,0.,-0.));
#16271 = FACE_BOUND('',#16272,.T.);
#16272 = EDGE_LOOP('',(#16273));
#16273 = ORIENTED_EDGE('',*,*,#16274,.T.);
#16274 = EDGE_CURVE('',#16275,#16275,#16277,.T.);
#16275 = VERTEX_POINT('',#16276);
#16276 = CARTESIAN_POINT('',(131.657891,-58.986,-5.E-02));
#16277 = CIRCLE('',#16278,0.431891);
#16278 = AXIS2_PLACEMENT_3D('',#16279,#16280,#16281);
#16279 = CARTESIAN_POINT('',(131.226,-58.986,-5.E-02));
#16280 = DIRECTION('',(0.,0.,1.));
#16281 = DIRECTION('',(1.,0.,-0.));
#16282 = FACE_BOUND('',#16283,.T.);
#16283 = EDGE_LOOP('',(#16284));
#16284 = ORIENTED_EDGE('',*,*,#16285,.T.);
#16285 = EDGE_CURVE('',#16286,#16286,#16288,.T.);
#16286 = VERTEX_POINT('',#16287);
#16287 = CARTESIAN_POINT('',(146.897891,-58.986,-5.E-02));
#16288 = CIRCLE('',#16289,0.431891);
#16289 = AXIS2_PLACEMENT_3D('',#16290,#16291,#16292);
#16290 = CARTESIAN_POINT('',(146.466,-58.986,-5.E-02));
#16291 = DIRECTION('',(0.,0.,1.));
#16292 = DIRECTION('',(1.,0.,-0.));
#16293 = PLANE('',#16294);
#16294 = AXIS2_PLACEMENT_3D('',#16295,#16296,#16297);
#16295 = CARTESIAN_POINT('',(0.,0.,-5.E-02));
#16296 = DIRECTION('',(-0.,-0.,-1.));
#16297 = DIRECTION('',(-1.,0.,0.));
#16298 = ( GEOMETRIC_REPRESENTATION_CONTEXT(3) 
GLOBAL_UNCERTAINTY_ASSIGNED_CONTEXT((#16302)) 
GLOBAL_UNIT_ASSIGNED_CONTEXT((#16299,#16300,#16301)) 
REPRESENTATION_CONTEXT('Context #1',
  '3D Context with UNIT and UNCERTAINTY') );
#16299 = ( LENGTH_UNIT() NAMED_UNIT(*) SI_UNIT(.MILLI.,.METRE.) );
#16300 = ( NAMED_UNIT(*) PLANE_ANGLE_UNIT() SI_UNIT($,.RADIAN.) );
#16301 = ( NAMED_UNIT(*) SI_UNIT($,.STERADIAN.) SOLID_ANGLE_UNIT() );
#16302 = UNCERTAINTY_MEASURE_WITH_UNIT(LENGTH_MEASURE(1.E-07),#16299,
  'distance_accuracy_value','confusion accuracy');
#16303 = CONTEXT_DEPENDENT_SHAPE_REPRESENTATION(#16304,#16306);
#16304 = ( REPRESENTATION_RELATIONSHIP('','',#15936,#10) 
REPRESENTATION_RELATIONSHIP_WITH_TRANSFORMATION(#16305) 
SHAPE_REPRESENTATION_RELATIONSHIP() );
#16305 = ITEM_DEFINED_TRANSFORMATION('','',#11,#35);
#16306 = PRODUCT_DEFINITION_SHAPE('Placement','Placement of an item',
  #16307);
#16307 = NEXT_ASSEMBLY_USAGE_OCCURRENCE('6','=>[0:1:1:8]','',#5,#15931,$
  );
#16308 = PRODUCT_RELATED_PRODUCT_CATEGORY('part',$,(#15933));
#16309 = SHAPE_DEFINITION_REPRESENTATION(#16310,#16316);
#16310 = PRODUCT_DEFINITION_SHAPE('','',#16311);
#16311 = PRODUCT_DEFINITION('design','',#16312,#16315);
#16312 = PRODUCT_DEFINITION_FORMATION('','',#16313);
#16313 = PRODUCT('TxTroller_PCB','TxTroller_PCB','',(#16314));
#16314 = PRODUCT_CONTEXT('',#2,'mechanical');
#16315 = PRODUCT_DEFINITION_CONTEXT('part definition',#2,'design');
#16316 = ADVANCED_BREP_SHAPE_REPRESENTATION('',(#11,#16317),#17598);
#16317 = MANIFOLD_SOLID_BREP('',#16318);
#16318 = CLOSED_SHELL('',(#16319,#16359,#16390,#16421,#16757,#17093,
    #17105,#17122,#17139,#17156,#17173,#17190,#17207,#17224,#17241,
    #17258,#17275,#17292,#17309,#17326,#17343,#17360,#17377,#17394,
    #17411,#17428,#17445,#17462,#17479,#17496,#17513,#17530,#17547,
    #17564,#17581));
#16319 = ADVANCED_FACE('',(#16320),#16354,.T.);
#16320 = FACE_BOUND('',#16321,.T.);
#16321 = EDGE_LOOP('',(#16322,#16332,#16340,#16348));
#16322 = ORIENTED_EDGE('',*,*,#16323,.T.);
#16323 = EDGE_CURVE('',#16324,#16326,#16328,.T.);
#16324 = VERTEX_POINT('',#16325);
#16325 = CARTESIAN_POINT('',(148.806,-89.744,0.));
#16326 = VERTEX_POINT('',#16327);
#16327 = CARTESIAN_POINT('',(148.806,-89.744,1.51));
#16328 = LINE('',#16329,#16330);
#16329 = CARTESIAN_POINT('',(148.806,-89.744,0.));
#16330 = VECTOR('',#16331,1.);
#16331 = DIRECTION('',(0.,0.,1.));
#16332 = ORIENTED_EDGE('',*,*,#16333,.T.);
#16333 = EDGE_CURVE('',#16326,#16334,#16336,.T.);
#16334 = VERTEX_POINT('',#16335);
#16335 = CARTESIAN_POINT('',(128.952,-89.744,1.51));
#16336 = LINE('',#16337,#16338);
#16337 = CARTESIAN_POINT('',(148.806,-89.744,1.51));
#16338 = VECTOR('',#16339,1.);
#16339 = DIRECTION('',(-1.,0.,0.));
#16340 = ORIENTED_EDGE('',*,*,#16341,.F.);
#16341 = EDGE_CURVE('',#16342,#16334,#16344,.T.);
#16342 = VERTEX_POINT('',#16343);
#16343 = CARTESIAN_POINT('',(128.952,-89.744,0.));
#16344 = LINE('',#16345,#16346);
#16345 = CARTESIAN_POINT('',(128.952,-89.744,0.));
#16346 = VECTOR('',#16347,1.);
#16347 = DIRECTION('',(0.,0.,1.));
#16348 = ORIENTED_EDGE('',*,*,#16349,.F.);
#16349 = EDGE_CURVE('',#16324,#16342,#16350,.T.);
#16350 = LINE('',#16351,#16352);
#16351 = CARTESIAN_POINT('',(148.806,-89.744,0.));
#16352 = VECTOR('',#16353,1.);
#16353 = DIRECTION('',(-1.,0.,0.));
#16354 = PLANE('',#16355);
#16355 = AXIS2_PLACEMENT_3D('',#16356,#16357,#16358);
#16356 = CARTESIAN_POINT('',(148.806,-89.744,0.));
#16357 = DIRECTION('',(0.,-1.,0.));
#16358 = DIRECTION('',(-1.,0.,0.));
#16359 = ADVANCED_FACE('',(#16360),#16385,.T.);
#16360 = FACE_BOUND('',#16361,.T.);
#16361 = EDGE_LOOP('',(#16362,#16372,#16378,#16379));
#16362 = ORIENTED_EDGE('',*,*,#16363,.T.);
#16363 = EDGE_CURVE('',#16364,#16366,#16368,.T.);
#16364 = VERTEX_POINT('',#16365);
#16365 = CARTESIAN_POINT('',(148.806,-55.732,0.));
#16366 = VERTEX_POINT('',#16367);
#16367 = CARTESIAN_POINT('',(148.806,-55.732,1.51));
#16368 = LINE('',#16369,#16370);
#16369 = CARTESIAN_POINT('',(148.806,-55.732,0.));
#16370 = VECTOR('',#16371,1.);
#16371 = DIRECTION('',(0.,0.,1.));
#16372 = ORIENTED_EDGE('',*,*,#16373,.T.);
#16373 = EDGE_CURVE('',#16366,#16326,#16374,.T.);
#16374 = LINE('',#16375,#16376);
#16375 = CARTESIAN_POINT('',(148.806,-55.732,1.51));
#16376 = VECTOR('',#16377,1.);
#16377 = DIRECTION('',(0.,-1.,0.));
#16378 = ORIENTED_EDGE('',*,*,#16323,.F.);
#16379 = ORIENTED_EDGE('',*,*,#16380,.F.);
#16380 = EDGE_CURVE('',#16364,#16324,#16381,.T.);
#16381 = LINE('',#16382,#16383);
#16382 = CARTESIAN_POINT('',(148.806,-55.732,0.));
#16383 = VECTOR('',#16384,1.);
#16384 = DIRECTION('',(0.,-1.,0.));
#16385 = PLANE('',#16386);
#16386 = AXIS2_PLACEMENT_3D('',#16387,#16388,#16389);
#16387 = CARTESIAN_POINT('',(148.806,-55.732,0.));
#16388 = DIRECTION('',(1.,0.,-0.));
#16389 = DIRECTION('',(0.,-1.,0.));
#16390 = ADVANCED_FACE('',(#16391),#16416,.T.);
#16391 = FACE_BOUND('',#16392,.T.);
#16392 = EDGE_LOOP('',(#16393,#16394,#16402,#16410));
#16393 = ORIENTED_EDGE('',*,*,#16341,.T.);
#16394 = ORIENTED_EDGE('',*,*,#16395,.T.);
#16395 = EDGE_CURVE('',#16334,#16396,#16398,.T.);
#16396 = VERTEX_POINT('',#16397);
#16397 = CARTESIAN_POINT('',(128.952,-55.732,1.51));
#16398 = LINE('',#16399,#16400);
#16399 = CARTESIAN_POINT('',(128.952,-89.744,1.51));
#16400 = VECTOR('',#16401,1.);
#16401 = DIRECTION('',(0.,1.,0.));
#16402 = ORIENTED_EDGE('',*,*,#16403,.F.);
#16403 = EDGE_CURVE('',#16404,#16396,#16406,.T.);
#16404 = VERTEX_POINT('',#16405);
#16405 = CARTESIAN_POINT('',(128.952,-55.732,0.));
#16406 = LINE('',#16407,#16408);
#16407 = CARTESIAN_POINT('',(128.952,-55.732,0.));
#16408 = VECTOR('',#16409,1.);
#16409 = DIRECTION('',(0.,0.,1.));
#16410 = ORIENTED_EDGE('',*,*,#16411,.F.);
#16411 = EDGE_CURVE('',#16342,#16404,#16412,.T.);
#16412 = LINE('',#16413,#16414);
#16413 = CARTESIAN_POINT('',(128.952,-89.744,0.));
#16414 = VECTOR('',#16415,1.);
#16415 = DIRECTION('',(0.,1.,0.));
#16416 = PLANE('',#16417);
#16417 = AXIS2_PLACEMENT_3D('',#16418,#16419,#16420);
#16418 = CARTESIAN_POINT('',(128.952,-89.744,0.));
#16419 = DIRECTION('',(-1.,0.,0.));
#16420 = DIRECTION('',(0.,1.,0.));
#16421 = ADVANCED_FACE('',(#16422,#16433,#16444,#16455,#16466,#16477,
    #16488,#16499,#16510,#16521,#16532,#16543,#16554,#16565,#16576,
    #16587,#16598,#16609,#16620,#16631,#16642,#16653,#16664,#16675,
    #16686,#16697,#16708,#16719,#16730,#16741),#16752,.F.);
#16422 = FACE_BOUND('',#16423,.F.);
#16423 = EDGE_LOOP('',(#16424,#16425,#16426,#16432));
#16424 = ORIENTED_EDGE('',*,*,#16349,.F.);
#16425 = ORIENTED_EDGE('',*,*,#16380,.F.);
#16426 = ORIENTED_EDGE('',*,*,#16427,.F.);
#16427 = EDGE_CURVE('',#16404,#16364,#16428,.T.);
#16428 = LINE('',#16429,#16430);
#16429 = CARTESIAN_POINT('',(128.952,-55.732,0.));
#16430 = VECTOR('',#16431,1.);
#16431 = DIRECTION('',(1.,0.,0.));
#16432 = ORIENTED_EDGE('',*,*,#16411,.F.);
#16433 = FACE_BOUND('',#16434,.F.);
#16434 = EDGE_LOOP('',(#16435));
#16435 = ORIENTED_EDGE('',*,*,#16436,.T.);
#16436 = EDGE_CURVE('',#16437,#16437,#16439,.T.);
#16437 = VERTEX_POINT('',#16438);
#16438 = CARTESIAN_POINT('',(134.726,-88.106,0.));
#16439 = CIRCLE('',#16440,0.5);
#16440 = AXIS2_PLACEMENT_3D('',#16441,#16442,#16443);
#16441 = CARTESIAN_POINT('',(134.726,-87.606,0.));
#16442 = DIRECTION('',(-0.,0.,-1.));
#16443 = DIRECTION('',(-0.,-1.,0.));
#16444 = FACE_BOUND('',#16445,.F.);
#16445 = EDGE_LOOP('',(#16446));
#16446 = ORIENTED_EDGE('',*,*,#16447,.T.);
#16447 = EDGE_CURVE('',#16448,#16448,#16450,.T.);
#16448 = VERTEX_POINT('',#16449);
#16449 = CARTESIAN_POINT('',(131.356,-83.318,0.));
#16450 = CIRCLE('',#16451,0.5);
#16451 = AXIS2_PLACEMENT_3D('',#16452,#16453,#16454);
#16452 = CARTESIAN_POINT('',(131.356,-82.818,0.));
#16453 = DIRECTION('',(-0.,0.,-1.));
#16454 = DIRECTION('',(-0.,-1.,0.));
#16455 = FACE_BOUND('',#16456,.F.);
#16456 = EDGE_LOOP('',(#16457));
#16457 = ORIENTED_EDGE('',*,*,#16458,.T.);
#16458 = EDGE_CURVE('',#16459,#16459,#16461,.T.);
#16459 = VERTEX_POINT('',#16460);
#16460 = CARTESIAN_POINT('',(133.896,-83.318,0.));
#16461 = CIRCLE('',#16462,0.5);
#16462 = AXIS2_PLACEMENT_3D('',#16463,#16464,#16465);
#16463 = CARTESIAN_POINT('',(133.896,-82.818,0.));
#16464 = DIRECTION('',(-0.,0.,-1.));
#16465 = DIRECTION('',(-0.,-1.,0.));
#16466 = FACE_BOUND('',#16467,.F.);
#16467 = EDGE_LOOP('',(#16468));
#16468 = ORIENTED_EDGE('',*,*,#16469,.T.);
#16469 = EDGE_CURVE('',#16470,#16470,#16472,.T.);
#16470 = VERTEX_POINT('',#16471);
#16471 = CARTESIAN_POINT('',(137.266,-88.106,0.));
#16472 = CIRCLE('',#16473,0.5);
#16473 = AXIS2_PLACEMENT_3D('',#16474,#16475,#16476);
#16474 = CARTESIAN_POINT('',(137.266,-87.606,0.));
#16475 = DIRECTION('',(-0.,0.,-1.));
#16476 = DIRECTION('',(-0.,-1.,0.));
#16477 = FACE_BOUND('',#16478,.F.);
#16478 = EDGE_LOOP('',(#16479));
#16479 = ORIENTED_EDGE('',*,*,#16480,.T.);
#16480 = EDGE_CURVE('',#16481,#16481,#16483,.T.);
#16481 = VERTEX_POINT('',#16482);
#16482 = CARTESIAN_POINT('',(136.436,-83.318,0.));
#16483 = CIRCLE('',#16484,0.5);
#16484 = AXIS2_PLACEMENT_3D('',#16485,#16486,#16487);
#16485 = CARTESIAN_POINT('',(136.436,-82.818,0.));
#16486 = DIRECTION('',(-0.,0.,-1.));
#16487 = DIRECTION('',(-0.,-1.,0.));
#16488 = FACE_BOUND('',#16489,.F.);
#16489 = EDGE_LOOP('',(#16490));
#16490 = ORIENTED_EDGE('',*,*,#16491,.T.);
#16491 = EDGE_CURVE('',#16492,#16492,#16494,.T.);
#16492 = VERTEX_POINT('',#16493);
#16493 = CARTESIAN_POINT('',(131.36,-79.606,0.));
#16494 = CIRCLE('',#16495,0.5);
#16495 = AXIS2_PLACEMENT_3D('',#16496,#16497,#16498);
#16496 = CARTESIAN_POINT('',(131.36,-79.106,0.));
#16497 = DIRECTION('',(-0.,0.,-1.));
#16498 = DIRECTION('',(-0.,-1.,0.));
#16499 = FACE_BOUND('',#16500,.F.);
#16500 = EDGE_LOOP('',(#16501));
#16501 = ORIENTED_EDGE('',*,*,#16502,.T.);
#16502 = EDGE_CURVE('',#16503,#16503,#16505,.T.);
#16503 = VERTEX_POINT('',#16504);
#16504 = CARTESIAN_POINT('',(133.9,-79.606,0.));
#16505 = CIRCLE('',#16506,0.5);
#16506 = AXIS2_PLACEMENT_3D('',#16507,#16508,#16509);
#16507 = CARTESIAN_POINT('',(133.9,-79.106,0.));
#16508 = DIRECTION('',(-0.,0.,-1.));
#16509 = DIRECTION('',(-0.,-1.,0.));
#16510 = FACE_BOUND('',#16511,.F.);
#16511 = EDGE_LOOP('',(#16512));
#16512 = ORIENTED_EDGE('',*,*,#16513,.T.);
#16513 = EDGE_CURVE('',#16514,#16514,#16516,.T.);
#16514 = VERTEX_POINT('',#16515);
#16515 = CARTESIAN_POINT('',(131.226,-74.6705,0.));
#16516 = CIRCLE('',#16517,0.4445);
#16517 = AXIS2_PLACEMENT_3D('',#16518,#16519,#16520);
#16518 = CARTESIAN_POINT('',(131.226,-74.226,0.));
#16519 = DIRECTION('',(-0.,0.,-1.));
#16520 = DIRECTION('',(-0.,-1.,0.));
#16521 = FACE_BOUND('',#16522,.F.);
#16522 = EDGE_LOOP('',(#16523));
#16523 = ORIENTED_EDGE('',*,*,#16524,.T.);
#16524 = EDGE_CURVE('',#16525,#16525,#16527,.T.);
#16525 = VERTEX_POINT('',#16526);
#16526 = CARTESIAN_POINT('',(137.65,-79.606,0.));
#16527 = CIRCLE('',#16528,0.5);
#16528 = AXIS2_PLACEMENT_3D('',#16529,#16530,#16531);
#16529 = CARTESIAN_POINT('',(137.65,-79.106,0.));
#16530 = DIRECTION('',(-0.,0.,-1.));
#16531 = DIRECTION('',(-0.,-1.,0.));
#16532 = FACE_BOUND('',#16533,.F.);
#16533 = EDGE_LOOP('',(#16534));
#16534 = ORIENTED_EDGE('',*,*,#16535,.T.);
#16535 = EDGE_CURVE('',#16536,#16536,#16538,.T.);
#16536 = VERTEX_POINT('',#16537);
#16537 = CARTESIAN_POINT('',(139.806,-88.106,0.));
#16538 = CIRCLE('',#16539,0.5);
#16539 = AXIS2_PLACEMENT_3D('',#16540,#16541,#16542);
#16540 = CARTESIAN_POINT('',(139.806,-87.606,0.));
#16541 = DIRECTION('',(-0.,0.,-1.));
#16542 = DIRECTION('',(-0.,-1.,0.));
#16543 = FACE_BOUND('',#16544,.F.);
#16544 = EDGE_LOOP('',(#16545));
#16545 = ORIENTED_EDGE('',*,*,#16546,.T.);
#16546 = EDGE_CURVE('',#16547,#16547,#16549,.T.);
#16547 = VERTEX_POINT('',#16548);
#16548 = CARTESIAN_POINT('',(142.346,-88.106,0.));
#16549 = CIRCLE('',#16550,0.5);
#16550 = AXIS2_PLACEMENT_3D('',#16551,#16552,#16553);
#16551 = CARTESIAN_POINT('',(142.346,-87.606,0.));
#16552 = DIRECTION('',(-0.,0.,-1.));
#16553 = DIRECTION('',(-0.,-1.,0.));
#16554 = FACE_BOUND('',#16555,.F.);
#16555 = EDGE_LOOP('',(#16556));
#16556 = ORIENTED_EDGE('',*,*,#16557,.T.);
#16557 = EDGE_CURVE('',#16558,#16558,#16560,.T.);
#16558 = VERTEX_POINT('',#16559);
#16559 = CARTESIAN_POINT('',(141.954,-83.408,0.));
#16560 = CIRCLE('',#16561,0.5);
#16561 = AXIS2_PLACEMENT_3D('',#16562,#16563,#16564);
#16562 = CARTESIAN_POINT('',(141.954,-82.908,0.));
#16563 = DIRECTION('',(-0.,0.,-1.));
#16564 = DIRECTION('',(-0.,-1.,0.));
#16565 = FACE_BOUND('',#16566,.F.);
#16566 = EDGE_LOOP('',(#16567));
#16567 = ORIENTED_EDGE('',*,*,#16568,.T.);
#16568 = EDGE_CURVE('',#16569,#16569,#16571,.T.);
#16569 = VERTEX_POINT('',#16570);
#16570 = CARTESIAN_POINT('',(144.494,-83.408,0.));
#16571 = CIRCLE('',#16572,0.5);
#16572 = AXIS2_PLACEMENT_3D('',#16573,#16574,#16575);
#16573 = CARTESIAN_POINT('',(144.494,-82.908,0.));
#16574 = DIRECTION('',(-0.,0.,-1.));
#16575 = DIRECTION('',(-0.,-1.,0.));
#16576 = FACE_BOUND('',#16577,.F.);
#16577 = EDGE_LOOP('',(#16578));
#16578 = ORIENTED_EDGE('',*,*,#16579,.T.);
#16579 = EDGE_CURVE('',#16580,#16580,#16582,.T.);
#16580 = VERTEX_POINT('',#16581);
#16581 = CARTESIAN_POINT('',(140.19,-79.606,0.));
#16582 = CIRCLE('',#16583,0.5);
#16583 = AXIS2_PLACEMENT_3D('',#16584,#16585,#16586);
#16584 = CARTESIAN_POINT('',(140.19,-79.106,0.));
#16585 = DIRECTION('',(-0.,0.,-1.));
#16586 = DIRECTION('',(-0.,-1.,0.));
#16587 = FACE_BOUND('',#16588,.F.);
#16588 = EDGE_LOOP('',(#16589));
#16589 = ORIENTED_EDGE('',*,*,#16590,.T.);
#16590 = EDGE_CURVE('',#16591,#16591,#16593,.T.);
#16591 = VERTEX_POINT('',#16592);
#16592 = CARTESIAN_POINT('',(143.95,-79.606,0.));
#16593 = CIRCLE('',#16594,0.5);
#16594 = AXIS2_PLACEMENT_3D('',#16595,#16596,#16597);
#16595 = CARTESIAN_POINT('',(143.95,-79.106,0.));
#16596 = DIRECTION('',(-0.,0.,-1.));
#16597 = DIRECTION('',(-0.,-1.,0.));
#16598 = FACE_BOUND('',#16599,.F.);
#16599 = EDGE_LOOP('',(#16600));
#16600 = ORIENTED_EDGE('',*,*,#16601,.T.);
#16601 = EDGE_CURVE('',#16602,#16602,#16604,.T.);
#16602 = VERTEX_POINT('',#16603);
#16603 = CARTESIAN_POINT('',(146.49,-79.606,0.));
#16604 = CIRCLE('',#16605,0.5);
#16605 = AXIS2_PLACEMENT_3D('',#16606,#16607,#16608);
#16606 = CARTESIAN_POINT('',(146.49,-79.106,0.));
#16607 = DIRECTION('',(-0.,0.,-1.));
#16608 = DIRECTION('',(-0.,-1.,0.));
#16609 = FACE_BOUND('',#16610,.F.);
#16610 = EDGE_LOOP('',(#16611));
#16611 = ORIENTED_EDGE('',*,*,#16612,.T.);
#16612 = EDGE_CURVE('',#16613,#16613,#16615,.T.);
#16613 = VERTEX_POINT('',#16614);
#16614 = CARTESIAN_POINT('',(146.466,-74.6705,0.));
#16615 = CIRCLE('',#16616,0.4445);
#16616 = AXIS2_PLACEMENT_3D('',#16617,#16618,#16619);
#16617 = CARTESIAN_POINT('',(146.466,-74.226,0.));
#16618 = DIRECTION('',(-0.,0.,-1.));
#16619 = DIRECTION('',(-0.,-1.,0.));
#16620 = FACE_BOUND('',#16621,.F.);
#16621 = EDGE_LOOP('',(#16622));
#16622 = ORIENTED_EDGE('',*,*,#16623,.T.);
#16623 = EDGE_CURVE('',#16624,#16624,#16626,.T.);
#16624 = VERTEX_POINT('',#16625);
#16625 = CARTESIAN_POINT('',(131.226,-72.1305,0.));
#16626 = CIRCLE('',#16627,0.4445);
#16627 = AXIS2_PLACEMENT_3D('',#16628,#16629,#16630);
#16628 = CARTESIAN_POINT('',(131.226,-71.686,0.));
#16629 = DIRECTION('',(-0.,0.,-1.));
#16630 = DIRECTION('',(-0.,-1.,0.));
#16631 = FACE_BOUND('',#16632,.F.);
#16632 = EDGE_LOOP('',(#16633));
#16633 = ORIENTED_EDGE('',*,*,#16634,.T.);
#16634 = EDGE_CURVE('',#16635,#16635,#16637,.T.);
#16635 = VERTEX_POINT('',#16636);
#16636 = CARTESIAN_POINT('',(131.226,-69.5905,0.));
#16637 = CIRCLE('',#16638,0.4445);
#16638 = AXIS2_PLACEMENT_3D('',#16639,#16640,#16641);
#16639 = CARTESIAN_POINT('',(131.226,-69.146,0.));
#16640 = DIRECTION('',(-0.,0.,-1.));
#16641 = DIRECTION('',(-0.,-1.,0.));
#16642 = FACE_BOUND('',#16643,.F.);
#16643 = EDGE_LOOP('',(#16644));
#16644 = ORIENTED_EDGE('',*,*,#16645,.T.);
#16645 = EDGE_CURVE('',#16646,#16646,#16648,.T.);
#16646 = VERTEX_POINT('',#16647);
#16647 = CARTESIAN_POINT('',(131.226,-67.0505,0.));
#16648 = CIRCLE('',#16649,0.4445);
#16649 = AXIS2_PLACEMENT_3D('',#16650,#16651,#16652);
#16650 = CARTESIAN_POINT('',(131.226,-66.606,0.));
#16651 = DIRECTION('',(-0.,0.,-1.));
#16652 = DIRECTION('',(-0.,-1.,0.));
#16653 = FACE_BOUND('',#16654,.F.);
#16654 = EDGE_LOOP('',(#16655));
#16655 = ORIENTED_EDGE('',*,*,#16656,.T.);
#16656 = EDGE_CURVE('',#16657,#16657,#16659,.T.);
#16657 = VERTEX_POINT('',#16658);
#16658 = CARTESIAN_POINT('',(131.226,-64.5105,0.));
#16659 = CIRCLE('',#16660,0.4445);
#16660 = AXIS2_PLACEMENT_3D('',#16661,#16662,#16663);
#16661 = CARTESIAN_POINT('',(131.226,-64.066,0.));
#16662 = DIRECTION('',(-0.,0.,-1.));
#16663 = DIRECTION('',(-0.,-1.,0.));
#16664 = FACE_BOUND('',#16665,.F.);
#16665 = EDGE_LOOP('',(#16666));
#16666 = ORIENTED_EDGE('',*,*,#16667,.T.);
#16667 = EDGE_CURVE('',#16668,#16668,#16670,.T.);
#16668 = VERTEX_POINT('',#16669);
#16669 = CARTESIAN_POINT('',(131.226,-61.9705,0.));
#16670 = CIRCLE('',#16671,0.4445);
#16671 = AXIS2_PLACEMENT_3D('',#16672,#16673,#16674);
#16672 = CARTESIAN_POINT('',(131.226,-61.526,0.));
#16673 = DIRECTION('',(-0.,0.,-1.));
#16674 = DIRECTION('',(-0.,-1.,0.));
#16675 = FACE_BOUND('',#16676,.F.);
#16676 = EDGE_LOOP('',(#16677));
#16677 = ORIENTED_EDGE('',*,*,#16678,.T.);
#16678 = EDGE_CURVE('',#16679,#16679,#16681,.T.);
#16679 = VERTEX_POINT('',#16680);
#16680 = CARTESIAN_POINT('',(131.226,-59.4305,0.));
#16681 = CIRCLE('',#16682,0.4445);
#16682 = AXIS2_PLACEMENT_3D('',#16683,#16684,#16685);
#16683 = CARTESIAN_POINT('',(131.226,-58.986,0.));
#16684 = DIRECTION('',(-0.,0.,-1.));
#16685 = DIRECTION('',(-0.,-1.,0.));
#16686 = FACE_BOUND('',#16687,.F.);
#16687 = EDGE_LOOP('',(#16688));
#16688 = ORIENTED_EDGE('',*,*,#16689,.T.);
#16689 = EDGE_CURVE('',#16690,#16690,#16692,.T.);
#16690 = VERTEX_POINT('',#16691);
#16691 = CARTESIAN_POINT('',(146.466,-72.1305,0.));
#16692 = CIRCLE('',#16693,0.4445);
#16693 = AXIS2_PLACEMENT_3D('',#16694,#16695,#16696);
#16694 = CARTESIAN_POINT('',(146.466,-71.686,0.));
#16695 = DIRECTION('',(-0.,0.,-1.));
#16696 = DIRECTION('',(-0.,-1.,0.));
#16697 = FACE_BOUND('',#16698,.F.);
#16698 = EDGE_LOOP('',(#16699));
#16699 = ORIENTED_EDGE('',*,*,#16700,.T.);
#16700 = EDGE_CURVE('',#16701,#16701,#16703,.T.);
#16701 = VERTEX_POINT('',#16702);
#16702 = CARTESIAN_POINT('',(146.466,-69.5905,0.));
#16703 = CIRCLE('',#16704,0.4445);
#16704 = AXIS2_PLACEMENT_3D('',#16705,#16706,#16707);
#16705 = CARTESIAN_POINT('',(146.466,-69.146,0.));
#16706 = DIRECTION('',(-0.,0.,-1.));
#16707 = DIRECTION('',(-0.,-1.,0.));
#16708 = FACE_BOUND('',#16709,.F.);
#16709 = EDGE_LOOP('',(#16710));
#16710 = ORIENTED_EDGE('',*,*,#16711,.T.);
#16711 = EDGE_CURVE('',#16712,#16712,#16714,.T.);
#16712 = VERTEX_POINT('',#16713);
#16713 = CARTESIAN_POINT('',(146.466,-67.0505,0.));
#16714 = CIRCLE('',#16715,0.4445);
#16715 = AXIS2_PLACEMENT_3D('',#16716,#16717,#16718);
#16716 = CARTESIAN_POINT('',(146.466,-66.606,0.));
#16717 = DIRECTION('',(-0.,0.,-1.));
#16718 = DIRECTION('',(-0.,-1.,0.));
#16719 = FACE_BOUND('',#16720,.F.);
#16720 = EDGE_LOOP('',(#16721));
#16721 = ORIENTED_EDGE('',*,*,#16722,.T.);
#16722 = EDGE_CURVE('',#16723,#16723,#16725,.T.);
#16723 = VERTEX_POINT('',#16724);
#16724 = CARTESIAN_POINT('',(146.466,-64.5105,0.));
#16725 = CIRCLE('',#16726,0.4445);
#16726 = AXIS2_PLACEMENT_3D('',#16727,#16728,#16729);
#16727 = CARTESIAN_POINT('',(146.466,-64.066,0.));
#16728 = DIRECTION('',(-0.,0.,-1.));
#16729 = DIRECTION('',(-0.,-1.,0.));
#16730 = FACE_BOUND('',#16731,.F.);
#16731 = EDGE_LOOP('',(#16732));
#16732 = ORIENTED_EDGE('',*,*,#16733,.T.);
#16733 = EDGE_CURVE('',#16734,#16734,#16736,.T.);
#16734 = VERTEX_POINT('',#16735);
#16735 = CARTESIAN_POINT('',(146.466,-61.9705,0.));
#16736 = CIRCLE('',#16737,0.4445);
#16737 = AXIS2_PLACEMENT_3D('',#16738,#16739,#16740);
#16738 = CARTESIAN_POINT('',(146.466,-61.526,0.));
#16739 = DIRECTION('',(-0.,0.,-1.));
#16740 = DIRECTION('',(-0.,-1.,0.));
#16741 = FACE_BOUND('',#16742,.F.);
#16742 = EDGE_LOOP('',(#16743));
#16743 = ORIENTED_EDGE('',*,*,#16744,.T.);
#16744 = EDGE_CURVE('',#16745,#16745,#16747,.T.);
#16745 = VERTEX_POINT('',#16746);
#16746 = CARTESIAN_POINT('',(146.466,-59.4305,0.));
#16747 = CIRCLE('',#16748,0.4445);
#16748 = AXIS2_PLACEMENT_3D('',#16749,#16750,#16751);
#16749 = CARTESIAN_POINT('',(146.466,-58.986,0.));
#16750 = DIRECTION('',(-0.,0.,-1.));
#16751 = DIRECTION('',(-0.,-1.,0.));
#16752 = PLANE('',#16753);
#16753 = AXIS2_PLACEMENT_3D('',#16754,#16755,#16756);
#16754 = CARTESIAN_POINT('',(0.,0.,0.));
#16755 = DIRECTION('',(0.,0.,1.));
#16756 = DIRECTION('',(1.,0.,-0.));
#16757 = ADVANCED_FACE('',(#16758,#16769,#16780,#16791,#16802,#16813,
    #16824,#16835,#16846,#16857,#16868,#16879,#16890,#16901,#16912,
    #16923,#16934,#16945,#16956,#16967,#16978,#16989,#17000,#17011,
    #17022,#17033,#17044,#17055,#17066,#17077),#17088,.T.);
#16758 = FACE_BOUND('',#16759,.T.);
#16759 = EDGE_LOOP('',(#16760,#16761,#16762,#16768));
#16760 = ORIENTED_EDGE('',*,*,#16333,.F.);
#16761 = ORIENTED_EDGE('',*,*,#16373,.F.);
#16762 = ORIENTED_EDGE('',*,*,#16763,.F.);
#16763 = EDGE_CURVE('',#16396,#16366,#16764,.T.);
#16764 = LINE('',#16765,#16766);
#16765 = CARTESIAN_POINT('',(128.952,-55.732,1.51));
#16766 = VECTOR('',#16767,1.);
#16767 = DIRECTION('',(1.,0.,0.));
#16768 = ORIENTED_EDGE('',*,*,#16395,.F.);
#16769 = FACE_BOUND('',#16770,.T.);
#16770 = EDGE_LOOP('',(#16771));
#16771 = ORIENTED_EDGE('',*,*,#16772,.T.);
#16772 = EDGE_CURVE('',#16773,#16773,#16775,.T.);
#16773 = VERTEX_POINT('',#16774);
#16774 = CARTESIAN_POINT('',(134.726,-88.106,1.51));
#16775 = CIRCLE('',#16776,0.5);
#16776 = AXIS2_PLACEMENT_3D('',#16777,#16778,#16779);
#16777 = CARTESIAN_POINT('',(134.726,-87.606,1.51));
#16778 = DIRECTION('',(-0.,0.,-1.));
#16779 = DIRECTION('',(-0.,-1.,0.));
#16780 = FACE_BOUND('',#16781,.T.);
#16781 = EDGE_LOOP('',(#16782));
#16782 = ORIENTED_EDGE('',*,*,#16783,.T.);
#16783 = EDGE_CURVE('',#16784,#16784,#16786,.T.);
#16784 = VERTEX_POINT('',#16785);
#16785 = CARTESIAN_POINT('',(131.356,-83.318,1.51));
#16786 = CIRCLE('',#16787,0.5);
#16787 = AXIS2_PLACEMENT_3D('',#16788,#16789,#16790);
#16788 = CARTESIAN_POINT('',(131.356,-82.818,1.51));
#16789 = DIRECTION('',(-0.,0.,-1.));
#16790 = DIRECTION('',(-0.,-1.,0.));
#16791 = FACE_BOUND('',#16792,.T.);
#16792 = EDGE_LOOP('',(#16793));
#16793 = ORIENTED_EDGE('',*,*,#16794,.T.);
#16794 = EDGE_CURVE('',#16795,#16795,#16797,.T.);
#16795 = VERTEX_POINT('',#16796);
#16796 = CARTESIAN_POINT('',(133.896,-83.318,1.51));
#16797 = CIRCLE('',#16798,0.5);
#16798 = AXIS2_PLACEMENT_3D('',#16799,#16800,#16801);
#16799 = CARTESIAN_POINT('',(133.896,-82.818,1.51));
#16800 = DIRECTION('',(-0.,0.,-1.));
#16801 = DIRECTION('',(-0.,-1.,0.));
#16802 = FACE_BOUND('',#16803,.T.);
#16803 = EDGE_LOOP('',(#16804));
#16804 = ORIENTED_EDGE('',*,*,#16805,.T.);
#16805 = EDGE_CURVE('',#16806,#16806,#16808,.T.);
#16806 = VERTEX_POINT('',#16807);
#16807 = CARTESIAN_POINT('',(137.266,-88.106,1.51));
#16808 = CIRCLE('',#16809,0.5);
#16809 = AXIS2_PLACEMENT_3D('',#16810,#16811,#16812);
#16810 = CARTESIAN_POINT('',(137.266,-87.606,1.51));
#16811 = DIRECTION('',(-0.,0.,-1.));
#16812 = DIRECTION('',(-0.,-1.,0.));
#16813 = FACE_BOUND('',#16814,.T.);
#16814 = EDGE_LOOP('',(#16815));
#16815 = ORIENTED_EDGE('',*,*,#16816,.T.);
#16816 = EDGE_CURVE('',#16817,#16817,#16819,.T.);
#16817 = VERTEX_POINT('',#16818);
#16818 = CARTESIAN_POINT('',(136.436,-83.318,1.51));
#16819 = CIRCLE('',#16820,0.5);
#16820 = AXIS2_PLACEMENT_3D('',#16821,#16822,#16823);
#16821 = CARTESIAN_POINT('',(136.436,-82.818,1.51));
#16822 = DIRECTION('',(-0.,0.,-1.));
#16823 = DIRECTION('',(-0.,-1.,0.));
#16824 = FACE_BOUND('',#16825,.T.);
#16825 = EDGE_LOOP('',(#16826));
#16826 = ORIENTED_EDGE('',*,*,#16827,.T.);
#16827 = EDGE_CURVE('',#16828,#16828,#16830,.T.);
#16828 = VERTEX_POINT('',#16829);
#16829 = CARTESIAN_POINT('',(131.36,-79.606,1.51));
#16830 = CIRCLE('',#16831,0.5);
#16831 = AXIS2_PLACEMENT_3D('',#16832,#16833,#16834);
#16832 = CARTESIAN_POINT('',(131.36,-79.106,1.51));
#16833 = DIRECTION('',(-0.,0.,-1.));
#16834 = DIRECTION('',(-0.,-1.,0.));
#16835 = FACE_BOUND('',#16836,.T.);
#16836 = EDGE_LOOP('',(#16837));
#16837 = ORIENTED_EDGE('',*,*,#16838,.T.);
#16838 = EDGE_CURVE('',#16839,#16839,#16841,.T.);
#16839 = VERTEX_POINT('',#16840);
#16840 = CARTESIAN_POINT('',(133.9,-79.606,1.51));
#16841 = CIRCLE('',#16842,0.5);
#16842 = AXIS2_PLACEMENT_3D('',#16843,#16844,#16845);
#16843 = CARTESIAN_POINT('',(133.9,-79.106,1.51));
#16844 = DIRECTION('',(-0.,0.,-1.));
#16845 = DIRECTION('',(-0.,-1.,0.));
#16846 = FACE_BOUND('',#16847,.T.);
#16847 = EDGE_LOOP('',(#16848));
#16848 = ORIENTED_EDGE('',*,*,#16849,.T.);
#16849 = EDGE_CURVE('',#16850,#16850,#16852,.T.);
#16850 = VERTEX_POINT('',#16851);
#16851 = CARTESIAN_POINT('',(131.226,-74.6705,1.51));
#16852 = CIRCLE('',#16853,0.4445);
#16853 = AXIS2_PLACEMENT_3D('',#16854,#16855,#16856);
#16854 = CARTESIAN_POINT('',(131.226,-74.226,1.51));
#16855 = DIRECTION('',(-0.,0.,-1.));
#16856 = DIRECTION('',(-0.,-1.,0.));
#16857 = FACE_BOUND('',#16858,.T.);
#16858 = EDGE_LOOP('',(#16859));
#16859 = ORIENTED_EDGE('',*,*,#16860,.T.);
#16860 = EDGE_CURVE('',#16861,#16861,#16863,.T.);
#16861 = VERTEX_POINT('',#16862);
#16862 = CARTESIAN_POINT('',(137.65,-79.606,1.51));
#16863 = CIRCLE('',#16864,0.5);
#16864 = AXIS2_PLACEMENT_3D('',#16865,#16866,#16867);
#16865 = CARTESIAN_POINT('',(137.65,-79.106,1.51));
#16866 = DIRECTION('',(-0.,0.,-1.));
#16867 = DIRECTION('',(-0.,-1.,0.));
#16868 = FACE_BOUND('',#16869,.T.);
#16869 = EDGE_LOOP('',(#16870));
#16870 = ORIENTED_EDGE('',*,*,#16871,.T.);
#16871 = EDGE_CURVE('',#16872,#16872,#16874,.T.);
#16872 = VERTEX_POINT('',#16873);
#16873 = CARTESIAN_POINT('',(139.806,-88.106,1.51));
#16874 = CIRCLE('',#16875,0.5);
#16875 = AXIS2_PLACEMENT_3D('',#16876,#16877,#16878);
#16876 = CARTESIAN_POINT('',(139.806,-87.606,1.51));
#16877 = DIRECTION('',(-0.,0.,-1.));
#16878 = DIRECTION('',(-0.,-1.,0.));
#16879 = FACE_BOUND('',#16880,.T.);
#16880 = EDGE_LOOP('',(#16881));
#16881 = ORIENTED_EDGE('',*,*,#16882,.T.);
#16882 = EDGE_CURVE('',#16883,#16883,#16885,.T.);
#16883 = VERTEX_POINT('',#16884);
#16884 = CARTESIAN_POINT('',(142.346,-88.106,1.51));
#16885 = CIRCLE('',#16886,0.5);
#16886 = AXIS2_PLACEMENT_3D('',#16887,#16888,#16889);
#16887 = CARTESIAN_POINT('',(142.346,-87.606,1.51));
#16888 = DIRECTION('',(-0.,0.,-1.));
#16889 = DIRECTION('',(-0.,-1.,0.));
#16890 = FACE_BOUND('',#16891,.T.);
#16891 = EDGE_LOOP('',(#16892));
#16892 = ORIENTED_EDGE('',*,*,#16893,.T.);
#16893 = EDGE_CURVE('',#16894,#16894,#16896,.T.);
#16894 = VERTEX_POINT('',#16895);
#16895 = CARTESIAN_POINT('',(141.954,-83.408,1.51));
#16896 = CIRCLE('',#16897,0.5);
#16897 = AXIS2_PLACEMENT_3D('',#16898,#16899,#16900);
#16898 = CARTESIAN_POINT('',(141.954,-82.908,1.51));
#16899 = DIRECTION('',(-0.,0.,-1.));
#16900 = DIRECTION('',(-0.,-1.,0.));
#16901 = FACE_BOUND('',#16902,.T.);
#16902 = EDGE_LOOP('',(#16903));
#16903 = ORIENTED_EDGE('',*,*,#16904,.T.);
#16904 = EDGE_CURVE('',#16905,#16905,#16907,.T.);
#16905 = VERTEX_POINT('',#16906);
#16906 = CARTESIAN_POINT('',(144.494,-83.408,1.51));
#16907 = CIRCLE('',#16908,0.5);
#16908 = AXIS2_PLACEMENT_3D('',#16909,#16910,#16911);
#16909 = CARTESIAN_POINT('',(144.494,-82.908,1.51));
#16910 = DIRECTION('',(-0.,0.,-1.));
#16911 = DIRECTION('',(-0.,-1.,0.));
#16912 = FACE_BOUND('',#16913,.T.);
#16913 = EDGE_LOOP('',(#16914));
#16914 = ORIENTED_EDGE('',*,*,#16915,.T.);
#16915 = EDGE_CURVE('',#16916,#16916,#16918,.T.);
#16916 = VERTEX_POINT('',#16917);
#16917 = CARTESIAN_POINT('',(140.19,-79.606,1.51));
#16918 = CIRCLE('',#16919,0.5);
#16919 = AXIS2_PLACEMENT_3D('',#16920,#16921,#16922);
#16920 = CARTESIAN_POINT('',(140.19,-79.106,1.51));
#16921 = DIRECTION('',(-0.,0.,-1.));
#16922 = DIRECTION('',(-0.,-1.,0.));
#16923 = FACE_BOUND('',#16924,.T.);
#16924 = EDGE_LOOP('',(#16925));
#16925 = ORIENTED_EDGE('',*,*,#16926,.T.);
#16926 = EDGE_CURVE('',#16927,#16927,#16929,.T.);
#16927 = VERTEX_POINT('',#16928);
#16928 = CARTESIAN_POINT('',(143.95,-79.606,1.51));
#16929 = CIRCLE('',#16930,0.5);
#16930 = AXIS2_PLACEMENT_3D('',#16931,#16932,#16933);
#16931 = CARTESIAN_POINT('',(143.95,-79.106,1.51));
#16932 = DIRECTION('',(-0.,0.,-1.));
#16933 = DIRECTION('',(-0.,-1.,0.));
#16934 = FACE_BOUND('',#16935,.T.);
#16935 = EDGE_LOOP('',(#16936));
#16936 = ORIENTED_EDGE('',*,*,#16937,.T.);
#16937 = EDGE_CURVE('',#16938,#16938,#16940,.T.);
#16938 = VERTEX_POINT('',#16939);
#16939 = CARTESIAN_POINT('',(146.49,-79.606,1.51));
#16940 = CIRCLE('',#16941,0.5);
#16941 = AXIS2_PLACEMENT_3D('',#16942,#16943,#16944);
#16942 = CARTESIAN_POINT('',(146.49,-79.106,1.51));
#16943 = DIRECTION('',(-0.,0.,-1.));
#16944 = DIRECTION('',(-0.,-1.,0.));
#16945 = FACE_BOUND('',#16946,.T.);
#16946 = EDGE_LOOP('',(#16947));
#16947 = ORIENTED_EDGE('',*,*,#16948,.T.);
#16948 = EDGE_CURVE('',#16949,#16949,#16951,.T.);
#16949 = VERTEX_POINT('',#16950);
#16950 = CARTESIAN_POINT('',(146.466,-74.6705,1.51));
#16951 = CIRCLE('',#16952,0.4445);
#16952 = AXIS2_PLACEMENT_3D('',#16953,#16954,#16955);
#16953 = CARTESIAN_POINT('',(146.466,-74.226,1.51));
#16954 = DIRECTION('',(-0.,0.,-1.));
#16955 = DIRECTION('',(-0.,-1.,0.));
#16956 = FACE_BOUND('',#16957,.T.);
#16957 = EDGE_LOOP('',(#16958));
#16958 = ORIENTED_EDGE('',*,*,#16959,.T.);
#16959 = EDGE_CURVE('',#16960,#16960,#16962,.T.);
#16960 = VERTEX_POINT('',#16961);
#16961 = CARTESIAN_POINT('',(131.226,-72.1305,1.51));
#16962 = CIRCLE('',#16963,0.4445);
#16963 = AXIS2_PLACEMENT_3D('',#16964,#16965,#16966);
#16964 = CARTESIAN_POINT('',(131.226,-71.686,1.51));
#16965 = DIRECTION('',(-0.,0.,-1.));
#16966 = DIRECTION('',(-0.,-1.,0.));
#16967 = FACE_BOUND('',#16968,.T.);
#16968 = EDGE_LOOP('',(#16969));
#16969 = ORIENTED_EDGE('',*,*,#16970,.T.);
#16970 = EDGE_CURVE('',#16971,#16971,#16973,.T.);
#16971 = VERTEX_POINT('',#16972);
#16972 = CARTESIAN_POINT('',(131.226,-69.5905,1.51));
#16973 = CIRCLE('',#16974,0.4445);
#16974 = AXIS2_PLACEMENT_3D('',#16975,#16976,#16977);
#16975 = CARTESIAN_POINT('',(131.226,-69.146,1.51));
#16976 = DIRECTION('',(-0.,0.,-1.));
#16977 = DIRECTION('',(-0.,-1.,0.));
#16978 = FACE_BOUND('',#16979,.T.);
#16979 = EDGE_LOOP('',(#16980));
#16980 = ORIENTED_EDGE('',*,*,#16981,.T.);
#16981 = EDGE_CURVE('',#16982,#16982,#16984,.T.);
#16982 = VERTEX_POINT('',#16983);
#16983 = CARTESIAN_POINT('',(131.226,-67.0505,1.51));
#16984 = CIRCLE('',#16985,0.4445);
#16985 = AXIS2_PLACEMENT_3D('',#16986,#16987,#16988);
#16986 = CARTESIAN_POINT('',(131.226,-66.606,1.51));
#16987 = DIRECTION('',(-0.,0.,-1.));
#16988 = DIRECTION('',(-0.,-1.,0.));
#16989 = FACE_BOUND('',#16990,.T.);
#16990 = EDGE_LOOP('',(#16991));
#16991 = ORIENTED_EDGE('',*,*,#16992,.T.);
#16992 = EDGE_CURVE('',#16993,#16993,#16995,.T.);
#16993 = VERTEX_POINT('',#16994);
#16994 = CARTESIAN_POINT('',(131.226,-64.5105,1.51));
#16995 = CIRCLE('',#16996,0.4445);
#16996 = AXIS2_PLACEMENT_3D('',#16997,#16998,#16999);
#16997 = CARTESIAN_POINT('',(131.226,-64.066,1.51));
#16998 = DIRECTION('',(-0.,0.,-1.));
#16999 = DIRECTION('',(-0.,-1.,0.));
#17000 = FACE_BOUND('',#17001,.T.);
#17001 = EDGE_LOOP('',(#17002));
#17002 = ORIENTED_EDGE('',*,*,#17003,.T.);
#17003 = EDGE_CURVE('',#17004,#17004,#17006,.T.);
#17004 = VERTEX_POINT('',#17005);
#17005 = CARTESIAN_POINT('',(131.226,-61.9705,1.51));
#17006 = CIRCLE('',#17007,0.4445);
#17007 = AXIS2_PLACEMENT_3D('',#17008,#17009,#17010);
#17008 = CARTESIAN_POINT('',(131.226,-61.526,1.51));
#17009 = DIRECTION('',(-0.,0.,-1.));
#17010 = DIRECTION('',(-0.,-1.,0.));
#17011 = FACE_BOUND('',#17012,.T.);
#17012 = EDGE_LOOP('',(#17013));
#17013 = ORIENTED_EDGE('',*,*,#17014,.T.);
#17014 = EDGE_CURVE('',#17015,#17015,#17017,.T.);
#17015 = VERTEX_POINT('',#17016);
#17016 = CARTESIAN_POINT('',(131.226,-59.4305,1.51));
#17017 = CIRCLE('',#17018,0.4445);
#17018 = AXIS2_PLACEMENT_3D('',#17019,#17020,#17021);
#17019 = CARTESIAN_POINT('',(131.226,-58.986,1.51));
#17020 = DIRECTION('',(-0.,0.,-1.));
#17021 = DIRECTION('',(-0.,-1.,0.));
#17022 = FACE_BOUND('',#17023,.T.);
#17023 = EDGE_LOOP('',(#17024));
#17024 = ORIENTED_EDGE('',*,*,#17025,.T.);
#17025 = EDGE_CURVE('',#17026,#17026,#17028,.T.);
#17026 = VERTEX_POINT('',#17027);
#17027 = CARTESIAN_POINT('',(146.466,-72.1305,1.51));
#17028 = CIRCLE('',#17029,0.4445);
#17029 = AXIS2_PLACEMENT_3D('',#17030,#17031,#17032);
#17030 = CARTESIAN_POINT('',(146.466,-71.686,1.51));
#17031 = DIRECTION('',(-0.,0.,-1.));
#17032 = DIRECTION('',(-0.,-1.,0.));
#17033 = FACE_BOUND('',#17034,.T.);
#17034 = EDGE_LOOP('',(#17035));
#17035 = ORIENTED_EDGE('',*,*,#17036,.T.);
#17036 = EDGE_CURVE('',#17037,#17037,#17039,.T.);
#17037 = VERTEX_POINT('',#17038);
#17038 = CARTESIAN_POINT('',(146.466,-69.5905,1.51));
#17039 = CIRCLE('',#17040,0.4445);
#17040 = AXIS2_PLACEMENT_3D('',#17041,#17042,#17043);
#17041 = CARTESIAN_POINT('',(146.466,-69.146,1.51));
#17042 = DIRECTION('',(-0.,0.,-1.));
#17043 = DIRECTION('',(-0.,-1.,0.));
#17044 = FACE_BOUND('',#17045,.T.);
#17045 = EDGE_LOOP('',(#17046));
#17046 = ORIENTED_EDGE('',*,*,#17047,.T.);
#17047 = EDGE_CURVE('',#17048,#17048,#17050,.T.);
#17048 = VERTEX_POINT('',#17049);
#17049 = CARTESIAN_POINT('',(146.466,-67.0505,1.51));
#17050 = CIRCLE('',#17051,0.4445);
#17051 = AXIS2_PLACEMENT_3D('',#17052,#17053,#17054);
#17052 = CARTESIAN_POINT('',(146.466,-66.606,1.51));
#17053 = DIRECTION('',(-0.,0.,-1.));
#17054 = DIRECTION('',(-0.,-1.,0.));
#17055 = FACE_BOUND('',#17056,.T.);
#17056 = EDGE_LOOP('',(#17057));
#17057 = ORIENTED_EDGE('',*,*,#17058,.T.);
#17058 = EDGE_CURVE('',#17059,#17059,#17061,.T.);
#17059 = VERTEX_POINT('',#17060);
#17060 = CARTESIAN_POINT('',(146.466,-64.5105,1.51));
#17061 = CIRCLE('',#17062,0.4445);
#17062 = AXIS2_PLACEMENT_3D('',#17063,#17064,#17065);
#17063 = CARTESIAN_POINT('',(146.466,-64.066,1.51));
#17064 = DIRECTION('',(-0.,0.,-1.));
#17065 = DIRECTION('',(-0.,-1.,0.));
#17066 = FACE_BOUND('',#17067,.T.);
#17067 = EDGE_LOOP('',(#17068));
#17068 = ORIENTED_EDGE('',*,*,#17069,.T.);
#17069 = EDGE_CURVE('',#17070,#17070,#17072,.T.);
#17070 = VERTEX_POINT('',#17071);
#17071 = CARTESIAN_POINT('',(146.466,-61.9705,1.51));
#17072 = CIRCLE('',#17073,0.4445);
#17073 = AXIS2_PLACEMENT_3D('',#17074,#17075,#17076);
#17074 = CARTESIAN_POINT('',(146.466,-61.526,1.51));
#17075 = DIRECTION('',(-0.,0.,-1.));
#17076 = DIRECTION('',(-0.,-1.,0.));
#17077 = FACE_BOUND('',#17078,.T.);
#17078 = EDGE_LOOP('',(#17079));
#17079 = ORIENTED_EDGE('',*,*,#17080,.T.);
#17080 = EDGE_CURVE('',#17081,#17081,#17083,.T.);
#17081 = VERTEX_POINT('',#17082);
#17082 = CARTESIAN_POINT('',(146.466,-59.4305,1.51));
#17083 = CIRCLE('',#17084,0.4445);
#17084 = AXIS2_PLACEMENT_3D('',#17085,#17086,#17087);
#17085 = CARTESIAN_POINT('',(146.466,-58.986,1.51));
#17086 = DIRECTION('',(-0.,0.,-1.));
#17087 = DIRECTION('',(-0.,-1.,0.));
#17088 = PLANE('',#17089);
#17089 = AXIS2_PLACEMENT_3D('',#17090,#17091,#17092);
#17090 = CARTESIAN_POINT('',(0.,0.,1.51));
#17091 = DIRECTION('',(0.,0.,1.));
#17092 = DIRECTION('',(1.,0.,-0.));
#17093 = ADVANCED_FACE('',(#17094),#17100,.T.);
#17094 = FACE_BOUND('',#17095,.T.);
#17095 = EDGE_LOOP('',(#17096,#17097,#17098,#17099));
#17096 = ORIENTED_EDGE('',*,*,#16403,.T.);
#17097 = ORIENTED_EDGE('',*,*,#16763,.T.);
#17098 = ORIENTED_EDGE('',*,*,#16363,.F.);
#17099 = ORIENTED_EDGE('',*,*,#16427,.F.);
#17100 = PLANE('',#17101);
#17101 = AXIS2_PLACEMENT_3D('',#17102,#17103,#17104);
#17102 = CARTESIAN_POINT('',(128.952,-55.732,0.));
#17103 = DIRECTION('',(0.,1.,0.));
#17104 = DIRECTION('',(1.,0.,0.));
#17105 = ADVANCED_FACE('',(#17106),#17117,.F.);
#17106 = FACE_BOUND('',#17107,.T.);
#17107 = EDGE_LOOP('',(#17108,#17109,#17115,#17116));
#17108 = ORIENTED_EDGE('',*,*,#16436,.T.);
#17109 = ORIENTED_EDGE('',*,*,#17110,.T.);
#17110 = EDGE_CURVE('',#16437,#16773,#17111,.T.);
#17111 = LINE('',#17112,#17113);
#17112 = CARTESIAN_POINT('',(134.726,-88.106,-4.6E-02));
#17113 = VECTOR('',#17114,1.);
#17114 = DIRECTION('',(0.,0.,1.));
#17115 = ORIENTED_EDGE('',*,*,#16772,.F.);
#17116 = ORIENTED_EDGE('',*,*,#17110,.F.);
#17117 = CYLINDRICAL_SURFACE('',#17118,0.5);
#17118 = AXIS2_PLACEMENT_3D('',#17119,#17120,#17121);
#17119 = CARTESIAN_POINT('',(134.726,-87.606,-4.6E-02));
#17120 = DIRECTION('',(-0.,-0.,-1.));
#17121 = DIRECTION('',(-0.,-1.,0.));
#17122 = ADVANCED_FACE('',(#17123),#17134,.F.);
#17123 = FACE_BOUND('',#17124,.T.);
#17124 = EDGE_LOOP('',(#17125,#17126,#17132,#17133));
#17125 = ORIENTED_EDGE('',*,*,#16447,.T.);
#17126 = ORIENTED_EDGE('',*,*,#17127,.T.);
#17127 = EDGE_CURVE('',#16448,#16784,#17128,.T.);
#17128 = LINE('',#17129,#17130);
#17129 = CARTESIAN_POINT('',(131.356,-83.318,-4.6E-02));
#17130 = VECTOR('',#17131,1.);
#17131 = DIRECTION('',(0.,0.,1.));
#17132 = ORIENTED_EDGE('',*,*,#16783,.F.);
#17133 = ORIENTED_EDGE('',*,*,#17127,.F.);
#17134 = CYLINDRICAL_SURFACE('',#17135,0.5);
#17135 = AXIS2_PLACEMENT_3D('',#17136,#17137,#17138);
#17136 = CARTESIAN_POINT('',(131.356,-82.818,-4.6E-02));
#17137 = DIRECTION('',(-0.,-0.,-1.));
#17138 = DIRECTION('',(-0.,-1.,0.));
#17139 = ADVANCED_FACE('',(#17140),#17151,.F.);
#17140 = FACE_BOUND('',#17141,.T.);
#17141 = EDGE_LOOP('',(#17142,#17143,#17149,#17150));
#17142 = ORIENTED_EDGE('',*,*,#16458,.T.);
#17143 = ORIENTED_EDGE('',*,*,#17144,.T.);
#17144 = EDGE_CURVE('',#16459,#16795,#17145,.T.);
#17145 = LINE('',#17146,#17147);
#17146 = CARTESIAN_POINT('',(133.896,-83.318,-4.6E-02));
#17147 = VECTOR('',#17148,1.);
#17148 = DIRECTION('',(0.,0.,1.));
#17149 = ORIENTED_EDGE('',*,*,#16794,.F.);
#17150 = ORIENTED_EDGE('',*,*,#17144,.F.);
#17151 = CYLINDRICAL_SURFACE('',#17152,0.5);
#17152 = AXIS2_PLACEMENT_3D('',#17153,#17154,#17155);
#17153 = CARTESIAN_POINT('',(133.896,-82.818,-4.6E-02));
#17154 = DIRECTION('',(-0.,-0.,-1.));
#17155 = DIRECTION('',(-0.,-1.,0.));
#17156 = ADVANCED_FACE('',(#17157),#17168,.F.);
#17157 = FACE_BOUND('',#17158,.T.);
#17158 = EDGE_LOOP('',(#17159,#17160,#17166,#17167));
#17159 = ORIENTED_EDGE('',*,*,#16469,.T.);
#17160 = ORIENTED_EDGE('',*,*,#17161,.T.);
#17161 = EDGE_CURVE('',#16470,#16806,#17162,.T.);
#17162 = LINE('',#17163,#17164);
#17163 = CARTESIAN_POINT('',(137.266,-88.106,-4.6E-02));
#17164 = VECTOR('',#17165,1.);
#17165 = DIRECTION('',(0.,0.,1.));
#17166 = ORIENTED_EDGE('',*,*,#16805,.F.);
#17167 = ORIENTED_EDGE('',*,*,#17161,.F.);
#17168 = CYLINDRICAL_SURFACE('',#17169,0.5);
#17169 = AXIS2_PLACEMENT_3D('',#17170,#17171,#17172);
#17170 = CARTESIAN_POINT('',(137.266,-87.606,-4.6E-02));
#17171 = DIRECTION('',(-0.,-0.,-1.));
#17172 = DIRECTION('',(-0.,-1.,0.));
#17173 = ADVANCED_FACE('',(#17174),#17185,.F.);
#17174 = FACE_BOUND('',#17175,.T.);
#17175 = EDGE_LOOP('',(#17176,#17177,#17183,#17184));
#17176 = ORIENTED_EDGE('',*,*,#16480,.T.);
#17177 = ORIENTED_EDGE('',*,*,#17178,.T.);
#17178 = EDGE_CURVE('',#16481,#16817,#17179,.T.);
#17179 = LINE('',#17180,#17181);
#17180 = CARTESIAN_POINT('',(136.436,-83.318,-4.6E-02));
#17181 = VECTOR('',#17182,1.);
#17182 = DIRECTION('',(0.,0.,1.));
#17183 = ORIENTED_EDGE('',*,*,#16816,.F.);
#17184 = ORIENTED_EDGE('',*,*,#17178,.F.);
#17185 = CYLINDRICAL_SURFACE('',#17186,0.5);
#17186 = AXIS2_PLACEMENT_3D('',#17187,#17188,#17189);
#17187 = CARTESIAN_POINT('',(136.436,-82.818,-4.6E-02));
#17188 = DIRECTION('',(-0.,-0.,-1.));
#17189 = DIRECTION('',(-0.,-1.,0.));
#17190 = ADVANCED_FACE('',(#17191),#17202,.F.);
#17191 = FACE_BOUND('',#17192,.T.);
#17192 = EDGE_LOOP('',(#17193,#17194,#17200,#17201));
#17193 = ORIENTED_EDGE('',*,*,#16491,.T.);
#17194 = ORIENTED_EDGE('',*,*,#17195,.T.);
#17195 = EDGE_CURVE('',#16492,#16828,#17196,.T.);
#17196 = LINE('',#17197,#17198);
#17197 = CARTESIAN_POINT('',(131.36,-79.606,-4.6E-02));
#17198 = VECTOR('',#17199,1.);
#17199 = DIRECTION('',(0.,0.,1.));
#17200 = ORIENTED_EDGE('',*,*,#16827,.F.);
#17201 = ORIENTED_EDGE('',*,*,#17195,.F.);
#17202 = CYLINDRICAL_SURFACE('',#17203,0.5);
#17203 = AXIS2_PLACEMENT_3D('',#17204,#17205,#17206);
#17204 = CARTESIAN_POINT('',(131.36,-79.106,-4.6E-02));
#17205 = DIRECTION('',(-0.,-0.,-1.));
#17206 = DIRECTION('',(-0.,-1.,0.));
#17207 = ADVANCED_FACE('',(#17208),#17219,.F.);
#17208 = FACE_BOUND('',#17209,.T.);
#17209 = EDGE_LOOP('',(#17210,#17211,#17217,#17218));
#17210 = ORIENTED_EDGE('',*,*,#16502,.T.);
#17211 = ORIENTED_EDGE('',*,*,#17212,.T.);
#17212 = EDGE_CURVE('',#16503,#16839,#17213,.T.);
#17213 = LINE('',#17214,#17215);
#17214 = CARTESIAN_POINT('',(133.9,-79.606,-4.6E-02));
#17215 = VECTOR('',#17216,1.);
#17216 = DIRECTION('',(0.,0.,1.));
#17217 = ORIENTED_EDGE('',*,*,#16838,.F.);
#17218 = ORIENTED_EDGE('',*,*,#17212,.F.);
#17219 = CYLINDRICAL_SURFACE('',#17220,0.5);
#17220 = AXIS2_PLACEMENT_3D('',#17221,#17222,#17223);
#17221 = CARTESIAN_POINT('',(133.9,-79.106,-4.6E-02));
#17222 = DIRECTION('',(-0.,-0.,-1.));
#17223 = DIRECTION('',(-0.,-1.,0.));
#17224 = ADVANCED_FACE('',(#17225),#17236,.F.);
#17225 = FACE_BOUND('',#17226,.T.);
#17226 = EDGE_LOOP('',(#17227,#17228,#17234,#17235));
#17227 = ORIENTED_EDGE('',*,*,#16513,.T.);
#17228 = ORIENTED_EDGE('',*,*,#17229,.T.);
#17229 = EDGE_CURVE('',#16514,#16850,#17230,.T.);
#17230 = LINE('',#17231,#17232);
#17231 = CARTESIAN_POINT('',(131.226,-74.6705,-4.6E-02));
#17232 = VECTOR('',#17233,1.);
#17233 = DIRECTION('',(0.,0.,1.));
#17234 = ORIENTED_EDGE('',*,*,#16849,.F.);
#17235 = ORIENTED_EDGE('',*,*,#17229,.F.);
#17236 = CYLINDRICAL_SURFACE('',#17237,0.4445);
#17237 = AXIS2_PLACEMENT_3D('',#17238,#17239,#17240);
#17238 = CARTESIAN_POINT('',(131.226,-74.226,-4.6E-02));
#17239 = DIRECTION('',(-0.,-0.,-1.));
#17240 = DIRECTION('',(-0.,-1.,0.));
#17241 = ADVANCED_FACE('',(#17242),#17253,.F.);
#17242 = FACE_BOUND('',#17243,.T.);
#17243 = EDGE_LOOP('',(#17244,#17245,#17251,#17252));
#17244 = ORIENTED_EDGE('',*,*,#16524,.T.);
#17245 = ORIENTED_EDGE('',*,*,#17246,.T.);
#17246 = EDGE_CURVE('',#16525,#16861,#17247,.T.);
#17247 = LINE('',#17248,#17249);
#17248 = CARTESIAN_POINT('',(137.65,-79.606,-4.6E-02));
#17249 = VECTOR('',#17250,1.);
#17250 = DIRECTION('',(0.,0.,1.));
#17251 = ORIENTED_EDGE('',*,*,#16860,.F.);
#17252 = ORIENTED_EDGE('',*,*,#17246,.F.);
#17253 = CYLINDRICAL_SURFACE('',#17254,0.5);
#17254 = AXIS2_PLACEMENT_3D('',#17255,#17256,#17257);
#17255 = CARTESIAN_POINT('',(137.65,-79.106,-4.6E-02));
#17256 = DIRECTION('',(-0.,-0.,-1.));
#17257 = DIRECTION('',(-0.,-1.,0.));
#17258 = ADVANCED_FACE('',(#17259),#17270,.F.);
#17259 = FACE_BOUND('',#17260,.T.);
#17260 = EDGE_LOOP('',(#17261,#17262,#17268,#17269));
#17261 = ORIENTED_EDGE('',*,*,#16535,.T.);
#17262 = ORIENTED_EDGE('',*,*,#17263,.T.);
#17263 = EDGE_CURVE('',#16536,#16872,#17264,.T.);
#17264 = LINE('',#17265,#17266);
#17265 = CARTESIAN_POINT('',(139.806,-88.106,-4.6E-02));
#17266 = VECTOR('',#17267,1.);
#17267 = DIRECTION('',(0.,0.,1.));
#17268 = ORIENTED_EDGE('',*,*,#16871,.F.);
#17269 = ORIENTED_EDGE('',*,*,#17263,.F.);
#17270 = CYLINDRICAL_SURFACE('',#17271,0.5);
#17271 = AXIS2_PLACEMENT_3D('',#17272,#17273,#17274);
#17272 = CARTESIAN_POINT('',(139.806,-87.606,-4.6E-02));
#17273 = DIRECTION('',(-0.,-0.,-1.));
#17274 = DIRECTION('',(-0.,-1.,0.));
#17275 = ADVANCED_FACE('',(#17276),#17287,.F.);
#17276 = FACE_BOUND('',#17277,.T.);
#17277 = EDGE_LOOP('',(#17278,#17279,#17285,#17286));
#17278 = ORIENTED_EDGE('',*,*,#16546,.T.);
#17279 = ORIENTED_EDGE('',*,*,#17280,.T.);
#17280 = EDGE_CURVE('',#16547,#16883,#17281,.T.);
#17281 = LINE('',#17282,#17283);
#17282 = CARTESIAN_POINT('',(142.346,-88.106,-4.6E-02));
#17283 = VECTOR('',#17284,1.);
#17284 = DIRECTION('',(0.,0.,1.));
#17285 = ORIENTED_EDGE('',*,*,#16882,.F.);
#17286 = ORIENTED_EDGE('',*,*,#17280,.F.);
#17287 = CYLINDRICAL_SURFACE('',#17288,0.5);
#17288 = AXIS2_PLACEMENT_3D('',#17289,#17290,#17291);
#17289 = CARTESIAN_POINT('',(142.346,-87.606,-4.6E-02));
#17290 = DIRECTION('',(-0.,-0.,-1.));
#17291 = DIRECTION('',(-0.,-1.,0.));
#17292 = ADVANCED_FACE('',(#17293),#17304,.F.);
#17293 = FACE_BOUND('',#17294,.T.);
#17294 = EDGE_LOOP('',(#17295,#17296,#17302,#17303));
#17295 = ORIENTED_EDGE('',*,*,#16557,.T.);
#17296 = ORIENTED_EDGE('',*,*,#17297,.T.);
#17297 = EDGE_CURVE('',#16558,#16894,#17298,.T.);
#17298 = LINE('',#17299,#17300);
#17299 = CARTESIAN_POINT('',(141.954,-83.408,-4.6E-02));
#17300 = VECTOR('',#17301,1.);
#17301 = DIRECTION('',(0.,0.,1.));
#17302 = ORIENTED_EDGE('',*,*,#16893,.F.);
#17303 = ORIENTED_EDGE('',*,*,#17297,.F.);
#17304 = CYLINDRICAL_SURFACE('',#17305,0.5);
#17305 = AXIS2_PLACEMENT_3D('',#17306,#17307,#17308);
#17306 = CARTESIAN_POINT('',(141.954,-82.908,-4.6E-02));
#17307 = DIRECTION('',(-0.,-0.,-1.));
#17308 = DIRECTION('',(-0.,-1.,0.));
#17309 = ADVANCED_FACE('',(#17310),#17321,.F.);
#17310 = FACE_BOUND('',#17311,.T.);
#17311 = EDGE_LOOP('',(#17312,#17313,#17319,#17320));
#17312 = ORIENTED_EDGE('',*,*,#16568,.T.);
#17313 = ORIENTED_EDGE('',*,*,#17314,.T.);
#17314 = EDGE_CURVE('',#16569,#16905,#17315,.T.);
#17315 = LINE('',#17316,#17317);
#17316 = CARTESIAN_POINT('',(144.494,-83.408,-4.6E-02));
#17317 = VECTOR('',#17318,1.);
#17318 = DIRECTION('',(0.,0.,1.));
#17319 = ORIENTED_EDGE('',*,*,#16904,.F.);
#17320 = ORIENTED_EDGE('',*,*,#17314,.F.);
#17321 = CYLINDRICAL_SURFACE('',#17322,0.5);
#17322 = AXIS2_PLACEMENT_3D('',#17323,#17324,#17325);
#17323 = CARTESIAN_POINT('',(144.494,-82.908,-4.6E-02));
#17324 = DIRECTION('',(-0.,-0.,-1.));
#17325 = DIRECTION('',(-0.,-1.,0.));
#17326 = ADVANCED_FACE('',(#17327),#17338,.F.);
#17327 = FACE_BOUND('',#17328,.T.);
#17328 = EDGE_LOOP('',(#17329,#17330,#17336,#17337));
#17329 = ORIENTED_EDGE('',*,*,#16579,.T.);
#17330 = ORIENTED_EDGE('',*,*,#17331,.T.);
#17331 = EDGE_CURVE('',#16580,#16916,#17332,.T.);
#17332 = LINE('',#17333,#17334);
#17333 = CARTESIAN_POINT('',(140.19,-79.606,-4.6E-02));
#17334 = VECTOR('',#17335,1.);
#17335 = DIRECTION('',(0.,0.,1.));
#17336 = ORIENTED_EDGE('',*,*,#16915,.F.);
#17337 = ORIENTED_EDGE('',*,*,#17331,.F.);
#17338 = CYLINDRICAL_SURFACE('',#17339,0.5);
#17339 = AXIS2_PLACEMENT_3D('',#17340,#17341,#17342);
#17340 = CARTESIAN_POINT('',(140.19,-79.106,-4.6E-02));
#17341 = DIRECTION('',(-0.,-0.,-1.));
#17342 = DIRECTION('',(-0.,-1.,0.));
#17343 = ADVANCED_FACE('',(#17344),#17355,.F.);
#17344 = FACE_BOUND('',#17345,.T.);
#17345 = EDGE_LOOP('',(#17346,#17347,#17353,#17354));
#17346 = ORIENTED_EDGE('',*,*,#16590,.T.);
#17347 = ORIENTED_EDGE('',*,*,#17348,.T.);
#17348 = EDGE_CURVE('',#16591,#16927,#17349,.T.);
#17349 = LINE('',#17350,#17351);
#17350 = CARTESIAN_POINT('',(143.95,-79.606,-4.6E-02));
#17351 = VECTOR('',#17352,1.);
#17352 = DIRECTION('',(0.,0.,1.));
#17353 = ORIENTED_EDGE('',*,*,#16926,.F.);
#17354 = ORIENTED_EDGE('',*,*,#17348,.F.);
#17355 = CYLINDRICAL_SURFACE('',#17356,0.5);
#17356 = AXIS2_PLACEMENT_3D('',#17357,#17358,#17359);
#17357 = CARTESIAN_POINT('',(143.95,-79.106,-4.6E-02));
#17358 = DIRECTION('',(-0.,-0.,-1.));
#17359 = DIRECTION('',(-0.,-1.,0.));
#17360 = ADVANCED_FACE('',(#17361),#17372,.F.);
#17361 = FACE_BOUND('',#17362,.T.);
#17362 = EDGE_LOOP('',(#17363,#17364,#17370,#17371));
#17363 = ORIENTED_EDGE('',*,*,#16601,.T.);
#17364 = ORIENTED_EDGE('',*,*,#17365,.T.);
#17365 = EDGE_CURVE('',#16602,#16938,#17366,.T.);
#17366 = LINE('',#17367,#17368);
#17367 = CARTESIAN_POINT('',(146.49,-79.606,-4.6E-02));
#17368 = VECTOR('',#17369,1.);
#17369 = DIRECTION('',(0.,0.,1.));
#17370 = ORIENTED_EDGE('',*,*,#16937,.F.);
#17371 = ORIENTED_EDGE('',*,*,#17365,.F.);
#17372 = CYLINDRICAL_SURFACE('',#17373,0.5);
#17373 = AXIS2_PLACEMENT_3D('',#17374,#17375,#17376);
#17374 = CARTESIAN_POINT('',(146.49,-79.106,-4.6E-02));
#17375 = DIRECTION('',(-0.,-0.,-1.));
#17376 = DIRECTION('',(-0.,-1.,0.));
#17377 = ADVANCED_FACE('',(#17378),#17389,.F.);
#17378 = FACE_BOUND('',#17379,.T.);
#17379 = EDGE_LOOP('',(#17380,#17381,#17387,#17388));
#17380 = ORIENTED_EDGE('',*,*,#16612,.T.);
#17381 = ORIENTED_EDGE('',*,*,#17382,.T.);
#17382 = EDGE_CURVE('',#16613,#16949,#17383,.T.);
#17383 = LINE('',#17384,#17385);
#17384 = CARTESIAN_POINT('',(146.466,-74.6705,-4.6E-02));
#17385 = VECTOR('',#17386,1.);
#17386 = DIRECTION('',(0.,0.,1.));
#17387 = ORIENTED_EDGE('',*,*,#16948,.F.);
#17388 = ORIENTED_EDGE('',*,*,#17382,.F.);
#17389 = CYLINDRICAL_SURFACE('',#17390,0.4445);
#17390 = AXIS2_PLACEMENT_3D('',#17391,#17392,#17393);
#17391 = CARTESIAN_POINT('',(146.466,-74.226,-4.6E-02));
#17392 = DIRECTION('',(-0.,-0.,-1.));
#17393 = DIRECTION('',(-0.,-1.,0.));
#17394 = ADVANCED_FACE('',(#17395),#17406,.F.);
#17395 = FACE_BOUND('',#17396,.T.);
#17396 = EDGE_LOOP('',(#17397,#17398,#17404,#17405));
#17397 = ORIENTED_EDGE('',*,*,#16623,.T.);
#17398 = ORIENTED_EDGE('',*,*,#17399,.T.);
#17399 = EDGE_CURVE('',#16624,#16960,#17400,.T.);
#17400 = LINE('',#17401,#17402);
#17401 = CARTESIAN_POINT('',(131.226,-72.1305,-4.6E-02));
#17402 = VECTOR('',#17403,1.);
#17403 = DIRECTION('',(0.,0.,1.));
#17404 = ORIENTED_EDGE('',*,*,#16959,.F.);
#17405 = ORIENTED_EDGE('',*,*,#17399,.F.);
#17406 = CYLINDRICAL_SURFACE('',#17407,0.4445);
#17407 = AXIS2_PLACEMENT_3D('',#17408,#17409,#17410);
#17408 = CARTESIAN_POINT('',(131.226,-71.686,-4.6E-02));
#17409 = DIRECTION('',(-0.,-0.,-1.));
#17410 = DIRECTION('',(-0.,-1.,0.));
#17411 = ADVANCED_FACE('',(#17412),#17423,.F.);
#17412 = FACE_BOUND('',#17413,.T.);
#17413 = EDGE_LOOP('',(#17414,#17415,#17421,#17422));
#17414 = ORIENTED_EDGE('',*,*,#16634,.T.);
#17415 = ORIENTED_EDGE('',*,*,#17416,.T.);
#17416 = EDGE_CURVE('',#16635,#16971,#17417,.T.);
#17417 = LINE('',#17418,#17419);
#17418 = CARTESIAN_POINT('',(131.226,-69.5905,-4.6E-02));
#17419 = VECTOR('',#17420,1.);
#17420 = DIRECTION('',(0.,0.,1.));
#17421 = ORIENTED_EDGE('',*,*,#16970,.F.);
#17422 = ORIENTED_EDGE('',*,*,#17416,.F.);
#17423 = CYLINDRICAL_SURFACE('',#17424,0.4445);
#17424 = AXIS2_PLACEMENT_3D('',#17425,#17426,#17427);
#17425 = CARTESIAN_POINT('',(131.226,-69.146,-4.6E-02));
#17426 = DIRECTION('',(-0.,-0.,-1.));
#17427 = DIRECTION('',(-0.,-1.,0.));
#17428 = ADVANCED_FACE('',(#17429),#17440,.F.);
#17429 = FACE_BOUND('',#17430,.T.);
#17430 = EDGE_LOOP('',(#17431,#17432,#17438,#17439));
#17431 = ORIENTED_EDGE('',*,*,#16645,.T.);
#17432 = ORIENTED_EDGE('',*,*,#17433,.T.);
#17433 = EDGE_CURVE('',#16646,#16982,#17434,.T.);
#17434 = LINE('',#17435,#17436);
#17435 = CARTESIAN_POINT('',(131.226,-67.0505,-4.6E-02));
#17436 = VECTOR('',#17437,1.);
#17437 = DIRECTION('',(0.,0.,1.));
#17438 = ORIENTED_EDGE('',*,*,#16981,.F.);
#17439 = ORIENTED_EDGE('',*,*,#17433,.F.);
#17440 = CYLINDRICAL_SURFACE('',#17441,0.4445);
#17441 = AXIS2_PLACEMENT_3D('',#17442,#17443,#17444);
#17442 = CARTESIAN_POINT('',(131.226,-66.606,-4.6E-02));
#17443 = DIRECTION('',(-0.,-0.,-1.));
#17444 = DIRECTION('',(-0.,-1.,0.));
#17445 = ADVANCED_FACE('',(#17446),#17457,.F.);
#17446 = FACE_BOUND('',#17447,.T.);
#17447 = EDGE_LOOP('',(#17448,#17449,#17455,#17456));
#17448 = ORIENTED_EDGE('',*,*,#16656,.T.);
#17449 = ORIENTED_EDGE('',*,*,#17450,.T.);
#17450 = EDGE_CURVE('',#16657,#16993,#17451,.T.);
#17451 = LINE('',#17452,#17453);
#17452 = CARTESIAN_POINT('',(131.226,-64.5105,-4.6E-02));
#17453 = VECTOR('',#17454,1.);
#17454 = DIRECTION('',(0.,0.,1.));
#17455 = ORIENTED_EDGE('',*,*,#16992,.F.);
#17456 = ORIENTED_EDGE('',*,*,#17450,.F.);
#17457 = CYLINDRICAL_SURFACE('',#17458,0.4445);
#17458 = AXIS2_PLACEMENT_3D('',#17459,#17460,#17461);
#17459 = CARTESIAN_POINT('',(131.226,-64.066,-4.6E-02));
#17460 = DIRECTION('',(-0.,-0.,-1.));
#17461 = DIRECTION('',(-0.,-1.,0.));
#17462 = ADVANCED_FACE('',(#17463),#17474,.F.);
#17463 = FACE_BOUND('',#17464,.T.);
#17464 = EDGE_LOOP('',(#17465,#17466,#17472,#17473));
#17465 = ORIENTED_EDGE('',*,*,#16667,.T.);
#17466 = ORIENTED_EDGE('',*,*,#17467,.T.);
#17467 = EDGE_CURVE('',#16668,#17004,#17468,.T.);
#17468 = LINE('',#17469,#17470);
#17469 = CARTESIAN_POINT('',(131.226,-61.9705,-4.6E-02));
#17470 = VECTOR('',#17471,1.);
#17471 = DIRECTION('',(0.,0.,1.));
#17472 = ORIENTED_EDGE('',*,*,#17003,.F.);
#17473 = ORIENTED_EDGE('',*,*,#17467,.F.);
#17474 = CYLINDRICAL_SURFACE('',#17475,0.4445);
#17475 = AXIS2_PLACEMENT_3D('',#17476,#17477,#17478);
#17476 = CARTESIAN_POINT('',(131.226,-61.526,-4.6E-02));
#17477 = DIRECTION('',(-0.,-0.,-1.));
#17478 = DIRECTION('',(-0.,-1.,0.));
#17479 = ADVANCED_FACE('',(#17480),#17491,.F.);
#17480 = FACE_BOUND('',#17481,.T.);
#17481 = EDGE_LOOP('',(#17482,#17483,#17489,#17490));
#17482 = ORIENTED_EDGE('',*,*,#16678,.T.);
#17483 = ORIENTED_EDGE('',*,*,#17484,.T.);
#17484 = EDGE_CURVE('',#16679,#17015,#17485,.T.);
#17485 = LINE('',#17486,#17487);
#17486 = CARTESIAN_POINT('',(131.226,-59.4305,-4.6E-02));
#17487 = VECTOR('',#17488,1.);
#17488 = DIRECTION('',(0.,0.,1.));
#17489 = ORIENTED_EDGE('',*,*,#17014,.F.);
#17490 = ORIENTED_EDGE('',*,*,#17484,.F.);
#17491 = CYLINDRICAL_SURFACE('',#17492,0.4445);
#17492 = AXIS2_PLACEMENT_3D('',#17493,#17494,#17495);
#17493 = CARTESIAN_POINT('',(131.226,-58.986,-4.6E-02));
#17494 = DIRECTION('',(-0.,-0.,-1.));
#17495 = DIRECTION('',(-0.,-1.,0.));
#17496 = ADVANCED_FACE('',(#17497),#17508,.F.);
#17497 = FACE_BOUND('',#17498,.T.);
#17498 = EDGE_LOOP('',(#17499,#17500,#17506,#17507));
#17499 = ORIENTED_EDGE('',*,*,#16689,.T.);
#17500 = ORIENTED_EDGE('',*,*,#17501,.T.);
#17501 = EDGE_CURVE('',#16690,#17026,#17502,.T.);
#17502 = LINE('',#17503,#17504);
#17503 = CARTESIAN_POINT('',(146.466,-72.1305,-4.6E-02));
#17504 = VECTOR('',#17505,1.);
#17505 = DIRECTION('',(0.,0.,1.));
#17506 = ORIENTED_EDGE('',*,*,#17025,.F.);
#17507 = ORIENTED_EDGE('',*,*,#17501,.F.);
#17508 = CYLINDRICAL_SURFACE('',#17509,0.4445);
#17509 = AXIS2_PLACEMENT_3D('',#17510,#17511,#17512);
#17510 = CARTESIAN_POINT('',(146.466,-71.686,-4.6E-02));
#17511 = DIRECTION('',(-0.,-0.,-1.));
#17512 = DIRECTION('',(-0.,-1.,0.));
#17513 = ADVANCED_FACE('',(#17514),#17525,.F.);
#17514 = FACE_BOUND('',#17515,.T.);
#17515 = EDGE_LOOP('',(#17516,#17517,#17523,#17524));
#17516 = ORIENTED_EDGE('',*,*,#16700,.T.);
#17517 = ORIENTED_EDGE('',*,*,#17518,.T.);
#17518 = EDGE_CURVE('',#16701,#17037,#17519,.T.);
#17519 = LINE('',#17520,#17521);
#17520 = CARTESIAN_POINT('',(146.466,-69.5905,-4.6E-02));
#17521 = VECTOR('',#17522,1.);
#17522 = DIRECTION('',(0.,0.,1.));
#17523 = ORIENTED_EDGE('',*,*,#17036,.F.);
#17524 = ORIENTED_EDGE('',*,*,#17518,.F.);
#17525 = CYLINDRICAL_SURFACE('',#17526,0.4445);
#17526 = AXIS2_PLACEMENT_3D('',#17527,#17528,#17529);
#17527 = CARTESIAN_POINT('',(146.466,-69.146,-4.6E-02));
#17528 = DIRECTION('',(-0.,-0.,-1.));
#17529 = DIRECTION('',(-0.,-1.,0.));
#17530 = ADVANCED_FACE('',(#17531),#17542,.F.);
#17531 = FACE_BOUND('',#17532,.T.);
#17532 = EDGE_LOOP('',(#17533,#17534,#17540,#17541));
#17533 = ORIENTED_EDGE('',*,*,#16711,.T.);
#17534 = ORIENTED_EDGE('',*,*,#17535,.T.);
#17535 = EDGE_CURVE('',#16712,#17048,#17536,.T.);
#17536 = LINE('',#17537,#17538);
#17537 = CARTESIAN_POINT('',(146.466,-67.0505,-4.6E-02));
#17538 = VECTOR('',#17539,1.);
#17539 = DIRECTION('',(0.,0.,1.));
#17540 = ORIENTED_EDGE('',*,*,#17047,.F.);
#17541 = ORIENTED_EDGE('',*,*,#17535,.F.);
#17542 = CYLINDRICAL_SURFACE('',#17543,0.4445);
#17543 = AXIS2_PLACEMENT_3D('',#17544,#17545,#17546);
#17544 = CARTESIAN_POINT('',(146.466,-66.606,-4.6E-02));
#17545 = DIRECTION('',(-0.,-0.,-1.));
#17546 = DIRECTION('',(-0.,-1.,0.));
#17547 = ADVANCED_FACE('',(#17548),#17559,.F.);
#17548 = FACE_BOUND('',#17549,.T.);
#17549 = EDGE_LOOP('',(#17550,#17551,#17557,#17558));
#17550 = ORIENTED_EDGE('',*,*,#16722,.T.);
#17551 = ORIENTED_EDGE('',*,*,#17552,.T.);
#17552 = EDGE_CURVE('',#16723,#17059,#17553,.T.);
#17553 = LINE('',#17554,#17555);
#17554 = CARTESIAN_POINT('',(146.466,-64.5105,-4.6E-02));
#17555 = VECTOR('',#17556,1.);
#17556 = DIRECTION('',(0.,0.,1.));
#17557 = ORIENTED_EDGE('',*,*,#17058,.F.);
#17558 = ORIENTED_EDGE('',*,*,#17552,.F.);
#17559 = CYLINDRICAL_SURFACE('',#17560,0.4445);
#17560 = AXIS2_PLACEMENT_3D('',#17561,#17562,#17563);
#17561 = CARTESIAN_POINT('',(146.466,-64.066,-4.6E-02));
#17562 = DIRECTION('',(-0.,-0.,-1.));
#17563 = DIRECTION('',(-0.,-1.,0.));
#17564 = ADVANCED_FACE('',(#17565),#17576,.F.);
#17565 = FACE_BOUND('',#17566,.T.);
#17566 = EDGE_LOOP('',(#17567,#17568,#17574,#17575));
#17567 = ORIENTED_EDGE('',*,*,#16733,.T.);
#17568 = ORIENTED_EDGE('',*,*,#17569,.T.);
#17569 = EDGE_CURVE('',#16734,#17070,#17570,.T.);
#17570 = LINE('',#17571,#17572);
#17571 = CARTESIAN_POINT('',(146.466,-61.9705,-4.6E-02));
#17572 = VECTOR('',#17573,1.);
#17573 = DIRECTION('',(0.,0.,1.));
#17574 = ORIENTED_EDGE('',*,*,#17069,.F.);
#17575 = ORIENTED_EDGE('',*,*,#17569,.F.);
#17576 = CYLINDRICAL_SURFACE('',#17577,0.4445);
#17577 = AXIS2_PLACEMENT_3D('',#17578,#17579,#17580);
#17578 = CARTESIAN_POINT('',(146.466,-61.526,-4.6E-02));
#17579 = DIRECTION('',(-0.,-0.,-1.));
#17580 = DIRECTION('',(-0.,-1.,0.));
#17581 = ADVANCED_FACE('',(#17582),#17593,.F.);
#17582 = FACE_BOUND('',#17583,.T.);
#17583 = EDGE_LOOP('',(#17584,#17585,#17591,#17592));
#17584 = ORIENTED_EDGE('',*,*,#16744,.T.);
#17585 = ORIENTED_EDGE('',*,*,#17586,.T.);
#17586 = EDGE_CURVE('',#16745,#17081,#17587,.T.);
#17587 = LINE('',#17588,#17589);
#17588 = CARTESIAN_POINT('',(146.466,-59.4305,-4.6E-02));
#17589 = VECTOR('',#17590,1.);
#17590 = DIRECTION('',(0.,0.,1.));
#17591 = ORIENTED_EDGE('',*,*,#17080,.F.);
#17592 = ORIENTED_EDGE('',*,*,#17586,.F.);
#17593 = CYLINDRICAL_SURFACE('',#17594,0.4445);
#17594 = AXIS2_PLACEMENT_3D('',#17595,#17596,#17597);
#17595 = CARTESIAN_POINT('',(146.466,-58.986,-4.6E-02));
#17596 = DIRECTION('',(-0.,-0.,-1.));
#17597 = DIRECTION('',(-0.,-1.,0.));
#17598 = ( GEOMETRIC_REPRESENTATION_CONTEXT(3) 
GLOBAL_UNCERTAINTY_ASSIGNED_CONTEXT((#17602)) 
GLOBAL_UNIT_ASSIGNED_CONTEXT((#17599,#17600,#17601)) 
REPRESENTATION_CONTEXT('Context #1',
  '3D Context with UNIT and UNCERTAINTY') );
#17599 = ( LENGTH_UNIT() NAMED_UNIT(*) SI_UNIT(.MILLI.,.METRE.) );
#17600 = ( NAMED_UNIT(*) PLANE_ANGLE_UNIT() SI_UNIT($,.RADIAN.) );
#17601 = ( NAMED_UNIT(*) SI_UNIT($,.STERADIAN.) SOLID_ANGLE_UNIT() );
#17602 = UNCERTAINTY_MEASURE_WITH_UNIT(LENGTH_MEASURE(1.E-07),#17599,
  'distance_accuracy_value','confusion accuracy');
#17603 = CONTEXT_DEPENDENT_SHAPE_REPRESENTATION(#17604,#17606);
#17604 = ( REPRESENTATION_RELATIONSHIP('','',#16316,#10) 
REPRESENTATION_RELATIONSHIP_WITH_TRANSFORMATION(#17605) 
SHAPE_REPRESENTATION_RELATIONSHIP() );
#17605 = ITEM_DEFINED_TRANSFORMATION('','',#11,#39);
#17606 = PRODUCT_DEFINITION_SHAPE('Placement','Placement of an item',
  #17607);
#17607 = NEXT_ASSEMBLY_USAGE_OCCURRENCE('7','=>[0:1:1:9]','',#5,#16311,$
  );
#17608 = PRODUCT_RELATED_PRODUCT_CATEGORY('part',$,(#16313));
#17609 = SHAPE_DEFINITION_REPRESENTATION(#17610,#17616);
#17610 = PRODUCT_DEFINITION_SHAPE('','',#17611);
#17611 = PRODUCT_DEFINITION('design','',#17612,#17615);
#17612 = PRODUCT_DEFINITION_FORMATION('','',#17613);
#17613 = PRODUCT('TxTroller_PCB 2','TxTroller_PCB 2','',(#17614));
#17614 = PRODUCT_CONTEXT('',#2,'mechanical');
#17615 = PRODUCT_DEFINITION_CONTEXT('part definition',#2,'design');
#17616 = SHAPE_REPRESENTATION('',(#11),#17617);
#17617 = ( GEOMETRIC_REPRESENTATION_CONTEXT(3) 
GLOBAL_UNCERTAINTY_ASSIGNED_CONTEXT((#17621)) 
GLOBAL_UNIT_ASSIGNED_CONTEXT((#17618,#17619,#17620)) 
REPRESENTATION_CONTEXT('Context #1',
  '3D Context with UNIT and UNCERTAINTY') );
#17618 = ( LENGTH_UNIT() NAMED_UNIT(*) SI_UNIT(.MILLI.,.METRE.) );
#17619 = ( NAMED_UNIT(*) PLANE_ANGLE_UNIT() SI_UNIT($,.RADIAN.) );
#17620 = ( NAMED_UNIT(*) SI_UNIT($,.STERADIAN.) SOLID_ANGLE_UNIT() );
#17621 = UNCERTAINTY_MEASURE_WITH_UNIT(LENGTH_MEASURE(1.E-07),#17618,
  'distance_accuracy_value','confusion accuracy');
#17622 = PRODUCT_RELATED_PRODUCT_CATEGORY('part',$,(#17613));
#17623 = MECHANICAL_DESIGN_GEOMETRIC_PRESENTATION_REPRESENTATION('',(
    #17624,#17634,#17643,#17652,#17661,#17670,#17679,#17688,#17697,
    #17706,#17715,#17724,#17733,#17742,#17751,#17760,#17769,#17778,
    #17787,#17796,#17805,#17814,#17823,#17832,#17841,#17850,#17859,
    #17868,#17877,#17886,#17895,#17904,#17913,#17922,#17931,#17940,
    #17949,#17958,#17967,#17976),#12983);
#17624 = STYLED_ITEM('color',(#17625),#7605);
#17625 = PRESENTATION_STYLE_ASSIGNMENT((#17626));
#17626 = SURFACE_STYLE_USAGE(.BOTH.,#17627);
#17627 = SURFACE_SIDE_STYLE('',(#17628,#17632));
#17628 = SURFACE_STYLE_FILL_AREA(#17629);
#17629 = FILL_AREA_STYLE('',(#17630));
#17630 = FILL_AREA_STYLE_COLOUR('',#17631);
#17631 = DRAUGHTING_PRE_DEFINED_COLOUR('white');
#17632 = SURFACE_STYLE_RENDERING_WITH_PROPERTIES(.NORMAL_SHADING.,#17631
  ,(#17633));
#17633 = SURFACE_STYLE_TRANSPARENT(0.100000023842);
#17634 = STYLED_ITEM('color',(#17635),#7717);
#17635 = PRESENTATION_STYLE_ASSIGNMENT((#17636));
#17636 = SURFACE_STYLE_USAGE(.BOTH.,#17637);
#17637 = SURFACE_SIDE_STYLE('',(#17638,#17641));
#17638 = SURFACE_STYLE_FILL_AREA(#17639);
#17639 = FILL_AREA_STYLE('',(#17640));
#17640 = FILL_AREA_STYLE_COLOUR('',#17631);
#17641 = SURFACE_STYLE_RENDERING_WITH_PROPERTIES(.NORMAL_SHADING.,#17631
  ,(#17642));
#17642 = SURFACE_STYLE_TRANSPARENT(0.100000023842);
#17643 = STYLED_ITEM('color',(#17644),#7786);
#17644 = PRESENTATION_STYLE_ASSIGNMENT((#17645));
#17645 = SURFACE_STYLE_USAGE(.BOTH.,#17646);
#17646 = SURFACE_SIDE_STYLE('',(#17647,#17650));
#17647 = SURFACE_STYLE_FILL_AREA(#17648);
#17648 = FILL_AREA_STYLE('',(#17649));
#17649 = FILL_AREA_STYLE_COLOUR('',#17631);
#17650 = SURFACE_STYLE_RENDERING_WITH_PROPERTIES(.NORMAL_SHADING.,#17631
  ,(#17651));
#17651 = SURFACE_STYLE_TRANSPARENT(0.100000023842);
#17652 = STYLED_ITEM('color',(#17653),#7928);
#17653 = PRESENTATION_STYLE_ASSIGNMENT((#17654));
#17654 = SURFACE_STYLE_USAGE(.BOTH.,#17655);
#17655 = SURFACE_SIDE_STYLE('',(#17656,#17659));
#17656 = SURFACE_STYLE_FILL_AREA(#17657);
#17657 = FILL_AREA_STYLE('',(#17658));
#17658 = FILL_AREA_STYLE_COLOUR('',#17631);
#17659 = SURFACE_STYLE_RENDERING_WITH_PROPERTIES(.NORMAL_SHADING.,#17631
  ,(#17660));
#17660 = SURFACE_STYLE_TRANSPARENT(0.100000023842);
#17661 = STYLED_ITEM('color',(#17662),#8022);
#17662 = PRESENTATION_STYLE_ASSIGNMENT((#17663));
#17663 = SURFACE_STYLE_USAGE(.BOTH.,#17664);
#17664 = SURFACE_SIDE_STYLE('',(#17665,#17668));
#17665 = SURFACE_STYLE_FILL_AREA(#17666);
#17666 = FILL_AREA_STYLE('',(#17667));
#17667 = FILL_AREA_STYLE_COLOUR('',#17631);
#17668 = SURFACE_STYLE_RENDERING_WITH_PROPERTIES(.NORMAL_SHADING.,#17631
  ,(#17669));
#17669 = SURFACE_STYLE_TRANSPARENT(0.100000023842);
#17670 = STYLED_ITEM('color',(#17671),#8367);
#17671 = PRESENTATION_STYLE_ASSIGNMENT((#17672));
#17672 = SURFACE_STYLE_USAGE(.BOTH.,#17673);
#17673 = SURFACE_SIDE_STYLE('',(#17674,#17677));
#17674 = SURFACE_STYLE_FILL_AREA(#17675);
#17675 = FILL_AREA_STYLE('',(#17676));
#17676 = FILL_AREA_STYLE_COLOUR('',#17631);
#17677 = SURFACE_STYLE_RENDERING_WITH_PROPERTIES(.NORMAL_SHADING.,#17631
  ,(#17678));
#17678 = SURFACE_STYLE_TRANSPARENT(0.100000023842);
#17679 = STYLED_ITEM('color',(#17680),#8526);
#17680 = PRESENTATION_STYLE_ASSIGNMENT((#17681));
#17681 = SURFACE_STYLE_USAGE(.BOTH.,#17682);
#17682 = SURFACE_SIDE_STYLE('',(#17683,#17686));
#17683 = SURFACE_STYLE_FILL_AREA(#17684);
#17684 = FILL_AREA_STYLE('',(#17685));
#17685 = FILL_AREA_STYLE_COLOUR('',#17631);
#17686 = SURFACE_STYLE_RENDERING_WITH_PROPERTIES(.NORMAL_SHADING.,#17631
  ,(#17687));
#17687 = SURFACE_STYLE_TRANSPARENT(0.100000023842);
#17688 = STYLED_ITEM('color',(#17689),#8603);
#17689 = PRESENTATION_STYLE_ASSIGNMENT((#17690));
#17690 = SURFACE_STYLE_USAGE(.BOTH.,#17691);
#17691 = SURFACE_SIDE_STYLE('',(#17692,#17695));
#17692 = SURFACE_STYLE_FILL_AREA(#17693);
#17693 = FILL_AREA_STYLE('',(#17694));
#17694 = FILL_AREA_STYLE_COLOUR('',#17631);
#17695 = SURFACE_STYLE_RENDERING_WITH_PROPERTIES(.NORMAL_SHADING.,#17631
  ,(#17696));
#17696 = SURFACE_STYLE_TRANSPARENT(0.100000023842);
#17697 = STYLED_ITEM('color',(#17698),#8715);
#17698 = PRESENTATION_STYLE_ASSIGNMENT((#17699));
#17699 = SURFACE_STYLE_USAGE(.BOTH.,#17700);
#17700 = SURFACE_SIDE_STYLE('',(#17701,#17704));
#17701 = SURFACE_STYLE_FILL_AREA(#17702);
#17702 = FILL_AREA_STYLE('',(#17703));
#17703 = FILL_AREA_STYLE_COLOUR('',#17631);
#17704 = SURFACE_STYLE_RENDERING_WITH_PROPERTIES(.NORMAL_SHADING.,#17631
  ,(#17705));
#17705 = SURFACE_STYLE_TRANSPARENT(0.100000023842);
#17706 = STYLED_ITEM('color',(#17707),#8827);
#17707 = PRESENTATION_STYLE_ASSIGNMENT((#17708));
#17708 = SURFACE_STYLE_USAGE(.BOTH.,#17709);
#17709 = SURFACE_SIDE_STYLE('',(#17710,#17713));
#17710 = SURFACE_STYLE_FILL_AREA(#17711);
#17711 = FILL_AREA_STYLE('',(#17712));
#17712 = FILL_AREA_STYLE_COLOUR('',#17631);
#17713 = SURFACE_STYLE_RENDERING_WITH_PROPERTIES(.NORMAL_SHADING.,#17631
  ,(#17714));
#17714 = SURFACE_STYLE_TRANSPARENT(0.100000023842);
#17715 = STYLED_ITEM('color',(#17716),#8896);
#17716 = PRESENTATION_STYLE_ASSIGNMENT((#17717));
#17717 = SURFACE_STYLE_USAGE(.BOTH.,#17718);
#17718 = SURFACE_SIDE_STYLE('',(#17719,#17722));
#17719 = SURFACE_STYLE_FILL_AREA(#17720);
#17720 = FILL_AREA_STYLE('',(#17721));
#17721 = FILL_AREA_STYLE_COLOUR('',#17631);
#17722 = SURFACE_STYLE_RENDERING_WITH_PROPERTIES(.NORMAL_SHADING.,#17631
  ,(#17723));
#17723 = SURFACE_STYLE_TRANSPARENT(0.100000023842);
#17724 = STYLED_ITEM('color',(#17725),#9088);
#17725 = PRESENTATION_STYLE_ASSIGNMENT((#17726));
#17726 = SURFACE_STYLE_USAGE(.BOTH.,#17727);
#17727 = SURFACE_SIDE_STYLE('',(#17728,#17731));
#17728 = SURFACE_STYLE_FILL_AREA(#17729);
#17729 = FILL_AREA_STYLE('',(#17730));
#17730 = FILL_AREA_STYLE_COLOUR('',#17631);
#17731 = SURFACE_STYLE_RENDERING_WITH_PROPERTIES(.NORMAL_SHADING.,#17631
  ,(#17732));
#17732 = SURFACE_STYLE_TRANSPARENT(0.100000023842);
#17733 = STYLED_ITEM('color',(#17734),#9247);
#17734 = PRESENTATION_STYLE_ASSIGNMENT((#17735));
#17735 = SURFACE_STYLE_USAGE(.BOTH.,#17736);
#17736 = SURFACE_SIDE_STYLE('',(#17737,#17740));
#17737 = SURFACE_STYLE_FILL_AREA(#17738);
#17738 = FILL_AREA_STYLE('',(#17739));
#17739 = FILL_AREA_STYLE_COLOUR('',#17631);
#17740 = SURFACE_STYLE_RENDERING_WITH_PROPERTIES(.NORMAL_SHADING.,#17631
  ,(#17741));
#17741 = SURFACE_STYLE_TRANSPARENT(0.100000023842);
#17742 = STYLED_ITEM('color',(#17743),#9505);
#17743 = PRESENTATION_STYLE_ASSIGNMENT((#17744));
#17744 = SURFACE_STYLE_USAGE(.BOTH.,#17745);
#17745 = SURFACE_SIDE_STYLE('',(#17746,#17749));
#17746 = SURFACE_STYLE_FILL_AREA(#17747);
#17747 = FILL_AREA_STYLE('',(#17748));
#17748 = FILL_AREA_STYLE_COLOUR('',#17631);
#17749 = SURFACE_STYLE_RENDERING_WITH_PROPERTIES(.NORMAL_SHADING.,#17631
  ,(#17750));
#17750 = SURFACE_STYLE_TRANSPARENT(0.100000023842);
#17751 = STYLED_ITEM('color',(#17752),#9662);
#17752 = PRESENTATION_STYLE_ASSIGNMENT((#17753));
#17753 = SURFACE_STYLE_USAGE(.BOTH.,#17754);
#17754 = SURFACE_SIDE_STYLE('',(#17755,#17758));
#17755 = SURFACE_STYLE_FILL_AREA(#17756);
#17756 = FILL_AREA_STYLE('',(#17757));
#17757 = FILL_AREA_STYLE_COLOUR('',#17631);
#17758 = SURFACE_STYLE_RENDERING_WITH_PROPERTIES(.NORMAL_SHADING.,#17631
  ,(#17759));
#17759 = SURFACE_STYLE_TRANSPARENT(0.100000023842);
#17760 = STYLED_ITEM('color',(#17761),#9731);
#17761 = PRESENTATION_STYLE_ASSIGNMENT((#17762));
#17762 = SURFACE_STYLE_USAGE(.BOTH.,#17763);
#17763 = SURFACE_SIDE_STYLE('',(#17764,#17767));
#17764 = SURFACE_STYLE_FILL_AREA(#17765);
#17765 = FILL_AREA_STYLE('',(#17766));
#17766 = FILL_AREA_STYLE_COLOUR('',#17631);
#17767 = SURFACE_STYLE_RENDERING_WITH_PROPERTIES(.NORMAL_SHADING.,#17631
  ,(#17768));
#17768 = SURFACE_STYLE_TRANSPARENT(0.100000023842);
#17769 = STYLED_ITEM('color',(#17770),#9857);
#17770 = PRESENTATION_STYLE_ASSIGNMENT((#17771));
#17771 = SURFACE_STYLE_USAGE(.BOTH.,#17772);
#17772 = SURFACE_SIDE_STYLE('',(#17773,#17776));
#17773 = SURFACE_STYLE_FILL_AREA(#17774);
#17774 = FILL_AREA_STYLE('',(#17775));
#17775 = FILL_AREA_STYLE_COLOUR('',#17631);
#17776 = SURFACE_STYLE_RENDERING_WITH_PROPERTIES(.NORMAL_SHADING.,#17631
  ,(#17777));
#17777 = SURFACE_STYLE_TRANSPARENT(0.100000023842);
#17778 = STYLED_ITEM('color',(#17779),#9909);
#17779 = PRESENTATION_STYLE_ASSIGNMENT((#17780));
#17780 = SURFACE_STYLE_USAGE(.BOTH.,#17781);
#17781 = SURFACE_SIDE_STYLE('',(#17782,#17785));
#17782 = SURFACE_STYLE_FILL_AREA(#17783);
#17783 = FILL_AREA_STYLE('',(#17784));
#17784 = FILL_AREA_STYLE_COLOUR('',#17631);
#17785 = SURFACE_STYLE_RENDERING_WITH_PROPERTIES(.NORMAL_SHADING.,#17631
  ,(#17786));
#17786 = SURFACE_STYLE_TRANSPARENT(0.100000023842);
#17787 = STYLED_ITEM('color',(#17788),#10021);
#17788 = PRESENTATION_STYLE_ASSIGNMENT((#17789));
#17789 = SURFACE_STYLE_USAGE(.BOTH.,#17790);
#17790 = SURFACE_SIDE_STYLE('',(#17791,#17794));
#17791 = SURFACE_STYLE_FILL_AREA(#17792);
#17792 = FILL_AREA_STYLE('',(#17793));
#17793 = FILL_AREA_STYLE_COLOUR('',#17631);
#17794 = SURFACE_STYLE_RENDERING_WITH_PROPERTIES(.NORMAL_SHADING.,#17631
  ,(#17795));
#17795 = SURFACE_STYLE_TRANSPARENT(0.100000023842);
#17796 = STYLED_ITEM('color',(#17797),#10098);
#17797 = PRESENTATION_STYLE_ASSIGNMENT((#17798));
#17798 = SURFACE_STYLE_USAGE(.BOTH.,#17799);
#17799 = SURFACE_SIDE_STYLE('',(#17800,#17803));
#17800 = SURFACE_STYLE_FILL_AREA(#17801);
#17801 = FILL_AREA_STYLE('',(#17802));
#17802 = FILL_AREA_STYLE_COLOUR('',#17631);
#17803 = SURFACE_STYLE_RENDERING_WITH_PROPERTIES(.NORMAL_SHADING.,#17631
  ,(#17804));
#17804 = SURFACE_STYLE_TRANSPARENT(0.100000023842);
#17805 = STYLED_ITEM('color',(#17806),#10210);
#17806 = PRESENTATION_STYLE_ASSIGNMENT((#17807));
#17807 = SURFACE_STYLE_USAGE(.BOTH.,#17808);
#17808 = SURFACE_SIDE_STYLE('',(#17809,#17812));
#17809 = SURFACE_STYLE_FILL_AREA(#17810);
#17810 = FILL_AREA_STYLE('',(#17811));
#17811 = FILL_AREA_STYLE_COLOUR('',#17631);
#17812 = SURFACE_STYLE_RENDERING_WITH_PROPERTIES(.NORMAL_SHADING.,#17631
  ,(#17813));
#17813 = SURFACE_STYLE_TRANSPARENT(0.100000023842);
#17814 = STYLED_ITEM('color',(#17815),#10287);
#17815 = PRESENTATION_STYLE_ASSIGNMENT((#17816));
#17816 = SURFACE_STYLE_USAGE(.BOTH.,#17817);
#17817 = SURFACE_SIDE_STYLE('',(#17818,#17821));
#17818 = SURFACE_STYLE_FILL_AREA(#17819);
#17819 = FILL_AREA_STYLE('',(#17820));
#17820 = FILL_AREA_STYLE_COLOUR('',#17631);
#17821 = SURFACE_STYLE_RENDERING_WITH_PROPERTIES(.NORMAL_SHADING.,#17631
  ,(#17822));
#17822 = SURFACE_STYLE_TRANSPARENT(0.100000023842);
#17823 = STYLED_ITEM('color',(#17824),#10399);
#17824 = PRESENTATION_STYLE_ASSIGNMENT((#17825));
#17825 = SURFACE_STYLE_USAGE(.BOTH.,#17826);
#17826 = SURFACE_SIDE_STYLE('',(#17827,#17830));
#17827 = SURFACE_STYLE_FILL_AREA(#17828);
#17828 = FILL_AREA_STYLE('',(#17829));
#17829 = FILL_AREA_STYLE_COLOUR('',#17631);
#17830 = SURFACE_STYLE_RENDERING_WITH_PROPERTIES(.NORMAL_SHADING.,#17631
  ,(#17831));
#17831 = SURFACE_STYLE_TRANSPARENT(0.100000023842);
#17832 = STYLED_ITEM('color',(#17833),#10468);
#17833 = PRESENTATION_STYLE_ASSIGNMENT((#17834));
#17834 = SURFACE_STYLE_USAGE(.BOTH.,#17835);
#17835 = SURFACE_SIDE_STYLE('',(#17836,#17839));
#17836 = SURFACE_STYLE_FILL_AREA(#17837);
#17837 = FILL_AREA_STYLE('',(#17838));
#17838 = FILL_AREA_STYLE_COLOUR('',#17631);
#17839 = SURFACE_STYLE_RENDERING_WITH_PROPERTIES(.NORMAL_SHADING.,#17631
  ,(#17840));
#17840 = SURFACE_STYLE_TRANSPARENT(0.100000023842);
#17841 = STYLED_ITEM('color',(#17842),#10726);
#17842 = PRESENTATION_STYLE_ASSIGNMENT((#17843));
#17843 = SURFACE_STYLE_USAGE(.BOTH.,#17844);
#17844 = SURFACE_SIDE_STYLE('',(#17845,#17848));
#17845 = SURFACE_STYLE_FILL_AREA(#17846);
#17846 = FILL_AREA_STYLE('',(#17847));
#17847 = FILL_AREA_STYLE_COLOUR('',#17631);
#17848 = SURFACE_STYLE_RENDERING_WITH_PROPERTIES(.NORMAL_SHADING.,#17631
  ,(#17849));
#17849 = SURFACE_STYLE_TRANSPARENT(0.100000023842);
#17850 = STYLED_ITEM('color',(#17851),#10901);
#17851 = PRESENTATION_STYLE_ASSIGNMENT((#17852));
#17852 = SURFACE_STYLE_USAGE(.BOTH.,#17853);
#17853 = SURFACE_SIDE_STYLE('',(#17854,#17857));
#17854 = SURFACE_STYLE_FILL_AREA(#17855);
#17855 = FILL_AREA_STYLE('',(#17856));
#17856 = FILL_AREA_STYLE_COLOUR('',#17631);
#17857 = SURFACE_STYLE_RENDERING_WITH_PROPERTIES(.NORMAL_SHADING.,#17631
  ,(#17858));
#17858 = SURFACE_STYLE_TRANSPARENT(0.100000023842);
#17859 = STYLED_ITEM('color',(#17860),#10970);
#17860 = PRESENTATION_STYLE_ASSIGNMENT((#17861));
#17861 = SURFACE_STYLE_USAGE(.BOTH.,#17862);
#17862 = SURFACE_SIDE_STYLE('',(#17863,#17866));
#17863 = SURFACE_STYLE_FILL_AREA(#17864);
#17864 = FILL_AREA_STYLE('',(#17865));
#17865 = FILL_AREA_STYLE_COLOUR('',#17631);
#17866 = SURFACE_STYLE_RENDERING_WITH_PROPERTIES(.NORMAL_SHADING.,#17631
  ,(#17867));
#17867 = SURFACE_STYLE_TRANSPARENT(0.100000023842);
#17868 = STYLED_ITEM('color',(#17869),#11096);
#17869 = PRESENTATION_STYLE_ASSIGNMENT((#17870));
#17870 = SURFACE_STYLE_USAGE(.BOTH.,#17871);
#17871 = SURFACE_SIDE_STYLE('',(#17872,#17875));
#17872 = SURFACE_STYLE_FILL_AREA(#17873);
#17873 = FILL_AREA_STYLE('',(#17874));
#17874 = FILL_AREA_STYLE_COLOUR('',#17631);
#17875 = SURFACE_STYLE_RENDERING_WITH_PROPERTIES(.NORMAL_SHADING.,#17631
  ,(#17876));
#17876 = SURFACE_STYLE_TRANSPARENT(0.100000023842);
#17877 = STYLED_ITEM('color',(#17878),#11148);
#17878 = PRESENTATION_STYLE_ASSIGNMENT((#17879));
#17879 = SURFACE_STYLE_USAGE(.BOTH.,#17880);
#17880 = SURFACE_SIDE_STYLE('',(#17881,#17884));
#17881 = SURFACE_STYLE_FILL_AREA(#17882);
#17882 = FILL_AREA_STYLE('',(#17883));
#17883 = FILL_AREA_STYLE_COLOUR('',#17631);
#17884 = SURFACE_STYLE_RENDERING_WITH_PROPERTIES(.NORMAL_SHADING.,#17631
  ,(#17885));
#17885 = SURFACE_STYLE_TRANSPARENT(0.100000023842);
#17886 = STYLED_ITEM('color',(#17887),#11429);
#17887 = PRESENTATION_STYLE_ASSIGNMENT((#17888));
#17888 = SURFACE_STYLE_USAGE(.BOTH.,#17889);
#17889 = SURFACE_SIDE_STYLE('',(#17890,#17893));
#17890 = SURFACE_STYLE_FILL_AREA(#17891);
#17891 = FILL_AREA_STYLE('',(#17892));
#17892 = FILL_AREA_STYLE_COLOUR('',#17631);
#17893 = SURFACE_STYLE_RENDERING_WITH_PROPERTIES(.NORMAL_SHADING.,#17631
  ,(#17894));
#17894 = SURFACE_STYLE_TRANSPARENT(0.100000023842);
#17895 = STYLED_ITEM('color',(#17896),#11641);
#17896 = PRESENTATION_STYLE_ASSIGNMENT((#17897));
#17897 = SURFACE_STYLE_USAGE(.BOTH.,#17898);
#17898 = SURFACE_SIDE_STYLE('',(#17899,#17902));
#17899 = SURFACE_STYLE_FILL_AREA(#17900);
#17900 = FILL_AREA_STYLE('',(#17901));
#17901 = FILL_AREA_STYLE_COLOUR('',#17631);
#17902 = SURFACE_STYLE_RENDERING_WITH_PROPERTIES(.NORMAL_SHADING.,#17631
  ,(#17903));
#17903 = SURFACE_STYLE_TRANSPARENT(0.100000023842);
#17904 = STYLED_ITEM('color',(#17905),#11718);
#17905 = PRESENTATION_STYLE_ASSIGNMENT((#17906));
#17906 = SURFACE_STYLE_USAGE(.BOTH.,#17907);
#17907 = SURFACE_SIDE_STYLE('',(#17908,#17911));
#17908 = SURFACE_STYLE_FILL_AREA(#17909);
#17909 = FILL_AREA_STYLE('',(#17910));
#17910 = FILL_AREA_STYLE_COLOUR('',#17631);
#17911 = SURFACE_STYLE_RENDERING_WITH_PROPERTIES(.NORMAL_SHADING.,#17631
  ,(#17912));
#17912 = SURFACE_STYLE_TRANSPARENT(0.100000023842);
#17913 = STYLED_ITEM('color',(#17914),#11845);
#17914 = PRESENTATION_STYLE_ASSIGNMENT((#17915));
#17915 = SURFACE_STYLE_USAGE(.BOTH.,#17916);
#17916 = SURFACE_SIDE_STYLE('',(#17917,#17920));
#17917 = SURFACE_STYLE_FILL_AREA(#17918);
#17918 = FILL_AREA_STYLE('',(#17919));
#17919 = FILL_AREA_STYLE_COLOUR('',#17631);
#17920 = SURFACE_STYLE_RENDERING_WITH_PROPERTIES(.NORMAL_SHADING.,#17631
  ,(#17921));
#17921 = SURFACE_STYLE_TRANSPARENT(0.100000023842);
#17922 = STYLED_ITEM('color',(#17923),#12029);
#17923 = PRESENTATION_STYLE_ASSIGNMENT((#17924));
#17924 = SURFACE_STYLE_USAGE(.BOTH.,#17925);
#17925 = SURFACE_SIDE_STYLE('',(#17926,#17929));
#17926 = SURFACE_STYLE_FILL_AREA(#17927);
#17927 = FILL_AREA_STYLE('',(#17928));
#17928 = FILL_AREA_STYLE_COLOUR('',#17631);
#17929 = SURFACE_STYLE_RENDERING_WITH_PROPERTIES(.NORMAL_SHADING.,#17631
  ,(#17930));
#17930 = SURFACE_STYLE_TRANSPARENT(0.100000023842);
#17931 = STYLED_ITEM('color',(#17932),#12179);
#17932 = PRESENTATION_STYLE_ASSIGNMENT((#17933));
#17933 = SURFACE_STYLE_USAGE(.BOTH.,#17934);
#17934 = SURFACE_SIDE_STYLE('',(#17935,#17938));
#17935 = SURFACE_STYLE_FILL_AREA(#17936);
#17936 = FILL_AREA_STYLE('',(#17937));
#17937 = FILL_AREA_STYLE_COLOUR('',#17631);
#17938 = SURFACE_STYLE_RENDERING_WITH_PROPERTIES(.NORMAL_SHADING.,#17631
  ,(#17939));
#17939 = SURFACE_STYLE_TRANSPARENT(0.100000023842);
#17940 = STYLED_ITEM('color',(#17941),#12387);
#17941 = PRESENTATION_STYLE_ASSIGNMENT((#17942));
#17942 = SURFACE_STYLE_USAGE(.BOTH.,#17943);
#17943 = SURFACE_SIDE_STYLE('',(#17944,#17947));
#17944 = SURFACE_STYLE_FILL_AREA(#17945);
#17945 = FILL_AREA_STYLE('',(#17946));
#17946 = FILL_AREA_STYLE_COLOUR('',#17631);
#17947 = SURFACE_STYLE_RENDERING_WITH_PROPERTIES(.NORMAL_SHADING.,#17631
  ,(#17948));
#17948 = SURFACE_STYLE_TRANSPARENT(0.100000023842);
#17949 = STYLED_ITEM('color',(#17950),#12569);
#17950 = PRESENTATION_STYLE_ASSIGNMENT((#17951));
#17951 = SURFACE_STYLE_USAGE(.BOTH.,#17952);
#17952 = SURFACE_SIDE_STYLE('',(#17953,#17956));
#17953 = SURFACE_STYLE_FILL_AREA(#17954);
#17954 = FILL_AREA_STYLE('',(#17955));
#17955 = FILL_AREA_STYLE_COLOUR('',#17631);
#17956 = SURFACE_STYLE_RENDERING_WITH_PROPERTIES(.NORMAL_SHADING.,#17631
  ,(#17957));
#17957 = SURFACE_STYLE_TRANSPARENT(0.100000023842);
#17958 = STYLED_ITEM('color',(#17959),#12727);
#17959 = PRESENTATION_STYLE_ASSIGNMENT((#17960));
#17960 = SURFACE_STYLE_USAGE(.BOTH.,#17961);
#17961 = SURFACE_SIDE_STYLE('',(#17962,#17965));
#17962 = SURFACE_STYLE_FILL_AREA(#17963);
#17963 = FILL_AREA_STYLE('',(#17964));
#17964 = FILL_AREA_STYLE_COLOUR('',#17631);
#17965 = SURFACE_STYLE_RENDERING_WITH_PROPERTIES(.NORMAL_SHADING.,#17631
  ,(#17966));
#17966 = SURFACE_STYLE_TRANSPARENT(0.100000023842);
#17967 = STYLED_ITEM('color',(#17968),#12746);
#17968 = PRESENTATION_STYLE_ASSIGNMENT((#17969));
#17969 = SURFACE_STYLE_USAGE(.BOTH.,#17970);
#17970 = SURFACE_SIDE_STYLE('',(#17971,#17974));
#17971 = SURFACE_STYLE_FILL_AREA(#17972);
#17972 = FILL_AREA_STYLE('',(#17973));
#17973 = FILL_AREA_STYLE_COLOUR('',#17631);
#17974 = SURFACE_STYLE_RENDERING_WITH_PROPERTIES(.NORMAL_SHADING.,#17631
  ,(#17975));
#17975 = SURFACE_STYLE_TRANSPARENT(0.100000023842);
#17976 = STYLED_ITEM('color',(#17977),#12966);
#17977 = PRESENTATION_STYLE_ASSIGNMENT((#17978));
#17978 = SURFACE_STYLE_USAGE(.BOTH.,#17979);
#17979 = SURFACE_SIDE_STYLE('',(#17980,#17983));
#17980 = SURFACE_STYLE_FILL_AREA(#17981);
#17981 = FILL_AREA_STYLE('',(#17982));
#17982 = FILL_AREA_STYLE_COLOUR('',#17631);
#17983 = SURFACE_STYLE_RENDERING_WITH_PROPERTIES(.NORMAL_SHADING.,#17631
  ,(#17984));
#17984 = SURFACE_STYLE_TRANSPARENT(0.100000023842);
#17985 = MECHANICAL_DESIGN_GEOMETRIC_PRESENTATION_REPRESENTATION('',(
    #17986,#17995,#18004,#18013,#18022,#18031,#18040,#18049,#18058,
    #18067,#18076,#18085,#18094,#18103,#18112,#18121),#15538);
#17986 = STYLED_ITEM('color',(#17987),#13004);
#17987 = PRESENTATION_STYLE_ASSIGNMENT((#17988));
#17988 = SURFACE_STYLE_USAGE(.BOTH.,#17989);
#17989 = SURFACE_SIDE_STYLE('',(#17990,#17993));
#17990 = SURFACE_STYLE_FILL_AREA(#17991);
#17991 = FILL_AREA_STYLE('',(#17992));
#17992 = FILL_AREA_STYLE_COLOUR('',#17631);
#17993 = SURFACE_STYLE_RENDERING_WITH_PROPERTIES(.NORMAL_SHADING.,#17631
  ,(#17994));
#17994 = SURFACE_STYLE_TRANSPARENT(0.100000023842);
#17995 = STYLED_ITEM('color',(#17996),#13081);
#17996 = PRESENTATION_STYLE_ASSIGNMENT((#17997));
#17997 = SURFACE_STYLE_USAGE(.BOTH.,#17998);
#17998 = SURFACE_SIDE_STYLE('',(#17999,#18002));
#17999 = SURFACE_STYLE_FILL_AREA(#18000);
#18000 = FILL_AREA_STYLE('',(#18001));
#18001 = FILL_AREA_STYLE_COLOUR('',#17631);
#18002 = SURFACE_STYLE_RENDERING_WITH_PROPERTIES(.NORMAL_SHADING.,#17631
  ,(#18003));
#18003 = SURFACE_STYLE_TRANSPARENT(0.100000023842);
#18004 = STYLED_ITEM('color',(#18005),#13191);
#18005 = PRESENTATION_STYLE_ASSIGNMENT((#18006));
#18006 = SURFACE_STYLE_USAGE(.BOTH.,#18007);
#18007 = SURFACE_SIDE_STYLE('',(#18008,#18011));
#18008 = SURFACE_STYLE_FILL_AREA(#18009);
#18009 = FILL_AREA_STYLE('',(#18010));
#18010 = FILL_AREA_STYLE_COLOUR('',#17631);
#18011 = SURFACE_STYLE_RENDERING_WITH_PROPERTIES(.NORMAL_SHADING.,#17631
  ,(#18012));
#18012 = SURFACE_STYLE_TRANSPARENT(0.100000023842);
#18013 = STYLED_ITEM('color',(#18014),#13268);
#18014 = PRESENTATION_STYLE_ASSIGNMENT((#18015));
#18015 = SURFACE_STYLE_USAGE(.BOTH.,#18016);
#18016 = SURFACE_SIDE_STYLE('',(#18017,#18020));
#18017 = SURFACE_STYLE_FILL_AREA(#18018);
#18018 = FILL_AREA_STYLE('',(#18019));
#18019 = FILL_AREA_STYLE_COLOUR('',#17631);
#18020 = SURFACE_STYLE_RENDERING_WITH_PROPERTIES(.NORMAL_SHADING.,#17631
  ,(#18021));
#18021 = SURFACE_STYLE_TRANSPARENT(0.100000023842);
#18022 = STYLED_ITEM('color',(#18023),#13378);
#18023 = PRESENTATION_STYLE_ASSIGNMENT((#18024));
#18024 = SURFACE_STYLE_USAGE(.BOTH.,#18025);
#18025 = SURFACE_SIDE_STYLE('',(#18026,#18029));
#18026 = SURFACE_STYLE_FILL_AREA(#18027);
#18027 = FILL_AREA_STYLE('',(#18028));
#18028 = FILL_AREA_STYLE_COLOUR('',#17631);
#18029 = SURFACE_STYLE_RENDERING_WITH_PROPERTIES(.NORMAL_SHADING.,#17631
  ,(#18030));
#18030 = SURFACE_STYLE_TRANSPARENT(0.100000023842);
#18031 = STYLED_ITEM('color',(#18032),#13778);
#18032 = PRESENTATION_STYLE_ASSIGNMENT((#18033));
#18033 = SURFACE_STYLE_USAGE(.BOTH.,#18034);
#18034 = SURFACE_SIDE_STYLE('',(#18035,#18038));
#18035 = SURFACE_STYLE_FILL_AREA(#18036);
#18036 = FILL_AREA_STYLE('',(#18037));
#18037 = FILL_AREA_STYLE_COLOUR('',#17631);
#18038 = SURFACE_STYLE_RENDERING_WITH_PROPERTIES(.NORMAL_SHADING.,#17631
  ,(#18039));
#18039 = SURFACE_STYLE_TRANSPARENT(0.100000023842);
#18040 = STYLED_ITEM('color',(#18041),#13847);
#18041 = PRESENTATION_STYLE_ASSIGNMENT((#18042));
#18042 = SURFACE_STYLE_USAGE(.BOTH.,#18043);
#18043 = SURFACE_SIDE_STYLE('',(#18044,#18047));
#18044 = SURFACE_STYLE_FILL_AREA(#18045);
#18045 = FILL_AREA_STYLE('',(#18046));
#18046 = FILL_AREA_STYLE_COLOUR('',#17631);
#18047 = SURFACE_STYLE_RENDERING_WITH_PROPERTIES(.NORMAL_SHADING.,#17631
  ,(#18048));
#18048 = SURFACE_STYLE_TRANSPARENT(0.100000023842);
#18049 = STYLED_ITEM('color',(#18050),#13965);
#18050 = PRESENTATION_STYLE_ASSIGNMENT((#18051));
#18051 = SURFACE_STYLE_USAGE(.BOTH.,#18052);
#18052 = SURFACE_SIDE_STYLE('',(#18053,#18056));
#18053 = SURFACE_STYLE_FILL_AREA(#18054);
#18054 = FILL_AREA_STYLE('',(#18055));
#18055 = FILL_AREA_STYLE_COLOUR('',#17631);
#18056 = SURFACE_STYLE_RENDERING_WITH_PROPERTIES(.NORMAL_SHADING.,#17631
  ,(#18057));
#18057 = SURFACE_STYLE_TRANSPARENT(0.100000023842);
#18058 = STYLED_ITEM('color',(#18059),#14031);
#18059 = PRESENTATION_STYLE_ASSIGNMENT((#18060));
#18060 = SURFACE_STYLE_USAGE(.BOTH.,#18061);
#18061 = SURFACE_SIDE_STYLE('',(#18062,#18065));
#18062 = SURFACE_STYLE_FILL_AREA(#18063);
#18063 = FILL_AREA_STYLE('',(#18064));
#18064 = FILL_AREA_STYLE_COLOUR('',#17631);
#18065 = SURFACE_STYLE_RENDERING_WITH_PROPERTIES(.NORMAL_SHADING.,#17631
  ,(#18066));
#18066 = SURFACE_STYLE_TRANSPARENT(0.100000023842);
#18067 = STYLED_ITEM('color',(#18068),#14081);
#18068 = PRESENTATION_STYLE_ASSIGNMENT((#18069));
#18069 = SURFACE_STYLE_USAGE(.BOTH.,#18070);
#18070 = SURFACE_SIDE_STYLE('',(#18071,#18074));
#18071 = SURFACE_STYLE_FILL_AREA(#18072);
#18072 = FILL_AREA_STYLE('',(#18073));
#18073 = FILL_AREA_STYLE_COLOUR('',#17631);
#18074 = SURFACE_STYLE_RENDERING_WITH_PROPERTIES(.NORMAL_SHADING.,#17631
  ,(#18075));
#18075 = SURFACE_STYLE_TRANSPARENT(0.100000023842);
#18076 = STYLED_ITEM('color',(#18077),#14359);
#18077 = PRESENTATION_STYLE_ASSIGNMENT((#18078));
#18078 = SURFACE_STYLE_USAGE(.BOTH.,#18079);
#18079 = SURFACE_SIDE_STYLE('',(#18080,#18083));
#18080 = SURFACE_STYLE_FILL_AREA(#18081);
#18081 = FILL_AREA_STYLE('',(#18082));
#18082 = FILL_AREA_STYLE_COLOUR('',#17631);
#18083 = SURFACE_STYLE_RENDERING_WITH_PROPERTIES(.NORMAL_SHADING.,#17631
  ,(#18084));
#18084 = SURFACE_STYLE_TRANSPARENT(0.100000023842);
#18085 = STYLED_ITEM('color',(#18086),#14494);
#18086 = PRESENTATION_STYLE_ASSIGNMENT((#18087));
#18087 = SURFACE_STYLE_USAGE(.BOTH.,#18088);
#18088 = SURFACE_SIDE_STYLE('',(#18089,#18092));
#18089 = SURFACE_STYLE_FILL_AREA(#18090);
#18090 = FILL_AREA_STYLE('',(#18091));
#18091 = FILL_AREA_STYLE_COLOUR('',#17631);
#18092 = SURFACE_STYLE_RENDERING_WITH_PROPERTIES(.NORMAL_SHADING.,#17631
  ,(#18093));
#18093 = SURFACE_STYLE_TRANSPARENT(0.100000023842);
#18094 = STYLED_ITEM('color',(#18095),#14612);
#18095 = PRESENTATION_STYLE_ASSIGNMENT((#18096));
#18096 = SURFACE_STYLE_USAGE(.BOTH.,#18097);
#18097 = SURFACE_SIDE_STYLE('',(#18098,#18101));
#18098 = SURFACE_STYLE_FILL_AREA(#18099);
#18099 = FILL_AREA_STYLE('',(#18100));
#18100 = FILL_AREA_STYLE_COLOUR('',#17631);
#18101 = SURFACE_STYLE_RENDERING_WITH_PROPERTIES(.NORMAL_SHADING.,#17631
  ,(#18102));
#18102 = SURFACE_STYLE_TRANSPARENT(0.100000023842);
#18103 = STYLED_ITEM('color',(#18104),#14959);
#18104 = PRESENTATION_STYLE_ASSIGNMENT((#18105));
#18105 = SURFACE_STYLE_USAGE(.BOTH.,#18106);
#18106 = SURFACE_SIDE_STYLE('',(#18107,#18110));
#18107 = SURFACE_STYLE_FILL_AREA(#18108);
#18108 = FILL_AREA_STYLE('',(#18109));
#18109 = FILL_AREA_STYLE_COLOUR('',#17631);
#18110 = SURFACE_STYLE_RENDERING_WITH_PROPERTIES(.NORMAL_SHADING.,#17631
  ,(#18111));
#18111 = SURFACE_STYLE_TRANSPARENT(0.100000023842);
#18112 = STYLED_ITEM('color',(#18113),#15037);
#18113 = PRESENTATION_STYLE_ASSIGNMENT((#18114));
#18114 = SURFACE_STYLE_USAGE(.BOTH.,#18115);
#18115 = SURFACE_SIDE_STYLE('',(#18116,#18119));
#18116 = SURFACE_STYLE_FILL_AREA(#18117);
#18117 = FILL_AREA_STYLE('',(#18118));
#18118 = FILL_AREA_STYLE_COLOUR('',#17631);
#18119 = SURFACE_STYLE_RENDERING_WITH_PROPERTIES(.NORMAL_SHADING.,#17631
  ,(#18120));
#18120 = SURFACE_STYLE_TRANSPARENT(0.100000023842);
#18121 = STYLED_ITEM('color',(#18122),#15430);
#18122 = PRESENTATION_STYLE_ASSIGNMENT((#18123));
#18123 = SURFACE_STYLE_USAGE(.BOTH.,#18124);
#18124 = SURFACE_SIDE_STYLE('',(#18125,#18128));
#18125 = SURFACE_STYLE_FILL_AREA(#18126);
#18126 = FILL_AREA_STYLE('',(#18127));
#18127 = FILL_AREA_STYLE_COLOUR('',#17631);
#18128 = SURFACE_STYLE_RENDERING_WITH_PROPERTIES(.NORMAL_SHADING.,#17631
  ,(#18129));
#18129 = SURFACE_STYLE_TRANSPARENT(0.100000023842);
#18130 = MECHANICAL_DESIGN_GEOMETRIC_PRESENTATION_REPRESENTATION('',(
    #18131),#15918);
#18131 = STYLED_ITEM('color',(#18132),#15559);
#18132 = PRESENTATION_STYLE_ASSIGNMENT((#18133));
#18133 = SURFACE_STYLE_USAGE(.BOTH.,#18134);
#18134 = SURFACE_SIDE_STYLE('',(#18135,#18139));
#18135 = SURFACE_STYLE_FILL_AREA(#18136);
#18136 = FILL_AREA_STYLE('',(#18137));
#18137 = FILL_AREA_STYLE_COLOUR('',#18138);
#18138 = COLOUR_RGB('',0.313304153717,0.484529207832,0.410020903123);
#18139 = SURFACE_STYLE_RENDERING_WITH_PROPERTIES(.NORMAL_SHADING.,#18138
  ,(#18140));
#18140 = SURFACE_STYLE_TRANSPARENT(0.170000016689);
#18141 = MECHANICAL_DESIGN_GEOMETRIC_PRESENTATION_REPRESENTATION('',(
    #18142),#16298);
#18142 = STYLED_ITEM('color',(#18143),#15939);
#18143 = PRESENTATION_STYLE_ASSIGNMENT((#18144));
#18144 = SURFACE_STYLE_USAGE(.BOTH.,#18145);
#18145 = SURFACE_SIDE_STYLE('',(#18146,#18149));
#18146 = SURFACE_STYLE_FILL_AREA(#18147);
#18147 = FILL_AREA_STYLE('',(#18148));
#18148 = FILL_AREA_STYLE_COLOUR('',#18138);
#18149 = SURFACE_STYLE_RENDERING_WITH_PROPERTIES(.NORMAL_SHADING.,#18138
  ,(#18150));
#18150 = SURFACE_STYLE_TRANSPARENT(0.170000016689);
#18151 = MECHANICAL_DESIGN_GEOMETRIC_PRESENTATION_REPRESENTATION('',(
    #18152,#18160,#18167,#18174,#18181,#18188,#18195,#18202,#18209,
    #18216,#18223,#18230,#18237,#18244,#18251,#18258,#18265,#18272,
    #18279,#18286,#18293,#18300,#18307,#18314,#18321,#18328,#18335,
    #18342),#6645);
#18152 = STYLED_ITEM('color',(#18153),#57);
#18153 = PRESENTATION_STYLE_ASSIGNMENT((#18154));
#18154 = SURFACE_STYLE_USAGE(.BOTH.,#18155);
#18155 = SURFACE_SIDE_STYLE('',(#18156));
#18156 = SURFACE_STYLE_FILL_AREA(#18157);
#18157 = FILL_AREA_STYLE('',(#18158));
#18158 = FILL_AREA_STYLE_COLOUR('',#18159);
#18159 = COLOUR_RGB('',0.854305825093,0.803630995277,0.);
#18160 = STYLED_ITEM('color',(#18161),#456);
#18161 = PRESENTATION_STYLE_ASSIGNMENT((#18162));
#18162 = SURFACE_STYLE_USAGE(.BOTH.,#18163);
#18163 = SURFACE_SIDE_STYLE('',(#18164));
#18164 = SURFACE_STYLE_FILL_AREA(#18165);
#18165 = FILL_AREA_STYLE('',(#18166));
#18166 = FILL_AREA_STYLE_COLOUR('',#18159);
#18167 = STYLED_ITEM('color',(#18168),#1387);
#18168 = PRESENTATION_STYLE_ASSIGNMENT((#18169));
#18169 = SURFACE_STYLE_USAGE(.BOTH.,#18170);
#18170 = SURFACE_SIDE_STYLE('',(#18171));
#18171 = SURFACE_STYLE_FILL_AREA(#18172);
#18172 = FILL_AREA_STYLE('',(#18173));
#18173 = FILL_AREA_STYLE_COLOUR('',#18159);
#18174 = STYLED_ITEM('color',(#18175),#1854);
#18175 = PRESENTATION_STYLE_ASSIGNMENT((#18176));
#18176 = SURFACE_STYLE_USAGE(.BOTH.,#18177);
#18177 = SURFACE_SIDE_STYLE('',(#18178));
#18178 = SURFACE_STYLE_FILL_AREA(#18179);
#18179 = FILL_AREA_STYLE('',(#18180));
#18180 = FILL_AREA_STYLE_COLOUR('',#18159);
#18181 = STYLED_ITEM('color',(#18182),#2455);
#18182 = PRESENTATION_STYLE_ASSIGNMENT((#18183));
#18183 = SURFACE_STYLE_USAGE(.BOTH.,#18184);
#18184 = SURFACE_SIDE_STYLE('',(#18185));
#18185 = SURFACE_STYLE_FILL_AREA(#18186);
#18186 = FILL_AREA_STYLE('',(#18187));
#18187 = FILL_AREA_STYLE_COLOUR('',#18159);
#18188 = STYLED_ITEM('color',(#18189),#2788);
#18189 = PRESENTATION_STYLE_ASSIGNMENT((#18190));
#18190 = SURFACE_STYLE_USAGE(.BOTH.,#18191);
#18191 = SURFACE_SIDE_STYLE('',(#18192));
#18192 = SURFACE_STYLE_FILL_AREA(#18193);
#18193 = FILL_AREA_STYLE('',(#18194));
#18194 = FILL_AREA_STYLE_COLOUR('',#18159);
#18195 = STYLED_ITEM('color',(#18196),#3288);
#18196 = PRESENTATION_STYLE_ASSIGNMENT((#18197));
#18197 = SURFACE_STYLE_USAGE(.BOTH.,#18198);
#18198 = SURFACE_SIDE_STYLE('',(#18199));
#18199 = SURFACE_STYLE_FILL_AREA(#18200);
#18200 = FILL_AREA_STYLE('',(#18201));
#18201 = FILL_AREA_STYLE_COLOUR('',#18159);
#18202 = STYLED_ITEM('color',(#18203),#3380);
#18203 = PRESENTATION_STYLE_ASSIGNMENT((#18204));
#18204 = SURFACE_STYLE_USAGE(.BOTH.,#18205);
#18205 = SURFACE_SIDE_STYLE('',(#18206));
#18206 = SURFACE_STYLE_FILL_AREA(#18207);
#18207 = FILL_AREA_STYLE('',(#18208));
#18208 = FILL_AREA_STYLE_COLOUR('',#18159);
#18209 = STYLED_ITEM('color',(#18210),#3472);
#18210 = PRESENTATION_STYLE_ASSIGNMENT((#18211));
#18211 = SURFACE_STYLE_USAGE(.BOTH.,#18212);
#18212 = SURFACE_SIDE_STYLE('',(#18213));
#18213 = SURFACE_STYLE_FILL_AREA(#18214);
#18214 = FILL_AREA_STYLE('',(#18215));
#18215 = FILL_AREA_STYLE_COLOUR('',#18159);
#18216 = STYLED_ITEM('color',(#18217),#3564);
#18217 = PRESENTATION_STYLE_ASSIGNMENT((#18218));
#18218 = SURFACE_STYLE_USAGE(.BOTH.,#18219);
#18219 = SURFACE_SIDE_STYLE('',(#18220));
#18220 = SURFACE_STYLE_FILL_AREA(#18221);
#18221 = FILL_AREA_STYLE('',(#18222));
#18222 = FILL_AREA_STYLE_COLOUR('',#18159);
#18223 = STYLED_ITEM('color',(#18224),#3656);
#18224 = PRESENTATION_STYLE_ASSIGNMENT((#18225));
#18225 = SURFACE_STYLE_USAGE(.BOTH.,#18226);
#18226 = SURFACE_SIDE_STYLE('',(#18227));
#18227 = SURFACE_STYLE_FILL_AREA(#18228);
#18228 = FILL_AREA_STYLE('',(#18229));
#18229 = FILL_AREA_STYLE_COLOUR('',#18159);
#18230 = STYLED_ITEM('color',(#18231),#3748);
#18231 = PRESENTATION_STYLE_ASSIGNMENT((#18232));
#18232 = SURFACE_STYLE_USAGE(.BOTH.,#18233);
#18233 = SURFACE_SIDE_STYLE('',(#18234));
#18234 = SURFACE_STYLE_FILL_AREA(#18235);
#18235 = FILL_AREA_STYLE('',(#18236));
#18236 = FILL_AREA_STYLE_COLOUR('',#18159);
#18237 = STYLED_ITEM('color',(#18238),#3840);
#18238 = PRESENTATION_STYLE_ASSIGNMENT((#18239));
#18239 = SURFACE_STYLE_USAGE(.BOTH.,#18240);
#18240 = SURFACE_SIDE_STYLE('',(#18241));
#18241 = SURFACE_STYLE_FILL_AREA(#18242);
#18242 = FILL_AREA_STYLE('',(#18243));
#18243 = FILL_AREA_STYLE_COLOUR('',#18159);
#18244 = STYLED_ITEM('color',(#18245),#3932);
#18245 = PRESENTATION_STYLE_ASSIGNMENT((#18246));
#18246 = SURFACE_STYLE_USAGE(.BOTH.,#18247);
#18247 = SURFACE_SIDE_STYLE('',(#18248));
#18248 = SURFACE_STYLE_FILL_AREA(#18249);
#18249 = FILL_AREA_STYLE('',(#18250));
#18250 = FILL_AREA_STYLE_COLOUR('',#18159);
#18251 = STYLED_ITEM('color',(#18252),#4265);
#18252 = PRESENTATION_STYLE_ASSIGNMENT((#18253));
#18253 = SURFACE_STYLE_USAGE(.BOTH.,#18254);
#18254 = SURFACE_SIDE_STYLE('',(#18255));
#18255 = SURFACE_STYLE_FILL_AREA(#18256);
#18256 = FILL_AREA_STYLE('',(#18257));
#18257 = FILL_AREA_STYLE_COLOUR('',#18159);
#18258 = STYLED_ITEM('color',(#18259),#4357);
#18259 = PRESENTATION_STYLE_ASSIGNMENT((#18260));
#18260 = SURFACE_STYLE_USAGE(.BOTH.,#18261);
#18261 = SURFACE_SIDE_STYLE('',(#18262));
#18262 = SURFACE_STYLE_FILL_AREA(#18263);
#18263 = FILL_AREA_STYLE('',(#18264));
#18264 = FILL_AREA_STYLE_COLOUR('',#18159);
#18265 = STYLED_ITEM('color',(#18266),#4449);
#18266 = PRESENTATION_STYLE_ASSIGNMENT((#18267));
#18267 = SURFACE_STYLE_USAGE(.BOTH.,#18268);
#18268 = SURFACE_SIDE_STYLE('',(#18269));
#18269 = SURFACE_STYLE_FILL_AREA(#18270);
#18270 = FILL_AREA_STYLE('',(#18271));
#18271 = FILL_AREA_STYLE_COLOUR('',#18159);
#18272 = STYLED_ITEM('color',(#18273),#4541);
#18273 = PRESENTATION_STYLE_ASSIGNMENT((#18274));
#18274 = SURFACE_STYLE_USAGE(.BOTH.,#18275);
#18275 = SURFACE_SIDE_STYLE('',(#18276));
#18276 = SURFACE_STYLE_FILL_AREA(#18277);
#18277 = FILL_AREA_STYLE('',(#18278));
#18278 = FILL_AREA_STYLE_COLOUR('',#18159);
#18279 = STYLED_ITEM('color',(#18280),#4633);
#18280 = PRESENTATION_STYLE_ASSIGNMENT((#18281));
#18281 = SURFACE_STYLE_USAGE(.BOTH.,#18282);
#18282 = SURFACE_SIDE_STYLE('',(#18283));
#18283 = SURFACE_STYLE_FILL_AREA(#18284);
#18284 = FILL_AREA_STYLE('',(#18285));
#18285 = FILL_AREA_STYLE_COLOUR('',#18159);
#18286 = STYLED_ITEM('color',(#18287),#4725);
#18287 = PRESENTATION_STYLE_ASSIGNMENT((#18288));
#18288 = SURFACE_STYLE_USAGE(.BOTH.,#18289);
#18289 = SURFACE_SIDE_STYLE('',(#18290));
#18290 = SURFACE_STYLE_FILL_AREA(#18291);
#18291 = FILL_AREA_STYLE('',(#18292));
#18292 = FILL_AREA_STYLE_COLOUR('',#18159);
#18293 = STYLED_ITEM('color',(#18294),#4817);
#18294 = PRESENTATION_STYLE_ASSIGNMENT((#18295));
#18295 = SURFACE_STYLE_USAGE(.BOTH.,#18296);
#18296 = SURFACE_SIDE_STYLE('',(#18297));
#18297 = SURFACE_STYLE_FILL_AREA(#18298);
#18298 = FILL_AREA_STYLE('',(#18299));
#18299 = FILL_AREA_STYLE_COLOUR('',#18159);
#18300 = STYLED_ITEM('color',(#18301),#4909);
#18301 = PRESENTATION_STYLE_ASSIGNMENT((#18302));
#18302 = SURFACE_STYLE_USAGE(.BOTH.,#18303);
#18303 = SURFACE_SIDE_STYLE('',(#18304));
#18304 = SURFACE_STYLE_FILL_AREA(#18305);
#18305 = FILL_AREA_STYLE('',(#18306));
#18306 = FILL_AREA_STYLE_COLOUR('',#18159);
#18307 = STYLED_ITEM('color',(#18308),#5001);
#18308 = PRESENTATION_STYLE_ASSIGNMENT((#18309));
#18309 = SURFACE_STYLE_USAGE(.BOTH.,#18310);
#18310 = SURFACE_SIDE_STYLE('',(#18311));
#18311 = SURFACE_STYLE_FILL_AREA(#18312);
#18312 = FILL_AREA_STYLE('',(#18313));
#18313 = FILL_AREA_STYLE_COLOUR('',#18159);
#18314 = STYLED_ITEM('color',(#18315),#5093);
#18315 = PRESENTATION_STYLE_ASSIGNMENT((#18316));
#18316 = SURFACE_STYLE_USAGE(.BOTH.,#18317);
#18317 = SURFACE_SIDE_STYLE('',(#18318));
#18318 = SURFACE_STYLE_FILL_AREA(#18319);
#18319 = FILL_AREA_STYLE('',(#18320));
#18320 = FILL_AREA_STYLE_COLOUR('',#18159);
#18321 = STYLED_ITEM('color',(#18322),#5185);
#18322 = PRESENTATION_STYLE_ASSIGNMENT((#18323));
#18323 = SURFACE_STYLE_USAGE(.BOTH.,#18324);
#18324 = SURFACE_SIDE_STYLE('',(#18325));
#18325 = SURFACE_STYLE_FILL_AREA(#18326);
#18326 = FILL_AREA_STYLE('',(#18327));
#18327 = FILL_AREA_STYLE_COLOUR('',#18159);
#18328 = STYLED_ITEM('color',(#18329),#5277);
#18329 = PRESENTATION_STYLE_ASSIGNMENT((#18330));
#18330 = SURFACE_STYLE_USAGE(.BOTH.,#18331);
#18331 = SURFACE_SIDE_STYLE('',(#18332));
#18332 = SURFACE_STYLE_FILL_AREA(#18333);
#18333 = FILL_AREA_STYLE('',(#18334));
#18334 = FILL_AREA_STYLE_COLOUR('',#18159);
#18335 = STYLED_ITEM('color',(#18336),#5610);
#18336 = PRESENTATION_STYLE_ASSIGNMENT((#18337));
#18337 = SURFACE_STYLE_USAGE(.BOTH.,#18338);
#18338 = SURFACE_SIDE_STYLE('',(#18339));
#18339 = SURFACE_STYLE_FILL_AREA(#18340);
#18340 = FILL_AREA_STYLE('',(#18341));
#18341 = FILL_AREA_STYLE_COLOUR('',#18159);
#18342 = STYLED_ITEM('color',(#18343),#6044);
#18343 = PRESENTATION_STYLE_ASSIGNMENT((#18344));
#18344 = SURFACE_STYLE_USAGE(.BOTH.,#18345);
#18345 = SURFACE_SIDE_STYLE('',(#18346));
#18346 = SURFACE_STYLE_FILL_AREA(#18347);
#18347 = FILL_AREA_STYLE('',(#18348));
#18348 = FILL_AREA_STYLE_COLOUR('',#18159);
#18349 = MECHANICAL_DESIGN_GEOMETRIC_PRESENTATION_REPRESENTATION('',(
    #18350),#17598);
#18350 = STYLED_ITEM('color',(#18351),#16317);
#18351 = PRESENTATION_STYLE_ASSIGNMENT((#18352));
#18352 = SURFACE_STYLE_USAGE(.BOTH.,#18353);
#18353 = SURFACE_SIDE_STYLE('',(#18354));
#18354 = SURFACE_STYLE_FILL_AREA(#18355);
#18355 = FILL_AREA_STYLE('',(#18356));
#18356 = FILL_AREA_STYLE_COLOUR('',#18357);
#18357 = COLOUR_RGB('',0.583831500637,0.583831500637,0.583831500637);
#18358 = MECHANICAL_DESIGN_GEOMETRIC_PRESENTATION_REPRESENTATION('',(
    #18359,#18366,#18373,#18380,#18387,#18394,#18401,#18408,#18415,
    #18422),#7584);
#18359 = STYLED_ITEM('color',(#18360),#6664);
#18360 = PRESENTATION_STYLE_ASSIGNMENT((#18361));
#18361 = SURFACE_STYLE_USAGE(.BOTH.,#18362);
#18362 = SURFACE_SIDE_STYLE('',(#18363));
#18363 = SURFACE_STYLE_FILL_AREA(#18364);
#18364 = FILL_AREA_STYLE('',(#18365));
#18365 = FILL_AREA_STYLE_COLOUR('',#18159);
#18366 = STYLED_ITEM('color',(#18367),#6756);
#18367 = PRESENTATION_STYLE_ASSIGNMENT((#18368));
#18368 = SURFACE_STYLE_USAGE(.BOTH.,#18369);
#18369 = SURFACE_SIDE_STYLE('',(#18370));
#18370 = SURFACE_STYLE_FILL_AREA(#18371);
#18371 = FILL_AREA_STYLE('',(#18372));
#18372 = FILL_AREA_STYLE_COLOUR('',#18159);
#18373 = STYLED_ITEM('color',(#18374),#6848);
#18374 = PRESENTATION_STYLE_ASSIGNMENT((#18375));
#18375 = SURFACE_STYLE_USAGE(.BOTH.,#18376);
#18376 = SURFACE_SIDE_STYLE('',(#18377));
#18377 = SURFACE_STYLE_FILL_AREA(#18378);
#18378 = FILL_AREA_STYLE('',(#18379));
#18379 = FILL_AREA_STYLE_COLOUR('',#18159);
#18380 = STYLED_ITEM('color',(#18381),#6940);
#18381 = PRESENTATION_STYLE_ASSIGNMENT((#18382));
#18382 = SURFACE_STYLE_USAGE(.BOTH.,#18383);
#18383 = SURFACE_SIDE_STYLE('',(#18384));
#18384 = SURFACE_STYLE_FILL_AREA(#18385);
#18385 = FILL_AREA_STYLE('',(#18386));
#18386 = FILL_AREA_STYLE_COLOUR('',#18159);
#18387 = STYLED_ITEM('color',(#18388),#7032);
#18388 = PRESENTATION_STYLE_ASSIGNMENT((#18389));
#18389 = SURFACE_STYLE_USAGE(.BOTH.,#18390);
#18390 = SURFACE_SIDE_STYLE('',(#18391));
#18391 = SURFACE_STYLE_FILL_AREA(#18392);
#18392 = FILL_AREA_STYLE('',(#18393));
#18393 = FILL_AREA_STYLE_COLOUR('',#18159);
#18394 = STYLED_ITEM('color',(#18395),#7124);
#18395 = PRESENTATION_STYLE_ASSIGNMENT((#18396));
#18396 = SURFACE_STYLE_USAGE(.BOTH.,#18397);
#18397 = SURFACE_SIDE_STYLE('',(#18398));
#18398 = SURFACE_STYLE_FILL_AREA(#18399);
#18399 = FILL_AREA_STYLE('',(#18400));
#18400 = FILL_AREA_STYLE_COLOUR('',#18159);
#18401 = STYLED_ITEM('color',(#18402),#7216);
#18402 = PRESENTATION_STYLE_ASSIGNMENT((#18403));
#18403 = SURFACE_STYLE_USAGE(.BOTH.,#18404);
#18404 = SURFACE_SIDE_STYLE('',(#18405));
#18405 = SURFACE_STYLE_FILL_AREA(#18406);
#18406 = FILL_AREA_STYLE('',(#18407));
#18407 = FILL_AREA_STYLE_COLOUR('',#18159);
#18408 = STYLED_ITEM('color',(#18409),#7308);
#18409 = PRESENTATION_STYLE_ASSIGNMENT((#18410));
#18410 = SURFACE_STYLE_USAGE(.BOTH.,#18411);
#18411 = SURFACE_SIDE_STYLE('',(#18412));
#18412 = SURFACE_STYLE_FILL_AREA(#18413);
#18413 = FILL_AREA_STYLE('',(#18414));
#18414 = FILL_AREA_STYLE_COLOUR('',#18159);
#18415 = STYLED_ITEM('color',(#18416),#7400);
#18416 = PRESENTATION_STYLE_ASSIGNMENT((#18417));
#18417 = SURFACE_STYLE_USAGE(.BOTH.,#18418);
#18418 = SURFACE_SIDE_STYLE('',(#18419));
#18419 = SURFACE_STYLE_FILL_AREA(#18420);
#18420 = FILL_AREA_STYLE('',(#18421));
#18421 = FILL_AREA_STYLE_COLOUR('',#18159);
#18422 = STYLED_ITEM('color',(#18423),#7492);
#18423 = PRESENTATION_STYLE_ASSIGNMENT((#18424));
#18424 = SURFACE_STYLE_USAGE(.BOTH.,#18425);
#18425 = SURFACE_SIDE_STYLE('',(#18426));
#18426 = SURFACE_STYLE_FILL_AREA(#18427);
#18427 = FILL_AREA_STYLE('',(#18428));
#18428 = FILL_AREA_STYLE_COLOUR('',#18159);
ENDSEC;
END-ISO-10303-21;
